{"type": "start", "n_params": 3442407, "n_train": 16, "n_val": 141, "steps": 3000, "time": 1790980160.70717}
{"type": "eval", "epoch": 0, "train_resid_median": 0.93172, "train_resid_mean": 0.9315, "train_imag_median": 0.01803, "train_obj_median": 0.88689, "train_u_loss_to_label_median": 0.67551, "val_resid_median": 0.93612, "val_resid_mean": 0.93012, "val_imag_median": 0.02059, "val_obj_median": 0.89503, "val_u_loss_to_label_median": 0.69148, "time": 1790980162.14623}
{"type": "train", "epoch": 1, "loss": 0.8797, "obj": 0.8797, "sup": 0.0, "lr": 2e-05, "time": 1790980162.61877}
{"type": "train", "epoch": 2, "loss": 0.86232, "obj": 0.86232, "sup": 0.0, "lr": 3e-05, "time": 1790980162.94499}
{"type": "train", "epoch": 3, "loss": 0.86316, "obj": 0.86316, "sup": 0.0, "lr": 4e-05, "time": 1790980163.2252}
{"type": "train", "epoch": 4, "loss": 0.8465, "obj": 0.8465, "sup": 0.0, "lr": 4e-05, "time": 1790980163.52297}
{"type": "train", "epoch": 5, "loss": 0.8364, "obj": 0.8364, "sup": 0.0, "lr": 6e-05, "time": 1790980163.8254}
{"type": "train", "epoch": 6, "loss": 0.8137, "obj": 0.8137, "sup": 0.0, "lr": 7e-05, "time": 1790980164.13095}
{"type": "train", "epoch": 7, "loss": 0.79982, "obj": 0.79982, "sup": 0.0, "lr": 7e-05, "time": 1790980164.44103}
{"type": "train", "epoch": 8, "loss": 0.76635, "obj": 0.76635, "sup": 0.0, "lr": 9e-05, "time": 1790980164.74324}
{"type": "train", "epoch": 9, "loss": 0.74441, "obj": 0.74441, "sup": 0.0, "lr": 0.0001, "time": 1790980165.0402}
{"type": "train", "epoch": 10, "loss": 0.71302, "obj": 0.71302, "sup": 0.0, "lr": 0.00011, "time": 1790980165.38695}
{"type": "train", "epoch": 11, "loss": 0.70555, "obj": 0.70555, "sup": 0.0, "lr": 0.00012, "time": 1790980165.76389}
{"type": "train", "epoch": 12, "loss": 0.7018, "obj": 0.7018, "sup": 0.0, "lr": 0.00013, "time": 1790980166.11208}
{"type": "train", "epoch": 13, "loss": 0.69003, "obj": 0.69003, "sup": 0.0, "lr": 0.00014, "time": 1790980166.40269}
{"type": "train", "epoch": 14, "loss": 0.70201, "obj": 0.70201, "sup": 0.0, "lr": 0.00015, "time": 1790980166.69539}
{"type": "train", "epoch": 15, "loss": 0.69754, "obj": 0.69754, "sup": 0.0, "lr": 0.00015, "time": 1790980166.99839}
{"type": "train", "epoch": 16, "loss": 0.68721, "obj": 0.68721, "sup": 0.0, "lr": 0.00016, "time": 1790980167.32706}
{"type": "train", "epoch": 17, "loss": 0.68569, "obj": 0.68569, "sup": 0.0, "lr": 0.00017, "time": 1790980167.60902}
{"type": "train", "epoch": 18, "loss": 0.69626, "obj": 0.69626, "sup": 0.0, "lr": 0.00018, "time": 1790980167.88244}
{"type": "train", "epoch": 19, "loss": 0.69989, "obj": 0.69989, "sup": 0.0, "lr": 0.0002, "time": 1790980168.16925}
{"type": "train", "epoch": 20, "loss": 0.73267, "obj": 0.73267, "sup": 0.0, "lr": 0.0002, "time": 1790980168.46628}
{"type": "train", "epoch": 21, "loss": 0.69095, "obj": 0.69095, "sup": 0.0, "lr": 0.00021, "time": 1790980168.79402}
{"type": "train", "epoch": 22, "loss": 0.72496, "obj": 0.72496, "sup": 0.0, "lr": 0.00023, "time": 1790980169.0539}
{"type": "train", "epoch": 23, "loss": 0.68809, "obj": 0.68809, "sup": 0.0, "lr": 0.00023, "time": 1790980169.35798}
{"type": "train", "epoch": 24, "loss": 0.7251, "obj": 0.7251, "sup": 0.0, "lr": 0.00024, "time": 1790980169.69671}
{"type": "train", "epoch": 25, "loss": 0.71017, "obj": 0.71017, "sup": 0.0, "lr": 0.00026, "time": 1790980170.00658}
{"type": "train", "epoch": 26, "loss": 0.70816, "obj": 0.70816, "sup": 0.0, "lr": 0.00027, "time": 1790980170.35871}
{"type": "train", "epoch": 27, "loss": 0.7278, "obj": 0.7278, "sup": 0.0, "lr": 0.00028, "time": 1790980170.68397}
{"type": "train", "epoch": 28, "loss": 0.69992, "obj": 0.69992, "sup": 0.0, "lr": 0.00028, "time": 1790980170.99036}
{"type": "train", "epoch": 29, "loss": 0.7069, "obj": 0.7069, "sup": 0.0, "lr": 0.0003, "time": 1790980171.25858}
{"type": "train", "epoch": 30, "loss": 0.70057, "obj": 0.70057, "sup": 0.0, "lr": 0.0003, "time": 1790980171.52681}
{"type": "train", "epoch": 31, "loss": 0.68818, "obj": 0.68818, "sup": 0.0, "lr": 0.00032, "time": 1790980171.79518}
{"type": "train", "epoch": 32, "loss": 0.69444, "obj": 0.69444, "sup": 0.0, "lr": 0.00033, "time": 1790980172.13104}
{"type": "train", "epoch": 33, "loss": 0.70244, "obj": 0.70244, "sup": 0.0, "lr": 0.00034, "time": 1790980172.48026}
{"type": "train", "epoch": 34, "loss": 0.69936, "obj": 0.69936, "sup": 0.0, "lr": 0.00034, "time": 1790980172.76893}
{"type": "train", "epoch": 35, "loss": 0.69546, "obj": 0.69546, "sup": 0.0, "lr": 0.00036, "time": 1790980173.03335}
{"type": "train", "epoch": 36, "loss": 0.68544, "obj": 0.68544, "sup": 0.0, "lr": 0.00036, "time": 1790980173.29291}
{"type": "train", "epoch": 37, "loss": 0.69225, "obj": 0.69225, "sup": 0.0, "lr": 0.00038, "time": 1790980173.55416}
{"type": "train", "epoch": 38, "loss": 0.7128, "obj": 0.7128, "sup": 0.0, "lr": 0.00039, "time": 1790980173.81608}
{"type": "train", "epoch": 39, "loss": 0.72412, "obj": 0.72412, "sup": 0.0, "lr": 0.0004, "time": 1790980174.11705}
{"type": "train", "epoch": 40, "loss": 0.69932, "obj": 0.69932, "sup": 0.0, "lr": 0.00041, "time": 1790980174.40919}
{"type": "train", "epoch": 41, "loss": 0.71911, "obj": 0.71911, "sup": 0.0, "lr": 0.00042, "time": 1790980174.73115}
{"type": "train", "epoch": 42, "loss": 0.71789, "obj": 0.71789, "sup": 0.0, "lr": 0.00042, "time": 1790980175.03347}
{"type": "train", "epoch": 43, "loss": 0.70155, "obj": 0.70155, "sup": 0.0, "lr": 0.00044, "time": 1790980175.31456}
{"type": "train", "epoch": 44, "loss": 0.70605, "obj": 0.70605, "sup": 0.0, "lr": 0.00045, "time": 1790980175.6124}
{"type": "train", "epoch": 45, "loss": 0.70652, "obj": 0.70652, "sup": 0.0, "lr": 0.00046, "time": 1790980175.92898}
{"type": "train", "epoch": 46, "loss": 0.73584, "obj": 0.73584, "sup": 0.0, "lr": 0.00047, "time": 1790980176.22604}
{"type": "train", "epoch": 47, "loss": 0.69875, "obj": 0.69875, "sup": 0.0, "lr": 0.00047, "time": 1790980176.53029}
{"type": "train", "epoch": 48, "loss": 0.70373, "obj": 0.70373, "sup": 0.0, "lr": 0.00048, "time": 1790980176.82428}
{"type": "train", "epoch": 49, "loss": 0.69214, "obj": 0.69214, "sup": 0.0, "lr": 0.00049, "time": 1790980177.09594}
{"type": "train", "epoch": 50, "loss": 0.69253, "obj": 0.69253, "sup": 0.0, "lr": 0.0005, "time": 1790980178.46626, "train_resid_median": 0.82845, "train_resid_mean": 0.82788, "train_imag_median": 0.04847, "train_obj_median": 0.68908, "train_u_loss_to_label_median": 0.66894, "val_resid_median": 0.84047, "val_resid_mean": 0.83237, "val_imag_median": 0.05203, "val_obj_median": 0.71074, "val_u_loss_to_label_median": 0.68337}
{"type": "train", "epoch": 51, "loss": 0.68784, "obj": 0.68784, "sup": 0.0, "lr": 0.0005, "time": 1790980178.76695}
{"type": "train", "epoch": 52, "loss": 0.71258, "obj": 0.71258, "sup": 0.0, "lr": 0.0005, "time": 1790980179.06432}
{"type": "train", "epoch": 53, "loss": 0.68839, "obj": 0.68839, "sup": 0.0, "lr": 0.0005, "time": 1790980179.32822}
{"type": "train", "epoch": 54, "loss": 0.69117, "obj": 0.69117, "sup": 0.0, "lr": 0.0005, "time": 1790980179.58807}
{"type": "train", "epoch": 55, "loss": 0.69548, "obj": 0.69548, "sup": 0.0, "lr": 0.0005, "time": 1790980179.88787}
{"type": "train", "epoch": 56, "loss": 0.69187, "obj": 0.69187, "sup": 0.0, "lr": 0.0005, "time": 1790980180.26785}
{"type": "train", "epoch": 57, "loss": 0.68202, "obj": 0.68202, "sup": 0.0, "lr": 0.0005, "time": 1790980180.64305}
{"type": "train", "epoch": 58, "loss": 0.68099, "obj": 0.68099, "sup": 0.0, "lr": 0.0005, "time": 1790980181.02713}
{"type": "train", "epoch": 59, "loss": 0.68083, "obj": 0.68083, "sup": 0.0, "lr": 0.0005, "time": 1790980181.3433}
{"type": "train", "epoch": 60, "loss": 0.68104, "obj": 0.68104, "sup": 0.0, "lr": 0.0005, "time": 1790980181.66093}
{"type": "train", "epoch": 61, "loss": 0.68115, "obj": 0.68115, "sup": 0.0, "lr": 0.0005, "time": 1790980181.93496}
{"type": "train", "epoch": 62, "loss": 0.68678, "obj": 0.68678, "sup": 0.0, "lr": 0.0005, "time": 1790980182.22482}
{"type": "train", "epoch": 63, "loss": 0.6805, "obj": 0.6805, "sup": 0.0, "lr": 0.0005, "time": 1790980182.53407}
{"type": "train", "epoch": 64, "loss": 0.68486, "obj": 0.68486, "sup": 0.0, "lr": 0.0005, "time": 1790980182.85918}
{"type": "train", "epoch": 65, "loss": 0.69003, "obj": 0.69003, "sup": 0.0, "lr": 0.0005, "time": 1790980183.11822}
{"type": "train", "epoch": 66, "loss": 0.68431, "obj": 0.68431, "sup": 0.0, "lr": 0.0005, "time": 1790980183.40181}
{"type": "train", "epoch": 67, "loss": 0.68785, "obj": 0.68785, "sup": 0.0, "lr": 0.0005, "time": 1790980183.66753}
{"type": "train", "epoch": 68, "loss": 0.68182, "obj": 0.68182, "sup": 0.0, "lr": 0.0005, "time": 1790980183.94005}
{"type": "train", "epoch": 69, "loss": 0.68302, "obj": 0.68302, "sup": 0.0, "lr": 0.0005, "time": 1790980184.2068}
{"type": "train", "epoch": 70, "loss": 0.67787, "obj": 0.67787, "sup": 0.0, "lr": 0.0005, "time": 1790980184.52648}
{"type": "train", "epoch": 71, "loss": 0.68543, "obj": 0.68543, "sup": 0.0, "lr": 0.0005, "time": 1790980184.84298}
{"type": "train", "epoch": 72, "loss": 0.68745, "obj": 0.68745, "sup": 0.0, "lr": 0.0005, "time": 1790980185.13541}
{"type": "train", "epoch": 73, "loss": 0.67734, "obj": 0.67734, "sup": 0.0, "lr": 0.0005, "time": 1790980185.47903}
{"type": "train", "epoch": 74, "loss": 0.67963, "obj": 0.67963, "sup": 0.0, "lr": 0.0005, "time": 1790980185.78299}
{"type": "train", "epoch": 75, "loss": 0.68002, "obj": 0.68002, "sup": 0.0, "lr": 0.0005, "time": 1790980186.06496}
{"type": "train", "epoch": 76, "loss": 0.6791, "obj": 0.6791, "sup": 0.0, "lr": 0.0005, "time": 1790980186.32754}
{"type": "train", "epoch": 77, "loss": 0.68239, "obj": 0.68239, "sup": 0.0, "lr": 0.0005, "time": 1790980186.61119}
{"type": "train", "epoch": 78, "loss": 0.67915, "obj": 0.67915, "sup": 0.0, "lr": 0.0005, "time": 1790980186.92216}
{"type": "train", "epoch": 79, "loss": 0.67597, "obj": 0.67597, "sup": 0.0, "lr": 0.0005, "time": 1790980187.18411}
{"type": "train", "epoch": 80, "loss": 0.67837, "obj": 0.67837, "sup": 0.0, "lr": 0.0005, "time": 1790980187.45871}
{"type": "train", "epoch": 81, "loss": 0.67739, "obj": 0.67739, "sup": 0.0, "lr": 0.0005, "time": 1790980187.72282}
{"type": "train", "epoch": 82, "loss": 0.67772, "obj": 0.67772, "sup": 0.0, "lr": 0.0005, "time": 1790980188.01142}
{"type": "train", "epoch": 83, "loss": 0.67576, "obj": 0.67576, "sup": 0.0, "lr": 0.0005, "time": 1790980188.29916}
{"type": "train", "epoch": 84, "loss": 0.67689, "obj": 0.67689, "sup": 0.0, "lr": 0.0005, "time": 1790980188.6429}
{"type": "train", "epoch": 85, "loss": 0.67965, "obj": 0.67965, "sup": 0.0, "lr": 0.0005, "time": 1790980188.97193}
{"type": "train", "epoch": 86, "loss": 0.67846, "obj": 0.67846, "sup": 0.0, "lr": 0.0005, "time": 1790980189.27181}
{"type": "train", "epoch": 87, "loss": 0.67661, "obj": 0.67661, "sup": 0.0, "lr": 0.0005, "time": 1790980189.58102}
{"type": "train", "epoch": 88, "loss": 0.67881, "obj": 0.67881, "sup": 0.0, "lr": 0.0005, "time": 1790980189.93897}
{"type": "train", "epoch": 89, "loss": 0.67684, "obj": 0.67684, "sup": 0.0, "lr": 0.0005, "time": 1790980190.303}
{"type": "train", "epoch": 90, "loss": 0.67601, "obj": 0.67601, "sup": 0.0, "lr": 0.0005, "time": 1790980190.59034}
{"type": "train", "epoch": 91, "loss": 0.67834, "obj": 0.67834, "sup": 0.0, "lr": 0.0005, "time": 1790980190.93905}
{"type": "train", "epoch": 92, "loss": 0.67668, "obj": 0.67668, "sup": 0.0, "lr": 0.0005, "time": 1790980191.32077}
{"type": "train", "epoch": 93, "loss": 0.67632, "obj": 0.67632, "sup": 0.0, "lr": 0.0005, "time": 1790980191.63685}
{"type": "train", "epoch": 94, "loss": 0.67669, "obj": 0.67669, "sup": 0.0, "lr": 0.0005, "time": 1790980192.00701}
{"type": "train", "epoch": 95, "loss": 0.67682, "obj": 0.67682, "sup": 0.0, "lr": 0.0005, "time": 1790980192.34754}
{"type": "train", "epoch": 96, "loss": 0.67698, "obj": 0.67698, "sup": 0.0, "lr": 0.0005, "time": 1790980192.66737}
{"type": "train", "epoch": 97, "loss": 0.67529, "obj": 0.67529, "sup": 0.0, "lr": 0.0005, "time": 1790980193.007}
{"type": "train", "epoch": 98, "loss": 0.67534, "obj": 0.67534, "sup": 0.0, "lr": 0.0005, "time": 1790980193.33539}
{"type": "train", "epoch": 99, "loss": 0.67563, "obj": 0.67563, "sup": 0.0, "lr": 0.0005, "time": 1790980193.74176}
{"type": "train", "epoch": 100, "loss": 0.67488, "obj": 0.67488, "sup": 0.0, "lr": 0.0005, "time": 1790980195.07103, "train_resid_median": 0.82562, "train_resid_mean": 0.81973, "train_imag_median": 0.0272, "train_obj_median": 0.68258, "train_u_loss_to_label_median": 0.65101, "val_resid_median": 0.83222, "val_resid_mean": 0.8243, "val_imag_median": 0.02845, "val_obj_median": 0.69446, "val_u_loss_to_label_median": 0.66458}
{"type": "train", "epoch": 101, "loss": 0.6754, "obj": 0.6754, "sup": 0.0, "lr": 0.0005, "time": 1790980195.3581}
{"type": "train", "epoch": 102, "loss": 0.67505, "obj": 0.67505, "sup": 0.0, "lr": 0.0005, "time": 1790980195.66866}
{"type": "train", "epoch": 103, "loss": 0.67547, "obj": 0.67547, "sup": 0.0, "lr": 0.0005, "time": 1790980195.98057}
{"type": "train", "epoch": 104, "loss": 0.67546, "obj": 0.67546, "sup": 0.0, "lr": 0.0005, "time": 1790980196.26042}
{"type": "train", "epoch": 105, "loss": 0.67453, "obj": 0.67453, "sup": 0.0, "lr": 0.0005, "time": 1790980196.52153}
{"type": "train", "epoch": 106, "loss": 0.67501, "obj": 0.67501, "sup": 0.0, "lr": 0.0005, "time": 1790980196.85498}
{"type": "train", "epoch": 107, "loss": 0.67526, "obj": 0.67526, "sup": 0.0, "lr": 0.0005, "time": 1790980197.16812}
{"type": "train", "epoch": 108, "loss": 0.67397, "obj": 0.67397, "sup": 0.0, "lr": 0.0005, "time": 1790980197.52403}
{"type": "train", "epoch": 109, "loss": 0.67475, "obj": 0.67475, "sup": 0.0, "lr": 0.0005, "time": 1790980197.83727}
{"type": "train", "epoch": 110, "loss": 0.67424, "obj": 0.67424, "sup": 0.0, "lr": 0.0005, "time": 1790980198.15683}
{"type": "train", "epoch": 111, "loss": 0.67439, "obj": 0.67439, "sup": 0.0, "lr": 0.0005, "time": 1790980198.41664}
{"type": "train", "epoch": 112, "loss": 0.67431, "obj": 0.67431, "sup": 0.0, "lr": 0.0005, "time": 1790980198.69098}
{"type": "train", "epoch": 113, "loss": 0.67419, "obj": 0.67419, "sup": 0.0, "lr": 0.0005, "time": 1790980199.01947}
{"type": "train", "epoch": 114, "loss": 0.67506, "obj": 0.67506, "sup": 0.0, "lr": 0.0005, "time": 1790980199.37594}
{"type": "train", "epoch": 115, "loss": 0.67454, "obj": 0.67454, "sup": 0.0, "lr": 0.0005, "time": 1790980199.69779}
{"type": "train", "epoch": 116, "loss": 0.67438, "obj": 0.67438, "sup": 0.0, "lr": 0.0005, "time": 1790980200.02529}
{"type": "train", "epoch": 117, "loss": 0.67503, "obj": 0.67503, "sup": 0.0, "lr": 0.0005, "time": 1790980200.33181}
{"type": "train", "epoch": 118, "loss": 0.67428, "obj": 0.67428, "sup": 0.0, "lr": 0.0005, "time": 1790980200.65777}
{"type": "train", "epoch": 119, "loss": 0.67372, "obj": 0.67372, "sup": 0.0, "lr": 0.0005, "time": 1790980200.93317}
{"type": "train", "epoch": 120, "loss": 0.67454, "obj": 0.67454, "sup": 0.0, "lr": 0.0005, "time": 1790980201.26219}
{"type": "train", "epoch": 121, "loss": 0.67404, "obj": 0.67404, "sup": 0.0, "lr": 0.0005, "time": 1790980201.52801}
{"type": "train", "epoch": 122, "loss": 0.67445, "obj": 0.67445, "sup": 0.0, "lr": 0.0005, "time": 1790980201.81822}
{"type": "train", "epoch": 123, "loss": 0.67391, "obj": 0.67391, "sup": 0.0, "lr": 0.0005, "time": 1790980202.09386}
{"type": "train", "epoch": 124, "loss": 0.67419, "obj": 0.67419, "sup": 0.0, "lr": 0.0005, "time": 1790980202.3546}
{"type": "train", "epoch": 125, "loss": 0.67406, "obj": 0.67406, "sup": 0.0, "lr": 0.0005, "time": 1790980202.62116}
{"type": "train", "epoch": 126, "loss": 0.67446, "obj": 0.67446, "sup": 0.0, "lr": 0.0005, "time": 1790980202.88733}
{"type": "train", "epoch": 127, "loss": 0.67393, "obj": 0.67393, "sup": 0.0, "lr": 0.0005, "time": 1790980203.15356}
{"type": "train", "epoch": 128, "loss": 0.67395, "obj": 0.67395, "sup": 0.0, "lr": 0.0005, "time": 1790980203.42713}
{"type": "train", "epoch": 129, "loss": 0.67361, "obj": 0.67361, "sup": 0.0, "lr": 0.0005, "time": 1790980203.71523}
{"type": "train", "epoch": 130, "loss": 0.67371, "obj": 0.67371, "sup": 0.0, "lr": 0.0005, "time": 1790980203.99496}
{"type": "train", "epoch": 131, "loss": 0.67365, "obj": 0.67365, "sup": 0.0, "lr": 0.0005, "time": 1790980204.26868}
{"type": "train", "epoch": 132, "loss": 0.67361, "obj": 0.67361, "sup": 0.0, "lr": 0.0005, "time": 1790980204.53108}
{"type": "train", "epoch": 133, "loss": 0.67442, "obj": 0.67442, "sup": 0.0, "lr": 0.0005, "time": 1790980204.79357}
{"type": "train", "epoch": 134, "loss": 0.67364, "obj": 0.67364, "sup": 0.0, "lr": 0.0005, "time": 1790980205.07102}
{"type": "train", "epoch": 135, "loss": 0.67351, "obj": 0.67351, "sup": 0.0, "lr": 0.0005, "time": 1790980205.41632}
{"type": "train", "epoch": 136, "loss": 0.6737, "obj": 0.6737, "sup": 0.0, "lr": 0.0005, "time": 1790980205.68229}
{"type": "train", "epoch": 137, "loss": 0.67333, "obj": 0.67333, "sup": 0.0, "lr": 0.0005, "time": 1790980205.95911}
{"type": "train", "epoch": 138, "loss": 0.6735, "obj": 0.6735, "sup": 0.0, "lr": 0.0005, "time": 1790980206.28848}
{"type": "train", "epoch": 139, "loss": 0.67328, "obj": 0.67328, "sup": 0.0, "lr": 0.0005, "time": 1790980206.60565}
{"type": "train", "epoch": 140, "loss": 0.67312, "obj": 0.67312, "sup": 0.0, "lr": 0.0005, "time": 1790980206.91545}
{"type": "train", "epoch": 141, "loss": 0.67323, "obj": 0.67323, "sup": 0.0, "lr": 0.0005, "time": 1790980207.20245}
{"type": "train", "epoch": 142, "loss": 0.67347, "obj": 0.67347, "sup": 0.0, "lr": 0.0005, "time": 1790980207.49317}
{"type": "train", "epoch": 143, "loss": 0.67319, "obj": 0.67319, "sup": 0.0, "lr": 0.0005, "time": 1790980207.75245}
{"type": "train", "epoch": 144, "loss": 0.67288, "obj": 0.67288, "sup": 0.0, "lr": 0.0005, "time": 1790980208.03097}
{"type": "train", "epoch": 145, "loss": 0.67257, "obj": 0.67257, "sup": 0.0, "lr": 0.0005, "time": 1790980208.36087}
{"type": "train", "epoch": 146, "loss": 0.67269, "obj": 0.67269, "sup": 0.0, "lr": 0.0005, "time": 1790980208.62145}
{"type": "train", "epoch": 147, "loss": 0.67239, "obj": 0.67239, "sup": 0.0, "lr": 0.0005, "time": 1790980208.88084}
{"type": "train", "epoch": 148, "loss": 0.67237, "obj": 0.67237, "sup": 0.0, "lr": 0.0005, "time": 1790980209.19212}
{"type": "train", "epoch": 149, "loss": 0.67222, "obj": 0.67222, "sup": 0.0, "lr": 0.0005, "time": 1790980209.48036}
{"type": "train", "epoch": 150, "loss": 0.67188, "obj": 0.67188, "sup": 0.0, "lr": 0.0005, "time": 1790980210.77534, "train_resid_median": 0.82267, "train_resid_mean": 0.81766, "train_imag_median": 0.0176, "train_obj_median": 0.67773, "train_u_loss_to_label_median": 0.64934, "val_resid_median": 0.83141, "val_resid_mean": 0.82425, "val_imag_median": 0.0181, "val_obj_median": 0.69336, "val_u_loss_to_label_median": 0.66777}
{"type": "train", "epoch": 151, "loss": 0.67196, "obj": 0.67196, "sup": 0.0, "lr": 0.0005, "time": 1790980211.10251}
{"type": "train", "epoch": 152, "loss": 0.6717, "obj": 0.6717, "sup": 0.0, "lr": 0.0005, "time": 1790980211.41542}
{"type": "train", "epoch": 153, "loss": 0.67156, "obj": 0.67156, "sup": 0.0, "lr": 0.0005, "time": 1790980211.686}
{"type": "train", "epoch": 154, "loss": 0.67143, "obj": 0.67143, "sup": 0.0, "lr": 0.0005, "time": 1790980212.00936}
{"type": "train", "epoch": 155, "loss": 0.67158, "obj": 0.67158, "sup": 0.0, "lr": 0.0005, "time": 1790980212.35219}
{"type": "train", "epoch": 156, "loss": 0.67073, "obj": 0.67073, "sup": 0.0, "lr": 0.0005, "time": 1790980212.69954}
{"type": "train", "epoch": 157, "loss": 0.6708, "obj": 0.6708, "sup": 0.0, "lr": 0.0005, "time": 1790980213.00581}
{"type": "train", "epoch": 158, "loss": 0.67031, "obj": 0.67031, "sup": 0.0, "lr": 0.0005, "time": 1790980213.34856}
{"type": "train", "epoch": 159, "loss": 0.67001, "obj": 0.67001, "sup": 0.0, "lr": 0.0005, "time": 1790980213.76708}
{"type": "train", "epoch": 160, "loss": 0.66994, "obj": 0.66994, "sup": 0.0, "lr": 0.0005, "time": 1790980214.21104}
{"type": "train", "epoch": 161, "loss": 0.66975, "obj": 0.66975, "sup": 0.0, "lr": 0.0005, "time": 1790980214.50498}
{"type": "train", "epoch": 162, "loss": 0.66965, "obj": 0.66965, "sup": 0.0, "lr": 0.0005, "time": 1790980214.78091}
{"type": "train", "epoch": 163, "loss": 0.66914, "obj": 0.66914, "sup": 0.0, "lr": 0.0005, "time": 1790980215.076}
{"type": "train", "epoch": 164, "loss": 0.66897, "obj": 0.66897, "sup": 0.0, "lr": 0.0005, "time": 1790980215.38691}
{"type": "train", "epoch": 165, "loss": 0.66894, "obj": 0.66894, "sup": 0.0, "lr": 0.0005, "time": 1790980215.68735}
{"type": "train", "epoch": 166, "loss": 0.66885, "obj": 0.66885, "sup": 0.0, "lr": 0.0005, "time": 1790980215.99383}
{"type": "train", "epoch": 167, "loss": 0.66923, "obj": 0.66923, "sup": 0.0, "lr": 0.0005, "time": 1790980216.28373}
{"type": "train", "epoch": 168, "loss": 0.669, "obj": 0.669, "sup": 0.0, "lr": 0.0005, "time": 1790980216.55567}
{"type": "train", "epoch": 169, "loss": 0.66868, "obj": 0.66868, "sup": 0.0, "lr": 0.0005, "time": 1790980216.88209}
{"type": "train", "epoch": 170, "loss": 0.66856, "obj": 0.66856, "sup": 0.0, "lr": 0.0005, "time": 1790980217.18623}
{"type": "train", "epoch": 171, "loss": 0.66906, "obj": 0.66906, "sup": 0.0, "lr": 0.0005, "time": 1790980217.48096}
{"type": "train", "epoch": 172, "loss": 0.66882, "obj": 0.66882, "sup": 0.0, "lr": 0.0005, "time": 1790980217.83985}
{"type": "train", "epoch": 173, "loss": 0.66818, "obj": 0.66818, "sup": 0.0, "lr": 0.0005, "time": 1790980218.17235}
{"type": "train", "epoch": 174, "loss": 0.66826, "obj": 0.66826, "sup": 0.0, "lr": 0.0005, "time": 1790980218.50296}
{"type": "train", "epoch": 175, "loss": 0.66829, "obj": 0.66829, "sup": 0.0, "lr": 0.0005, "time": 1790980218.8107}
{"type": "train", "epoch": 176, "loss": 0.66823, "obj": 0.66823, "sup": 0.0, "lr": 0.0005, "time": 1790980219.15497}
{"type": "train", "epoch": 177, "loss": 0.66782, "obj": 0.66782, "sup": 0.0, "lr": 0.0005, "time": 1790980219.48302}
{"type": "train", "epoch": 178, "loss": 0.66752, "obj": 0.66752, "sup": 0.0, "lr": 0.0005, "time": 1790980219.82444}
{"type": "train", "epoch": 179, "loss": 0.66745, "obj": 0.66745, "sup": 0.0, "lr": 0.0005, "time": 1790980220.14299}
{"type": "train", "epoch": 180, "loss": 0.6674, "obj": 0.6674, "sup": 0.0, "lr": 0.0005, "time": 1790980220.49637}
{"type": "train", "epoch": 181, "loss": 0.66756, "obj": 0.66756, "sup": 0.0, "lr": 0.0005, "time": 1790980220.85229}
{"type": "train", "epoch": 182, "loss": 0.66732, "obj": 0.66732, "sup": 0.0, "lr": 0.0005, "time": 1790980221.1827}
{"type": "train", "epoch": 183, "loss": 0.66762, "obj": 0.66762, "sup": 0.0, "lr": 0.0005, "time": 1790980221.51147}
{"type": "train", "epoch": 184, "loss": 0.66818, "obj": 0.66818, "sup": 0.0, "lr": 0.0005, "time": 1790980221.85906}
{"type": "train", "epoch": 185, "loss": 0.66755, "obj": 0.66755, "sup": 0.0, "lr": 0.0005, "time": 1790980222.1431}
{"type": "train", "epoch": 186, "loss": 0.66783, "obj": 0.66783, "sup": 0.0, "lr": 0.0005, "time": 1790980222.40577}
{"type": "train", "epoch": 187, "loss": 0.66839, "obj": 0.66839, "sup": 0.0, "lr": 0.0005, "time": 1790980222.68029}
{"type": "train", "epoch": 188, "loss": 0.66821, "obj": 0.66821, "sup": 0.0, "lr": 0.0005, "time": 1790980222.94334}
{"type": "train", "epoch": 189, "loss": 0.66884, "obj": 0.66884, "sup": 0.0, "lr": 0.0005, "time": 1790980223.243}
{"type": "train", "epoch": 190, "loss": 0.66818, "obj": 0.66818, "sup": 0.0, "lr": 0.0005, "time": 1790980223.51255}
{"type": "train", "epoch": 191, "loss": 0.66789, "obj": 0.66789, "sup": 0.0, "lr": 0.0005, "time": 1790980223.80695}
{"type": "train", "epoch": 192, "loss": 0.66979, "obj": 0.66979, "sup": 0.0, "lr": 0.0005, "time": 1790980224.08698}
{"type": "train", "epoch": 193, "loss": 0.6684, "obj": 0.6684, "sup": 0.0, "lr": 0.0005, "time": 1790980224.38697}
{"type": "train", "epoch": 194, "loss": 0.67122, "obj": 0.67122, "sup": 0.0, "lr": 0.0005, "time": 1790980224.67145}
{"type": "train", "epoch": 195, "loss": 0.66816, "obj": 0.66816, "sup": 0.0, "lr": 0.0005, "time": 1790980224.9774}
{"type": "train", "epoch": 196, "loss": 0.66756, "obj": 0.66756, "sup": 0.0, "lr": 0.0005, "time": 1790980225.27344}
{"type": "train", "epoch": 197, "loss": 0.66684, "obj": 0.66684, "sup": 0.0, "lr": 0.0005, "time": 1790980225.57888}
{"type": "train", "epoch": 198, "loss": 0.66691, "obj": 0.66691, "sup": 0.0, "lr": 0.0005, "time": 1790980225.84656}
{"type": "train", "epoch": 199, "loss": 0.66722, "obj": 0.66722, "sup": 0.0, "lr": 0.0005, "time": 1790980226.15099}
{"type": "train", "epoch": 200, "loss": 0.66727, "obj": 0.66727, "sup": 0.0, "lr": 0.0005, "time": 1790980227.58242, "train_resid_median": 0.81276, "train_resid_mean": 0.81347, "train_imag_median": 0.039, "train_obj_median": 0.66212, "train_u_loss_to_label_median": 0.66872, "val_resid_median": 0.83062, "val_resid_mean": 0.8226, "val_imag_median": 0.04085, "val_obj_median": 0.6941, "val_u_loss_to_label_median": 0.68548}
{"type": "train", "epoch": 201, "loss": 0.66677, "obj": 0.66677, "sup": 0.0, "lr": 0.0005, "time": 1790980227.94571}
{"type": "train", "epoch": 202, "loss": 0.6665, "obj": 0.6665, "sup": 0.0, "lr": 0.0005, "time": 1790980228.359}
{"type": "train", "epoch": 203, "loss": 0.66609, "obj": 0.66609, "sup": 0.0, "lr": 0.0005, "time": 1790980228.679}
{"type": "train", "epoch": 204, "loss": 0.66636, "obj": 0.66636, "sup": 0.0, "lr": 0.0005, "time": 1790980228.98448}
{"type": "train", "epoch": 205, "loss": 0.66642, "obj": 0.66642, "sup": 0.0, "lr": 0.0005, "time": 1790980229.29165}
{"type": "train", "epoch": 206, "loss": 0.66633, "obj": 0.66633, "sup": 0.0, "lr": 0.0005, "time": 1790980229.59498}
{"type": "train", "epoch": 207, "loss": 0.6655, "obj": 0.6655, "sup": 0.0, "lr": 0.0005, "time": 1790980229.90999}
{"type": "train", "epoch": 208, "loss": 0.66523, "obj": 0.66523, "sup": 0.0, "lr": 0.0005, "time": 1790980230.23259}
{"type": "train", "epoch": 209, "loss": 0.66538, "obj": 0.66538, "sup": 0.0, "lr": 0.0005, "time": 1790980230.62558}
{"type": "train", "epoch": 210, "loss": 0.66528, "obj": 0.66528, "sup": 0.0, "lr": 0.0005, "time": 1790980230.96781}
{"type": "train", "epoch": 211, "loss": 0.66491, "obj": 0.66491, "sup": 0.0, "lr": 0.0005, "time": 1790980231.28262}
{"type": "train", "epoch": 212, "loss": 0.6648, "obj": 0.6648, "sup": 0.0, "lr": 0.0005, "time": 1790980231.62331}
{"type": "train", "epoch": 213, "loss": 0.66496, "obj": 0.66496, "sup": 0.0, "lr": 0.0005, "time": 1790980231.88338}
{"type": "train", "epoch": 214, "loss": 0.66456, "obj": 0.66456, "sup": 0.0, "lr": 0.0005, "time": 1790980232.14418}
{"type": "train", "epoch": 215, "loss": 0.66433, "obj": 0.66433, "sup": 0.0, "lr": 0.0005, "time": 1790980232.42755}
{"type": "train", "epoch": 216, "loss": 0.6645, "obj": 0.6645, "sup": 0.0, "lr": 0.0005, "time": 1790980232.71303}
{"type": "train", "epoch": 217, "loss": 0.66416, "obj": 0.66416, "sup": 0.0, "lr": 0.0005, "time": 1790980232.98595}
{"type": "train", "epoch": 218, "loss": 0.66431, "obj": 0.66431, "sup": 0.0, "lr": 0.0005, "time": 1790980233.26015}
{"type": "train", "epoch": 219, "loss": 0.66409, "obj": 0.66409, "sup": 0.0, "lr": 0.0005, "time": 1790980233.524}
{"type": "train", "epoch": 220, "loss": 0.66395, "obj": 0.66395, "sup": 0.0, "lr": 0.0005, "time": 1790980233.81497}
{"type": "train", "epoch": 221, "loss": 0.66393, "obj": 0.66393, "sup": 0.0, "lr": 0.0005, "time": 1790980234.10893}
{"type": "train", "epoch": 222, "loss": 0.66409, "obj": 0.66409, "sup": 0.0, "lr": 0.0005, "time": 1790980234.39056}
{"type": "train", "epoch": 223, "loss": 0.66399, "obj": 0.66399, "sup": 0.0, "lr": 0.0005, "time": 1790980234.64974}
{"type": "train", "epoch": 224, "loss": 0.66391, "obj": 0.66391, "sup": 0.0, "lr": 0.0005, "time": 1790980234.91288}
{"type": "train", "epoch": 225, "loss": 0.66394, "obj": 0.66394, "sup": 0.0, "lr": 0.0005, "time": 1790980235.18278}
{"type": "train", "epoch": 226, "loss": 0.66376, "obj": 0.66376, "sup": 0.0, "lr": 0.0005, "time": 1790980235.44218}
{"type": "train", "epoch": 227, "loss": 0.66372, "obj": 0.66372, "sup": 0.0, "lr": 0.0005, "time": 1790980235.73529}
{"type": "train", "epoch": 228, "loss": 0.66365, "obj": 0.66365, "sup": 0.0, "lr": 0.0005, "time": 1790980236.01381}
{"type": "train", "epoch": 229, "loss": 0.66402, "obj": 0.66402, "sup": 0.0, "lr": 0.0005, "time": 1790980236.31515}
{"type": "train", "epoch": 230, "loss": 0.66412, "obj": 0.66412, "sup": 0.0, "lr": 0.0005, "time": 1790980236.61719}
{"type": "train", "epoch": 231, "loss": 0.6636, "obj": 0.6636, "sup": 0.0, "lr": 0.0005, "time": 1790980236.91497}
{"type": "train", "epoch": 232, "loss": 0.664, "obj": 0.664, "sup": 0.0, "lr": 0.0005, "time": 1790980237.23096}
{"type": "train", "epoch": 233, "loss": 0.66439, "obj": 0.66439, "sup": 0.0, "lr": 0.0005, "time": 1790980237.53785}
{"type": "train", "epoch": 234, "loss": 0.66407, "obj": 0.66407, "sup": 0.0, "lr": 0.0005, "time": 1790980237.83498}
{"type": "train", "epoch": 235, "loss": 0.66396, "obj": 0.66396, "sup": 0.0, "lr": 0.0005, "time": 1790980238.1473}
{"type": "train", "epoch": 236, "loss": 0.66365, "obj": 0.66365, "sup": 0.0, "lr": 0.0005, "time": 1790980238.4172}
{"type": "train", "epoch": 237, "loss": 0.66341, "obj": 0.66341, "sup": 0.0, "lr": 0.0005, "time": 1790980238.68736}
{"type": "train", "epoch": 238, "loss": 0.66334, "obj": 0.66334, "sup": 0.0, "lr": 0.0005, "time": 1790980238.95808}
{"type": "train", "epoch": 239, "loss": 0.66397, "obj": 0.66397, "sup": 0.0, "lr": 0.0005, "time": 1790980239.23348}
{"type": "train", "epoch": 240, "loss": 0.66419, "obj": 0.66419, "sup": 0.0, "lr": 0.0005, "time": 1790980239.50322}
{"type": "train", "epoch": 241, "loss": 0.66386, "obj": 0.66386, "sup": 0.0, "lr": 0.0005, "time": 1790980239.76431}
{"type": "train", "epoch": 242, "loss": 0.66382, "obj": 0.66382, "sup": 0.0, "lr": 0.0005, "time": 1790980240.02619}
{"type": "train", "epoch": 243, "loss": 0.66358, "obj": 0.66358, "sup": 0.0, "lr": 0.0005, "time": 1790980240.36265}
{"type": "train", "epoch": 244, "loss": 0.66324, "obj": 0.66324, "sup": 0.0, "lr": 0.0005, "time": 1790980240.69115}
{"type": "train", "epoch": 245, "loss": 0.66444, "obj": 0.66444, "sup": 0.0, "lr": 0.0005, "time": 1790980241.04381}
{"type": "train", "epoch": 246, "loss": 0.66361, "obj": 0.66361, "sup": 0.0, "lr": 0.0005, "time": 1790980241.35699}
{"type": "train", "epoch": 247, "loss": 0.6639, "obj": 0.6639, "sup": 0.0, "lr": 0.0005, "time": 1790980241.66768}
{"type": "train", "epoch": 248, "loss": 0.66388, "obj": 0.66388, "sup": 0.0, "lr": 0.0005, "time": 1790980241.97409}
{"type": "train", "epoch": 249, "loss": 0.66577, "obj": 0.66577, "sup": 0.0, "lr": 0.0005, "time": 1790980242.27626}
{"type": "train", "epoch": 250, "loss": 0.66456, "obj": 0.66456, "sup": 0.0, "lr": 0.0005, "time": 1790980243.51366, "train_resid_median": 0.81026, "train_resid_mean": 0.81197, "train_imag_median": 0.07849, "train_obj_median": 0.66297, "train_u_loss_to_label_median": 0.67777, "val_resid_median": 0.8281, "val_resid_mean": 0.82239, "val_imag_median": 0.08014, "val_obj_median": 0.69474, "val_u_loss_to_label_median": 0.70268}
{"type": "train", "epoch": 251, "loss": 0.66719, "obj": 0.66719, "sup": 0.0, "lr": 0.0005, "time": 1790980243.77785}
{"type": "train", "epoch": 252, "loss": 0.66485, "obj": 0.66485, "sup": 0.0, "lr": 0.0005, "time": 1790980244.04411}
{"type": "train", "epoch": 253, "loss": 0.66776, "obj": 0.66776, "sup": 0.0, "lr": 0.0005, "time": 1790980244.3087}
{"type": "train", "epoch": 254, "loss": 0.66551, "obj": 0.66551, "sup": 0.0, "lr": 0.0005, "time": 1790980244.6197}
{"type": "train", "epoch": 255, "loss": 0.66854, "obj": 0.66854, "sup": 0.0, "lr": 0.0005, "time": 1790980244.91211}
{"type": "train", "epoch": 256, "loss": 0.66617, "obj": 0.66617, "sup": 0.0, "lr": 0.0005, "time": 1790980245.19129}
{"type": "train", "epoch": 257, "loss": 0.67277, "obj": 0.67277, "sup": 0.0, "lr": 0.0005, "time": 1790980245.45607}
{"type": "train", "epoch": 258, "loss": 0.66591, "obj": 0.66591, "sup": 0.0, "lr": 0.0005, "time": 1790980245.72186}
{"type": "train", "epoch": 259, "loss": 0.66791, "obj": 0.66791, "sup": 0.0, "lr": 0.0005, "time": 1790980245.98683}
{"type": "train", "epoch": 260, "loss": 0.66513, "obj": 0.66513, "sup": 0.0, "lr": 0.0005, "time": 1790980246.252}
{"type": "train", "epoch": 261, "loss": 0.66728, "obj": 0.66728, "sup": 0.0, "lr": 0.0005, "time": 1790980246.51767}
{"type": "train", "epoch": 262, "loss": 0.66593, "obj": 0.66593, "sup": 0.0, "lr": 0.0005, "time": 1790980246.78294}
{"type": "train", "epoch": 263, "loss": 0.66483, "obj": 0.66483, "sup": 0.0, "lr": 0.0005, "time": 1790980247.04929}
{"type": "train", "epoch": 264, "loss": 0.6661, "obj": 0.6661, "sup": 0.0, "lr": 0.0005, "time": 1790980247.32597}
{"type": "train", "epoch": 265, "loss": 0.66604, "obj": 0.66604, "sup": 0.0, "lr": 0.0005, "time": 1790980247.60974}
{"type": "train", "epoch": 266, "loss": 0.66433, "obj": 0.66433, "sup": 0.0, "lr": 0.0005, "time": 1790980247.88708}
{"type": "train", "epoch": 267, "loss": 0.66418, "obj": 0.66418, "sup": 0.0, "lr": 0.0005, "time": 1790980248.19904}
{"type": "train", "epoch": 268, "loss": 0.66657, "obj": 0.66657, "sup": 0.0, "lr": 0.0005, "time": 1790980248.49893}
{"type": "train", "epoch": 269, "loss": 0.66447, "obj": 0.66447, "sup": 0.0, "lr": 0.0005, "time": 1790980248.78957}
{"type": "train", "epoch": 270, "loss": 0.665, "obj": 0.665, "sup": 0.0, "lr": 0.0005, "time": 1790980249.08717}
{"type": "train", "epoch": 271, "loss": 0.66489, "obj": 0.66489, "sup": 0.0, "lr": 0.0005, "time": 1790980249.38376}
{"type": "train", "epoch": 272, "loss": 0.66555, "obj": 0.66555, "sup": 0.0, "lr": 0.0005, "time": 1790980249.6593}
{"type": "train", "epoch": 273, "loss": 0.6635, "obj": 0.6635, "sup": 0.0, "lr": 0.0005, "time": 1790980249.96893}
{"type": "train", "epoch": 274, "loss": 0.66329, "obj": 0.66329, "sup": 0.0, "lr": 0.0005, "time": 1790980250.27508}
{"type": "train", "epoch": 275, "loss": 0.66348, "obj": 0.66348, "sup": 0.0, "lr": 0.0005, "time": 1790980250.55697}
{"type": "train", "epoch": 276, "loss": 0.66415, "obj": 0.66415, "sup": 0.0, "lr": 0.0005, "time": 1790980250.82774}
{"type": "train", "epoch": 277, "loss": 0.66308, "obj": 0.66308, "sup": 0.0, "lr": 0.0005, "time": 1790980251.09154}
{"type": "train", "epoch": 278, "loss": 0.66308, "obj": 0.66308, "sup": 0.0, "lr": 0.0005, "time": 1790980251.3946}
{"type": "train", "epoch": 279, "loss": 0.66297, "obj": 0.66297, "sup": 0.0, "lr": 0.0005, "time": 1790980251.66698}
{"type": "train", "epoch": 280, "loss": 0.66298, "obj": 0.66298, "sup": 0.0, "lr": 0.0005, "time": 1790980251.92808}
{"type": "train", "epoch": 281, "loss": 0.66318, "obj": 0.66318, "sup": 0.0, "lr": 0.0005, "time": 1790980252.22005}
{"type": "train", "epoch": 282, "loss": 0.66273, "obj": 0.66273, "sup": 0.0, "lr": 0.0005, "time": 1790980252.48045}
{"type": "train", "epoch": 283, "loss": 0.66257, "obj": 0.66257, "sup": 0.0, "lr": 0.0005, "time": 1790980252.74349}
{"type": "train", "epoch": 284, "loss": 0.66271, "obj": 0.66271, "sup": 0.0, "lr": 0.0005, "time": 1790980253.01209}
{"type": "train", "epoch": 285, "loss": 0.66278, "obj": 0.66278, "sup": 0.0, "lr": 0.0005, "time": 1790980253.28032}
{"type": "train", "epoch": 286, "loss": 0.66258, "obj": 0.66258, "sup": 0.0, "lr": 0.0005, "time": 1790980253.55099}
{"type": "train", "epoch": 287, "loss": 0.66245, "obj": 0.66245, "sup": 0.0, "lr": 0.0005, "time": 1790980253.8183}
{"type": "train", "epoch": 288, "loss": 0.66244, "obj": 0.66244, "sup": 0.0, "lr": 0.0005, "time": 1790980254.08397}
{"type": "train", "epoch": 289, "loss": 0.6626, "obj": 0.6626, "sup": 0.0, "lr": 0.0005, "time": 1790980254.35123}
{"type": "train", "epoch": 290, "loss": 0.66251, "obj": 0.66251, "sup": 0.0, "lr": 0.0005, "time": 1790980254.61873}
{"type": "train", "epoch": 291, "loss": 0.66255, "obj": 0.66255, "sup": 0.0, "lr": 0.0005, "time": 1790980254.88837}
{"type": "train", "epoch": 292, "loss": 0.66218, "obj": 0.66218, "sup": 0.0, "lr": 0.0005, "time": 1790980255.15392}
{"type": "train", "epoch": 293, "loss": 0.66243, "obj": 0.66243, "sup": 0.0, "lr": 0.0005, "time": 1790980255.42349}
{"type": "train", "epoch": 294, "loss": 0.66256, "obj": 0.66256, "sup": 0.0, "lr": 0.0005, "time": 1790980255.69146}
{"type": "train", "epoch": 295, "loss": 0.66245, "obj": 0.66245, "sup": 0.0, "lr": 0.0005, "time": 1790980255.96276}
{"type": "train", "epoch": 296, "loss": 0.66237, "obj": 0.66237, "sup": 0.0, "lr": 0.0005, "time": 1790980256.23217}
{"type": "train", "epoch": 297, "loss": 0.66219, "obj": 0.66219, "sup": 0.0, "lr": 0.0005, "time": 1790980256.50174}
{"type": "train", "epoch": 298, "loss": 0.66229, "obj": 0.66229, "sup": 0.0, "lr": 0.0005, "time": 1790980256.77819}
{"type": "train", "epoch": 299, "loss": 0.66236, "obj": 0.66236, "sup": 0.0, "lr": 0.0005, "time": 1790980257.06839}
{"type": "train", "epoch": 300, "loss": 0.66207, "obj": 0.66207, "sup": 0.0, "lr": 0.0005, "time": 1790980258.29567, "train_resid_median": 0.8096, "train_resid_mean": 0.81051, "train_imag_median": 0.05032, "train_obj_median": 0.65906, "train_u_loss_to_label_median": 0.67712, "val_resid_median": 0.82934, "val_resid_mean": 0.82215, "val_imag_median": 0.04943, "val_obj_median": 0.69066, "val_u_loss_to_label_median": 0.69888}
{"type": "train", "epoch": 301, "loss": 0.66217, "obj": 0.66217, "sup": 0.0, "lr": 0.0005, "time": 1790980258.61947}
{"type": "train", "epoch": 302, "loss": 0.66217, "obj": 0.66217, "sup": 0.0, "lr": 0.0005, "time": 1790980258.92896}
{"type": "train", "epoch": 303, "loss": 0.66223, "obj": 0.66223, "sup": 0.0, "lr": 0.0005, "time": 1790980259.19107}
{"type": "train", "epoch": 304, "loss": 0.66215, "obj": 0.66215, "sup": 0.0, "lr": 0.0005, "time": 1790980259.48003}
{"type": "train", "epoch": 305, "loss": 0.66193, "obj": 0.66193, "sup": 0.0, "lr": 0.0005, "time": 1790980259.75104}
{"type": "train", "epoch": 306, "loss": 0.66196, "obj": 0.66196, "sup": 0.0, "lr": 0.0005, "time": 1790980260.06154}
{"type": "train", "epoch": 307, "loss": 0.66213, "obj": 0.66213, "sup": 0.0, "lr": 0.0005, "time": 1790980260.39502}
{"type": "train", "epoch": 308, "loss": 0.66188, "obj": 0.66188, "sup": 0.0, "lr": 0.0005, "time": 1790980260.6796}
{"type": "train", "epoch": 309, "loss": 0.66194, "obj": 0.66194, "sup": 0.0, "lr": 0.0005, "time": 1790980261.01506}
{"type": "train", "epoch": 310, "loss": 0.66199, "obj": 0.66199, "sup": 0.0, "lr": 0.0005, "time": 1790980261.34879}
{"type": "train", "epoch": 311, "loss": 0.66201, "obj": 0.66201, "sup": 0.0, "lr": 0.0005, "time": 1790980261.61592}
{"type": "train", "epoch": 312, "loss": 0.66194, "obj": 0.66194, "sup": 0.0, "lr": 0.0005, "time": 1790980261.93152}
{"type": "train", "epoch": 313, "loss": 0.66199, "obj": 0.66199, "sup": 0.0, "lr": 0.0005, "time": 1790980262.20219}
{"type": "train", "epoch": 314, "loss": 0.66178, "obj": 0.66178, "sup": 0.0, "lr": 0.0005, "time": 1790980262.4672}
{"type": "train", "epoch": 315, "loss": 0.66167, "obj": 0.66167, "sup": 0.0, "lr": 0.0005, "time": 1790980262.72989}
{"type": "train", "epoch": 316, "loss": 0.66218, "obj": 0.66218, "sup": 0.0, "lr": 0.0005, "time": 1790980262.99394}
{"type": "train", "epoch": 317, "loss": 0.66175, "obj": 0.66175, "sup": 0.0, "lr": 0.0005, "time": 1790980263.25675}
{"type": "train", "epoch": 318, "loss": 0.66166, "obj": 0.66166, "sup": 0.0, "lr": 0.0005, "time": 1790980263.5217}
{"type": "train", "epoch": 319, "loss": 0.66176, "obj": 0.66176, "sup": 0.0, "lr": 0.0005, "time": 1790980263.78516}
{"type": "train", "epoch": 320, "loss": 0.66174, "obj": 0.66174, "sup": 0.0, "lr": 0.0005, "time": 1790980264.45906}
{"type": "train", "epoch": 321, "loss": 0.66191, "obj": 0.66191, "sup": 0.0, "lr": 0.0005, "time": 1790980264.74494}
{"type": "train", "epoch": 322, "loss": 0.66163, "obj": 0.66163, "sup": 0.0, "lr": 0.0005, "time": 1790980265.05414}
{"type": "train", "epoch": 323, "loss": 0.66158, "obj": 0.66158, "sup": 0.0, "lr": 0.0005, "time": 1790980265.35484}
{"type": "train", "epoch": 324, "loss": 0.66145, "obj": 0.66145, "sup": 0.0, "lr": 0.0005, "time": 1790980265.67499}
{"type": "train", "epoch": 325, "loss": 0.66139, "obj": 0.66139, "sup": 0.0, "lr": 0.0005, "time": 1790980265.98908}
{"type": "train", "epoch": 326, "loss": 0.66152, "obj": 0.66152, "sup": 0.0, "lr": 0.0005, "time": 1790980266.29711}
{"type": "train", "epoch": 327, "loss": 0.66139, "obj": 0.66139, "sup": 0.0, "lr": 0.0005, "time": 1790980266.627}
{"type": "train", "epoch": 328, "loss": 0.66132, "obj": 0.66132, "sup": 0.0, "lr": 0.0005, "time": 1790980266.94952}
{"type": "train", "epoch": 329, "loss": 0.66134, "obj": 0.66134, "sup": 0.0, "lr": 0.0005, "time": 1790980267.27996}
{"type": "train", "epoch": 330, "loss": 0.66138, "obj": 0.66138, "sup": 0.0, "lr": 0.0005, "time": 1790980267.659}
{"type": "train", "epoch": 331, "loss": 0.66133, "obj": 0.66133, "sup": 0.0, "lr": 0.0005, "time": 1790980267.96358}
{"type": "train", "epoch": 332, "loss": 0.66145, "obj": 0.66145, "sup": 0.0, "lr": 0.0005, "time": 1790980268.22525}
{"type": "train", "epoch": 333, "loss": 0.66133, "obj": 0.66133, "sup": 0.0, "lr": 0.0005, "time": 1790980268.5017}
{"type": "train", "epoch": 334, "loss": 0.66114, "obj": 0.66114, "sup": 0.0, "lr": 0.0005, "time": 1790980268.82174}
{"type": "train", "epoch": 335, "loss": 0.66127, "obj": 0.66127, "sup": 0.0, "lr": 0.0005, "time": 1790980269.08522}
{"type": "train", "epoch": 336, "loss": 0.66122, "obj": 0.66122, "sup": 0.0, "lr": 0.0005, "time": 1790980269.34745}
{"type": "train", "epoch": 337, "loss": 0.66096, "obj": 0.66096, "sup": 0.0, "lr": 0.0005, "time": 1790980269.67259}
{"type": "train", "epoch": 338, "loss": 0.66115, "obj": 0.66115, "sup": 0.0, "lr": 0.0005, "time": 1790980269.96586}
{"type": "train", "epoch": 339, "loss": 0.66101, "obj": 0.66101, "sup": 0.0, "lr": 0.0005, "time": 1790980270.26697}
{"type": "train", "epoch": 340, "loss": 0.66094, "obj": 0.66094, "sup": 0.0, "lr": 0.0005, "time": 1790980270.58186}
{"type": "train", "epoch": 341, "loss": 0.66119, "obj": 0.66119, "sup": 0.0, "lr": 0.0005, "time": 1790980270.87275}
{"type": "train", "epoch": 342, "loss": 0.66141, "obj": 0.66141, "sup": 0.0, "lr": 0.0005, "time": 1790980271.17133}
{"type": "train", "epoch": 343, "loss": 0.66136, "obj": 0.66136, "sup": 0.0, "lr": 0.0005, "time": 1790980271.49375}
{"type": "train", "epoch": 344, "loss": 0.66148, "obj": 0.66148, "sup": 0.0, "lr": 0.0005, "time": 1790980271.78593}
{"type": "train", "epoch": 345, "loss": 0.66141, "obj": 0.66141, "sup": 0.0, "lr": 0.0005, "time": 1790980272.08018}
{"type": "train", "epoch": 346, "loss": 0.66309, "obj": 0.66309, "sup": 0.0, "lr": 0.0005, "time": 1790980272.39897}
{"type": "train", "epoch": 347, "loss": 0.66161, "obj": 0.66161, "sup": 0.0, "lr": 0.0005, "time": 1790980272.69615}
{"type": "train", "epoch": 348, "loss": 0.6626, "obj": 0.6626, "sup": 0.0, "lr": 0.0005, "time": 1790980272.994}
{"type": "train", "epoch": 349, "loss": 0.66126, "obj": 0.66126, "sup": 0.0, "lr": 0.0005, "time": 1790980273.32114}
{"type": "train", "epoch": 350, "loss": 0.66117, "obj": 0.66117, "sup": 0.0, "lr": 0.0005, "time": 1790980274.50144, "train_resid_median": 0.80901, "train_resid_mean": 0.80923, "train_imag_median": 0.0523, "train_obj_median": 0.65854, "train_u_loss_to_label_median": 0.68319, "val_resid_median": 0.82902, "val_resid_mean": 0.82192, "val_imag_median": 0.05545, "val_obj_median": 0.6905, "val_u_loss_to_label_median": 0.70553}
{"type": "train", "epoch": 351, "loss": 0.66113, "obj": 0.66113, "sup": 0.0, "lr": 0.0005, "time": 1790980274.85}
{"type": "train", "epoch": 352, "loss": 0.6612, "obj": 0.6612, "sup": 0.0, "lr": 0.0005, "time": 1790980275.11581}
{"type": "train", "epoch": 353, "loss": 0.66091, "obj": 0.66091, "sup": 0.0, "lr": 0.0005, "time": 1790980275.37765}
{"type": "train", "epoch": 354, "loss": 0.66091, "obj": 0.66091, "sup": 0.0, "lr": 0.0005, "time": 1790980275.64143}
{"type": "train", "epoch": 355, "loss": 0.66068, "obj": 0.66068, "sup": 0.0, "lr": 0.0005, "time": 1790980275.90411}
{"type": "train", "epoch": 356, "loss": 0.66055, "obj": 0.66055, "sup": 0.0, "lr": 0.0005, "time": 1790980276.17165}
{"type": "train", "epoch": 357, "loss": 0.66053, "obj": 0.66053, "sup": 0.0, "lr": 0.0005, "time": 1790980276.45163}
{"type": "train", "epoch": 358, "loss": 0.66014, "obj": 0.66014, "sup": 0.0, "lr": 0.0005, "time": 1790980276.74067}
{"type": "train", "epoch": 359, "loss": 0.66018, "obj": 0.66018, "sup": 0.0, "lr": 0.0005, "time": 1790980277.01169}
{"type": "train", "epoch": 360, "loss": 0.66028, "obj": 0.66028, "sup": 0.0, "lr": 0.0005, "time": 1790980277.31641}
{"type": "train", "epoch": 361, "loss": 0.66028, "obj": 0.66028, "sup": 0.0, "lr": 0.0005, "time": 1790980277.58836}
{"type": "train", "epoch": 362, "loss": 0.66023, "obj": 0.66023, "sup": 0.0, "lr": 0.0005, "time": 1790980277.88298}
{"type": "train", "epoch": 363, "loss": 0.66017, "obj": 0.66017, "sup": 0.0, "lr": 0.0005, "time": 1790980278.20968}
{"type": "train", "epoch": 364, "loss": 0.65985, "obj": 0.65985, "sup": 0.0, "lr": 0.0005, "time": 1790980278.52833}
{"type": "train", "epoch": 365, "loss": 0.66014, "obj": 0.66014, "sup": 0.0, "lr": 0.0005, "time": 1790980278.79153}
{"type": "train", "epoch": 366, "loss": 0.66031, "obj": 0.66031, "sup": 0.0, "lr": 0.0005, "time": 1790980279.0544}
{"type": "train", "epoch": 367, "loss": 0.65981, "obj": 0.65981, "sup": 0.0, "lr": 0.0005, "time": 1790980279.36298}
{"type": "train", "epoch": 368, "loss": 0.66022, "obj": 0.66022, "sup": 0.0, "lr": 0.0005, "time": 1790980279.67102}
{"type": "train", "epoch": 369, "loss": 0.65988, "obj": 0.65988, "sup": 0.0, "lr": 0.0005, "time": 1790980279.94524}
{"type": "train", "epoch": 370, "loss": 0.65976, "obj": 0.65976, "sup": 0.0, "lr": 0.0005, "time": 1790980280.20681}
{"type": "train", "epoch": 371, "loss": 0.66008, "obj": 0.66008, "sup": 0.0, "lr": 0.0005, "time": 1790980280.4707}
{"type": "train", "epoch": 372, "loss": 0.65974, "obj": 0.65974, "sup": 0.0, "lr": 0.0005, "time": 1790980280.76735}
{"type": "train", "epoch": 373, "loss": 0.66054, "obj": 0.66054, "sup": 0.0, "lr": 0.0005, "time": 1790980281.04623}
{"type": "train", "epoch": 374, "loss": 0.65983, "obj": 0.65983, "sup": 0.0, "lr": 0.0005, "time": 1790980281.37814}
{"type": "train", "epoch": 375, "loss": 0.65996, "obj": 0.65996, "sup": 0.0, "lr": 0.0005, "time": 1790980281.67637}
{"type": "train", "epoch": 376, "loss": 0.65987, "obj": 0.65987, "sup": 0.0, "lr": 0.0005, "time": 1790980281.97525}
{"type": "train", "epoch": 377, "loss": 0.65972, "obj": 0.65972, "sup": 0.0, "lr": 0.0005, "time": 1790980282.26925}
{"type": "train", "epoch": 378, "loss": 0.6596, "obj": 0.6596, "sup": 0.0, "lr": 0.0005, "time": 1790980282.57666}
{"type": "train", "epoch": 379, "loss": 0.65971, "obj": 0.65971, "sup": 0.0, "lr": 0.0005, "time": 1790980282.86421}
{"type": "train", "epoch": 380, "loss": 0.65958, "obj": 0.65958, "sup": 0.0, "lr": 0.0005, "time": 1790980283.15401}
{"type": "train", "epoch": 381, "loss": 0.65933, "obj": 0.65933, "sup": 0.0, "lr": 0.0005, "time": 1790980283.44618}
{"type": "train", "epoch": 382, "loss": 0.6595, "obj": 0.6595, "sup": 0.0, "lr": 0.0005, "time": 1790980283.72124}
{"type": "train", "epoch": 383, "loss": 0.65926, "obj": 0.65926, "sup": 0.0, "lr": 0.0005, "time": 1790980284.00747}
{"type": "train", "epoch": 384, "loss": 0.65906, "obj": 0.65906, "sup": 0.0, "lr": 0.0005, "time": 1790980284.27011}
{"type": "train", "epoch": 385, "loss": 0.65925, "obj": 0.65925, "sup": 0.0, "lr": 0.0005, "time": 1790980284.53115}
{"type": "train", "epoch": 386, "loss": 0.65889, "obj": 0.65889, "sup": 0.0, "lr": 0.0005, "time": 1790980284.79403}
{"type": "train", "epoch": 387, "loss": 0.6589, "obj": 0.6589, "sup": 0.0, "lr": 0.0005, "time": 1790980285.06002}
{"type": "train", "epoch": 388, "loss": 0.65932, "obj": 0.65932, "sup": 0.0, "lr": 0.0005, "time": 1790980285.38688}
{"type": "train", "epoch": 389, "loss": 0.65946, "obj": 0.65946, "sup": 0.0, "lr": 0.0005, "time": 1790980285.66947}
{"type": "train", "epoch": 390, "loss": 0.65959, "obj": 0.65959, "sup": 0.0, "lr": 0.0005, "time": 1790980285.93183}
{"type": "train", "epoch": 391, "loss": 0.65939, "obj": 0.65939, "sup": 0.0, "lr": 0.0005, "time": 1790980286.19529}
{"type": "train", "epoch": 392, "loss": 0.65918, "obj": 0.65918, "sup": 0.0, "lr": 0.0005, "time": 1790980286.46002}
{"type": "train", "epoch": 393, "loss": 0.65923, "obj": 0.65923, "sup": 0.0, "lr": 0.0005, "time": 1790980286.74489}
{"type": "train", "epoch": 394, "loss": 0.65968, "obj": 0.65968, "sup": 0.0, "lr": 0.0005, "time": 1790980287.073}
{"type": "train", "epoch": 395, "loss": 0.65935, "obj": 0.65935, "sup": 0.0, "lr": 0.0005, "time": 1790980287.39221}
{"type": "train", "epoch": 396, "loss": 0.65916, "obj": 0.65916, "sup": 0.0, "lr": 0.0005, "time": 1790980287.72296}
{"type": "train", "epoch": 397, "loss": 0.65963, "obj": 0.65963, "sup": 0.0, "lr": 0.0005, "time": 1790980288.04071}
{"type": "train", "epoch": 398, "loss": 0.65935, "obj": 0.65935, "sup": 0.0, "lr": 0.0005, "time": 1790980288.34126}
{"type": "train", "epoch": 399, "loss": 0.65911, "obj": 0.65911, "sup": 0.0, "lr": 0.0005, "time": 1790980288.63098}
{"type": "train", "epoch": 400, "loss": 0.65935, "obj": 0.65935, "sup": 0.0, "lr": 0.0005, "time": 1790980289.94329, "train_resid_median": 0.80755, "train_resid_mean": 0.80797, "train_imag_median": 0.06299, "train_obj_median": 0.65697, "train_u_loss_to_label_median": 0.69218, "val_resid_median": 0.82758, "val_resid_mean": 0.82134, "val_imag_median": 0.06429, "val_obj_median": 0.68975, "val_u_loss_to_label_median": 0.71424}
{"type": "train", "epoch": 401, "loss": 0.65907, "obj": 0.65907, "sup": 0.0, "lr": 0.0005, "time": 1790980290.27513}
{"type": "train", "epoch": 402, "loss": 0.65916, "obj": 0.65916, "sup": 0.0, "lr": 0.0005, "time": 1790980290.59011}
{"type": "train", "epoch": 403, "loss": 0.65898, "obj": 0.65898, "sup": 0.0, "lr": 0.0005, "time": 1790980290.9282}
{"type": "train", "epoch": 404, "loss": 0.6589, "obj": 0.6589, "sup": 0.0, "lr": 0.0005, "time": 1790980291.26729}
{"type": "train", "epoch": 405, "loss": 0.65918, "obj": 0.65918, "sup": 0.0, "lr": 0.0005, "time": 1790980291.56134}
{"type": "train", "epoch": 406, "loss": 0.65922, "obj": 0.65922, "sup": 0.0, "lr": 0.0005, "time": 1790980291.86301}
{"type": "train", "epoch": 407, "loss": 0.65894, "obj": 0.65894, "sup": 0.0, "lr": 0.0005, "time": 1790980292.21103}
{"type": "train", "epoch": 408, "loss": 0.65921, "obj": 0.65921, "sup": 0.0, "lr": 0.0005, "time": 1790980292.51413}
{"type": "train", "epoch": 409, "loss": 0.6592, "obj": 0.6592, "sup": 0.0, "lr": 0.0005, "time": 1790980292.83895}
{"type": "train", "epoch": 410, "loss": 0.6598, "obj": 0.6598, "sup": 0.0, "lr": 0.0005, "time": 1790980293.19104}
{"type": "train", "epoch": 411, "loss": 0.65902, "obj": 0.65902, "sup": 0.0, "lr": 0.0005, "time": 1790980293.51102}
{"type": "train", "epoch": 412, "loss": 0.65877, "obj": 0.65877, "sup": 0.0, "lr": 0.0005, "time": 1790980293.81497}
{"type": "train", "epoch": 413, "loss": 0.65896, "obj": 0.65896, "sup": 0.0, "lr": 0.0005, "time": 1790980294.1264}
{"type": "train", "epoch": 414, "loss": 0.65884, "obj": 0.65884, "sup": 0.0, "lr": 0.0005, "time": 1790980294.41734}
{"type": "train", "epoch": 415, "loss": 0.65836, "obj": 0.65836, "sup": 0.0, "lr": 0.0005, "time": 1790980294.67812}
{"type": "train", "epoch": 416, "loss": 0.65866, "obj": 0.65866, "sup": 0.0, "lr": 0.0005, "time": 1790980294.93816}
{"type": "train", "epoch": 417, "loss": 0.65903, "obj": 0.65903, "sup": 0.0, "lr": 0.0005, "time": 1790980295.21529}
{"type": "train", "epoch": 418, "loss": 0.65887, "obj": 0.65887, "sup": 0.0, "lr": 0.0005, "time": 1790980295.52925}
{"type": "train", "epoch": 419, "loss": 0.65844, "obj": 0.65844, "sup": 0.0, "lr": 0.0005, "time": 1790980295.82289}
{"type": "train", "epoch": 420, "loss": 0.6584, "obj": 0.6584, "sup": 0.0, "lr": 0.0005, "time": 1790980296.10897}
{"type": "train", "epoch": 421, "loss": 0.65921, "obj": 0.65921, "sup": 0.0, "lr": 0.0005, "time": 1790980296.45369}
{"type": "train", "epoch": 422, "loss": 0.6587, "obj": 0.6587, "sup": 0.0, "lr": 0.0005, "time": 1790980296.76706}
{"type": "train", "epoch": 423, "loss": 0.6585, "obj": 0.6585, "sup": 0.0, "lr": 0.0005, "time": 1790980297.087}
{"type": "train", "epoch": 424, "loss": 0.6588, "obj": 0.6588, "sup": 0.0, "lr": 0.0005, "time": 1790980297.40734}
{"type": "train", "epoch": 425, "loss": 0.65843, "obj": 0.65843, "sup": 0.0, "lr": 0.0005, "time": 1790980297.73261}
{"type": "train", "epoch": 426, "loss": 0.65851, "obj": 0.65851, "sup": 0.0, "lr": 0.0005, "time": 1790980298.06304}
{"type": "train", "epoch": 427, "loss": 0.65896, "obj": 0.65896, "sup": 0.0, "lr": 0.0005, "time": 1790980298.37105}
{"type": "train", "epoch": 428, "loss": 0.65862, "obj": 0.65862, "sup": 0.0, "lr": 0.0005, "time": 1790980298.67269}
{"type": "train", "epoch": 429, "loss": 0.65823, "obj": 0.65823, "sup": 0.0, "lr": 0.0005, "time": 1790980298.93712}
{"type": "train", "epoch": 430, "loss": 0.65815, "obj": 0.65815, "sup": 0.0, "lr": 0.0005, "time": 1790980299.20057}
{"type": "train", "epoch": 431, "loss": 0.65821, "obj": 0.65821, "sup": 0.0, "lr": 0.0005, "time": 1790980299.46479}
{"type": "train", "epoch": 432, "loss": 0.65824, "obj": 0.65824, "sup": 0.0, "lr": 0.0005, "time": 1790980299.73951}
{"type": "train", "epoch": 433, "loss": 0.6587, "obj": 0.6587, "sup": 0.0, "lr": 0.0005, "time": 1790980300.07317}
{"type": "train", "epoch": 434, "loss": 0.65827, "obj": 0.65827, "sup": 0.0, "lr": 0.0005, "time": 1790980300.45397}
{"type": "train", "epoch": 435, "loss": 0.65809, "obj": 0.65809, "sup": 0.0, "lr": 0.0005, "time": 1790980300.81502}
{"type": "train", "epoch": 436, "loss": 0.65862, "obj": 0.65862, "sup": 0.0, "lr": 0.0005, "time": 1790980301.13901}
{"type": "train", "epoch": 437, "loss": 0.65825, "obj": 0.65825, "sup": 0.0, "lr": 0.0005, "time": 1790980301.45395}
{"type": "train", "epoch": 438, "loss": 0.65866, "obj": 0.65866, "sup": 0.0, "lr": 0.0005, "time": 1790980301.75067}
{"type": "train", "epoch": 439, "loss": 0.65854, "obj": 0.65854, "sup": 0.0, "lr": 0.0005, "time": 1790980302.09288}
{"type": "train", "epoch": 440, "loss": 0.65821, "obj": 0.65821, "sup": 0.0, "lr": 0.0005, "time": 1790980302.42832}
{"type": "train", "epoch": 441, "loss": 0.65777, "obj": 0.65777, "sup": 0.0, "lr": 0.0005, "time": 1790980302.79653}
{"type": "train", "epoch": 442, "loss": 0.65784, "obj": 0.65784, "sup": 0.0, "lr": 0.0005, "time": 1790980303.10348}
{"type": "train", "epoch": 443, "loss": 0.65808, "obj": 0.65808, "sup": 0.0, "lr": 0.0005, "time": 1790980303.41928}
{"type": "train", "epoch": 444, "loss": 0.65795, "obj": 0.65795, "sup": 0.0, "lr": 0.0005, "time": 1790980303.73901}
{"type": "train", "epoch": 445, "loss": 0.65774, "obj": 0.65774, "sup": 0.0, "lr": 0.0005, "time": 1790980304.00353}
{"type": "train", "epoch": 446, "loss": 0.65775, "obj": 0.65775, "sup": 0.0, "lr": 0.0005, "time": 1790980304.27319}
{"type": "train", "epoch": 447, "loss": 0.65769, "obj": 0.65769, "sup": 0.0, "lr": 0.0005, "time": 1790980304.54539}
{"type": "train", "epoch": 448, "loss": 0.65789, "obj": 0.65789, "sup": 0.0, "lr": 0.0005, "time": 1790980304.82541}
{"type": "train", "epoch": 449, "loss": 0.65763, "obj": 0.65763, "sup": 0.0, "lr": 0.0005, "time": 1790980305.13795}
{"type": "train", "epoch": 450, "loss": 0.6582, "obj": 0.6582, "sup": 0.0, "lr": 0.0005, "time": 1790980306.31378, "train_resid_median": 0.80752, "train_resid_mean": 0.8068, "train_imag_median": 0.06003, "train_obj_median": 0.65671, "train_u_loss_to_label_median": 0.6971, "val_resid_median": 0.82779, "val_resid_mean": 0.82099, "val_imag_median": 0.06229, "val_obj_median": 0.69091, "val_u_loss_to_label_median": 0.71845}
{"type": "train", "epoch": 451, "loss": 0.6575, "obj": 0.6575, "sup": 0.0, "lr": 0.0005, "time": 1790980306.59276}
{"type": "train", "epoch": 452, "loss": 0.65742, "obj": 0.65742, "sup": 0.0, "lr": 0.0005, "time": 1790980306.88402}
{"type": "train", "epoch": 453, "loss": 0.65734, "obj": 0.65734, "sup": 0.0, "lr": 0.0005, "time": 1790980307.22807}
{"type": "train", "epoch": 454, "loss": 0.65735, "obj": 0.65735, "sup": 0.0, "lr": 0.0005, "time": 1790980307.53097}
{"type": "train", "epoch": 455, "loss": 0.65734, "obj": 0.65734, "sup": 0.0, "lr": 0.0005, "time": 1790980307.85479}
{"type": "train", "epoch": 456, "loss": 0.65751, "obj": 0.65751, "sup": 0.0, "lr": 0.0005, "time": 1790980308.22297}
{"type": "train", "epoch": 457, "loss": 0.65723, "obj": 0.65723, "sup": 0.0, "lr": 0.0005, "time": 1790980308.52374}
{"type": "train", "epoch": 458, "loss": 0.65738, "obj": 0.65738, "sup": 0.0, "lr": 0.0005, "time": 1790980308.86817}
{"type": "train", "epoch": 459, "loss": 0.65716, "obj": 0.65716, "sup": 0.0, "lr": 0.0005, "time": 1790980309.21029}
{"type": "train", "epoch": 460, "loss": 0.65731, "obj": 0.65731, "sup": 0.0, "lr": 0.0005, "time": 1790980309.53235}
{"type": "train", "epoch": 461, "loss": 0.65733, "obj": 0.65733, "sup": 0.0, "lr": 0.0005, "time": 1790980309.84109}
{"type": "train", "epoch": 462, "loss": 0.65715, "obj": 0.65715, "sup": 0.0, "lr": 0.0005, "time": 1790980310.16303}
{"type": "train", "epoch": 463, "loss": 0.65729, "obj": 0.65729, "sup": 0.0, "lr": 0.0005, "time": 1790980310.49355}
{"type": "train", "epoch": 464, "loss": 0.65735, "obj": 0.65735, "sup": 0.0, "lr": 0.0005, "time": 1790980310.93105}
{"type": "train", "epoch": 465, "loss": 0.65777, "obj": 0.65777, "sup": 0.0, "lr": 0.0005, "time": 1790980311.27505}
{"type": "train", "epoch": 466, "loss": 0.65835, "obj": 0.65835, "sup": 0.0, "lr": 0.0005, "time": 1790980311.62844}
{"type": "train", "epoch": 467, "loss": 0.65787, "obj": 0.65787, "sup": 0.0, "lr": 0.0005, "time": 1790980311.96028}
{"type": "train", "epoch": 468, "loss": 0.65764, "obj": 0.65764, "sup": 0.0, "lr": 0.0005, "time": 1790980312.26094}
{"type": "train", "epoch": 469, "loss": 0.65732, "obj": 0.65732, "sup": 0.0, "lr": 0.0005, "time": 1790980312.59222}
{"type": "train", "epoch": 470, "loss": 0.6577, "obj": 0.6577, "sup": 0.0, "lr": 0.0005, "time": 1790980312.8683}
{"type": "train", "epoch": 471, "loss": 0.65729, "obj": 0.65729, "sup": 0.0, "lr": 0.0005, "time": 1790980313.1301}
{"type": "train", "epoch": 472, "loss": 0.65754, "obj": 0.65754, "sup": 0.0, "lr": 0.0005, "time": 1790980313.39319}
{"type": "train", "epoch": 473, "loss": 0.65727, "obj": 0.65727, "sup": 0.0, "lr": 0.0005, "time": 1790980313.65654}
{"type": "train", "epoch": 474, "loss": 0.65715, "obj": 0.65715, "sup": 0.0, "lr": 0.0005, "time": 1790980313.94394}
{"type": "train", "epoch": 475, "loss": 0.65739, "obj": 0.65739, "sup": 0.0, "lr": 0.0005, "time": 1790980314.21909}
{"type": "train", "epoch": 476, "loss": 0.65699, "obj": 0.65699, "sup": 0.0, "lr": 0.0005, "time": 1790980314.495}
{"type": "train", "epoch": 477, "loss": 0.65705, "obj": 0.65705, "sup": 0.0, "lr": 0.0005, "time": 1790980314.78079}
{"type": "train", "epoch": 478, "loss": 0.65701, "obj": 0.65701, "sup": 0.0, "lr": 0.0005, "time": 1790980315.07501}
{"type": "train", "epoch": 479, "loss": 0.65706, "obj": 0.65706, "sup": 0.0, "lr": 0.0005, "time": 1790980315.39907}
{"type": "train", "epoch": 480, "loss": 0.65746, "obj": 0.65746, "sup": 0.0, "lr": 0.0005, "time": 1790980315.69587}
{"type": "train", "epoch": 481, "loss": 0.65725, "obj": 0.65725, "sup": 0.0, "lr": 0.0005, "time": 1790980316.00603}
{"type": "train", "epoch": 482, "loss": 0.65708, "obj": 0.65708, "sup": 0.0, "lr": 0.0005, "time": 1790980316.34755}
{"type": "train", "epoch": 483, "loss": 0.65697, "obj": 0.65697, "sup": 0.0, "lr": 0.0005, "time": 1790980316.68612}
{"type": "train", "epoch": 484, "loss": 0.65691, "obj": 0.65691, "sup": 0.0, "lr": 0.0005, "time": 1790980317.01381}
{"type": "train", "epoch": 485, "loss": 0.65685, "obj": 0.65685, "sup": 0.0, "lr": 0.0005, "time": 1790980317.3311}
{"type": "train", "epoch": 486, "loss": 0.65696, "obj": 0.65696, "sup": 0.0, "lr": 0.0005, "time": 1790980317.64143}
{"type": "train", "epoch": 487, "loss": 0.65657, "obj": 0.65657, "sup": 0.0, "lr": 0.0005, "time": 1790980317.99507}
{"type": "train", "epoch": 488, "loss": 0.65679, "obj": 0.65679, "sup": 0.0, "lr": 0.0005, "time": 1790980318.29194}
{"type": "train", "epoch": 489, "loss": 0.65722, "obj": 0.65722, "sup": 0.0, "lr": 0.0005, "time": 1790980318.59247}
{"type": "train", "epoch": 490, "loss": 0.65678, "obj": 0.65678, "sup": 0.0, "lr": 0.0005, "time": 1790980318.87904}
{"type": "train", "epoch": 491, "loss": 0.65751, "obj": 0.65751, "sup": 0.0, "lr": 0.0005, "time": 1790980319.14646}
{"type": "train", "epoch": 492, "loss": 0.65694, "obj": 0.65694, "sup": 0.0, "lr": 0.0005, "time": 1790980319.41327}
{"type": "train", "epoch": 493, "loss": 0.6574, "obj": 0.6574, "sup": 0.0, "lr": 0.0005, "time": 1790980319.67906}
{"type": "train", "epoch": 494, "loss": 0.65796, "obj": 0.65796, "sup": 0.0, "lr": 0.0005, "time": 1790980319.94386}
{"type": "train", "epoch": 495, "loss": 0.6575, "obj": 0.6575, "sup": 0.0, "lr": 0.0005, "time": 1790980320.21313}
{"type": "train", "epoch": 496, "loss": 0.65736, "obj": 0.65736, "sup": 0.0, "lr": 0.0005, "time": 1790980320.4842}
{"type": "train", "epoch": 497, "loss": 0.65727, "obj": 0.65727, "sup": 0.0, "lr": 0.0005, "time": 1790980320.84912}
{"type": "train", "epoch": 498, "loss": 0.6569, "obj": 0.6569, "sup": 0.0, "lr": 0.0005, "time": 1790980321.16833}
{"type": "train", "epoch": 499, "loss": 0.65712, "obj": 0.65712, "sup": 0.0, "lr": 0.0005, "time": 1790980321.47678}
{"type": "train", "epoch": 500, "loss": 0.65754, "obj": 0.65754, "sup": 0.0, "lr": 0.0005, "time": 1790980322.73396, "train_resid_median": 0.81034, "train_resid_mean": 0.8063, "train_imag_median": 0.06041, "train_obj_median": 0.66192, "train_u_loss_to_label_median": 0.70233, "val_resid_median": 0.82872, "val_resid_mean": 0.82128, "val_imag_median": 0.06427, "val_obj_median": 0.6935, "val_u_loss_to_label_median": 0.72494}
{"type": "train", "epoch": 501, "loss": 0.65711, "obj": 0.65711, "sup": 0.0, "lr": 0.0005, "time": 1790980323.00009}
{"type": "train", "epoch": 502, "loss": 0.65732, "obj": 0.65732, "sup": 0.0, "lr": 0.0005, "time": 1790980323.3471}
{"type": "train", "epoch": 503, "loss": 0.65734, "obj": 0.65734, "sup": 0.0, "lr": 0.0005, "time": 1790980323.66647}
{"type": "train", "epoch": 504, "loss": 0.65865, "obj": 0.65865, "sup": 0.0, "lr": 0.0005, "time": 1790980323.96868}
{"type": "train", "epoch": 505, "loss": 0.65729, "obj": 0.65729, "sup": 0.0, "lr": 0.0005, "time": 1790980324.26463}
{"type": "train", "epoch": 506, "loss": 0.6576, "obj": 0.6576, "sup": 0.0, "lr": 0.0005, "time": 1790980324.55541}
{"type": "train", "epoch": 507, "loss": 0.65752, "obj": 0.65752, "sup": 0.0, "lr": 0.0005, "time": 1790980324.83082}
{"type": "train", "epoch": 508, "loss": 0.65663, "obj": 0.65663, "sup": 0.0, "lr": 0.0005, "time": 1790980325.15067}
{"type": "train", "epoch": 509, "loss": 0.65645, "obj": 0.65645, "sup": 0.0, "lr": 0.0005, "time": 1790980325.41485}
{"type": "train", "epoch": 510, "loss": 0.65666, "obj": 0.65666, "sup": 0.0, "lr": 0.0005, "time": 1790980325.69509}
{"type": "train", "epoch": 511, "loss": 0.65792, "obj": 0.65792, "sup": 0.0, "lr": 0.0005, "time": 1790980326.02128}
{"type": "train", "epoch": 512, "loss": 0.6577, "obj": 0.6577, "sup": 0.0, "lr": 0.0005, "time": 1790980326.36628}
{"type": "train", "epoch": 513, "loss": 0.65846, "obj": 0.65846, "sup": 0.0, "lr": 0.0005, "time": 1790980326.62863}
{"type": "train", "epoch": 514, "loss": 0.65726, "obj": 0.65726, "sup": 0.0, "lr": 0.0005, "time": 1790980326.89137}
{"type": "train", "epoch": 515, "loss": 0.65671, "obj": 0.65671, "sup": 0.0, "lr": 0.0005, "time": 1790980327.15456}
{"type": "train", "epoch": 516, "loss": 0.65696, "obj": 0.65696, "sup": 0.0, "lr": 0.0005, "time": 1790980327.42728}
{"type": "train", "epoch": 517, "loss": 0.6568, "obj": 0.6568, "sup": 0.0, "lr": 0.0005, "time": 1790980327.72293}
{"type": "train", "epoch": 518, "loss": 0.6567, "obj": 0.6567, "sup": 0.0, "lr": 0.0005, "time": 1790980328.02219}
{"type": "train", "epoch": 519, "loss": 0.65664, "obj": 0.65664, "sup": 0.0, "lr": 0.0005, "time": 1790980328.37626}
{"type": "train", "epoch": 520, "loss": 0.65636, "obj": 0.65636, "sup": 0.0, "lr": 0.0005, "time": 1790980328.64409}
{"type": "train", "epoch": 521, "loss": 0.65628, "obj": 0.65628, "sup": 0.0, "lr": 0.0005, "time": 1790980328.91023}
{"type": "train", "epoch": 522, "loss": 0.65696, "obj": 0.65696, "sup": 0.0, "lr": 0.0005, "time": 1790980329.17323}
{"type": "train", "epoch": 523, "loss": 0.65623, "obj": 0.65623, "sup": 0.0, "lr": 0.0005, "time": 1790980329.4366}
{"type": "train", "epoch": 524, "loss": 0.6564, "obj": 0.6564, "sup": 0.0, "lr": 0.0005, "time": 1790980329.7376}
{"type": "train", "epoch": 525, "loss": 0.65636, "obj": 0.65636, "sup": 0.0, "lr": 0.0005, "time": 1790980330.02518}
{"type": "train", "epoch": 526, "loss": 0.65627, "obj": 0.65627, "sup": 0.0, "lr": 0.0005, "time": 1790980330.30307}
{"type": "train", "epoch": 527, "loss": 0.65737, "obj": 0.65737, "sup": 0.0, "lr": 0.0005, "time": 1790980330.61906}
{"type": "train", "epoch": 528, "loss": 0.65681, "obj": 0.65681, "sup": 0.0, "lr": 0.0005, "time": 1790980330.91157}
{"type": "train", "epoch": 529, "loss": 0.65727, "obj": 0.65727, "sup": 0.0, "lr": 0.0005, "time": 1790980331.21555}
{"type": "train", "epoch": 530, "loss": 0.6572, "obj": 0.6572, "sup": 0.0, "lr": 0.0005, "time": 1790980331.52239}
{"type": "train", "epoch": 531, "loss": 0.657, "obj": 0.657, "sup": 0.0, "lr": 0.0005, "time": 1790980331.84399}
{"type": "train", "epoch": 532, "loss": 0.65719, "obj": 0.65719, "sup": 0.0, "lr": 0.0005, "time": 1790980332.18496}
{"type": "train", "epoch": 533, "loss": 0.65881, "obj": 0.65881, "sup": 0.0, "lr": 0.0005, "time": 1790980332.4837}
{"type": "train", "epoch": 534, "loss": 0.6572, "obj": 0.6572, "sup": 0.0, "lr": 0.0005, "time": 1790980332.80191}
{"type": "train", "epoch": 535, "loss": 0.65731, "obj": 0.65731, "sup": 0.0, "lr": 0.0005, "time": 1790980333.12245}
{"type": "train", "epoch": 536, "loss": 0.65651, "obj": 0.65651, "sup": 0.0, "lr": 0.0005, "time": 1790980333.40689}
{"type": "train", "epoch": 537, "loss": 0.65656, "obj": 0.65656, "sup": 0.0, "lr": 0.0005, "time": 1790980333.67089}
{"type": "train", "epoch": 538, "loss": 0.65616, "obj": 0.65616, "sup": 0.0, "lr": 0.0005, "time": 1790980333.93297}
{"type": "train", "epoch": 539, "loss": 0.6566, "obj": 0.6566, "sup": 0.0, "lr": 0.0005, "time": 1790980334.23374}
{"type": "train", "epoch": 540, "loss": 0.65659, "obj": 0.65659, "sup": 0.0, "lr": 0.0005, "time": 1790980334.53498}
{"type": "train", "epoch": 541, "loss": 0.6565, "obj": 0.6565, "sup": 0.0, "lr": 0.0005, "time": 1790980334.81983}
{"type": "train", "epoch": 542, "loss": 0.65708, "obj": 0.65708, "sup": 0.0, "lr": 0.0005, "time": 1790980335.08168}
{"type": "train", "epoch": 543, "loss": 0.65677, "obj": 0.65677, "sup": 0.0, "lr": 0.0005, "time": 1790980335.34633}
{"type": "train", "epoch": 544, "loss": 0.65672, "obj": 0.65672, "sup": 0.0, "lr": 0.0005, "time": 1790980335.60871}
{"type": "train", "epoch": 545, "loss": 0.65747, "obj": 0.65747, "sup": 0.0, "lr": 0.0005, "time": 1790980335.87241}
{"type": "train", "epoch": 546, "loss": 0.65661, "obj": 0.65661, "sup": 0.0, "lr": 0.0005, "time": 1790980336.15506}
{"type": "train", "epoch": 547, "loss": 0.65679, "obj": 0.65679, "sup": 0.0, "lr": 0.0005, "time": 1790980336.44033}
{"type": "train", "epoch": 548, "loss": 0.65659, "obj": 0.65659, "sup": 0.0, "lr": 0.0005, "time": 1790980336.75108}
{"type": "train", "epoch": 549, "loss": 0.6569, "obj": 0.6569, "sup": 0.0, "lr": 0.0005, "time": 1790980337.02511}
{"type": "train", "epoch": 550, "loss": 0.65642, "obj": 0.65642, "sup": 0.0, "lr": 0.0005, "time": 1790980338.22238, "train_resid_median": 0.80848, "train_resid_mean": 0.80572, "train_imag_median": 0.05876, "train_obj_median": 0.65907, "train_u_loss_to_label_median": 0.70566, "val_resid_median": 0.82819, "val_resid_mean": 0.82167, "val_imag_median": 0.0625, "val_obj_median": 0.69233, "val_u_loss_to_label_median": 0.72762}
{"type": "train", "epoch": 551, "loss": 0.65613, "obj": 0.65613, "sup": 0.0, "lr": 0.0005, "time": 1790980338.49545}
{"type": "train", "epoch": 552, "loss": 0.65649, "obj": 0.65649, "sup": 0.0, "lr": 0.0005, "time": 1790980338.76215}
{"type": "train", "epoch": 553, "loss": 0.65642, "obj": 0.65642, "sup": 0.0, "lr": 0.0005, "time": 1790980339.051}
{"type": "train", "epoch": 554, "loss": 0.65595, "obj": 0.65595, "sup": 0.0, "lr": 0.0005, "time": 1790980339.34654}
{"type": "train", "epoch": 555, "loss": 0.6562, "obj": 0.6562, "sup": 0.0, "lr": 0.0005, "time": 1790980339.64708}
{"type": "train", "epoch": 556, "loss": 0.65616, "obj": 0.65616, "sup": 0.0, "lr": 0.0005, "time": 1790980339.93048}
{"type": "train", "epoch": 557, "loss": 0.65583, "obj": 0.65583, "sup": 0.0, "lr": 0.0005, "time": 1790980340.22919}
{"type": "train", "epoch": 558, "loss": 0.65592, "obj": 0.65592, "sup": 0.0, "lr": 0.0005, "time": 1790980340.51715}
{"type": "train", "epoch": 559, "loss": 0.65586, "obj": 0.65586, "sup": 0.0, "lr": 0.0005, "time": 1790980340.83102}
{"type": "train", "epoch": 560, "loss": 0.65572, "obj": 0.65572, "sup": 0.0, "lr": 0.0005, "time": 1790980341.15569}
{"type": "train", "epoch": 561, "loss": 0.65543, "obj": 0.65543, "sup": 0.0, "lr": 0.0005, "time": 1790980341.447}
{"type": "train", "epoch": 562, "loss": 0.65537, "obj": 0.65537, "sup": 0.0, "lr": 0.0005, "time": 1790980341.74797}
{"type": "train", "epoch": 563, "loss": 0.65553, "obj": 0.65553, "sup": 0.0, "lr": 0.0005, "time": 1790980342.06706}
{"type": "train", "epoch": 564, "loss": 0.65581, "obj": 0.65581, "sup": 0.0, "lr": 0.0005, "time": 1790980342.34517}
{"type": "train", "epoch": 565, "loss": 0.65542, "obj": 0.65542, "sup": 0.0, "lr": 0.0005, "time": 1790980342.65608}
{"type": "train", "epoch": 566, "loss": 0.65545, "obj": 0.65545, "sup": 0.0, "lr": 0.0005, "time": 1790980342.92485}
{"type": "train", "epoch": 567, "loss": 0.65563, "obj": 0.65563, "sup": 0.0, "lr": 0.0005, "time": 1790980343.22706}
{"type": "train", "epoch": 568, "loss": 0.65575, "obj": 0.65575, "sup": 0.0, "lr": 0.0005, "time": 1790980343.51586}
{"type": "train", "epoch": 569, "loss": 0.65536, "obj": 0.65536, "sup": 0.0, "lr": 0.0005, "time": 1790980343.8711}
{"type": "train", "epoch": 570, "loss": 0.65535, "obj": 0.65535, "sup": 0.0, "lr": 0.0005, "time": 1790980344.19869}
{"type": "train", "epoch": 571, "loss": 0.65527, "obj": 0.65527, "sup": 0.0, "lr": 0.0005, "time": 1790980344.52306}
{"type": "train", "epoch": 572, "loss": 0.65529, "obj": 0.65529, "sup": 0.0, "lr": 0.0005, "time": 1790980344.85647}
{"type": "train", "epoch": 573, "loss": 0.65533, "obj": 0.65533, "sup": 0.0, "lr": 0.0005, "time": 1790980345.22563}
{"type": "train", "epoch": 574, "loss": 0.65573, "obj": 0.65573, "sup": 0.0, "lr": 0.0005, "time": 1790980345.51496}
{"type": "train", "epoch": 575, "loss": 0.65534, "obj": 0.65534, "sup": 0.0, "lr": 0.0005, "time": 1790980345.84705}
{"type": "train", "epoch": 576, "loss": 0.65528, "obj": 0.65528, "sup": 0.0, "lr": 0.0005, "time": 1790980346.18317}
{"type": "train", "epoch": 577, "loss": 0.65535, "obj": 0.65535, "sup": 0.0, "lr": 0.0005, "time": 1790980346.5387}
{"type": "train", "epoch": 578, "loss": 0.65522, "obj": 0.65522, "sup": 0.0, "lr": 0.0005, "time": 1790980346.83543}
{"type": "train", "epoch": 579, "loss": 0.65533, "obj": 0.65533, "sup": 0.0, "lr": 0.0005, "time": 1790980347.11667}
{"type": "train", "epoch": 580, "loss": 0.65529, "obj": 0.65529, "sup": 0.0, "lr": 0.0005, "time": 1790980347.44472}
{"type": "train", "epoch": 581, "loss": 0.65534, "obj": 0.65534, "sup": 0.0, "lr": 0.0005, "time": 1790980347.78677}
{"type": "train", "epoch": 582, "loss": 0.6554, "obj": 0.6554, "sup": 0.0, "lr": 0.0005, "time": 1790980348.08224}
{"type": "train", "epoch": 583, "loss": 0.65516, "obj": 0.65516, "sup": 0.0, "lr": 0.0005, "time": 1790980348.42425}
{"type": "train", "epoch": 584, "loss": 0.65545, "obj": 0.65545, "sup": 0.0, "lr": 0.0005, "time": 1790980348.7511}
{"type": "train", "epoch": 585, "loss": 0.6554, "obj": 0.6554, "sup": 0.0, "lr": 0.0005, "time": 1790980349.11502}
{"type": "train", "epoch": 586, "loss": 0.65531, "obj": 0.65531, "sup": 0.0, "lr": 0.0005, "time": 1790980349.43956}
{"type": "train", "epoch": 587, "loss": 0.65534, "obj": 0.65534, "sup": 0.0, "lr": 0.0005, "time": 1790980349.73106}
{"type": "train", "epoch": 588, "loss": 0.65542, "obj": 0.65542, "sup": 0.0, "lr": 0.0005, "time": 1790980350.04781}
{"type": "train", "epoch": 589, "loss": 0.65518, "obj": 0.65518, "sup": 0.0, "lr": 0.0005, "time": 1790980350.38311}
{"type": "train", "epoch": 590, "loss": 0.6551, "obj": 0.6551, "sup": 0.0, "lr": 0.0005, "time": 1790980350.70406}
{"type": "train", "epoch": 591, "loss": 0.65506, "obj": 0.65506, "sup": 0.0, "lr": 0.0005, "time": 1790980351.00078}
{"type": "train", "epoch": 592, "loss": 0.65508, "obj": 0.65508, "sup": 0.0, "lr": 0.0005, "time": 1790980351.33911}
{"type": "train", "epoch": 593, "loss": 0.65538, "obj": 0.65538, "sup": 0.0, "lr": 0.0005, "time": 1790980351.66691}
{"type": "train", "epoch": 594, "loss": 0.65528, "obj": 0.65528, "sup": 0.0, "lr": 0.0005, "time": 1790980351.99613}
{"type": "train", "epoch": 595, "loss": 0.6552, "obj": 0.6552, "sup": 0.0, "lr": 0.0005, "time": 1790980352.3132}
{"type": "train", "epoch": 596, "loss": 0.65504, "obj": 0.65504, "sup": 0.0, "lr": 0.0005, "time": 1790980352.57903}
{"type": "train", "epoch": 597, "loss": 0.655, "obj": 0.655, "sup": 0.0, "lr": 0.0005, "time": 1790980352.84988}
{"type": "train", "epoch": 598, "loss": 0.65497, "obj": 0.65497, "sup": 0.0, "lr": 0.0005, "time": 1790980353.13764}
{"type": "train", "epoch": 599, "loss": 0.65509, "obj": 0.65509, "sup": 0.0, "lr": 0.0005, "time": 1790980353.40236}
{"type": "train", "epoch": 600, "loss": 0.65506, "obj": 0.65506, "sup": 0.0, "lr": 0.0005, "time": 1790980354.65433, "train_resid_median": 0.80949, "train_resid_mean": 0.80512, "train_imag_median": 0.05812, "train_obj_median": 0.66029, "train_u_loss_to_label_median": 0.70657, "val_resid_median": 0.82915, "val_resid_mean": 0.82159, "val_imag_median": 0.06269, "val_obj_median": 0.6933, "val_u_loss_to_label_median": 0.7299}
{"type": "train", "epoch": 601, "loss": 0.65498, "obj": 0.65498, "sup": 0.0, "lr": 0.0005, "time": 1790980354.97785}
{"type": "train", "epoch": 602, "loss": 0.65511, "obj": 0.65511, "sup": 0.0, "lr": 0.0005, "time": 1790980355.29849}
{"type": "train", "epoch": 603, "loss": 0.65485, "obj": 0.65485, "sup": 0.0, "lr": 0.0005, "time": 1790980355.60117}
{"type": "train", "epoch": 604, "loss": 0.65484, "obj": 0.65484, "sup": 0.0, "lr": 0.0005, "time": 1790980355.91167}
{"type": "train", "epoch": 605, "loss": 0.65488, "obj": 0.65488, "sup": 0.0, "lr": 0.0005, "time": 1790980356.24156}
{"type": "train", "epoch": 606, "loss": 0.65517, "obj": 0.65517, "sup": 0.0, "lr": 0.0005, "time": 1790980356.56087}
{"type": "train", "epoch": 607, "loss": 0.65524, "obj": 0.65524, "sup": 0.0, "lr": 0.0005, "time": 1790980356.85954}
{"type": "train", "epoch": 608, "loss": 0.65503, "obj": 0.65503, "sup": 0.0, "lr": 0.0005, "time": 1790980357.15116}
{"type": "train", "epoch": 609, "loss": 0.65499, "obj": 0.65499, "sup": 0.0, "lr": 0.0005, "time": 1790980357.46462}
{"type": "train", "epoch": 610, "loss": 0.65503, "obj": 0.65503, "sup": 0.0, "lr": 0.0005, "time": 1790980357.76086}
{"type": "train", "epoch": 611, "loss": 0.65491, "obj": 0.65491, "sup": 0.0, "lr": 0.0005, "time": 1790980358.06666}
{"type": "train", "epoch": 612, "loss": 0.65489, "obj": 0.65489, "sup": 0.0, "lr": 0.0005, "time": 1790980358.38946}
{"type": "train", "epoch": 613, "loss": 0.6548, "obj": 0.6548, "sup": 0.0, "lr": 0.0005, "time": 1790980358.74157}
{"type": "train", "epoch": 614, "loss": 0.65495, "obj": 0.65495, "sup": 0.0, "lr": 0.0005, "time": 1790980359.03289}
{"type": "train", "epoch": 615, "loss": 0.65484, "obj": 0.65484, "sup": 0.0, "lr": 0.0005, "time": 1790980359.29785}
{"type": "train", "epoch": 616, "loss": 0.65489, "obj": 0.65489, "sup": 0.0, "lr": 0.0005, "time": 1790980359.56187}
{"type": "train", "epoch": 617, "loss": 0.65481, "obj": 0.65481, "sup": 0.0, "lr": 0.0005, "time": 1790980359.84955}
{"type": "train", "epoch": 618, "loss": 0.65474, "obj": 0.65474, "sup": 0.0, "lr": 0.0005, "time": 1790980360.1368}
{"type": "train", "epoch": 619, "loss": 0.65477, "obj": 0.65477, "sup": 0.0, "lr": 0.0005, "time": 1790980360.42542}
{"type": "train", "epoch": 620, "loss": 0.65476, "obj": 0.65476, "sup": 0.0, "lr": 0.0005, "time": 1790980360.72018}
{"type": "train", "epoch": 621, "loss": 0.65487, "obj": 0.65487, "sup": 0.0, "lr": 0.0005, "time": 1790980361.00301}
{"type": "train", "epoch": 622, "loss": 0.65476, "obj": 0.65476, "sup": 0.0, "lr": 0.0005, "time": 1790980361.28216}
{"type": "train", "epoch": 623, "loss": 0.65488, "obj": 0.65488, "sup": 0.0, "lr": 0.0005, "time": 1790980361.55693}
{"type": "train", "epoch": 624, "loss": 0.65487, "obj": 0.65487, "sup": 0.0, "lr": 0.0005, "time": 1790980361.82688}
{"type": "train", "epoch": 625, "loss": 0.65492, "obj": 0.65492, "sup": 0.0, "lr": 0.0005, "time": 1790980362.09514}
{"type": "train", "epoch": 626, "loss": 0.6548, "obj": 0.6548, "sup": 0.0, "lr": 0.0005, "time": 1790980362.36262}
{"type": "train", "epoch": 627, "loss": 0.65504, "obj": 0.65504, "sup": 0.0, "lr": 0.0005, "time": 1790980362.97705}
{"type": "train", "epoch": 628, "loss": 0.65475, "obj": 0.65475, "sup": 0.0, "lr": 0.0005, "time": 1790980363.24166}
{"type": "train", "epoch": 629, "loss": 0.65469, "obj": 0.65469, "sup": 0.0, "lr": 0.0005, "time": 1790980363.50686}
{"type": "train", "epoch": 630, "loss": 0.65465, "obj": 0.65465, "sup": 0.0, "lr": 0.0005, "time": 1790980363.77744}
{"type": "train", "epoch": 631, "loss": 0.65467, "obj": 0.65467, "sup": 0.0, "lr": 0.0005, "time": 1790980364.04599}
{"type": "train", "epoch": 632, "loss": 0.65492, "obj": 0.65492, "sup": 0.0, "lr": 0.0005, "time": 1790980364.31333}
{"type": "train", "epoch": 633, "loss": 0.65477, "obj": 0.65477, "sup": 0.0, "lr": 0.0005, "time": 1790980364.57753}
{"type": "train", "epoch": 634, "loss": 0.65493, "obj": 0.65493, "sup": 0.0, "lr": 0.0005, "time": 1790980364.84772}
{"type": "train", "epoch": 635, "loss": 0.65487, "obj": 0.65487, "sup": 0.0, "lr": 0.0005, "time": 1790980365.12475}
{"type": "train", "epoch": 636, "loss": 0.65463, "obj": 0.65463, "sup": 0.0, "lr": 0.0005, "time": 1790980365.38957}
{"type": "train", "epoch": 637, "loss": 0.65458, "obj": 0.65458, "sup": 0.0, "lr": 0.0005, "time": 1790980365.65967}
{"type": "train", "epoch": 638, "loss": 0.65486, "obj": 0.65486, "sup": 0.0, "lr": 0.0005, "time": 1790980365.9306}
{"type": "train", "epoch": 639, "loss": 0.65475, "obj": 0.65475, "sup": 0.0, "lr": 0.0005, "time": 1790980366.19988}
{"type": "train", "epoch": 640, "loss": 0.65455, "obj": 0.65455, "sup": 0.0, "lr": 0.0005, "time": 1790980366.46655}
{"type": "train", "epoch": 641, "loss": 0.6546, "obj": 0.6546, "sup": 0.0, "lr": 0.0005, "time": 1790980366.73118}
{"type": "train", "epoch": 642, "loss": 0.65477, "obj": 0.65477, "sup": 0.0, "lr": 0.0005, "time": 1790980367.0004}
{"type": "train", "epoch": 643, "loss": 0.65459, "obj": 0.65459, "sup": 0.0, "lr": 0.0005, "time": 1790980367.26624}
{"type": "train", "epoch": 644, "loss": 0.65456, "obj": 0.65456, "sup": 0.0, "lr": 0.0005, "time": 1790980367.53758}
{"type": "train", "epoch": 645, "loss": 0.65462, "obj": 0.65462, "sup": 0.0, "lr": 0.0005, "time": 1790980367.80514}
{"type": "train", "epoch": 646, "loss": 0.65468, "obj": 0.65468, "sup": 0.0, "lr": 0.0005, "time": 1790980368.07121}
{"type": "train", "epoch": 647, "loss": 0.65446, "obj": 0.65446, "sup": 0.0, "lr": 0.0005, "time": 1790980368.33464}
{"type": "train", "epoch": 648, "loss": 0.65447, "obj": 0.65447, "sup": 0.0, "lr": 0.0005, "time": 1790980368.60327}
{"type": "train", "epoch": 649, "loss": 0.65451, "obj": 0.65451, "sup": 0.0, "lr": 0.0005, "time": 1790980368.86842}
{"type": "train", "epoch": 650, "loss": 0.65447, "obj": 0.65447, "sup": 0.0, "lr": 0.0005, "time": 1790980370.02487, "train_resid_median": 0.80943, "train_resid_mean": 0.80479, "train_imag_median": 0.06071, "train_obj_median": 0.66039, "train_u_loss_to_label_median": 0.70847, "val_resid_median": 0.83022, "val_resid_mean": 0.82199, "val_imag_median": 0.06402, "val_obj_median": 0.69413, "val_u_loss_to_label_median": 0.73269}
{"type": "train", "epoch": 651, "loss": 0.65462, "obj": 0.65462, "sup": 0.0, "lr": 0.0005, "time": 1790980370.30284}
{"type": "train", "epoch": 652, "loss": 0.65448, "obj": 0.65448, "sup": 0.0, "lr": 0.0005, "time": 1790980370.57459}
{"type": "train", "epoch": 653, "loss": 0.65438, "obj": 0.65438, "sup": 0.0, "lr": 0.0005, "time": 1790980370.84865}
{"type": "train", "epoch": 654, "loss": 0.65456, "obj": 0.65456, "sup": 0.0, "lr": 0.0005, "time": 1790980371.12875}
{"type": "train", "epoch": 655, "loss": 0.6546, "obj": 0.6546, "sup": 0.0, "lr": 0.0005, "time": 1790980371.40757}
{"type": "train", "epoch": 656, "loss": 0.65477, "obj": 0.65477, "sup": 0.0, "lr": 0.0005, "time": 1790980371.68014}
{"type": "train", "epoch": 657, "loss": 0.65442, "obj": 0.65442, "sup": 0.0, "lr": 0.0005, "time": 1790980371.9662}
{"type": "train", "epoch": 658, "loss": 0.65463, "obj": 0.65463, "sup": 0.0, "lr": 0.0005, "time": 1790980372.2627}
{"type": "train", "epoch": 659, "loss": 0.65446, "obj": 0.65446, "sup": 0.0, "lr": 0.0005, "time": 1790980372.53364}
{"type": "train", "epoch": 660, "loss": 0.65451, "obj": 0.65451, "sup": 0.0, "lr": 0.0005, "time": 1790980372.80682}
{"type": "train", "epoch": 661, "loss": 0.6546, "obj": 0.6546, "sup": 0.0, "lr": 0.0005, "time": 1790980373.07806}
{"type": "train", "epoch": 662, "loss": 0.65454, "obj": 0.65454, "sup": 0.0, "lr": 0.0005, "time": 1790980373.35076}
{"type": "train", "epoch": 663, "loss": 0.65459, "obj": 0.65459, "sup": 0.0, "lr": 0.0005, "time": 1790980373.63546}
{"type": "train", "epoch": 664, "loss": 0.65433, "obj": 0.65433, "sup": 0.0, "lr": 0.0005, "time": 1790980373.89632}
{"type": "train", "epoch": 665, "loss": 0.65429, "obj": 0.65429, "sup": 0.0, "lr": 0.0005, "time": 1790980374.16151}
{"type": "train", "epoch": 666, "loss": 0.65421, "obj": 0.65421, "sup": 0.0, "lr": 0.0005, "time": 1790980374.42474}
{"type": "train", "epoch": 667, "loss": 0.65436, "obj": 0.65436, "sup": 0.0, "lr": 0.0005, "time": 1790980374.69721}
{"type": "train", "epoch": 668, "loss": 0.65415, "obj": 0.65415, "sup": 0.0, "lr": 0.0005, "time": 1790980374.95751}
{"type": "train", "epoch": 669, "loss": 0.65425, "obj": 0.65425, "sup": 0.0, "lr": 0.0005, "time": 1790980375.21929}
{"type": "train", "epoch": 670, "loss": 0.65426, "obj": 0.65426, "sup": 0.0, "lr": 0.0005, "time": 1790980375.4802}
{"type": "train", "epoch": 671, "loss": 0.65417, "obj": 0.65417, "sup": 0.0, "lr": 0.0005, "time": 1790980375.74296}
{"type": "train", "epoch": 672, "loss": 0.65412, "obj": 0.65412, "sup": 0.0, "lr": 0.0005, "time": 1790980376.07357}
{"type": "train", "epoch": 673, "loss": 0.65401, "obj": 0.65401, "sup": 0.0, "lr": 0.0005, "time": 1790980376.34711}
{"type": "train", "epoch": 674, "loss": 0.6543, "obj": 0.6543, "sup": 0.0, "lr": 0.0005, "time": 1790980376.61145}
{"type": "train", "epoch": 675, "loss": 0.65408, "obj": 0.65408, "sup": 0.0, "lr": 0.0005, "time": 1790980376.87556}
{"type": "train", "epoch": 676, "loss": 0.65452, "obj": 0.65452, "sup": 0.0, "lr": 0.0005, "time": 1790980377.13851}
{"type": "train", "epoch": 677, "loss": 0.65414, "obj": 0.65414, "sup": 0.0, "lr": 0.0005, "time": 1790980377.39991}
{"type": "train", "epoch": 678, "loss": 0.65442, "obj": 0.65442, "sup": 0.0, "lr": 0.0005, "time": 1790980377.66201}
{"type": "train", "epoch": 679, "loss": 0.6541, "obj": 0.6541, "sup": 0.0, "lr": 0.0005, "time": 1790980377.93652}
{"type": "train", "epoch": 680, "loss": 0.65439, "obj": 0.65439, "sup": 0.0, "lr": 0.0005, "time": 1790980378.20323}
{"type": "train", "epoch": 681, "loss": 0.654, "obj": 0.654, "sup": 0.0, "lr": 0.0005, "time": 1790980378.46843}
{"type": "train", "epoch": 682, "loss": 0.65411, "obj": 0.65411, "sup": 0.0, "lr": 0.0005, "time": 1790980378.73362}
{"type": "train", "epoch": 683, "loss": 0.65399, "obj": 0.65399, "sup": 0.0, "lr": 0.0005, "time": 1790980379.00504}
{"type": "train", "epoch": 684, "loss": 0.65412, "obj": 0.65412, "sup": 0.0, "lr": 0.0005, "time": 1790980379.27939}
{"type": "train", "epoch": 685, "loss": 0.65406, "obj": 0.65406, "sup": 0.0, "lr": 0.0005, "time": 1790980379.55346}
{"type": "train", "epoch": 686, "loss": 0.65402, "obj": 0.65402, "sup": 0.0, "lr": 0.0005, "time": 1790980379.83089}
{"type": "train", "epoch": 687, "loss": 0.65419, "obj": 0.65419, "sup": 0.0, "lr": 0.0005, "time": 1790980380.11167}
{"type": "train", "epoch": 688, "loss": 0.65421, "obj": 0.65421, "sup": 0.0, "lr": 0.0005, "time": 1790980380.40345}
{"type": "train", "epoch": 689, "loss": 0.65407, "obj": 0.65407, "sup": 0.0, "lr": 0.0005, "time": 1790980380.69451}
{"type": "train", "epoch": 690, "loss": 0.65432, "obj": 0.65432, "sup": 0.0, "lr": 0.0005, "time": 1790980380.97414}
{"type": "train", "epoch": 691, "loss": 0.65403, "obj": 0.65403, "sup": 0.0, "lr": 0.0005, "time": 1790980381.25127}
{"type": "train", "epoch": 692, "loss": 0.65391, "obj": 0.65391, "sup": 0.0, "lr": 0.0005, "time": 1790980381.52173}
{"type": "train", "epoch": 693, "loss": 0.65404, "obj": 0.65404, "sup": 0.0, "lr": 0.0005, "time": 1790980381.79363}
{"type": "train", "epoch": 694, "loss": 0.65417, "obj": 0.65417, "sup": 0.0, "lr": 0.0005, "time": 1790980382.05861}
{"type": "train", "epoch": 695, "loss": 0.65402, "obj": 0.65402, "sup": 0.0, "lr": 0.0005, "time": 1790980382.31931}
{"type": "train", "epoch": 696, "loss": 0.65444, "obj": 0.65444, "sup": 0.0, "lr": 0.0005, "time": 1790980382.59691}
{"type": "train", "epoch": 697, "loss": 0.65415, "obj": 0.65415, "sup": 0.0, "lr": 0.0005, "time": 1790980382.85778}
{"type": "train", "epoch": 698, "loss": 0.654, "obj": 0.654, "sup": 0.0, "lr": 0.0005, "time": 1790980383.11939}
{"type": "train", "epoch": 699, "loss": 0.65405, "obj": 0.65405, "sup": 0.0, "lr": 0.0005, "time": 1790980383.38345}
{"type": "train", "epoch": 700, "loss": 0.65384, "obj": 0.65384, "sup": 0.0, "lr": 0.0005, "time": 1790980384.51292, "train_resid_median": 0.80934, "train_resid_mean": 0.80469, "train_imag_median": 0.05628, "train_obj_median": 0.65964, "train_u_loss_to_label_median": 0.7084, "val_resid_median": 0.83056, "val_resid_mean": 0.82252, "val_imag_median": 0.06009, "val_obj_median": 0.69511, "val_u_loss_to_label_median": 0.73134}
{"type": "train", "epoch": 701, "loss": 0.65396, "obj": 0.65396, "sup": 0.0, "lr": 0.0005, "time": 1790980384.77784}
{"type": "train", "epoch": 702, "loss": 0.65398, "obj": 0.65398, "sup": 0.0, "lr": 0.0005, "time": 1790980385.03928}
{"type": "train", "epoch": 703, "loss": 0.65405, "obj": 0.65405, "sup": 0.0, "lr": 0.0005, "time": 1790980385.32306}
{"type": "train", "epoch": 704, "loss": 0.654, "obj": 0.654, "sup": 0.0, "lr": 0.0005, "time": 1790980385.5883}
{"type": "train", "epoch": 705, "loss": 0.65376, "obj": 0.65376, "sup": 0.0, "lr": 0.0005, "time": 1790980385.85174}
{"type": "train", "epoch": 706, "loss": 0.6537, "obj": 0.6537, "sup": 0.0, "lr": 0.0005, "time": 1790980386.12114}
{"type": "train", "epoch": 707, "loss": 0.65385, "obj": 0.65385, "sup": 0.0, "lr": 0.0005, "time": 1790980386.39059}
{"type": "train", "epoch": 708, "loss": 0.65373, "obj": 0.65373, "sup": 0.0, "lr": 0.0005, "time": 1790980386.66066}
{"type": "train", "epoch": 709, "loss": 0.65373, "obj": 0.65373, "sup": 0.0, "lr": 0.0005, "time": 1790980386.93226}
{"type": "train", "epoch": 710, "loss": 0.65369, "obj": 0.65369, "sup": 0.0, "lr": 0.0005, "time": 1790980387.23691}
{"type": "train", "epoch": 711, "loss": 0.65369, "obj": 0.65369, "sup": 0.0, "lr": 0.0005, "time": 1790980387.52436}
{"type": "train", "epoch": 712, "loss": 0.65388, "obj": 0.65388, "sup": 0.0, "lr": 0.0005, "time": 1790980387.78728}
{"type": "train", "epoch": 713, "loss": 0.65369, "obj": 0.65369, "sup": 0.0, "lr": 0.0005, "time": 1790980388.04938}
{"type": "train", "epoch": 714, "loss": 0.65379, "obj": 0.65379, "sup": 0.0, "lr": 0.0005, "time": 1790980388.31079}
{"type": "train", "epoch": 715, "loss": 0.6539, "obj": 0.6539, "sup": 0.0, "lr": 0.0005, "time": 1790980388.60615}
{"type": "train", "epoch": 716, "loss": 0.65394, "obj": 0.65394, "sup": 0.0, "lr": 0.0005, "time": 1790980388.87519}
{"type": "train", "epoch": 717, "loss": 0.65388, "obj": 0.65388, "sup": 0.0, "lr": 0.0005, "time": 1790980389.13765}
{"type": "train", "epoch": 718, "loss": 0.65408, "obj": 0.65408, "sup": 0.0, "lr": 0.0005, "time": 1790980389.39956}
{"type": "train", "epoch": 719, "loss": 0.65405, "obj": 0.65405, "sup": 0.0, "lr": 0.0005, "time": 1790980389.66069}
{"type": "train", "epoch": 720, "loss": 0.65433, "obj": 0.65433, "sup": 0.0, "lr": 0.0005, "time": 1790980389.92267}
{"type": "train", "epoch": 721, "loss": 0.65408, "obj": 0.65408, "sup": 0.0, "lr": 0.0005, "time": 1790980390.18396}
{"type": "train", "epoch": 722, "loss": 0.65399, "obj": 0.65399, "sup": 0.0, "lr": 0.0005, "time": 1790980390.4457}
{"type": "train", "epoch": 723, "loss": 0.65439, "obj": 0.65439, "sup": 0.0, "lr": 0.0005, "time": 1790980390.70924}
{"type": "train", "epoch": 724, "loss": 0.65389, "obj": 0.65389, "sup": 0.0, "lr": 0.0005, "time": 1790980390.97902}
{"type": "train", "epoch": 725, "loss": 0.65383, "obj": 0.65383, "sup": 0.0, "lr": 0.0005, "time": 1790980391.24766}
{"type": "train", "epoch": 726, "loss": 0.65362, "obj": 0.65362, "sup": 0.0, "lr": 0.0005, "time": 1790980391.51237}
{"type": "train", "epoch": 727, "loss": 0.6539, "obj": 0.6539, "sup": 0.0, "lr": 0.0005, "time": 1790980391.77681}
{"type": "train", "epoch": 728, "loss": 0.65376, "obj": 0.65376, "sup": 0.0, "lr": 0.0005, "time": 1790980392.04263}
{"type": "train", "epoch": 729, "loss": 0.65412, "obj": 0.65412, "sup": 0.0, "lr": 0.0005, "time": 1790980392.30506}
{"type": "train", "epoch": 730, "loss": 0.65411, "obj": 0.65411, "sup": 0.0, "lr": 0.0005, "time": 1790980392.56686}
{"type": "train", "epoch": 731, "loss": 0.65399, "obj": 0.65399, "sup": 0.0, "lr": 0.0005, "time": 1790980392.83019}
{"type": "train", "epoch": 732, "loss": 0.65387, "obj": 0.65387, "sup": 0.0, "lr": 0.0005, "time": 1790980393.0911}
{"type": "train", "epoch": 733, "loss": 0.65388, "obj": 0.65388, "sup": 0.0, "lr": 0.0005, "time": 1790980393.35138}
{"type": "train", "epoch": 734, "loss": 0.65413, "obj": 0.65413, "sup": 0.0, "lr": 0.0005, "time": 1790980393.61335}
{"type": "train", "epoch": 735, "loss": 0.65408, "obj": 0.65408, "sup": 0.0, "lr": 0.0005, "time": 1790980393.87643}
{"type": "train", "epoch": 736, "loss": 0.6542, "obj": 0.6542, "sup": 0.0, "lr": 0.0005, "time": 1790980394.13685}
{"type": "train", "epoch": 737, "loss": 0.65415, "obj": 0.65415, "sup": 0.0, "lr": 0.0005, "time": 1790980394.39804}
{"type": "train", "epoch": 738, "loss": 0.65357, "obj": 0.65357, "sup": 0.0, "lr": 0.0005, "time": 1790980394.66291}
{"type": "train", "epoch": 739, "loss": 0.65373, "obj": 0.65373, "sup": 0.0, "lr": 0.0005, "time": 1790980394.93129}
{"type": "train", "epoch": 740, "loss": 0.65366, "obj": 0.65366, "sup": 0.0, "lr": 0.0005, "time": 1790980395.19811}
{"type": "train", "epoch": 741, "loss": 0.65386, "obj": 0.65386, "sup": 0.0, "lr": 0.0005, "time": 1790980395.46324}
{"type": "train", "epoch": 742, "loss": 0.6537, "obj": 0.6537, "sup": 0.0, "lr": 0.0005, "time": 1790980395.72494}
{"type": "train", "epoch": 743, "loss": 0.65365, "obj": 0.65365, "sup": 0.0, "lr": 0.0005, "time": 1790980395.99372}
{"type": "train", "epoch": 744, "loss": 0.65345, "obj": 0.65345, "sup": 0.0, "lr": 0.0005, "time": 1790980396.25794}
{"type": "train", "epoch": 745, "loss": 0.65353, "obj": 0.65353, "sup": 0.0, "lr": 0.0005, "time": 1790980396.52001}
{"type": "train", "epoch": 746, "loss": 0.65392, "obj": 0.65392, "sup": 0.0, "lr": 0.0005, "time": 1790980396.80991}
{"type": "train", "epoch": 747, "loss": 0.65356, "obj": 0.65356, "sup": 0.0, "lr": 0.0005, "time": 1790980397.07157}
{"type": "train", "epoch": 748, "loss": 0.6535, "obj": 0.6535, "sup": 0.0, "lr": 0.0005, "time": 1790980397.33305}
{"type": "train", "epoch": 749, "loss": 0.65341, "obj": 0.65341, "sup": 0.0, "lr": 0.0005, "time": 1790980397.59843}
{"type": "train", "epoch": 750, "loss": 0.65329, "obj": 0.65329, "sup": 0.0, "lr": 0.0005, "time": 1790980398.73041, "train_resid_median": 0.80845, "train_resid_mean": 0.80423, "train_imag_median": 0.05766, "train_obj_median": 0.65845, "train_u_loss_to_label_median": 0.71038, "val_resid_median": 0.83078, "val_resid_mean": 0.82296, "val_imag_median": 0.06061, "val_obj_median": 0.69655, "val_u_loss_to_label_median": 0.73185}
{"type": "train", "epoch": 751, "loss": 0.65332, "obj": 0.65332, "sup": 0.0, "lr": 0.0005, "time": 1790980398.9973}
{"type": "train", "epoch": 752, "loss": 0.65349, "obj": 0.65349, "sup": 0.0, "lr": 0.0005, "time": 1790980399.26092}
{"type": "train", "epoch": 753, "loss": 0.65328, "obj": 0.65328, "sup": 0.0, "lr": 0.0005, "time": 1790980399.52365}
{"type": "train", "epoch": 754, "loss": 0.65329, "obj": 0.65329, "sup": 0.0, "lr": 0.0005, "time": 1790980399.78877}
{"type": "train", "epoch": 755, "loss": 0.65336, "obj": 0.65336, "sup": 0.0, "lr": 0.0005, "time": 1790980400.05649}
{"type": "train", "epoch": 756, "loss": 0.65343, "obj": 0.65343, "sup": 0.0, "lr": 0.0005, "time": 1790980400.32446}
{"type": "train", "epoch": 757, "loss": 0.65321, "obj": 0.65321, "sup": 0.0, "lr": 0.0005, "time": 1790980400.59455}
{"type": "train", "epoch": 758, "loss": 0.65343, "obj": 0.65343, "sup": 0.0, "lr": 0.0005, "time": 1790980400.86563}
{"type": "train", "epoch": 759, "loss": 0.65325, "obj": 0.65325, "sup": 0.0, "lr": 0.0005, "time": 1790980401.13134}
{"type": "train", "epoch": 760, "loss": 0.65354, "obj": 0.65354, "sup": 0.0, "lr": 0.0005, "time": 1790980401.39997}
{"type": "train", "epoch": 761, "loss": 0.65342, "obj": 0.65342, "sup": 0.0, "lr": 0.0005, "time": 1790980401.66594}
{"type": "train", "epoch": 762, "loss": 0.65333, "obj": 0.65333, "sup": 0.0, "lr": 0.0005, "time": 1790980401.93766}
{"type": "train", "epoch": 763, "loss": 0.65323, "obj": 0.65323, "sup": 0.0, "lr": 0.0005, "time": 1790980402.20234}
{"type": "train", "epoch": 764, "loss": 0.6532, "obj": 0.6532, "sup": 0.0, "lr": 0.0005, "time": 1790980402.51115}
{"type": "train", "epoch": 765, "loss": 0.65318, "obj": 0.65318, "sup": 0.0, "lr": 0.0005, "time": 1790980402.77983}
{"type": "train", "epoch": 766, "loss": 0.65301, "obj": 0.65301, "sup": 0.0, "lr": 0.0005, "time": 1790980403.06869}
{"type": "train", "epoch": 767, "loss": 0.65307, "obj": 0.65307, "sup": 0.0, "lr": 0.0005, "time": 1790980403.33536}
{"type": "train", "epoch": 768, "loss": 0.65314, "obj": 0.65314, "sup": 0.0, "lr": 0.0005, "time": 1790980403.59957}
{"type": "train", "epoch": 769, "loss": 0.65317, "obj": 0.65317, "sup": 0.0, "lr": 0.0005, "time": 1790980403.86439}
{"type": "train", "epoch": 770, "loss": 0.65326, "obj": 0.65326, "sup": 0.0, "lr": 0.0005, "time": 1790980404.13011}
{"type": "train", "epoch": 771, "loss": 0.65289, "obj": 0.65289, "sup": 0.0, "lr": 0.0005, "time": 1790980404.40148}
{"type": "train", "epoch": 772, "loss": 0.65295, "obj": 0.65295, "sup": 0.0, "lr": 0.0005, "time": 1790980404.67296}
{"type": "train", "epoch": 773, "loss": 0.65285, "obj": 0.65285, "sup": 0.0, "lr": 0.0005, "time": 1790980404.9456}
{"type": "train", "epoch": 774, "loss": 0.65312, "obj": 0.65312, "sup": 0.0, "lr": 0.0005, "time": 1790980405.23901}
{"type": "train", "epoch": 775, "loss": 0.65268, "obj": 0.65268, "sup": 0.0, "lr": 0.0005, "time": 1790980405.51509}
{"type": "train", "epoch": 776, "loss": 0.65277, "obj": 0.65277, "sup": 0.0, "lr": 0.0005, "time": 1790980405.79005}
{"type": "train", "epoch": 777, "loss": 0.6527, "obj": 0.6527, "sup": 0.0, "lr": 0.0005, "time": 1790980406.06206}
{"type": "train", "epoch": 778, "loss": 0.65286, "obj": 0.65286, "sup": 0.0, "lr": 0.0005, "time": 1790980406.34316}
{"type": "train", "epoch": 779, "loss": 0.6526, "obj": 0.6526, "sup": 0.0, "lr": 0.0005, "time": 1790980406.61916}
{"type": "train", "epoch": 780, "loss": 0.65254, "obj": 0.65254, "sup": 0.0, "lr": 0.0005, "time": 1790980406.89483}
{"type": "train", "epoch": 781, "loss": 0.65259, "obj": 0.65259, "sup": 0.0, "lr": 0.0005, "time": 1790980407.17816}
{"type": "train", "epoch": 782, "loss": 0.65258, "obj": 0.65258, "sup": 0.0, "lr": 0.0005, "time": 1790980407.45067}
{"type": "train", "epoch": 783, "loss": 0.65253, "obj": 0.65253, "sup": 0.0, "lr": 0.0005, "time": 1790980407.72083}
{"type": "train", "epoch": 784, "loss": 0.65247, "obj": 0.65247, "sup": 0.0, "lr": 0.0005, "time": 1790980407.98941}
{"type": "train", "epoch": 785, "loss": 0.65242, "obj": 0.65242, "sup": 0.0, "lr": 0.0005, "time": 1790980408.25841}
{"type": "train", "epoch": 786, "loss": 0.65222, "obj": 0.65222, "sup": 0.0, "lr": 0.0005, "time": 1790980408.52679}
{"type": "train", "epoch": 787, "loss": 0.65246, "obj": 0.65246, "sup": 0.0, "lr": 0.0005, "time": 1790980408.79422}
{"type": "train", "epoch": 788, "loss": 0.65239, "obj": 0.65239, "sup": 0.0, "lr": 0.0005, "time": 1790980409.06927}
{"type": "train", "epoch": 789, "loss": 0.65251, "obj": 0.65251, "sup": 0.0, "lr": 0.0005, "time": 1790980409.3505}
{"type": "train", "epoch": 790, "loss": 0.65216, "obj": 0.65216, "sup": 0.0, "lr": 0.0005, "time": 1790980409.6359}
{"type": "train", "epoch": 791, "loss": 0.65216, "obj": 0.65216, "sup": 0.0, "lr": 0.0005, "time": 1790980409.91174}
{"type": "train", "epoch": 792, "loss": 0.65216, "obj": 0.65216, "sup": 0.0, "lr": 0.0005, "time": 1790980410.18222}
{"type": "train", "epoch": 793, "loss": 0.65197, "obj": 0.65197, "sup": 0.0, "lr": 0.0005, "time": 1790980410.44745}
{"type": "train", "epoch": 794, "loss": 0.65222, "obj": 0.65222, "sup": 0.0, "lr": 0.0005, "time": 1790980410.72913}
{"type": "train", "epoch": 795, "loss": 0.65208, "obj": 0.65208, "sup": 0.0, "lr": 0.0005, "time": 1790980410.99306}
{"type": "train", "epoch": 796, "loss": 0.65158, "obj": 0.65158, "sup": 0.0, "lr": 0.0005, "time": 1790980411.25397}
{"type": "train", "epoch": 797, "loss": 0.65195, "obj": 0.65195, "sup": 0.0, "lr": 0.0005, "time": 1790980411.51566}
{"type": "train", "epoch": 798, "loss": 0.65227, "obj": 0.65227, "sup": 0.0, "lr": 0.0005, "time": 1790980411.77808}
{"type": "train", "epoch": 799, "loss": 0.65316, "obj": 0.65316, "sup": 0.0, "lr": 0.0005, "time": 1790980412.04042}
{"type": "train", "epoch": 800, "loss": 0.65238, "obj": 0.65238, "sup": 0.0, "lr": 0.0005, "time": 1790980413.16551, "train_resid_median": 0.80684, "train_resid_mean": 0.80318, "train_imag_median": 0.05933, "train_obj_median": 0.65594, "train_u_loss_to_label_median": 0.71529, "val_resid_median": 0.83135, "val_resid_mean": 0.825, "val_imag_median": 0.06151, "val_obj_median": 0.69512, "val_u_loss_to_label_median": 0.73512}
{"type": "train", "epoch": 801, "loss": 0.65145, "obj": 0.65145, "sup": 0.0, "lr": 0.0005, "time": 1790980413.42849}
{"type": "train", "epoch": 802, "loss": 0.65169, "obj": 0.65169, "sup": 0.0, "lr": 0.0005, "time": 1790980413.69469}
{"type": "train", "epoch": 803, "loss": 0.65195, "obj": 0.65195, "sup": 0.0, "lr": 0.0005, "time": 1790980413.99096}
{"type": "train", "epoch": 804, "loss": 0.65175, "obj": 0.65175, "sup": 0.0, "lr": 0.0005, "time": 1790980414.27967}
{"type": "train", "epoch": 805, "loss": 0.65142, "obj": 0.65142, "sup": 0.0, "lr": 0.0005, "time": 1790980414.57258}
{"type": "train", "epoch": 806, "loss": 0.65125, "obj": 0.65125, "sup": 0.0, "lr": 0.0005, "time": 1790980414.90299}
{"type": "train", "epoch": 807, "loss": 0.65169, "obj": 0.65169, "sup": 0.0, "lr": 0.0005, "time": 1790980415.231}
{"type": "train", "epoch": 808, "loss": 0.6515, "obj": 0.6515, "sup": 0.0, "lr": 0.0005, "time": 1790980415.56694}
{"type": "train", "epoch": 809, "loss": 0.65104, "obj": 0.65104, "sup": 0.0, "lr": 0.0005, "time": 1790980415.87428}
{"type": "train", "epoch": 810, "loss": 0.65109, "obj": 0.65109, "sup": 0.0, "lr": 0.0005, "time": 1790980416.13933}
{"type": "train", "epoch": 811, "loss": 0.65111, "obj": 0.65111, "sup": 0.0, "lr": 0.0005, "time": 1790980416.40695}
{"type": "train", "epoch": 812, "loss": 0.6511, "obj": 0.6511, "sup": 0.0, "lr": 0.0005, "time": 1790980416.67389}
{"type": "train", "epoch": 813, "loss": 0.65093, "obj": 0.65093, "sup": 0.0, "lr": 0.0005, "time": 1790980416.94586}
{"type": "train", "epoch": 814, "loss": 0.65134, "obj": 0.65134, "sup": 0.0, "lr": 0.0005, "time": 1790980417.21376}
{"type": "train", "epoch": 815, "loss": 0.65118, "obj": 0.65118, "sup": 0.0, "lr": 0.0005, "time": 1790980417.49082}
{"type": "train", "epoch": 816, "loss": 0.6507, "obj": 0.6507, "sup": 0.0, "lr": 0.0005, "time": 1790980417.767}
{"type": "train", "epoch": 817, "loss": 0.65105, "obj": 0.65105, "sup": 0.0, "lr": 0.0005, "time": 1790980418.02708}
{"type": "train", "epoch": 818, "loss": 0.6509, "obj": 0.6509, "sup": 0.0, "lr": 0.0005, "time": 1790980418.28689}
{"type": "train", "epoch": 819, "loss": 0.65075, "obj": 0.65075, "sup": 0.0, "lr": 0.0005, "time": 1790980418.54651}
{"type": "train", "epoch": 820, "loss": 0.65101, "obj": 0.65101, "sup": 0.0, "lr": 0.0005, "time": 1790980418.80654}
{"type": "train", "epoch": 821, "loss": 0.65068, "obj": 0.65068, "sup": 0.0, "lr": 0.0005, "time": 1790980419.06704}
{"type": "train", "epoch": 822, "loss": 0.65033, "obj": 0.65033, "sup": 0.0, "lr": 0.0005, "time": 1790980419.32782}
{"type": "train", "epoch": 823, "loss": 0.65058, "obj": 0.65058, "sup": 0.0, "lr": 0.0005, "time": 1790980419.6206}
{"type": "train", "epoch": 824, "loss": 0.6502, "obj": 0.6502, "sup": 0.0, "lr": 0.0005, "time": 1790980419.88044}
{"type": "train", "epoch": 825, "loss": 0.65023, "obj": 0.65023, "sup": 0.0, "lr": 0.0005, "time": 1790980420.1401}
{"type": "train", "epoch": 826, "loss": 0.65002, "obj": 0.65002, "sup": 0.0, "lr": 0.0005, "time": 1790980420.40054}
{"type": "train", "epoch": 827, "loss": 0.65037, "obj": 0.65037, "sup": 0.0, "lr": 0.0005, "time": 1790980420.66066}
{"type": "train", "epoch": 828, "loss": 0.65011, "obj": 0.65011, "sup": 0.0, "lr": 0.0005, "time": 1790980420.92088}
{"type": "train", "epoch": 829, "loss": 0.6498, "obj": 0.6498, "sup": 0.0, "lr": 0.0005, "time": 1790980421.18342}
{"type": "train", "epoch": 830, "loss": 0.64973, "obj": 0.64973, "sup": 0.0, "lr": 0.0005, "time": 1790980421.44336}
{"type": "train", "epoch": 831, "loss": 0.6498, "obj": 0.6498, "sup": 0.0, "lr": 0.0005, "time": 1790980421.70315}
{"type": "train", "epoch": 832, "loss": 0.64963, "obj": 0.64963, "sup": 0.0, "lr": 0.0005, "time": 1790980421.96513}
{"type": "train", "epoch": 833, "loss": 0.64978, "obj": 0.64978, "sup": 0.0, "lr": 0.0005, "time": 1790980422.22804}
{"type": "train", "epoch": 834, "loss": 0.64955, "obj": 0.64955, "sup": 0.0, "lr": 0.0005, "time": 1790980422.49076}
{"type": "train", "epoch": 835, "loss": 0.64959, "obj": 0.64959, "sup": 0.0, "lr": 0.0005, "time": 1790980422.75495}
{"type": "train", "epoch": 836, "loss": 0.64953, "obj": 0.64953, "sup": 0.0, "lr": 0.0005, "time": 1790980423.02041}
{"type": "train", "epoch": 837, "loss": 0.64966, "obj": 0.64966, "sup": 0.0, "lr": 0.0005, "time": 1790980423.28053}
{"type": "train", "epoch": 838, "loss": 0.64922, "obj": 0.64922, "sup": 0.0, "lr": 0.0005, "time": 1790980423.54092}
{"type": "train", "epoch": 839, "loss": 0.64963, "obj": 0.64963, "sup": 0.0, "lr": 0.0005, "time": 1790980423.80722}
{"type": "train", "epoch": 840, "loss": 0.64941, "obj": 0.64941, "sup": 0.0, "lr": 0.0005, "time": 1790980424.07175}
{"type": "train", "epoch": 841, "loss": 0.64956, "obj": 0.64956, "sup": 0.0, "lr": 0.0005, "time": 1790980424.39098}
{"type": "train", "epoch": 842, "loss": 0.65002, "obj": 0.65002, "sup": 0.0, "lr": 0.0005, "time": 1790980424.70861}
{"type": "train", "epoch": 843, "loss": 0.64935, "obj": 0.64935, "sup": 0.0, "lr": 0.0005, "time": 1790980425.00698}
{"type": "train", "epoch": 844, "loss": 0.64959, "obj": 0.64959, "sup": 0.0, "lr": 0.0005, "time": 1790980425.32913}
{"type": "train", "epoch": 845, "loss": 0.64937, "obj": 0.64937, "sup": 0.0, "lr": 0.0005, "time": 1790980425.64999}
{"type": "train", "epoch": 846, "loss": 0.64915, "obj": 0.64915, "sup": 0.0, "lr": 0.0005, "time": 1790980425.97098}
{"type": "train", "epoch": 847, "loss": 0.64952, "obj": 0.64952, "sup": 0.0, "lr": 0.0005, "time": 1790980426.28447}
{"type": "train", "epoch": 848, "loss": 0.64989, "obj": 0.64989, "sup": 0.0, "lr": 0.0005, "time": 1790980426.57494}
{"type": "train", "epoch": 849, "loss": 0.64975, "obj": 0.64975, "sup": 0.0, "lr": 0.0005, "time": 1790980426.85314}
{"type": "train", "epoch": 850, "loss": 0.64956, "obj": 0.64956, "sup": 0.0, "lr": 0.0005, "time": 1790980428.02374, "train_resid_median": 0.8018, "train_resid_mean": 0.80144, "train_imag_median": 0.06204, "train_obj_median": 0.64777, "train_u_loss_to_label_median": 0.71557, "val_resid_median": 0.83143, "val_resid_mean": 0.82633, "val_imag_median": 0.06428, "val_obj_median": 0.69788, "val_u_loss_to_label_median": 0.73388}
{"type": "train", "epoch": 851, "loss": 0.64902, "obj": 0.64902, "sup": 0.0, "lr": 0.0005, "time": 1790980428.30512}
{"type": "train", "epoch": 852, "loss": 0.64925, "obj": 0.64925, "sup": 0.0, "lr": 0.0005, "time": 1790980428.57643}
{"type": "train", "epoch": 853, "loss": 0.64927, "obj": 0.64927, "sup": 0.0, "lr": 0.0005, "time": 1790980428.84896}
{"type": "train", "epoch": 854, "loss": 0.64932, "obj": 0.64932, "sup": 0.0, "lr": 0.0005, "time": 1790980429.12281}
{"type": "train", "epoch": 855, "loss": 0.64896, "obj": 0.64896, "sup": 0.0, "lr": 0.0005, "time": 1790980429.40165}
{"type": "train", "epoch": 856, "loss": 0.64914, "obj": 0.64914, "sup": 0.0, "lr": 0.0005, "time": 1790980429.68257}
{"type": "train", "epoch": 857, "loss": 0.64877, "obj": 0.64877, "sup": 0.0, "lr": 0.0005, "time": 1790980429.97803}
{"type": "train", "epoch": 858, "loss": 0.64877, "obj": 0.64877, "sup": 0.0, "lr": 0.0005, "time": 1790980430.27282}
{"type": "train", "epoch": 859, "loss": 0.64868, "obj": 0.64868, "sup": 0.0, "lr": 0.0005, "time": 1790980430.57092}
{"type": "train", "epoch": 860, "loss": 0.64871, "obj": 0.64871, "sup": 0.0, "lr": 0.0005, "time": 1790980430.87489}
{"type": "train", "epoch": 861, "loss": 0.64914, "obj": 0.64914, "sup": 0.0, "lr": 0.0005, "time": 1790980431.19462}
{"type": "train", "epoch": 862, "loss": 0.64855, "obj": 0.64855, "sup": 0.0, "lr": 0.0005, "time": 1790980431.50619}
{"type": "train", "epoch": 863, "loss": 0.64869, "obj": 0.64869, "sup": 0.0, "lr": 0.0005, "time": 1790980431.84466}
{"type": "train", "epoch": 864, "loss": 0.64842, "obj": 0.64842, "sup": 0.0, "lr": 0.0005, "time": 1790980432.15235}
{"type": "train", "epoch": 865, "loss": 0.64836, "obj": 0.64836, "sup": 0.0, "lr": 0.0005, "time": 1790980432.48694}
{"type": "train", "epoch": 866, "loss": 0.64843, "obj": 0.64843, "sup": 0.0, "lr": 0.0005, "time": 1790980432.7914}
{"type": "train", "epoch": 867, "loss": 0.64829, "obj": 0.64829, "sup": 0.0, "lr": 0.0005, "time": 1790980433.08689}
{"type": "train", "epoch": 868, "loss": 0.64822, "obj": 0.64822, "sup": 0.0, "lr": 0.0005, "time": 1790980433.40816}
{"type": "train", "epoch": 869, "loss": 0.6483, "obj": 0.6483, "sup": 0.0, "lr": 0.0005, "time": 1790980433.68607}
{"type": "train", "epoch": 870, "loss": 0.6481, "obj": 0.6481, "sup": 0.0, "lr": 0.0005, "time": 1790980434.01097}
{"type": "train", "epoch": 871, "loss": 0.64808, "obj": 0.64808, "sup": 0.0, "lr": 0.0005, "time": 1790980434.35097}
{"type": "train", "epoch": 872, "loss": 0.64855, "obj": 0.64855, "sup": 0.0, "lr": 0.0005, "time": 1790980434.66694}
{"type": "train", "epoch": 873, "loss": 0.64925, "obj": 0.64925, "sup": 0.0, "lr": 0.0005, "time": 1790980435.00359}
{"type": "train", "epoch": 874, "loss": 0.64891, "obj": 0.64891, "sup": 0.0, "lr": 0.0005, "time": 1790980435.32695}
{"type": "train", "epoch": 875, "loss": 0.64842, "obj": 0.64842, "sup": 0.0, "lr": 0.0005, "time": 1790980435.60988}
{"type": "train", "epoch": 876, "loss": 0.64785, "obj": 0.64785, "sup": 0.0, "lr": 0.0005, "time": 1790980435.92976}
{"type": "train", "epoch": 877, "loss": 0.64757, "obj": 0.64757, "sup": 0.0, "lr": 0.0005, "time": 1790980436.30297}
{"type": "train", "epoch": 878, "loss": 0.64757, "obj": 0.64757, "sup": 0.0, "lr": 0.0005, "time": 1790980436.63895}
{"type": "train", "epoch": 879, "loss": 0.64749, "obj": 0.64749, "sup": 0.0, "lr": 0.0005, "time": 1790980436.95639}
{"type": "train", "epoch": 880, "loss": 0.64751, "obj": 0.64751, "sup": 0.0, "lr": 0.0005, "time": 1790980437.24735}
{"type": "train", "epoch": 881, "loss": 0.64738, "obj": 0.64738, "sup": 0.0, "lr": 0.0005, "time": 1790980437.53896}
{"type": "train", "epoch": 882, "loss": 0.6474, "obj": 0.6474, "sup": 0.0, "lr": 0.0005, "time": 1790980437.82721}
{"type": "train", "epoch": 883, "loss": 0.64754, "obj": 0.64754, "sup": 0.0, "lr": 0.0005, "time": 1790980438.10566}
{"type": "train", "epoch": 884, "loss": 0.64758, "obj": 0.64758, "sup": 0.0, "lr": 0.0005, "time": 1790980438.40628}
{"type": "train", "epoch": 885, "loss": 0.64717, "obj": 0.64717, "sup": 0.0, "lr": 0.0005, "time": 1790980438.71497}
{"type": "train", "epoch": 886, "loss": 0.64687, "obj": 0.64687, "sup": 0.0, "lr": 0.0005, "time": 1790980439.03047}
{"type": "train", "epoch": 887, "loss": 0.6469, "obj": 0.6469, "sup": 0.0, "lr": 0.0005, "time": 1790980439.29903}
{"type": "train", "epoch": 888, "loss": 0.64695, "obj": 0.64695, "sup": 0.0, "lr": 0.0005, "time": 1790980439.5675}
{"type": "train", "epoch": 889, "loss": 0.64689, "obj": 0.64689, "sup": 0.0, "lr": 0.0005, "time": 1790980439.83619}
{"type": "train", "epoch": 890, "loss": 0.64666, "obj": 0.64666, "sup": 0.0, "lr": 0.0005, "time": 1790980440.10369}
{"type": "train", "epoch": 891, "loss": 0.64662, "obj": 0.64662, "sup": 0.0, "lr": 0.0005, "time": 1790980440.36983}
{"type": "train", "epoch": 892, "loss": 0.64654, "obj": 0.64654, "sup": 0.0, "lr": 0.0005, "time": 1790980440.63809}
{"type": "train", "epoch": 893, "loss": 0.64633, "obj": 0.64633, "sup": 0.0, "lr": 0.0005, "time": 1790980440.89883}
{"type": "train", "epoch": 894, "loss": 0.64614, "obj": 0.64614, "sup": 0.0, "lr": 0.0005, "time": 1790980441.15856}
{"type": "train", "epoch": 895, "loss": 0.6461, "obj": 0.6461, "sup": 0.0, "lr": 0.0005, "time": 1790980441.42977}
{"type": "train", "epoch": 896, "loss": 0.64616, "obj": 0.64616, "sup": 0.0, "lr": 0.0005, "time": 1790980441.72074}
{"type": "train", "epoch": 897, "loss": 0.64605, "obj": 0.64605, "sup": 0.0, "lr": 0.0005, "time": 1790980442.02698}
{"type": "train", "epoch": 898, "loss": 0.64618, "obj": 0.64618, "sup": 0.0, "lr": 0.0005, "time": 1790980442.28704}
{"type": "train", "epoch": 899, "loss": 0.64642, "obj": 0.64642, "sup": 0.0, "lr": 0.0005, "time": 1790980442.54657}
{"type": "train", "epoch": 900, "loss": 0.6466, "obj": 0.6466, "sup": 0.0, "lr": 0.0005, "time": 1790980443.68083, "train_resid_median": 0.79923, "train_resid_mean": 0.79978, "train_imag_median": 0.06206, "train_obj_median": 0.64356, "train_u_loss_to_label_median": 0.71413, "val_resid_median": 0.83091, "val_resid_mean": 0.8272, "val_imag_median": 0.06404, "val_obj_median": 0.69697, "val_u_loss_to_label_median": 0.73299}
{"type": "train", "epoch": 901, "loss": 0.64622, "obj": 0.64622, "sup": 0.0, "lr": 0.0005, "time": 1790980443.94311}
{"type": "train", "epoch": 902, "loss": 0.64717, "obj": 0.64717, "sup": 0.0, "lr": 0.0005, "time": 1790980444.20706}
{"type": "train", "epoch": 903, "loss": 0.64714, "obj": 0.64714, "sup": 0.0, "lr": 0.0005, "time": 1790980444.47021}
{"type": "train", "epoch": 904, "loss": 0.64768, "obj": 0.64768, "sup": 0.0, "lr": 0.0005, "time": 1790980444.731}
{"type": "train", "epoch": 905, "loss": 0.64772, "obj": 0.64772, "sup": 0.0, "lr": 0.0005, "time": 1790980444.99124}
{"type": "train", "epoch": 906, "loss": 0.64715, "obj": 0.64715, "sup": 0.0, "lr": 0.0005, "time": 1790980445.25083}
{"type": "train", "epoch": 907, "loss": 0.64672, "obj": 0.64672, "sup": 0.0, "lr": 0.0005, "time": 1790980445.51245}
{"type": "train", "epoch": 908, "loss": 0.64728, "obj": 0.64728, "sup": 0.0, "lr": 0.0005, "time": 1790980445.7729}
{"type": "train", "epoch": 909, "loss": 0.6463, "obj": 0.6463, "sup": 0.0, "lr": 0.0005, "time": 1790980446.03358}
{"type": "train", "epoch": 910, "loss": 0.6473, "obj": 0.6473, "sup": 0.0, "lr": 0.0005, "time": 1790980446.29254}
{"type": "train", "epoch": 911, "loss": 0.64686, "obj": 0.64686, "sup": 0.0, "lr": 0.0005, "time": 1790980446.55174}
{"type": "train", "epoch": 912, "loss": 0.64657, "obj": 0.64657, "sup": 0.0, "lr": 0.0005, "time": 1790980446.81297}
{"type": "train", "epoch": 913, "loss": 0.64672, "obj": 0.64672, "sup": 0.0, "lr": 0.0005, "time": 1790980447.07579}
{"type": "train", "epoch": 914, "loss": 0.64655, "obj": 0.64655, "sup": 0.0, "lr": 0.0005, "time": 1790980447.33622}
{"type": "train", "epoch": 915, "loss": 0.64674, "obj": 0.64674, "sup": 0.0, "lr": 0.0005, "time": 1790980447.59577}
{"type": "train", "epoch": 916, "loss": 0.64742, "obj": 0.64742, "sup": 0.0, "lr": 0.0005, "time": 1790980447.85536}
{"type": "train", "epoch": 917, "loss": 0.6459, "obj": 0.6459, "sup": 0.0, "lr": 0.0005, "time": 1790980448.11662}
{"type": "train", "epoch": 918, "loss": 0.64679, "obj": 0.64679, "sup": 0.0, "lr": 0.0005, "time": 1790980448.38174}
{"type": "train", "epoch": 919, "loss": 0.64621, "obj": 0.64621, "sup": 0.0, "lr": 0.0005, "time": 1790980448.67495}
{"type": "train", "epoch": 920, "loss": 0.64565, "obj": 0.64565, "sup": 0.0, "lr": 0.0005, "time": 1790980448.99067}
{"type": "train", "epoch": 921, "loss": 0.64579, "obj": 0.64579, "sup": 0.0, "lr": 0.0005, "time": 1790980449.31588}
{"type": "train", "epoch": 922, "loss": 0.64602, "obj": 0.64602, "sup": 0.0, "lr": 0.0005, "time": 1790980449.64339}
{"type": "train", "epoch": 923, "loss": 0.64598, "obj": 0.64598, "sup": 0.0, "lr": 0.0005, "time": 1790980449.94999}
{"type": "train", "epoch": 924, "loss": 0.64534, "obj": 0.64534, "sup": 0.0, "lr": 0.0005, "time": 1790980450.2888}
{"type": "train", "epoch": 925, "loss": 0.64523, "obj": 0.64523, "sup": 0.0, "lr": 0.0005, "time": 1790980450.623}
{"type": "train", "epoch": 926, "loss": 0.64517, "obj": 0.64517, "sup": 0.0, "lr": 0.0005, "time": 1790980450.91494}
{"type": "train", "epoch": 927, "loss": 0.64508, "obj": 0.64508, "sup": 0.0, "lr": 0.0005, "time": 1790980451.20979}
{"type": "train", "epoch": 928, "loss": 0.64489, "obj": 0.64489, "sup": 0.0, "lr": 0.0005, "time": 1790980451.48312}
{"type": "train", "epoch": 929, "loss": 0.64475, "obj": 0.64475, "sup": 0.0, "lr": 0.0005, "time": 1790980451.75538}
{"type": "train", "epoch": 930, "loss": 0.64497, "obj": 0.64497, "sup": 0.0, "lr": 0.0005, "time": 1790980452.04364}
{"type": "train", "epoch": 931, "loss": 0.64447, "obj": 0.64447, "sup": 0.0, "lr": 0.0005, "time": 1790980452.32152}
{"type": "train", "epoch": 932, "loss": 0.64558, "obj": 0.64558, "sup": 0.0, "lr": 0.0005, "time": 1790980452.62693}
{"type": "train", "epoch": 933, "loss": 0.64551, "obj": 0.64551, "sup": 0.0, "lr": 0.0005, "time": 1790980452.90794}
{"type": "train", "epoch": 934, "loss": 0.64627, "obj": 0.64627, "sup": 0.0, "lr": 0.0005, "time": 1790980453.20516}
{"type": "train", "epoch": 935, "loss": 0.64836, "obj": 0.64836, "sup": 0.0, "lr": 0.0005, "time": 1790980453.49747}
{"type": "train", "epoch": 936, "loss": 0.64815, "obj": 0.64815, "sup": 0.0, "lr": 0.0005, "time": 1790980453.80167}
{"type": "train", "epoch": 937, "loss": 0.64913, "obj": 0.64913, "sup": 0.0, "lr": 0.0005, "time": 1790980454.09434}
{"type": "train", "epoch": 938, "loss": 0.64758, "obj": 0.64758, "sup": 0.0, "lr": 0.0005, "time": 1790980454.383}
{"type": "train", "epoch": 939, "loss": 0.64824, "obj": 0.64824, "sup": 0.0, "lr": 0.0005, "time": 1790980454.71495}
{"type": "train", "epoch": 940, "loss": 0.64643, "obj": 0.64643, "sup": 0.0, "lr": 0.0005, "time": 1790980455.01597}
{"type": "train", "epoch": 941, "loss": 0.6461, "obj": 0.6461, "sup": 0.0, "lr": 0.0005, "time": 1790980455.33784}
{"type": "train", "epoch": 942, "loss": 0.64494, "obj": 0.64494, "sup": 0.0, "lr": 0.0005, "time": 1790980455.66123}
{"type": "train", "epoch": 943, "loss": 0.64556, "obj": 0.64556, "sup": 0.0, "lr": 0.0005, "time": 1790980455.9642}
{"type": "train", "epoch": 944, "loss": 0.64502, "obj": 0.64502, "sup": 0.0, "lr": 0.0005, "time": 1790980456.29047}
{"type": "train", "epoch": 945, "loss": 0.6449, "obj": 0.6449, "sup": 0.0, "lr": 0.0005, "time": 1790980456.56486}
{"type": "train", "epoch": 946, "loss": 0.64437, "obj": 0.64437, "sup": 0.0, "lr": 0.0005, "time": 1790980456.86131}
{"type": "train", "epoch": 947, "loss": 0.64419, "obj": 0.64419, "sup": 0.0, "lr": 0.0005, "time": 1790980457.17918}
{"type": "train", "epoch": 948, "loss": 0.64387, "obj": 0.64387, "sup": 0.0, "lr": 0.0005, "time": 1790980457.49524}
{"type": "train", "epoch": 949, "loss": 0.64378, "obj": 0.64378, "sup": 0.0, "lr": 0.0005, "time": 1790980457.78029}
{"type": "train", "epoch": 950, "loss": 0.64347, "obj": 0.64347, "sup": 0.0, "lr": 0.0005, "time": 1790980459.01165, "train_resid_median": 0.79705, "train_resid_mean": 0.79786, "train_imag_median": 0.06221, "train_obj_median": 0.63969, "train_u_loss_to_label_median": 0.71471, "val_resid_median": 0.83398, "val_resid_mean": 0.82974, "val_imag_median": 0.06516, "val_obj_median": 0.70091, "val_u_loss_to_label_median": 0.7376}
{"type": "train", "epoch": 951, "loss": 0.6439, "obj": 0.6439, "sup": 0.0, "lr": 0.0005, "time": 1790980459.30571}
{"type": "train", "epoch": 952, "loss": 0.6437, "obj": 0.6437, "sup": 0.0, "lr": 0.0005, "time": 1790980459.57464}
{"type": "train", "epoch": 953, "loss": 0.64422, "obj": 0.64422, "sup": 0.0, "lr": 0.0005, "time": 1790980459.83507}
{"type": "train", "epoch": 954, "loss": 0.64354, "obj": 0.64354, "sup": 0.0, "lr": 0.0005, "time": 1790980460.09718}
{"type": "train", "epoch": 955, "loss": 0.6435, "obj": 0.6435, "sup": 0.0, "lr": 0.0005, "time": 1790980460.36218}
{"type": "train", "epoch": 956, "loss": 0.64294, "obj": 0.64294, "sup": 0.0, "lr": 0.0005, "time": 1790980460.62236}
{"type": "train", "epoch": 957, "loss": 0.64322, "obj": 0.64322, "sup": 0.0, "lr": 0.0005, "time": 1790980460.91378}
{"type": "train", "epoch": 958, "loss": 0.64432, "obj": 0.64432, "sup": 0.0, "lr": 0.0005, "time": 1790980461.24302}
{"type": "train", "epoch": 959, "loss": 0.64455, "obj": 0.64455, "sup": 0.0, "lr": 0.0005, "time": 1790980461.50516}
{"type": "train", "epoch": 960, "loss": 0.64572, "obj": 0.64572, "sup": 0.0, "lr": 0.0005, "time": 1790980461.77353}
{"type": "train", "epoch": 961, "loss": 0.64406, "obj": 0.64406, "sup": 0.0, "lr": 0.0005, "time": 1790980462.04802}
{"type": "train", "epoch": 962, "loss": 0.64425, "obj": 0.64425, "sup": 0.0, "lr": 0.0005, "time": 1790980462.32929}
{"type": "train", "epoch": 963, "loss": 0.64391, "obj": 0.64391, "sup": 0.0, "lr": 0.0005, "time": 1790980462.59729}
{"type": "train", "epoch": 964, "loss": 0.64353, "obj": 0.64353, "sup": 0.0, "lr": 0.0005, "time": 1790980462.88494}
{"type": "train", "epoch": 965, "loss": 0.64361, "obj": 0.64361, "sup": 0.0, "lr": 0.0005, "time": 1790980463.16357}
{"type": "train", "epoch": 966, "loss": 0.64228, "obj": 0.64228, "sup": 0.0, "lr": 0.0005, "time": 1790980463.45165}
{"type": "train", "epoch": 967, "loss": 0.64339, "obj": 0.64339, "sup": 0.0, "lr": 0.0005, "time": 1790980463.7248}
{"type": "train", "epoch": 968, "loss": 0.64247, "obj": 0.64247, "sup": 0.0, "lr": 0.0005, "time": 1790980463.99845}
{"type": "train", "epoch": 969, "loss": 0.64265, "obj": 0.64265, "sup": 0.0, "lr": 0.0005, "time": 1790980464.25969}
{"type": "train", "epoch": 970, "loss": 0.64176, "obj": 0.64176, "sup": 0.0, "lr": 0.0005, "time": 1790980464.52229}
{"type": "train", "epoch": 971, "loss": 0.64361, "obj": 0.64361, "sup": 0.0, "lr": 0.0005, "time": 1790980464.80497}
{"type": "train", "epoch": 972, "loss": 0.64304, "obj": 0.64304, "sup": 0.0, "lr": 0.0005, "time": 1790980465.06663}
{"type": "train", "epoch": 973, "loss": 0.6435, "obj": 0.6435, "sup": 0.0, "lr": 0.0005, "time": 1790980465.32774}
{"type": "train", "epoch": 974, "loss": 0.64355, "obj": 0.64355, "sup": 0.0, "lr": 0.0005, "time": 1790980465.59468}
{"type": "train", "epoch": 975, "loss": 0.64281, "obj": 0.64281, "sup": 0.0, "lr": 0.0005, "time": 1790980465.85885}
{"type": "train", "epoch": 976, "loss": 0.64285, "obj": 0.64285, "sup": 0.0, "lr": 0.0005, "time": 1790980466.12371}
{"type": "train", "epoch": 977, "loss": 0.64231, "obj": 0.64231, "sup": 0.0, "lr": 0.0005, "time": 1790980466.39067}
{"type": "train", "epoch": 978, "loss": 0.6422, "obj": 0.6422, "sup": 0.0, "lr": 0.0005, "time": 1790980466.67249}
{"type": "train", "epoch": 979, "loss": 0.64246, "obj": 0.64246, "sup": 0.0, "lr": 0.0005, "time": 1790980466.93477}
{"type": "train", "epoch": 980, "loss": 0.64276, "obj": 0.64276, "sup": 0.0, "lr": 0.0005, "time": 1790980467.21014}
{"type": "train", "epoch": 981, "loss": 0.64176, "obj": 0.64176, "sup": 0.0, "lr": 0.0005, "time": 1790980467.47297}
{"type": "train", "epoch": 982, "loss": 0.6426, "obj": 0.6426, "sup": 0.0, "lr": 0.0005, "time": 1790980467.73537}
{"type": "train", "epoch": 983, "loss": 0.64169, "obj": 0.64169, "sup": 0.0, "lr": 0.0005, "time": 1790980467.99519}
{"type": "train", "epoch": 984, "loss": 0.64181, "obj": 0.64181, "sup": 0.0, "lr": 0.0005, "time": 1790980468.26108}
{"type": "train", "epoch": 985, "loss": 0.6423, "obj": 0.6423, "sup": 0.0, "lr": 0.0005, "time": 1790980468.52428}
{"type": "train", "epoch": 986, "loss": 0.64082, "obj": 0.64082, "sup": 0.0, "lr": 0.0005, "time": 1790980468.79298}
{"type": "train", "epoch": 987, "loss": 0.64162, "obj": 0.64162, "sup": 0.0, "lr": 0.0005, "time": 1790980469.06698}
{"type": "train", "epoch": 988, "loss": 0.64034, "obj": 0.64034, "sup": 0.0, "lr": 0.0005, "time": 1790980469.34071}
{"type": "train", "epoch": 989, "loss": 0.64195, "obj": 0.64195, "sup": 0.0, "lr": 0.0005, "time": 1790980469.6198}
{"type": "train", "epoch": 990, "loss": 0.64156, "obj": 0.64156, "sup": 0.0, "lr": 0.0005, "time": 1790980469.91072}
{"type": "train", "epoch": 991, "loss": 0.64075, "obj": 0.64075, "sup": 0.0, "lr": 0.0005, "time": 1790980470.19709}
{"type": "train", "epoch": 992, "loss": 0.64027, "obj": 0.64027, "sup": 0.0, "lr": 0.0005, "time": 1790980470.47822}
{"type": "train", "epoch": 993, "loss": 0.64085, "obj": 0.64085, "sup": 0.0, "lr": 0.0005, "time": 1790980470.75352}
{"type": "train", "epoch": 994, "loss": 0.64047, "obj": 0.64047, "sup": 0.0, "lr": 0.0005, "time": 1790980471.02758}
{"type": "train", "epoch": 995, "loss": 0.64066, "obj": 0.64066, "sup": 0.0, "lr": 0.0005, "time": 1790980471.30534}
{"type": "train", "epoch": 996, "loss": 0.64029, "obj": 0.64029, "sup": 0.0, "lr": 0.0005, "time": 1790980471.57699}
{"type": "train", "epoch": 997, "loss": 0.6404, "obj": 0.6404, "sup": 0.0, "lr": 0.0005, "time": 1790980471.84543}
{"type": "train", "epoch": 998, "loss": 0.64142, "obj": 0.64142, "sup": 0.0, "lr": 0.0005, "time": 1790980472.11345}
{"type": "train", "epoch": 999, "loss": 0.64111, "obj": 0.64111, "sup": 0.0, "lr": 0.0005, "time": 1790980472.37963}
{"type": "train", "epoch": 1000, "loss": 0.64144, "obj": 0.64144, "sup": 0.0, "lr": 0.0005, "time": 1790980473.50634, "train_resid_median": 0.79517, "train_resid_mean": 0.7946, "train_imag_median": 0.07131, "train_obj_median": 0.63683, "train_u_loss_to_label_median": 0.71194, "val_resid_median": 0.83476, "val_resid_mean": 0.83061, "val_imag_median": 0.07455, "val_obj_median": 0.70467, "val_u_loss_to_label_median": 0.73557}
{"type": "train", "epoch": 1001, "loss": 0.6401, "obj": 0.6401, "sup": 0.0, "lr": 0.0005, "time": 1790980473.77643}
{"type": "train", "epoch": 1002, "loss": 0.64273, "obj": 0.64273, "sup": 0.0, "lr": 0.0005, "time": 1790980474.06813}
{"type": "train", "epoch": 1003, "loss": 0.64005, "obj": 0.64005, "sup": 0.0, "lr": 0.0005, "time": 1790980474.35566}
{"type": "train", "epoch": 1004, "loss": 0.64075, "obj": 0.64075, "sup": 0.0, "lr": 0.0005, "time": 1790980474.63341}
{"type": "train", "epoch": 1005, "loss": 0.63922, "obj": 0.63922, "sup": 0.0, "lr": 0.0005, "time": 1790980474.93942}
{"type": "train", "epoch": 1006, "loss": 0.64076, "obj": 0.64076, "sup": 0.0, "lr": 0.0005, "time": 1790980475.2289}
{"type": "train", "epoch": 1007, "loss": 0.63882, "obj": 0.63882, "sup": 0.0, "lr": 0.0005, "time": 1790980475.53094}
{"type": "train", "epoch": 1008, "loss": 0.63967, "obj": 0.63967, "sup": 0.0, "lr": 0.0005, "time": 1790980475.81143}
{"type": "train", "epoch": 1009, "loss": 0.63883, "obj": 0.63883, "sup": 0.0, "lr": 0.0005, "time": 1790980476.12918}
{"type": "train", "epoch": 1010, "loss": 0.63857, "obj": 0.63857, "sup": 0.0, "lr": 0.0005, "time": 1790980476.39229}
{"type": "train", "epoch": 1011, "loss": 0.63824, "obj": 0.63824, "sup": 0.0, "lr": 0.0005, "time": 1790980476.66299}
{"type": "train", "epoch": 1012, "loss": 0.638, "obj": 0.638, "sup": 0.0, "lr": 0.0005, "time": 1790980476.94}
{"type": "train", "epoch": 1013, "loss": 0.63764, "obj": 0.63764, "sup": 0.0, "lr": 0.0005, "time": 1790980477.24762}
{"type": "train", "epoch": 1014, "loss": 0.63756, "obj": 0.63756, "sup": 0.0, "lr": 0.0005, "time": 1790980477.53797}
{"type": "train", "epoch": 1015, "loss": 0.63777, "obj": 0.63777, "sup": 0.0, "lr": 0.0005, "time": 1790980477.8313}
{"type": "train", "epoch": 1016, "loss": 0.63787, "obj": 0.63787, "sup": 0.0, "lr": 0.0005, "time": 1790980478.11906}
{"type": "train", "epoch": 1017, "loss": 0.63698, "obj": 0.63698, "sup": 0.0, "lr": 0.0005, "time": 1790980478.40449}
{"type": "train", "epoch": 1018, "loss": 0.63697, "obj": 0.63697, "sup": 0.0, "lr": 0.0005, "time": 1790980478.67997}
{"type": "train", "epoch": 1019, "loss": 0.63681, "obj": 0.63681, "sup": 0.0, "lr": 0.0005, "time": 1790980478.96155}
{"type": "train", "epoch": 1020, "loss": 0.63715, "obj": 0.63715, "sup": 0.0, "lr": 0.0005, "time": 1790980479.25043}
{"type": "train", "epoch": 1021, "loss": 0.6369, "obj": 0.6369, "sup": 0.0, "lr": 0.0005, "time": 1790980479.56694}
{"type": "train", "epoch": 1022, "loss": 0.63706, "obj": 0.63706, "sup": 0.0, "lr": 0.0005, "time": 1790980479.86784}
{"type": "train", "epoch": 1023, "loss": 0.63647, "obj": 0.63647, "sup": 0.0, "lr": 0.0005, "time": 1790980480.15258}
{"type": "train", "epoch": 1024, "loss": 0.63743, "obj": 0.63743, "sup": 0.0, "lr": 0.0005, "time": 1790980480.44711}
{"type": "train", "epoch": 1025, "loss": 0.63584, "obj": 0.63584, "sup": 0.0, "lr": 0.0005, "time": 1790980480.73455}
{"type": "train", "epoch": 1026, "loss": 0.63588, "obj": 0.63588, "sup": 0.0, "lr": 0.0005, "time": 1790980481.03549}
{"type": "train", "epoch": 1027, "loss": 0.6373, "obj": 0.6373, "sup": 0.0, "lr": 0.0005, "time": 1790980481.32695}
{"type": "train", "epoch": 1028, "loss": 0.63589, "obj": 0.63589, "sup": 0.0, "lr": 0.0005, "time": 1790980481.64294}
{"type": "train", "epoch": 1029, "loss": 0.63542, "obj": 0.63542, "sup": 0.0, "lr": 0.0005, "time": 1790980481.91715}
{"type": "train", "epoch": 1030, "loss": 0.63649, "obj": 0.63649, "sup": 0.0, "lr": 0.0005, "time": 1790980482.21278}
{"type": "train", "epoch": 1031, "loss": 0.6366, "obj": 0.6366, "sup": 0.0, "lr": 0.0005, "time": 1790980482.50451}
{"type": "train", "epoch": 1032, "loss": 0.63782, "obj": 0.63782, "sup": 0.0, "lr": 0.0005, "time": 1790980482.81048}
{"type": "train", "epoch": 1033, "loss": 0.6365, "obj": 0.6365, "sup": 0.0, "lr": 0.0005, "time": 1790980483.0996}
{"type": "train", "epoch": 1034, "loss": 0.63574, "obj": 0.63574, "sup": 0.0, "lr": 0.0005, "time": 1790980483.38649}
{"type": "train", "epoch": 1035, "loss": 0.63531, "obj": 0.63531, "sup": 0.0, "lr": 0.0005, "time": 1790980483.66832}
{"type": "train", "epoch": 1036, "loss": 0.63879, "obj": 0.63879, "sup": 0.0, "lr": 0.0005, "time": 1790980483.95508}
{"type": "train", "epoch": 1037, "loss": 0.64006, "obj": 0.64006, "sup": 0.0, "lr": 0.0005, "time": 1790980484.23644}
{"type": "train", "epoch": 1038, "loss": 0.64009, "obj": 0.64009, "sup": 0.0, "lr": 0.0005, "time": 1790980484.52817}
{"type": "train", "epoch": 1039, "loss": 0.63945, "obj": 0.63945, "sup": 0.0, "lr": 0.0005, "time": 1790980484.78896}
{"type": "train", "epoch": 1040, "loss": 0.63914, "obj": 0.63914, "sup": 0.0, "lr": 0.0005, "time": 1790980485.05655}
{"type": "train", "epoch": 1041, "loss": 0.63823, "obj": 0.63823, "sup": 0.0, "lr": 0.0005, "time": 1790980485.32226}
{"type": "train", "epoch": 1042, "loss": 0.63718, "obj": 0.63718, "sup": 0.0, "lr": 0.0005, "time": 1790980485.58992}
{"type": "train", "epoch": 1043, "loss": 0.637, "obj": 0.637, "sup": 0.0, "lr": 0.0005, "time": 1790980485.85494}
{"type": "train", "epoch": 1044, "loss": 0.63716, "obj": 0.63716, "sup": 0.0, "lr": 0.0005, "time": 1790980486.1168}
{"type": "train", "epoch": 1045, "loss": 0.6369, "obj": 0.6369, "sup": 0.0, "lr": 0.0005, "time": 1790980486.3809}
{"type": "train", "epoch": 1046, "loss": 0.6375, "obj": 0.6375, "sup": 0.0, "lr": 0.0005, "time": 1790980486.64742}
{"type": "train", "epoch": 1047, "loss": 0.63777, "obj": 0.63777, "sup": 0.0, "lr": 0.0005, "time": 1790980486.9087}
{"type": "train", "epoch": 1048, "loss": 0.63674, "obj": 0.63674, "sup": 0.0, "lr": 0.0005, "time": 1790980487.16944}
{"type": "train", "epoch": 1049, "loss": 0.63619, "obj": 0.63619, "sup": 0.0, "lr": 0.0005, "time": 1790980487.43176}
{"type": "train", "epoch": 1050, "loss": 0.63743, "obj": 0.63743, "sup": 0.0, "lr": 0.0005, "time": 1790980488.55985, "train_resid_median": 0.79091, "train_resid_mean": 0.79212, "train_imag_median": 0.06658, "train_obj_median": 0.63118, "train_u_loss_to_label_median": 0.70473, "val_resid_median": 0.83656, "val_resid_mean": 0.83283, "val_imag_median": 0.07199, "val_obj_median": 0.71038, "val_u_loss_to_label_median": 0.73389}
{"type": "train", "epoch": 1051, "loss": 0.63599, "obj": 0.63599, "sup": 0.0, "lr": 0.0005, "time": 1790980488.8226}
{"type": "train", "epoch": 1052, "loss": 0.63556, "obj": 0.63556, "sup": 0.0, "lr": 0.0005, "time": 1790980489.08408}
{"type": "train", "epoch": 1053, "loss": 0.63494, "obj": 0.63494, "sup": 0.0, "lr": 0.0005, "time": 1790980489.35033}
{"type": "train", "epoch": 1054, "loss": 0.63544, "obj": 0.63544, "sup": 0.0, "lr": 0.0005, "time": 1790980489.61176}
{"type": "train", "epoch": 1055, "loss": 0.635, "obj": 0.635, "sup": 0.0, "lr": 0.0005, "time": 1790980489.88175}
{"type": "train", "epoch": 1056, "loss": 0.63387, "obj": 0.63387, "sup": 0.0, "lr": 0.0005, "time": 1790980490.19349}
{"type": "train", "epoch": 1057, "loss": 0.63349, "obj": 0.63349, "sup": 0.0, "lr": 0.0005, "time": 1790980490.50867}
{"type": "train", "epoch": 1058, "loss": 0.63317, "obj": 0.63317, "sup": 0.0, "lr": 0.0005, "time": 1790980490.79596}
{"type": "train", "epoch": 1059, "loss": 0.6328, "obj": 0.6328, "sup": 0.0, "lr": 0.0005, "time": 1790980491.08616}
{"type": "train", "epoch": 1060, "loss": 0.63175, "obj": 0.63175, "sup": 0.0, "lr": 0.0005, "time": 1790980491.40424}
{"type": "train", "epoch": 1061, "loss": 0.63214, "obj": 0.63214, "sup": 0.0, "lr": 0.0005, "time": 1790980491.71814}
{"type": "train", "epoch": 1062, "loss": 0.63211, "obj": 0.63211, "sup": 0.0, "lr": 0.0005, "time": 1790980492.06298}
{"type": "train", "epoch": 1063, "loss": 0.63382, "obj": 0.63382, "sup": 0.0, "lr": 0.0005, "time": 1790980492.3711}
{"type": "train", "epoch": 1064, "loss": 0.63278, "obj": 0.63278, "sup": 0.0, "lr": 0.0005, "time": 1790980492.68928}
{"type": "train", "epoch": 1065, "loss": 0.63177, "obj": 0.63177, "sup": 0.0, "lr": 0.0005, "time": 1790980492.99124}
{"type": "train", "epoch": 1066, "loss": 0.63243, "obj": 0.63243, "sup": 0.0, "lr": 0.0005, "time": 1790980493.29895}
{"type": "train", "epoch": 1067, "loss": 0.63109, "obj": 0.63109, "sup": 0.0, "lr": 0.0005, "time": 1790980493.59738}
{"type": "train", "epoch": 1068, "loss": 0.63023, "obj": 0.63023, "sup": 0.0, "lr": 0.0005, "time": 1790980493.90278}
{"type": "train", "epoch": 1069, "loss": 0.63104, "obj": 0.63104, "sup": 0.0, "lr": 0.0005, "time": 1790980494.18444}
{"type": "train", "epoch": 1070, "loss": 0.6311, "obj": 0.6311, "sup": 0.0, "lr": 0.0005, "time": 1790980494.5025}
{"type": "train", "epoch": 1071, "loss": 0.63127, "obj": 0.63127, "sup": 0.0, "lr": 0.0005, "time": 1790980494.80295}
{"type": "train", "epoch": 1072, "loss": 0.63031, "obj": 0.63031, "sup": 0.0, "lr": 0.0005, "time": 1790980495.10089}
{"type": "train", "epoch": 1073, "loss": 0.63067, "obj": 0.63067, "sup": 0.0, "lr": 0.0005, "time": 1790980495.42004}
{"type": "train", "epoch": 1074, "loss": 0.63046, "obj": 0.63046, "sup": 0.0, "lr": 0.0005, "time": 1790980495.73894}
{"type": "train", "epoch": 1075, "loss": 0.62997, "obj": 0.62997, "sup": 0.0, "lr": 0.0005, "time": 1790980496.03785}
{"type": "train", "epoch": 1076, "loss": 0.62969, "obj": 0.62969, "sup": 0.0, "lr": 0.0005, "time": 1790980496.32153}
{"type": "train", "epoch": 1077, "loss": 0.62881, "obj": 0.62881, "sup": 0.0, "lr": 0.0005, "time": 1790980496.61068}
{"type": "train", "epoch": 1078, "loss": 0.62873, "obj": 0.62873, "sup": 0.0, "lr": 0.0005, "time": 1790980496.90052}
{"type": "train", "epoch": 1079, "loss": 0.62861, "obj": 0.62861, "sup": 0.0, "lr": 0.0005, "time": 1790980497.17893}
{"type": "train", "epoch": 1080, "loss": 0.62872, "obj": 0.62872, "sup": 0.0, "lr": 0.0005, "time": 1790980497.48696}
{"type": "train", "epoch": 1081, "loss": 0.63043, "obj": 0.63043, "sup": 0.0, "lr": 0.0005, "time": 1790980497.78088}
{"type": "train", "epoch": 1082, "loss": 0.62964, "obj": 0.62964, "sup": 0.0, "lr": 0.0005, "time": 1790980498.1151}
{"type": "train", "epoch": 1083, "loss": 0.63056, "obj": 0.63056, "sup": 0.0, "lr": 0.0005, "time": 1790980498.41095}
{"type": "train", "epoch": 1084, "loss": 0.63041, "obj": 0.63041, "sup": 0.0, "lr": 0.0005, "time": 1790980498.6918}
{"type": "train", "epoch": 1085, "loss": 0.62979, "obj": 0.62979, "sup": 0.0, "lr": 0.0005, "time": 1790980498.97461}
{"type": "train", "epoch": 1086, "loss": 0.6323, "obj": 0.6323, "sup": 0.0, "lr": 0.0005, "time": 1790980499.25346}
{"type": "train", "epoch": 1087, "loss": 0.63222, "obj": 0.63222, "sup": 0.0, "lr": 0.0005, "time": 1790980499.52975}
{"type": "train", "epoch": 1088, "loss": 0.63058, "obj": 0.63058, "sup": 0.0, "lr": 0.0005, "time": 1790980499.80214}
{"type": "train", "epoch": 1089, "loss": 0.6305, "obj": 0.6305, "sup": 0.0, "lr": 0.0005, "time": 1790980500.09559}
{"type": "train", "epoch": 1090, "loss": 0.63173, "obj": 0.63173, "sup": 0.0, "lr": 0.0005, "time": 1790980500.39983}
{"type": "train", "epoch": 1091, "loss": 0.63141, "obj": 0.63141, "sup": 0.0, "lr": 0.0005, "time": 1790980500.69155}
{"type": "train", "epoch": 1092, "loss": 0.63512, "obj": 0.63512, "sup": 0.0, "lr": 0.0005, "time": 1790980501.01365}
{"type": "train", "epoch": 1093, "loss": 0.63364, "obj": 0.63364, "sup": 0.0, "lr": 0.0005, "time": 1790980501.31493}
{"type": "train", "epoch": 1094, "loss": 0.63715, "obj": 0.63715, "sup": 0.0, "lr": 0.0005, "time": 1790980501.61923}
{"type": "train", "epoch": 1095, "loss": 0.63519, "obj": 0.63519, "sup": 0.0, "lr": 0.0005, "time": 1790980501.8996}
{"type": "train", "epoch": 1096, "loss": 0.63562, "obj": 0.63562, "sup": 0.0, "lr": 0.0005, "time": 1790980502.23309}
{"type": "train", "epoch": 1097, "loss": 0.63666, "obj": 0.63666, "sup": 0.0, "lr": 0.0005, "time": 1790980502.51117}
{"type": "train", "epoch": 1098, "loss": 0.64297, "obj": 0.64297, "sup": 0.0, "lr": 0.0005, "time": 1790980502.81673}
{"type": "train", "epoch": 1099, "loss": 0.64246, "obj": 0.64246, "sup": 0.0, "lr": 0.0005, "time": 1790980503.1231}
{"type": "train", "epoch": 1100, "loss": 0.63956, "obj": 0.63956, "sup": 0.0, "lr": 0.0005, "time": 1790980504.34922, "train_resid_median": 0.79106, "train_resid_mean": 0.7928, "train_imag_median": 0.07646, "train_obj_median": 0.63574, "train_u_loss_to_label_median": 0.69913, "val_resid_median": 0.84235, "val_resid_mean": 0.83515, "val_imag_median": 0.08403, "val_obj_median": 0.71866, "val_u_loss_to_label_median": 0.73101}
{"type": "train", "epoch": 1101, "loss": 0.64212, "obj": 0.64212, "sup": 0.0, "lr": 0.0005, "time": 1790980504.65913}
{"type": "train", "epoch": 1102, "loss": 0.63759, "obj": 0.63759, "sup": 0.0, "lr": 0.0005, "time": 1790980504.93132}
{"type": "train", "epoch": 1103, "loss": 0.63958, "obj": 0.63958, "sup": 0.0, "lr": 0.0005, "time": 1790980505.20442}
{"type": "train", "epoch": 1104, "loss": 0.63983, "obj": 0.63983, "sup": 0.0, "lr": 0.0005, "time": 1790980505.46574}
{"type": "train", "epoch": 1105, "loss": 0.63466, "obj": 0.63466, "sup": 0.0, "lr": 0.0005, "time": 1790980505.72877}
{"type": "train", "epoch": 1106, "loss": 0.6357, "obj": 0.6357, "sup": 0.0, "lr": 0.0005, "time": 1790980505.98961}
{"type": "train", "epoch": 1107, "loss": 0.63971, "obj": 0.63971, "sup": 0.0, "lr": 0.0005, "time": 1790980506.2502}
{"type": "train", "epoch": 1108, "loss": 0.63237, "obj": 0.63237, "sup": 0.0, "lr": 0.0005, "time": 1790980506.50978}
{"type": "train", "epoch": 1109, "loss": 0.63244, "obj": 0.63244, "sup": 0.0, "lr": 0.0005, "time": 1790980506.76994}
{"type": "train", "epoch": 1110, "loss": 0.63356, "obj": 0.63356, "sup": 0.0, "lr": 0.0005, "time": 1790980507.0411}
{"type": "train", "epoch": 1111, "loss": 0.63018, "obj": 0.63018, "sup": 0.0, "lr": 0.0005, "time": 1790980507.31293}
{"type": "train", "epoch": 1112, "loss": 0.63123, "obj": 0.63123, "sup": 0.0, "lr": 0.0005, "time": 1790980507.57739}
{"type": "train", "epoch": 1113, "loss": 0.62937, "obj": 0.62937, "sup": 0.0, "lr": 0.0005, "time": 1790980507.85579}
{"type": "train", "epoch": 1114, "loss": 0.6286, "obj": 0.6286, "sup": 0.0, "lr": 0.0005, "time": 1790980508.13579}
{"type": "train", "epoch": 1115, "loss": 0.63074, "obj": 0.63074, "sup": 0.0, "lr": 0.0005, "time": 1790980508.44331}
{"type": "train", "epoch": 1116, "loss": 0.62767, "obj": 0.62767, "sup": 0.0, "lr": 0.0005, "time": 1790980508.72489}
{"type": "train", "epoch": 1117, "loss": 0.62852, "obj": 0.62852, "sup": 0.0, "lr": 0.0005, "time": 1790980509.02105}
{"type": "train", "epoch": 1118, "loss": 0.63229, "obj": 0.63229, "sup": 0.0, "lr": 0.0005, "time": 1790980509.31454}
{"type": "train", "epoch": 1119, "loss": 0.62994, "obj": 0.62994, "sup": 0.0, "lr": 0.0005, "time": 1790980509.60297}
{"type": "train", "epoch": 1120, "loss": 0.63089, "obj": 0.63089, "sup": 0.0, "lr": 0.0005, "time": 1790980509.93894}
{"type": "train", "epoch": 1121, "loss": 0.62832, "obj": 0.62832, "sup": 0.0, "lr": 0.0005, "time": 1790980510.26695}
{"type": "train", "epoch": 1122, "loss": 0.62862, "obj": 0.62862, "sup": 0.0, "lr": 0.0005, "time": 1790980510.58702}
{"type": "train", "epoch": 1123, "loss": 0.62703, "obj": 0.62703, "sup": 0.0, "lr": 0.0005, "time": 1790980510.88695}
{"type": "train", "epoch": 1124, "loss": 0.62734, "obj": 0.62734, "sup": 0.0, "lr": 0.0005, "time": 1790980511.21773}
{"type": "train", "epoch": 1125, "loss": 0.62715, "obj": 0.62715, "sup": 0.0, "lr": 0.0005, "time": 1790980511.56443}
{"type": "train", "epoch": 1126, "loss": 0.62606, "obj": 0.62606, "sup": 0.0, "lr": 0.0005, "time": 1790980511.90294}
{"type": "train", "epoch": 1127, "loss": 0.62631, "obj": 0.62631, "sup": 0.0, "lr": 0.0005, "time": 1790980512.28693}
{"type": "train", "epoch": 1128, "loss": 0.62652, "obj": 0.62652, "sup": 0.0, "lr": 0.0005, "time": 1790980512.61041}
{"type": "train", "epoch": 1129, "loss": 0.62496, "obj": 0.62496, "sup": 0.0, "lr": 0.0005, "time": 1790980512.94118}
{"type": "train", "epoch": 1130, "loss": 0.62579, "obj": 0.62579, "sup": 0.0, "lr": 0.0005, "time": 1790980513.28293}
{"type": "train", "epoch": 1131, "loss": 0.62542, "obj": 0.62542, "sup": 0.0, "lr": 0.0005, "time": 1790980513.60293}
{"type": "train", "epoch": 1132, "loss": 0.62453, "obj": 0.62453, "sup": 0.0, "lr": 0.0005, "time": 1790980513.93494}
{"type": "train", "epoch": 1133, "loss": 0.626, "obj": 0.626, "sup": 0.0, "lr": 0.0005, "time": 1790980514.24851}
{"type": "train", "epoch": 1134, "loss": 0.625, "obj": 0.625, "sup": 0.0, "lr": 0.0005, "time": 1790980514.57734}
{"type": "train", "epoch": 1135, "loss": 0.62504, "obj": 0.62504, "sup": 0.0, "lr": 0.0005, "time": 1790980514.943}
{"type": "train", "epoch": 1136, "loss": 0.6252, "obj": 0.6252, "sup": 0.0, "lr": 0.0005, "time": 1790980515.26696}
{"type": "train", "epoch": 1137, "loss": 0.62451, "obj": 0.62451, "sup": 0.0, "lr": 0.0005, "time": 1790980515.62996}
{"type": "train", "epoch": 1138, "loss": 0.62597, "obj": 0.62597, "sup": 0.0, "lr": 0.0005, "time": 1790980515.96292}
{"type": "train", "epoch": 1139, "loss": 0.62753, "obj": 0.62753, "sup": 0.0, "lr": 0.0005, "time": 1790980516.28693}
{"type": "train", "epoch": 1140, "loss": 0.62537, "obj": 0.62537, "sup": 0.0, "lr": 0.0005, "time": 1790980516.59291}
{"type": "train", "epoch": 1141, "loss": 0.626, "obj": 0.626, "sup": 0.0, "lr": 0.0005, "time": 1790980516.91493}
{"type": "train", "epoch": 1142, "loss": 0.62517, "obj": 0.62517, "sup": 0.0, "lr": 0.0005, "time": 1790980517.22684}
{"type": "train", "epoch": 1143, "loss": 0.62481, "obj": 0.62481, "sup": 0.0, "lr": 0.0005, "time": 1790980517.5263}
{"type": "train", "epoch": 1144, "loss": 0.62375, "obj": 0.62375, "sup": 0.0, "lr": 0.0005, "time": 1790980517.80355}
{"type": "train", "epoch": 1145, "loss": 0.62551, "obj": 0.62551, "sup": 0.0, "lr": 0.0005, "time": 1790980518.09037}
{"type": "train", "epoch": 1146, "loss": 0.62336, "obj": 0.62336, "sup": 0.0, "lr": 0.0005, "time": 1790980518.37093}
{"type": "train", "epoch": 1147, "loss": 0.62307, "obj": 0.62307, "sup": 0.0, "lr": 0.0005, "time": 1790980518.65844}
{"type": "train", "epoch": 1148, "loss": 0.6243, "obj": 0.6243, "sup": 0.0, "lr": 0.0005, "time": 1790980518.95894}
{"type": "train", "epoch": 1149, "loss": 0.62376, "obj": 0.62376, "sup": 0.0, "lr": 0.0005, "time": 1790980519.25094}
{"type": "train", "epoch": 1150, "loss": 0.62385, "obj": 0.62385, "sup": 0.0, "lr": 0.0005, "time": 1790980520.41325, "train_resid_median": 0.78375, "train_resid_mean": 0.78237, "train_imag_median": 0.07933, "train_obj_median": 0.62591, "train_u_loss_to_label_median": 0.71019, "val_resid_median": 0.84808, "val_resid_mean": 0.84281, "val_imag_median": 0.08949, "val_obj_median": 0.72855, "val_u_loss_to_label_median": 0.74514}
{"type": "train", "epoch": 1151, "loss": 0.6237, "obj": 0.6237, "sup": 0.0, "lr": 0.0005, "time": 1790980520.69938}
{"type": "train", "epoch": 1152, "loss": 0.62318, "obj": 0.62318, "sup": 0.0, "lr": 0.0005, "time": 1790980520.99214}
{"type": "train", "epoch": 1153, "loss": 0.62433, "obj": 0.62433, "sup": 0.0, "lr": 0.0005, "time": 1790980521.25307}
{"type": "train", "epoch": 1154, "loss": 0.62384, "obj": 0.62384, "sup": 0.0, "lr": 0.0005, "time": 1790980521.51284}
{"type": "train", "epoch": 1155, "loss": 0.62364, "obj": 0.62364, "sup": 0.0, "lr": 0.0005, "time": 1790980521.77195}
{"type": "train", "epoch": 1156, "loss": 0.62353, "obj": 0.62353, "sup": 0.0, "lr": 0.0005, "time": 1790980522.03226}
{"type": "train", "epoch": 1157, "loss": 0.62478, "obj": 0.62478, "sup": 0.0, "lr": 0.0005, "time": 1790980522.29375}
{"type": "train", "epoch": 1158, "loss": 0.62333, "obj": 0.62333, "sup": 0.0, "lr": 0.0005, "time": 1790980522.5564}
{"type": "train", "epoch": 1159, "loss": 0.62306, "obj": 0.62306, "sup": 0.0, "lr": 0.0005, "time": 1790980522.81699}
{"type": "train", "epoch": 1160, "loss": 0.62229, "obj": 0.62229, "sup": 0.0, "lr": 0.0005, "time": 1790980523.07705}
{"type": "train", "epoch": 1161, "loss": 0.62185, "obj": 0.62185, "sup": 0.0, "lr": 0.0005, "time": 1790980523.3426}
{"type": "train", "epoch": 1162, "loss": 0.62091, "obj": 0.62091, "sup": 0.0, "lr": 0.0005, "time": 1790980523.62112}
{"type": "train", "epoch": 1163, "loss": 0.62203, "obj": 0.62203, "sup": 0.0, "lr": 0.0005, "time": 1790980523.89214}
{"type": "train", "epoch": 1164, "loss": 0.62047, "obj": 0.62047, "sup": 0.0, "lr": 0.0005, "time": 1790980524.18071}
{"type": "train", "epoch": 1165, "loss": 0.62105, "obj": 0.62105, "sup": 0.0, "lr": 0.0005, "time": 1790980524.48902}
{"type": "train", "epoch": 1166, "loss": 0.62323, "obj": 0.62323, "sup": 0.0, "lr": 0.0005, "time": 1790980524.78813}
{"type": "train", "epoch": 1167, "loss": 0.62127, "obj": 0.62127, "sup": 0.0, "lr": 0.0005, "time": 1790980525.0935}
{"type": "train", "epoch": 1168, "loss": 0.62302, "obj": 0.62302, "sup": 0.0, "lr": 0.0005, "time": 1790980525.42629}
{"type": "train", "epoch": 1169, "loss": 0.6248, "obj": 0.6248, "sup": 0.0, "lr": 0.0005, "time": 1790980525.70698}
{"type": "train", "epoch": 1170, "loss": 0.62246, "obj": 0.62246, "sup": 0.0, "lr": 0.0005, "time": 1790980526.01046}
{"type": "train", "epoch": 1171, "loss": 0.62282, "obj": 0.62282, "sup": 0.0, "lr": 0.0005, "time": 1790980526.2797}
{"type": "train", "epoch": 1172, "loss": 0.62262, "obj": 0.62262, "sup": 0.0, "lr": 0.0005, "time": 1790980526.57292}
{"type": "train", "epoch": 1173, "loss": 0.62204, "obj": 0.62204, "sup": 0.0, "lr": 0.0005, "time": 1790980526.85523}
{"type": "train", "epoch": 1174, "loss": 0.62116, "obj": 0.62116, "sup": 0.0, "lr": 0.0005, "time": 1790980527.15098}
{"type": "train", "epoch": 1175, "loss": 0.62207, "obj": 0.62207, "sup": 0.0, "lr": 0.0005, "time": 1790980527.43554}
{"type": "train", "epoch": 1176, "loss": 0.62112, "obj": 0.62112, "sup": 0.0, "lr": 0.0005, "time": 1790980527.73638}
{"type": "train", "epoch": 1177, "loss": 0.61998, "obj": 0.61998, "sup": 0.0, "lr": 0.0005, "time": 1790980528.02693}
{"type": "train", "epoch": 1178, "loss": 0.62022, "obj": 0.62022, "sup": 0.0, "lr": 0.0005, "time": 1790980528.3068}
{"type": "train", "epoch": 1179, "loss": 0.61957, "obj": 0.61957, "sup": 0.0, "lr": 0.0005, "time": 1790980528.60796}
{"type": "train", "epoch": 1180, "loss": 0.61866, "obj": 0.61866, "sup": 0.0, "lr": 0.0005, "time": 1790980528.92364}
{"type": "train", "epoch": 1181, "loss": 0.61865, "obj": 0.61865, "sup": 0.0, "lr": 0.0005, "time": 1790980529.21593}
{"type": "train", "epoch": 1182, "loss": 0.61885, "obj": 0.61885, "sup": 0.0, "lr": 0.0005, "time": 1790980529.49001}
{"type": "train", "epoch": 1183, "loss": 0.6181, "obj": 0.6181, "sup": 0.0, "lr": 0.0005, "time": 1790980529.77967}
{"type": "train", "epoch": 1184, "loss": 0.61797, "obj": 0.61797, "sup": 0.0, "lr": 0.0005, "time": 1790980530.09099}
{"type": "train", "epoch": 1185, "loss": 0.61799, "obj": 0.61799, "sup": 0.0, "lr": 0.0005, "time": 1790980530.39318}
{"type": "train", "epoch": 1186, "loss": 0.61724, "obj": 0.61724, "sup": 0.0, "lr": 0.0005, "time": 1790980530.73096}
{"type": "train", "epoch": 1187, "loss": 0.618, "obj": 0.618, "sup": 0.0, "lr": 0.0005, "time": 1790980531.00971}
{"type": "train", "epoch": 1188, "loss": 0.61802, "obj": 0.61802, "sup": 0.0, "lr": 0.0005, "time": 1790980531.30173}
{"type": "train", "epoch": 1189, "loss": 0.6173, "obj": 0.6173, "sup": 0.0, "lr": 0.0005, "time": 1790980531.61001}
{"type": "train", "epoch": 1190, "loss": 0.61763, "obj": 0.61763, "sup": 0.0, "lr": 0.0005, "time": 1790980531.90306}
{"type": "train", "epoch": 1191, "loss": 0.61781, "obj": 0.61781, "sup": 0.0, "lr": 0.0005, "time": 1790980532.18516}
{"type": "train", "epoch": 1192, "loss": 0.61679, "obj": 0.61679, "sup": 0.0, "lr": 0.0005, "time": 1790980532.53145}
{"type": "train", "epoch": 1193, "loss": 0.61842, "obj": 0.61842, "sup": 0.0, "lr": 0.0005, "time": 1790980532.81352}
{"type": "train", "epoch": 1194, "loss": 0.61718, "obj": 0.61718, "sup": 0.0, "lr": 0.0005, "time": 1790980533.11095}
{"type": "train", "epoch": 1195, "loss": 0.61744, "obj": 0.61744, "sup": 0.0, "lr": 0.0005, "time": 1790980533.43094}
{"type": "train", "epoch": 1196, "loss": 0.62182, "obj": 0.62182, "sup": 0.0, "lr": 0.0005, "time": 1790980533.72814}
{"type": "train", "epoch": 1197, "loss": 0.62659, "obj": 0.62659, "sup": 0.0, "lr": 0.0005, "time": 1790980534.02573}
{"type": "train", "epoch": 1198, "loss": 0.63462, "obj": 0.63462, "sup": 0.0, "lr": 0.0005, "time": 1790980534.32269}
{"type": "train", "epoch": 1199, "loss": 0.63164, "obj": 0.63164, "sup": 0.0, "lr": 0.0005, "time": 1790980534.60447}
{"type": "train", "epoch": 1200, "loss": 0.62869, "obj": 0.62869, "sup": 0.0, "lr": 0.0005, "time": 1790980535.90055, "train_resid_median": 0.78887, "train_resid_mean": 0.7864, "train_imag_median": 0.06562, "train_obj_median": 0.63037, "train_u_loss_to_label_median": 0.7042, "val_resid_median": 0.84766, "val_resid_mean": 0.84187, "val_imag_median": 0.07476, "val_obj_median": 0.72934, "val_u_loss_to_label_median": 0.73394}
{"type": "train", "epoch": 1201, "loss": 0.62648, "obj": 0.62648, "sup": 0.0, "lr": 0.0005, "time": 1790980536.19095}
{"type": "train", "epoch": 1202, "loss": 0.62467, "obj": 0.62467, "sup": 0.0, "lr": 0.0005, "time": 1790980536.50693}
{"type": "train", "epoch": 1203, "loss": 0.622, "obj": 0.622, "sup": 0.0, "lr": 0.0005, "time": 1790980536.81418}
{"type": "train", "epoch": 1204, "loss": 0.62092, "obj": 0.62092, "sup": 0.0, "lr": 0.0005, "time": 1790980537.07888}
{"type": "train", "epoch": 1205, "loss": 0.62031, "obj": 0.62031, "sup": 0.0, "lr": 0.0005, "time": 1790980537.37093}
{"type": "train", "epoch": 1206, "loss": 0.61921, "obj": 0.61921, "sup": 0.0, "lr": 0.0005, "time": 1790980537.66687}
{"type": "train", "epoch": 1207, "loss": 0.61882, "obj": 0.61882, "sup": 0.0, "lr": 0.0005, "time": 1790980537.95494}
{"type": "train", "epoch": 1208, "loss": 0.61867, "obj": 0.61867, "sup": 0.0, "lr": 0.0005, "time": 1790980538.23431}
{"type": "train", "epoch": 1209, "loss": 0.6191, "obj": 0.6191, "sup": 0.0, "lr": 0.0005, "time": 1790980538.55213}
{"type": "train", "epoch": 1210, "loss": 0.61957, "obj": 0.61957, "sup": 0.0, "lr": 0.0005, "time": 1790980538.85175}
{"type": "train", "epoch": 1211, "loss": 0.61796, "obj": 0.61796, "sup": 0.0, "lr": 0.0005, "time": 1790980539.15383}
{"type": "train", "epoch": 1212, "loss": 0.61746, "obj": 0.61746, "sup": 0.0, "lr": 0.0005, "time": 1790980539.49094}
{"type": "train", "epoch": 1213, "loss": 0.61638, "obj": 0.61638, "sup": 0.0, "lr": 0.0005, "time": 1790980539.80234}
{"type": "train", "epoch": 1214, "loss": 0.61737, "obj": 0.61737, "sup": 0.0, "lr": 0.0005, "time": 1790980540.09855}
{"type": "train", "epoch": 1215, "loss": 0.61828, "obj": 0.61828, "sup": 0.0, "lr": 0.0005, "time": 1790980540.38472}
{"type": "train", "epoch": 1216, "loss": 0.61549, "obj": 0.61549, "sup": 0.0, "lr": 0.0005, "time": 1790980540.67999}
{"type": "train", "epoch": 1217, "loss": 0.61557, "obj": 0.61557, "sup": 0.0, "lr": 0.0005, "time": 1790980540.99495}
{"type": "train", "epoch": 1218, "loss": 0.61666, "obj": 0.61666, "sup": 0.0, "lr": 0.0005, "time": 1790980541.2836}
{"type": "train", "epoch": 1219, "loss": 0.61641, "obj": 0.61641, "sup": 0.0, "lr": 0.0005, "time": 1790980541.55476}
{"type": "train", "epoch": 1220, "loss": 0.61561, "obj": 0.61561, "sup": 0.0, "lr": 0.0005, "time": 1790980541.81689}
{"type": "train", "epoch": 1221, "loss": 0.61462, "obj": 0.61462, "sup": 0.0, "lr": 0.0005, "time": 1790980542.07947}
{"type": "train", "epoch": 1222, "loss": 0.61616, "obj": 0.61616, "sup": 0.0, "lr": 0.0005, "time": 1790980542.34104}
{"type": "train", "epoch": 1223, "loss": 0.61594, "obj": 0.61594, "sup": 0.0, "lr": 0.0005, "time": 1790980542.61397}
{"type": "train", "epoch": 1224, "loss": 0.61418, "obj": 0.61418, "sup": 0.0, "lr": 0.0005, "time": 1790980542.91974}
{"type": "train", "epoch": 1225, "loss": 0.61493, "obj": 0.61493, "sup": 0.0, "lr": 0.0005, "time": 1790980543.34611}
{"type": "train", "epoch": 1226, "loss": 0.61387, "obj": 0.61387, "sup": 0.0, "lr": 0.0005, "time": 1790980543.60616}
{"type": "train", "epoch": 1227, "loss": 0.61206, "obj": 0.61206, "sup": 0.0, "lr": 0.0005, "time": 1790980543.86887}
{"type": "train", "epoch": 1228, "loss": 0.61246, "obj": 0.61246, "sup": 0.0, "lr": 0.0005, "time": 1790980544.13494}
{"type": "train", "epoch": 1229, "loss": 0.61124, "obj": 0.61124, "sup": 0.0, "lr": 0.0005, "time": 1790980544.43524}
{"type": "train", "epoch": 1230, "loss": 0.61114, "obj": 0.61114, "sup": 0.0, "lr": 0.0005, "time": 1790980544.69758}
{"type": "train", "epoch": 1231, "loss": 0.61215, "obj": 0.61215, "sup": 0.0, "lr": 0.0005, "time": 1790980544.98019}
{"type": "train", "epoch": 1232, "loss": 0.61126, "obj": 0.61126, "sup": 0.0, "lr": 0.0005, "time": 1790980545.29758}
{"type": "train", "epoch": 1233, "loss": 0.6121, "obj": 0.6121, "sup": 0.0, "lr": 0.0005, "time": 1790980545.65495}
{"type": "train", "epoch": 1234, "loss": 0.61366, "obj": 0.61366, "sup": 0.0, "lr": 0.0005, "time": 1790980546.01497}
{"type": "train", "epoch": 1235, "loss": 0.61736, "obj": 0.61736, "sup": 0.0, "lr": 0.0005, "time": 1790980546.36693}
{"type": "train", "epoch": 1236, "loss": 0.61196, "obj": 0.61196, "sup": 0.0, "lr": 0.0005, "time": 1790980546.71086}
{"type": "train", "epoch": 1237, "loss": 0.61147, "obj": 0.61147, "sup": 0.0, "lr": 0.0005, "time": 1790980547.03854}
{"type": "train", "epoch": 1238, "loss": 0.61275, "obj": 0.61275, "sup": 0.0, "lr": 0.0005, "time": 1790980547.37386}
{"type": "train", "epoch": 1239, "loss": 0.61261, "obj": 0.61261, "sup": 0.0, "lr": 0.0005, "time": 1790980547.69893}
{"type": "train", "epoch": 1240, "loss": 0.61183, "obj": 0.61183, "sup": 0.0, "lr": 0.0005, "time": 1790980548.03896}
{"type": "train", "epoch": 1241, "loss": 0.61161, "obj": 0.61161, "sup": 0.0, "lr": 0.0005, "time": 1790980548.35093}
{"type": "train", "epoch": 1242, "loss": 0.61036, "obj": 0.61036, "sup": 0.0, "lr": 0.0005, "time": 1790980548.69093}
{"type": "train", "epoch": 1243, "loss": 0.61087, "obj": 0.61087, "sup": 0.0, "lr": 0.0005, "time": 1790980549.0157}
{"type": "train", "epoch": 1244, "loss": 0.60991, "obj": 0.60991, "sup": 0.0, "lr": 0.0005, "time": 1790980549.38695}
{"type": "train", "epoch": 1245, "loss": 0.61069, "obj": 0.61069, "sup": 0.0, "lr": 0.0005, "time": 1790980549.72693}
{"type": "train", "epoch": 1246, "loss": 0.60891, "obj": 0.60891, "sup": 0.0, "lr": 0.0005, "time": 1790980550.06642}
{"type": "train", "epoch": 1247, "loss": 0.61023, "obj": 0.61023, "sup": 0.0, "lr": 0.0005, "time": 1790980550.41566}
{"type": "train", "epoch": 1248, "loss": 0.6088, "obj": 0.6088, "sup": 0.0, "lr": 0.0005, "time": 1790980550.7568}
{"type": "train", "epoch": 1249, "loss": 0.60889, "obj": 0.60889, "sup": 0.0, "lr": 0.0005, "time": 1790980551.08059}
{"type": "train", "epoch": 1250, "loss": 0.60827, "obj": 0.60827, "sup": 0.0, "lr": 0.0005, "time": 1790980552.2674, "train_resid_median": 0.77369, "train_resid_mean": 0.77106, "train_imag_median": 0.07833, "train_obj_median": 0.60838, "train_u_loss_to_label_median": 0.70315, "val_resid_median": 0.85625, "val_resid_mean": 0.84841, "val_imag_median": 0.08941, "val_obj_median": 0.74523, "val_u_loss_to_label_median": 0.74067}
{"type": "train", "epoch": 1251, "loss": 0.60734, "obj": 0.60734, "sup": 0.0, "lr": 0.0005, "time": 1790980552.53617}
{"type": "train", "epoch": 1252, "loss": 0.60909, "obj": 0.60909, "sup": 0.0, "lr": 0.0005, "time": 1790980552.85094}
{"type": "train", "epoch": 1253, "loss": 0.60806, "obj": 0.60806, "sup": 0.0, "lr": 0.0005, "time": 1790980553.20293}
{"type": "train", "epoch": 1254, "loss": 0.60783, "obj": 0.60783, "sup": 0.0, "lr": 0.0005, "time": 1790980553.49064}
{"type": "train", "epoch": 1255, "loss": 0.60729, "obj": 0.60729, "sup": 0.0, "lr": 0.0005, "time": 1790980553.83105}
{"type": "train", "epoch": 1256, "loss": 0.60763, "obj": 0.60763, "sup": 0.0, "lr": 0.0005, "time": 1790980554.16293}
{"type": "train", "epoch": 1257, "loss": 0.60716, "obj": 0.60716, "sup": 0.0, "lr": 0.0005, "time": 1790980554.49893}
{"type": "train", "epoch": 1258, "loss": 0.61013, "obj": 0.61013, "sup": 0.0, "lr": 0.0005, "time": 1790980554.82294}
{"type": "train", "epoch": 1259, "loss": 0.60596, "obj": 0.60596, "sup": 0.0, "lr": 0.0005, "time": 1790980555.15093}
{"type": "train", "epoch": 1260, "loss": 0.60824, "obj": 0.60824, "sup": 0.0, "lr": 0.0005, "time": 1790980555.4722}
{"type": "train", "epoch": 1261, "loss": 0.60618, "obj": 0.60618, "sup": 0.0, "lr": 0.0005, "time": 1790980555.79493}
{"type": "train", "epoch": 1262, "loss": 0.60865, "obj": 0.60865, "sup": 0.0, "lr": 0.0005, "time": 1790980556.11894}
{"type": "train", "epoch": 1263, "loss": 0.60427, "obj": 0.60427, "sup": 0.0, "lr": 0.0005, "time": 1790980556.43094}
{"type": "train", "epoch": 1264, "loss": 0.60538, "obj": 0.60538, "sup": 0.0, "lr": 0.0005, "time": 1790980556.76693}
{"type": "train", "epoch": 1265, "loss": 0.60494, "obj": 0.60494, "sup": 0.0, "lr": 0.0005, "time": 1790980557.08693}
{"type": "train", "epoch": 1266, "loss": 0.60359, "obj": 0.60359, "sup": 0.0, "lr": 0.0005, "time": 1790980557.40693}
{"type": "train", "epoch": 1267, "loss": 0.60478, "obj": 0.60478, "sup": 0.0, "lr": 0.0005, "time": 1790980557.72293}
{"type": "train", "epoch": 1268, "loss": 0.60271, "obj": 0.60271, "sup": 0.0, "lr": 0.0005, "time": 1790980558.05493}
{"type": "train", "epoch": 1269, "loss": 0.60483, "obj": 0.60483, "sup": 0.0, "lr": 0.0005, "time": 1790980558.39094}
{"type": "train", "epoch": 1270, "loss": 0.60501, "obj": 0.60501, "sup": 0.0, "lr": 0.0005, "time": 1790980558.73093}
{"type": "train", "epoch": 1271, "loss": 0.60359, "obj": 0.60359, "sup": 0.0, "lr": 0.0005, "time": 1790980559.04046}
{"type": "train", "epoch": 1272, "loss": 0.60382, "obj": 0.60382, "sup": 0.0, "lr": 0.0005, "time": 1790980559.37029}
{"type": "train", "epoch": 1273, "loss": 0.60391, "obj": 0.60391, "sup": 0.0, "lr": 0.0005, "time": 1790980559.67494}
{"type": "train", "epoch": 1274, "loss": 0.60403, "obj": 0.60403, "sup": 0.0, "lr": 0.0005, "time": 1790980560.02293}
{"type": "train", "epoch": 1275, "loss": 0.60229, "obj": 0.60229, "sup": 0.0, "lr": 0.0005, "time": 1790980560.30756}
{"type": "train", "epoch": 1276, "loss": 0.60428, "obj": 0.60428, "sup": 0.0, "lr": 0.0005, "time": 1790980560.58267}
{"type": "train", "epoch": 1277, "loss": 0.6048, "obj": 0.6048, "sup": 0.0, "lr": 0.0005, "time": 1790980560.86789}
{"type": "train", "epoch": 1278, "loss": 0.6044, "obj": 0.6044, "sup": 0.0, "lr": 0.0005, "time": 1790980561.14676}
{"type": "train", "epoch": 1279, "loss": 0.60389, "obj": 0.60389, "sup": 0.0, "lr": 0.0005, "time": 1790980561.44199}
{"type": "train", "epoch": 1280, "loss": 0.60259, "obj": 0.60259, "sup": 0.0, "lr": 0.0005, "time": 1790980561.7538}
{"type": "train", "epoch": 1281, "loss": 0.60332, "obj": 0.60332, "sup": 0.0, "lr": 0.0005, "time": 1790980562.05514}
{"type": "train", "epoch": 1282, "loss": 0.60233, "obj": 0.60233, "sup": 0.0, "lr": 0.0005, "time": 1790980562.33094}
{"type": "train", "epoch": 1283, "loss": 0.60035, "obj": 0.60035, "sup": 0.0, "lr": 0.0005, "time": 1790980562.63093}
{"type": "train", "epoch": 1284, "loss": 0.59955, "obj": 0.59955, "sup": 0.0, "lr": 0.0005, "time": 1790980562.93494}
{"type": "train", "epoch": 1285, "loss": 0.59889, "obj": 0.59889, "sup": 0.0, "lr": 0.0005, "time": 1790980563.20493}
{"type": "train", "epoch": 1286, "loss": 0.59875, "obj": 0.59875, "sup": 0.0, "lr": 0.0005, "time": 1790980563.51493}
{"type": "train", "epoch": 1287, "loss": 0.59794, "obj": 0.59794, "sup": 0.0, "lr": 0.0005, "time": 1790980563.80694}
{"type": "train", "epoch": 1288, "loss": 0.59905, "obj": 0.59905, "sup": 0.0, "lr": 0.0005, "time": 1790980564.09452}
{"type": "train", "epoch": 1289, "loss": 0.59768, "obj": 0.59768, "sup": 0.0, "lr": 0.0005, "time": 1790980564.37302}
{"type": "train", "epoch": 1290, "loss": 0.59773, "obj": 0.59773, "sup": 0.0, "lr": 0.0005, "time": 1790980564.66445}
{"type": "train", "epoch": 1291, "loss": 0.59904, "obj": 0.59904, "sup": 0.0, "lr": 0.0005, "time": 1790980564.96152}
{"type": "train", "epoch": 1292, "loss": 0.59893, "obj": 0.59893, "sup": 0.0, "lr": 0.0005, "time": 1790980565.27073}
{"type": "train", "epoch": 1293, "loss": 0.59809, "obj": 0.59809, "sup": 0.0, "lr": 0.0005, "time": 1790980565.56327}
{"type": "train", "epoch": 1294, "loss": 0.59655, "obj": 0.59655, "sup": 0.0, "lr": 0.0005, "time": 1790980565.87493}
{"type": "train", "epoch": 1295, "loss": 0.59822, "obj": 0.59822, "sup": 0.0, "lr": 0.0005, "time": 1790980566.16043}
{"type": "train", "epoch": 1296, "loss": 0.59839, "obj": 0.59839, "sup": 0.0, "lr": 0.0005, "time": 1790980566.45531}
{"type": "train", "epoch": 1297, "loss": 0.59881, "obj": 0.59881, "sup": 0.0, "lr": 0.0005, "time": 1790980566.75356}
{"type": "train", "epoch": 1298, "loss": 0.60118, "obj": 0.60118, "sup": 0.0, "lr": 0.0005, "time": 1790980567.04924}
{"type": "train", "epoch": 1299, "loss": 0.59743, "obj": 0.59743, "sup": 0.0, "lr": 0.0005, "time": 1790980567.36693}
{"type": "train", "epoch": 1300, "loss": 0.59627, "obj": 0.59627, "sup": 0.0, "lr": 0.0005, "time": 1790980568.56636, "train_resid_median": 0.76505, "train_resid_mean": 0.76334, "train_imag_median": 0.08613, "train_obj_median": 0.59734, "train_u_loss_to_label_median": 0.70451, "val_resid_median": 0.86264, "val_resid_mean": 0.8551, "val_imag_median": 0.09408, "val_obj_median": 0.75782, "val_u_loss_to_label_median": 0.74532}
{"type": "train", "epoch": 1301, "loss": 0.59548, "obj": 0.59548, "sup": 0.0, "lr": 0.0005, "time": 1790980568.86693}
{"type": "train", "epoch": 1302, "loss": 0.59484, "obj": 0.59484, "sup": 0.0, "lr": 0.0005, "time": 1790980569.13493}
{"type": "train", "epoch": 1303, "loss": 0.59466, "obj": 0.59466, "sup": 0.0, "lr": 0.0005, "time": 1790980569.43894}
{"type": "train", "epoch": 1304, "loss": 0.59369, "obj": 0.59369, "sup": 0.0, "lr": 0.0005, "time": 1790980569.72313}
{"type": "train", "epoch": 1305, "loss": 0.59437, "obj": 0.59437, "sup": 0.0, "lr": 0.0005, "time": 1790980570.01016}
{"type": "train", "epoch": 1306, "loss": 0.59392, "obj": 0.59392, "sup": 0.0, "lr": 0.0005, "time": 1790980570.31895}
{"type": "train", "epoch": 1307, "loss": 0.59725, "obj": 0.59725, "sup": 0.0, "lr": 0.0005, "time": 1790980570.61694}
{"type": "train", "epoch": 1308, "loss": 0.59423, "obj": 0.59423, "sup": 0.0, "lr": 0.0005, "time": 1790980570.90691}
{"type": "train", "epoch": 1309, "loss": 0.59713, "obj": 0.59713, "sup": 0.0, "lr": 0.0005, "time": 1790980571.18681}
{"type": "train", "epoch": 1310, "loss": 0.5991, "obj": 0.5991, "sup": 0.0, "lr": 0.0005, "time": 1790980571.49494}
{"type": "train", "epoch": 1311, "loss": 0.60354, "obj": 0.60354, "sup": 0.0, "lr": 0.0005, "time": 1790980571.78293}
{"type": "train", "epoch": 1312, "loss": 0.59781, "obj": 0.59781, "sup": 0.0, "lr": 0.0005, "time": 1790980572.06298}
{"type": "train", "epoch": 1313, "loss": 0.59561, "obj": 0.59561, "sup": 0.0, "lr": 0.0005, "time": 1790980572.33602}
{"type": "train", "epoch": 1314, "loss": 0.59523, "obj": 0.59523, "sup": 0.0, "lr": 0.0005, "time": 1790980572.61499}
{"type": "train", "epoch": 1315, "loss": 0.59349, "obj": 0.59349, "sup": 0.0, "lr": 0.0005, "time": 1790980572.88711}
{"type": "train", "epoch": 1316, "loss": 0.595, "obj": 0.595, "sup": 0.0, "lr": 0.0005, "time": 1790980573.18696}
{"type": "train", "epoch": 1317, "loss": 0.5945, "obj": 0.5945, "sup": 0.0, "lr": 0.0005, "time": 1790980573.48082}
{"type": "train", "epoch": 1318, "loss": 0.59533, "obj": 0.59533, "sup": 0.0, "lr": 0.0005, "time": 1790980573.78251}
{"type": "train", "epoch": 1319, "loss": 0.59571, "obj": 0.59571, "sup": 0.0, "lr": 0.0005, "time": 1790980574.07791}
{"type": "train", "epoch": 1320, "loss": 0.59361, "obj": 0.59361, "sup": 0.0, "lr": 0.0005, "time": 1790980574.3677}
{"type": "train", "epoch": 1321, "loss": 0.59206, "obj": 0.59206, "sup": 0.0, "lr": 0.0005, "time": 1790980574.69894}
{"type": "train", "epoch": 1322, "loss": 0.593, "obj": 0.593, "sup": 0.0, "lr": 0.0005, "time": 1790980574.99884}
{"type": "train", "epoch": 1323, "loss": 0.59511, "obj": 0.59511, "sup": 0.0, "lr": 0.0005, "time": 1790980575.28294}
{"type": "train", "epoch": 1324, "loss": 0.5929, "obj": 0.5929, "sup": 0.0, "lr": 0.0005, "time": 1790980575.59093}
{"type": "train", "epoch": 1325, "loss": 0.59317, "obj": 0.59317, "sup": 0.0, "lr": 0.0005, "time": 1790980575.91257}
{"type": "train", "epoch": 1326, "loss": 0.5947, "obj": 0.5947, "sup": 0.0, "lr": 0.0005, "time": 1790980576.1914}
{"type": "train", "epoch": 1327, "loss": 0.59329, "obj": 0.59329, "sup": 0.0, "lr": 0.0005, "time": 1790980576.45119}
{"type": "train", "epoch": 1328, "loss": 0.59347, "obj": 0.59347, "sup": 0.0, "lr": 0.0005, "time": 1790980576.7496}
{"type": "train", "epoch": 1329, "loss": 0.5949, "obj": 0.5949, "sup": 0.0, "lr": 0.0005, "time": 1790980577.07494}
{"type": "train", "epoch": 1330, "loss": 0.59293, "obj": 0.59293, "sup": 0.0, "lr": 0.0005, "time": 1790980577.39018}
{"type": "train", "epoch": 1331, "loss": 0.59252, "obj": 0.59252, "sup": 0.0, "lr": 0.0005, "time": 1790980577.70292}
{"type": "train", "epoch": 1332, "loss": 0.59202, "obj": 0.59202, "sup": 0.0, "lr": 0.0005, "time": 1790980578.00743}
{"type": "train", "epoch": 1333, "loss": 0.59027, "obj": 0.59027, "sup": 0.0, "lr": 0.0005, "time": 1790980578.30694}
{"type": "train", "epoch": 1334, "loss": 0.58868, "obj": 0.58868, "sup": 0.0, "lr": 0.0005, "time": 1790980578.6081}
{"type": "train", "epoch": 1335, "loss": 0.58759, "obj": 0.58759, "sup": 0.0, "lr": 0.0005, "time": 1790980578.91092}
{"type": "train", "epoch": 1336, "loss": 0.59008, "obj": 0.59008, "sup": 0.0, "lr": 0.0005, "time": 1790980579.19533}
{"type": "train", "epoch": 1337, "loss": 0.58727, "obj": 0.58727, "sup": 0.0, "lr": 0.0005, "time": 1790980579.48762}
{"type": "train", "epoch": 1338, "loss": 0.58755, "obj": 0.58755, "sup": 0.0, "lr": 0.0005, "time": 1790980579.7608}
{"type": "train", "epoch": 1339, "loss": 0.58655, "obj": 0.58655, "sup": 0.0, "lr": 0.0005, "time": 1790980580.07287}
{"type": "train", "epoch": 1340, "loss": 0.58836, "obj": 0.58836, "sup": 0.0, "lr": 0.0005, "time": 1790980580.34655}
{"type": "train", "epoch": 1341, "loss": 0.58674, "obj": 0.58674, "sup": 0.0, "lr": 0.0005, "time": 1790980580.61001}
{"type": "train", "epoch": 1342, "loss": 0.58944, "obj": 0.58944, "sup": 0.0, "lr": 0.0005, "time": 1790980580.87397}
{"type": "train", "epoch": 1343, "loss": 0.58863, "obj": 0.58863, "sup": 0.0, "lr": 0.0005, "time": 1790980581.13877}
{"type": "train", "epoch": 1344, "loss": 0.58728, "obj": 0.58728, "sup": 0.0, "lr": 0.0005, "time": 1790980581.39977}
{"type": "train", "epoch": 1345, "loss": 0.59005, "obj": 0.59005, "sup": 0.0, "lr": 0.0005, "time": 1790980581.65924}
{"type": "train", "epoch": 1346, "loss": 0.59023, "obj": 0.59023, "sup": 0.0, "lr": 0.0005, "time": 1790980581.9245}
{"type": "train", "epoch": 1347, "loss": 0.58623, "obj": 0.58623, "sup": 0.0, "lr": 0.0005, "time": 1790980582.18807}
{"type": "train", "epoch": 1348, "loss": 0.58589, "obj": 0.58589, "sup": 0.0, "lr": 0.0005, "time": 1790980582.45138}
{"type": "train", "epoch": 1349, "loss": 0.58449, "obj": 0.58449, "sup": 0.0, "lr": 0.0005, "time": 1790980582.71404}
{"type": "train", "epoch": 1350, "loss": 0.58351, "obj": 0.58351, "sup": 0.0, "lr": 0.0005, "time": 1790980583.84428, "train_resid_median": 0.75176, "train_resid_mean": 0.75308, "train_imag_median": 0.09206, "train_obj_median": 0.57925, "train_u_loss_to_label_median": 0.70309, "val_resid_median": 0.86688, "val_resid_mean": 0.86022, "val_imag_median": 0.10117, "val_obj_median": 0.76923, "val_u_loss_to_label_median": 0.7459}
{"type": "train", "epoch": 1351, "loss": 0.58541, "obj": 0.58541, "sup": 0.0, "lr": 0.0005, "time": 1790980584.11481}
{"type": "train", "epoch": 1352, "loss": 0.5842, "obj": 0.5842, "sup": 0.0, "lr": 0.0005, "time": 1790980584.41893}
{"type": "train", "epoch": 1353, "loss": 0.5852, "obj": 0.5852, "sup": 0.0, "lr": 0.0005, "time": 1790980584.73022}
{"type": "train", "epoch": 1354, "loss": 0.58455, "obj": 0.58455, "sup": 0.0, "lr": 0.0005, "time": 1790980585.07494}
{"type": "train", "epoch": 1355, "loss": 0.58302, "obj": 0.58302, "sup": 0.0, "lr": 0.0005, "time": 1790980585.37493}
{"type": "train", "epoch": 1356, "loss": 0.58258, "obj": 0.58258, "sup": 0.0, "lr": 0.0005, "time": 1790980585.66389}
{"type": "train", "epoch": 1357, "loss": 0.58387, "obj": 0.58387, "sup": 0.0, "lr": 0.0005, "time": 1790980585.97494}
{"type": "train", "epoch": 1358, "loss": 0.58506, "obj": 0.58506, "sup": 0.0, "lr": 0.0005, "time": 1790980586.27093}
{"type": "train", "epoch": 1359, "loss": 0.58258, "obj": 0.58258, "sup": 0.0, "lr": 0.0005, "time": 1790980586.57894}
{"type": "train", "epoch": 1360, "loss": 0.58095, "obj": 0.58095, "sup": 0.0, "lr": 0.0005, "time": 1790980586.88018}
{"type": "train", "epoch": 1361, "loss": 0.58151, "obj": 0.58151, "sup": 0.0, "lr": 0.0005, "time": 1790980587.17495}
{"type": "train", "epoch": 1362, "loss": 0.58074, "obj": 0.58074, "sup": 0.0, "lr": 0.0005, "time": 1790980587.47146}
{"type": "train", "epoch": 1363, "loss": 0.58195, "obj": 0.58195, "sup": 0.0, "lr": 0.0005, "time": 1790980587.77566}
{"type": "train", "epoch": 1364, "loss": 0.58069, "obj": 0.58069, "sup": 0.0, "lr": 0.0005, "time": 1790980588.07095}
{"type": "train", "epoch": 1365, "loss": 0.58281, "obj": 0.58281, "sup": 0.0, "lr": 0.0005, "time": 1790980588.37726}
{"type": "train", "epoch": 1366, "loss": 0.58612, "obj": 0.58612, "sup": 0.0, "lr": 0.0005, "time": 1790980588.71485}
{"type": "train", "epoch": 1367, "loss": 0.58433, "obj": 0.58433, "sup": 0.0, "lr": 0.0005, "time": 1790980589.02685}
{"type": "train", "epoch": 1368, "loss": 0.58911, "obj": 0.58911, "sup": 0.0, "lr": 0.0005, "time": 1790980589.31871}
{"type": "train", "epoch": 1369, "loss": 0.58345, "obj": 0.58345, "sup": 0.0, "lr": 0.0005, "time": 1790980589.61734}
{"type": "train", "epoch": 1370, "loss": 0.58156, "obj": 0.58156, "sup": 0.0, "lr": 0.0005, "time": 1790980589.9273}
{"type": "train", "epoch": 1371, "loss": 0.58283, "obj": 0.58283, "sup": 0.0, "lr": 0.0005, "time": 1790980590.22694}
{"type": "train", "epoch": 1372, "loss": 0.57932, "obj": 0.57932, "sup": 0.0, "lr": 0.0005, "time": 1790980590.52139}
{"type": "train", "epoch": 1373, "loss": 0.58039, "obj": 0.58039, "sup": 0.0, "lr": 0.0005, "time": 1790980590.80695}
{"type": "train", "epoch": 1374, "loss": 0.58372, "obj": 0.58372, "sup": 0.0, "lr": 0.0005, "time": 1790980591.12255}
{"type": "train", "epoch": 1375, "loss": 0.57919, "obj": 0.57919, "sup": 0.0, "lr": 0.0005, "time": 1790980591.41094}
{"type": "train", "epoch": 1376, "loss": 0.57883, "obj": 0.57883, "sup": 0.0, "lr": 0.0005, "time": 1790980591.72293}
{"type": "train", "epoch": 1377, "loss": 0.57936, "obj": 0.57936, "sup": 0.0, "lr": 0.0005, "time": 1790980592.00087}
{"type": "train", "epoch": 1378, "loss": 0.58077, "obj": 0.58077, "sup": 0.0, "lr": 0.0005, "time": 1790980592.27893}
{"type": "train", "epoch": 1379, "loss": 0.57498, "obj": 0.57498, "sup": 0.0, "lr": 0.0005, "time": 1790980592.55221}
{"type": "train", "epoch": 1380, "loss": 0.57784, "obj": 0.57784, "sup": 0.0, "lr": 0.0005, "time": 1790980592.81231}
{"type": "train", "epoch": 1381, "loss": 0.5765, "obj": 0.5765, "sup": 0.0, "lr": 0.0005, "time": 1790980593.07229}
{"type": "train", "epoch": 1382, "loss": 0.57777, "obj": 0.57777, "sup": 0.0, "lr": 0.0005, "time": 1790980593.33216}
{"type": "train", "epoch": 1383, "loss": 0.57539, "obj": 0.57539, "sup": 0.0, "lr": 0.0005, "time": 1790980593.59264}
{"type": "train", "epoch": 1384, "loss": 0.5768, "obj": 0.5768, "sup": 0.0, "lr": 0.0005, "time": 1790980593.85285}
{"type": "train", "epoch": 1385, "loss": 0.57664, "obj": 0.57664, "sup": 0.0, "lr": 0.0005, "time": 1790980594.11579}
{"type": "train", "epoch": 1386, "loss": 0.57285, "obj": 0.57285, "sup": 0.0, "lr": 0.0005, "time": 1790980594.37725}
{"type": "train", "epoch": 1387, "loss": 0.57291, "obj": 0.57291, "sup": 0.0, "lr": 0.0005, "time": 1790980594.63769}
{"type": "train", "epoch": 1388, "loss": 0.57312, "obj": 0.57312, "sup": 0.0, "lr": 0.0005, "time": 1790980594.89933}
{"type": "train", "epoch": 1389, "loss": 0.57553, "obj": 0.57553, "sup": 0.0, "lr": 0.0005, "time": 1790980595.16092}
{"type": "train", "epoch": 1390, "loss": 0.57038, "obj": 0.57038, "sup": 0.0, "lr": 0.0005, "time": 1790980595.42807}
{"type": "train", "epoch": 1391, "loss": 0.57144, "obj": 0.57144, "sup": 0.0, "lr": 0.0005, "time": 1790980595.70125}
{"type": "train", "epoch": 1392, "loss": 0.57166, "obj": 0.57166, "sup": 0.0, "lr": 0.0005, "time": 1790980595.9773}
{"type": "train", "epoch": 1393, "loss": 0.57502, "obj": 0.57502, "sup": 0.0, "lr": 0.0005, "time": 1790980596.25631}
{"type": "train", "epoch": 1394, "loss": 0.57148, "obj": 0.57148, "sup": 0.0, "lr": 0.0005, "time": 1790980596.53506}
{"type": "train", "epoch": 1395, "loss": 0.574, "obj": 0.574, "sup": 0.0, "lr": 0.0005, "time": 1790980596.81072}
{"type": "train", "epoch": 1396, "loss": 0.57946, "obj": 0.57946, "sup": 0.0, "lr": 0.0005, "time": 1790980597.08307}
{"type": "train", "epoch": 1397, "loss": 0.57376, "obj": 0.57376, "sup": 0.0, "lr": 0.0005, "time": 1790980597.35029}
{"type": "train", "epoch": 1398, "loss": 0.57409, "obj": 0.57409, "sup": 0.0, "lr": 0.0005, "time": 1790980597.62995}
{"type": "train", "epoch": 1399, "loss": 0.57414, "obj": 0.57414, "sup": 0.0, "lr": 0.0005, "time": 1790980597.97394}
{"type": "train", "epoch": 1400, "loss": 0.57138, "obj": 0.57138, "sup": 0.0, "lr": 0.0005, "time": 1790980599.20127, "train_resid_median": 0.74024, "train_resid_mean": 0.74413, "train_imag_median": 0.09243, "train_obj_median": 0.56141, "train_u_loss_to_label_median": 0.70431, "val_resid_median": 0.87858, "val_resid_mean": 0.86953, "val_imag_median": 0.10056, "val_obj_median": 0.79212, "val_u_loss_to_label_median": 0.75412}
{"type": "train", "epoch": 1401, "loss": 0.57055, "obj": 0.57055, "sup": 0.0, "lr": 0.0005, "time": 1790980599.50695}
{"type": "train", "epoch": 1402, "loss": 0.5709, "obj": 0.5709, "sup": 0.0, "lr": 0.0005, "time": 1790980599.7676}
{"type": "train", "epoch": 1403, "loss": 0.56696, "obj": 0.56696, "sup": 0.0, "lr": 0.0005, "time": 1790980600.0686}
{"type": "train", "epoch": 1404, "loss": 0.57018, "obj": 0.57018, "sup": 0.0, "lr": 0.0005, "time": 1790980600.39071}
{"type": "train", "epoch": 1405, "loss": 0.56714, "obj": 0.56714, "sup": 0.0, "lr": 0.0005, "time": 1790980600.66991}
{"type": "train", "epoch": 1406, "loss": 0.56809, "obj": 0.56809, "sup": 0.0, "lr": 0.0005, "time": 1790980600.95625}
{"type": "train", "epoch": 1407, "loss": 0.56944, "obj": 0.56944, "sup": 0.0, "lr": 0.0005, "time": 1790980601.25094}
{"type": "train", "epoch": 1408, "loss": 0.56878, "obj": 0.56878, "sup": 0.0, "lr": 0.0005, "time": 1790980601.52076}
{"type": "train", "epoch": 1409, "loss": 0.56887, "obj": 0.56887, "sup": 0.0, "lr": 0.0005, "time": 1790980601.85817}
{"type": "train", "epoch": 1410, "loss": 0.5649, "obj": 0.5649, "sup": 0.0, "lr": 0.0005, "time": 1790980602.12982}
{"type": "train", "epoch": 1411, "loss": 0.58211, "obj": 0.58211, "sup": 0.0, "lr": 0.0005, "time": 1790980602.40034}
{"type": "train", "epoch": 1412, "loss": 0.56968, "obj": 0.56968, "sup": 0.0, "lr": 0.0005, "time": 1790980602.70096}
{"type": "train", "epoch": 1413, "loss": 0.57556, "obj": 0.57556, "sup": 0.0, "lr": 0.0005, "time": 1790980603.00086}
{"type": "train", "epoch": 1414, "loss": 0.60543, "obj": 0.60543, "sup": 0.0, "lr": 0.0005, "time": 1790980603.28849}
{"type": "train", "epoch": 1415, "loss": 0.58317, "obj": 0.58317, "sup": 0.0, "lr": 0.0005, "time": 1790980603.58436}
{"type": "train", "epoch": 1416, "loss": 0.5764, "obj": 0.5764, "sup": 0.0, "lr": 0.0005, "time": 1790980603.85611}
{"type": "train", "epoch": 1417, "loss": 0.56967, "obj": 0.56967, "sup": 0.0, "lr": 0.0005, "time": 1790980604.14583}
{"type": "train", "epoch": 1418, "loss": 0.56724, "obj": 0.56724, "sup": 0.0, "lr": 0.0005, "time": 1790980604.45094}
{"type": "train", "epoch": 1419, "loss": 0.56667, "obj": 0.56667, "sup": 0.0, "lr": 0.0005, "time": 1790980604.73304}
{"type": "train", "epoch": 1420, "loss": 0.56637, "obj": 0.56637, "sup": 0.0, "lr": 0.0005, "time": 1790980605.01718}
{"type": "train", "epoch": 1421, "loss": 0.5641, "obj": 0.5641, "sup": 0.0, "lr": 0.0005, "time": 1790980605.32825}
{"type": "train", "epoch": 1422, "loss": 0.5892, "obj": 0.5892, "sup": 0.0, "lr": 0.0005, "time": 1790980605.61656}
{"type": "train", "epoch": 1423, "loss": 0.56722, "obj": 0.56722, "sup": 0.0, "lr": 0.0005, "time": 1790980605.89069}
{"type": "train", "epoch": 1424, "loss": 0.56748, "obj": 0.56748, "sup": 0.0, "lr": 0.0005, "time": 1790980606.17917}
{"type": "train", "epoch": 1425, "loss": 0.56439, "obj": 0.56439, "sup": 0.0, "lr": 0.0005, "time": 1790980606.50714}
{"type": "train", "epoch": 1426, "loss": 0.56334, "obj": 0.56334, "sup": 0.0, "lr": 0.0005, "time": 1790980606.79532}
{"type": "train", "epoch": 1427, "loss": 0.56394, "obj": 0.56394, "sup": 0.0, "lr": 0.0005, "time": 1790980607.12297}
{"type": "train", "epoch": 1428, "loss": 0.56818, "obj": 0.56818, "sup": 0.0, "lr": 0.0005, "time": 1790980607.38863}
{"type": "train", "epoch": 1429, "loss": 0.56642, "obj": 0.56642, "sup": 0.0, "lr": 0.0005, "time": 1790980607.70599}
{"type": "train", "epoch": 1430, "loss": 0.56701, "obj": 0.56701, "sup": 0.0, "lr": 0.0005, "time": 1790980607.99902}
{"type": "train", "epoch": 1431, "loss": 0.57301, "obj": 0.57301, "sup": 0.0, "lr": 0.0005, "time": 1790980608.32304}
{"type": "train", "epoch": 1432, "loss": 0.56837, "obj": 0.56837, "sup": 0.0, "lr": 0.0005, "time": 1790980608.68299}
{"type": "train", "epoch": 1433, "loss": 0.56948, "obj": 0.56948, "sup": 0.0, "lr": 0.0005, "time": 1790980608.98697}
{"type": "train", "epoch": 1434, "loss": 0.5649, "obj": 0.5649, "sup": 0.0, "lr": 0.0005, "time": 1790980609.26031}
{"type": "train", "epoch": 1435, "loss": 0.56955, "obj": 0.56955, "sup": 0.0, "lr": 0.0005, "time": 1790980609.57498}
{"type": "train", "epoch": 1436, "loss": 0.56712, "obj": 0.56712, "sup": 0.0, "lr": 0.0005, "time": 1790980609.87897}
{"type": "train", "epoch": 1437, "loss": 0.56403, "obj": 0.56403, "sup": 0.0, "lr": 0.0005, "time": 1790980610.18906}
{"type": "train", "epoch": 1438, "loss": 0.57104, "obj": 0.57104, "sup": 0.0, "lr": 0.0005, "time": 1790980610.48532}
{"type": "train", "epoch": 1439, "loss": 0.57003, "obj": 0.57003, "sup": 0.0, "lr": 0.0005, "time": 1790980610.76203}
{"type": "train", "epoch": 1440, "loss": 0.56763, "obj": 0.56763, "sup": 0.0, "lr": 0.0005, "time": 1790980611.04527}
{"type": "train", "epoch": 1441, "loss": 0.56382, "obj": 0.56382, "sup": 0.0, "lr": 0.0005, "time": 1790980611.32737}
{"type": "train", "epoch": 1442, "loss": 0.56385, "obj": 0.56385, "sup": 0.0, "lr": 0.0005, "time": 1790980611.61247}
{"type": "train", "epoch": 1443, "loss": 0.56949, "obj": 0.56949, "sup": 0.0, "lr": 0.0005, "time": 1790980611.9245}
{"type": "train", "epoch": 1444, "loss": 0.5702, "obj": 0.5702, "sup": 0.0, "lr": 0.0005, "time": 1790980612.20292}
{"type": "train", "epoch": 1445, "loss": 0.56522, "obj": 0.56522, "sup": 0.0, "lr": 0.0005, "time": 1790980612.479}
{"type": "train", "epoch": 1446, "loss": 0.56794, "obj": 0.56794, "sup": 0.0, "lr": 0.0005, "time": 1790980612.80903}
{"type": "train", "epoch": 1447, "loss": 0.56811, "obj": 0.56811, "sup": 0.0, "lr": 0.0005, "time": 1790980613.14092}
{"type": "train", "epoch": 1448, "loss": 0.5636, "obj": 0.5636, "sup": 0.0, "lr": 0.0005, "time": 1790980613.47097}
{"type": "train", "epoch": 1449, "loss": 0.56504, "obj": 0.56504, "sup": 0.0, "lr": 0.0005, "time": 1790980613.77043}
{"type": "train", "epoch": 1450, "loss": 0.57014, "obj": 0.57014, "sup": 0.0, "lr": 0.0005, "time": 1790980615.00562, "train_resid_median": 0.73308, "train_resid_mean": 0.73812, "train_imag_median": 0.09704, "train_obj_median": 0.55446, "train_u_loss_to_label_median": 0.69791, "val_resid_median": 0.88175, "val_resid_mean": 0.87052, "val_imag_median": 0.10575, "val_obj_median": 0.79666, "val_u_loss_to_label_median": 0.75306}
{"type": "train", "epoch": 1451, "loss": 0.56396, "obj": 0.56396, "sup": 0.0, "lr": 0.0005, "time": 1790980615.27846}
{"type": "train", "epoch": 1452, "loss": 0.55975, "obj": 0.55975, "sup": 0.0, "lr": 0.0005, "time": 1790980615.54944}
{"type": "train", "epoch": 1453, "loss": 0.56217, "obj": 0.56217, "sup": 0.0, "lr": 0.0005, "time": 1790980615.82116}
{"type": "train", "epoch": 1454, "loss": 0.5609, "obj": 0.5609, "sup": 0.0, "lr": 0.0005, "time": 1790980616.0898}
{"type": "train", "epoch": 1455, "loss": 0.56173, "obj": 0.56173, "sup": 0.0, "lr": 0.0005, "time": 1790980616.41498}
{"type": "train", "epoch": 1456, "loss": 0.56081, "obj": 0.56081, "sup": 0.0, "lr": 0.0005, "time": 1790980616.71614}
{"type": "train", "epoch": 1457, "loss": 0.56536, "obj": 0.56536, "sup": 0.0, "lr": 0.0005, "time": 1790980617.01745}
{"type": "train", "epoch": 1458, "loss": 0.55995, "obj": 0.55995, "sup": 0.0, "lr": 0.0005, "time": 1790980617.3462}
{"type": "train", "epoch": 1459, "loss": 0.55803, "obj": 0.55803, "sup": 0.0, "lr": 0.0005, "time": 1790980617.63463}
{"type": "train", "epoch": 1460, "loss": 0.55729, "obj": 0.55729, "sup": 0.0, "lr": 0.0005, "time": 1790980617.92177}
{"type": "train", "epoch": 1461, "loss": 0.55499, "obj": 0.55499, "sup": 0.0, "lr": 0.0005, "time": 1790980618.19138}
{"type": "train", "epoch": 1462, "loss": 0.55648, "obj": 0.55648, "sup": 0.0, "lr": 0.0005, "time": 1790980618.47342}
{"type": "train", "epoch": 1463, "loss": 0.55478, "obj": 0.55478, "sup": 0.0, "lr": 0.0005, "time": 1790980618.75087}
{"type": "train", "epoch": 1464, "loss": 0.55401, "obj": 0.55401, "sup": 0.0, "lr": 0.0005, "time": 1790980619.03355}
{"type": "train", "epoch": 1465, "loss": 0.55316, "obj": 0.55316, "sup": 0.0, "lr": 0.0005, "time": 1790980619.35493}
{"type": "train", "epoch": 1466, "loss": 0.55298, "obj": 0.55298, "sup": 0.0, "lr": 0.0005, "time": 1790980619.68168}
{"type": "train", "epoch": 1467, "loss": 0.55696, "obj": 0.55696, "sup": 0.0, "lr": 0.0005, "time": 1790980619.97622}
{"type": "train", "epoch": 1468, "loss": 0.55317, "obj": 0.55317, "sup": 0.0, "lr": 0.0005, "time": 1790980620.27952}
{"type": "train", "epoch": 1469, "loss": 0.55133, "obj": 0.55133, "sup": 0.0, "lr": 0.0005, "time": 1790980620.5659}
{"type": "train", "epoch": 1470, "loss": 0.55021, "obj": 0.55021, "sup": 0.0, "lr": 0.0005, "time": 1790980620.87505}
{"type": "train", "epoch": 1471, "loss": 0.5484, "obj": 0.5484, "sup": 0.0, "lr": 0.0005, "time": 1790980621.17974}
{"type": "train", "epoch": 1472, "loss": 0.55076, "obj": 0.55076, "sup": 0.0, "lr": 0.0005, "time": 1790980621.48772}
{"type": "train", "epoch": 1473, "loss": 0.54768, "obj": 0.54768, "sup": 0.0, "lr": 0.0005, "time": 1790980621.77719}
{"type": "train", "epoch": 1474, "loss": 0.54776, "obj": 0.54776, "sup": 0.0, "lr": 0.0005, "time": 1790980622.08348}
{"type": "train", "epoch": 1475, "loss": 0.54793, "obj": 0.54793, "sup": 0.0, "lr": 0.0005, "time": 1790980622.38701}
{"type": "train", "epoch": 1476, "loss": 0.54748, "obj": 0.54748, "sup": 0.0, "lr": 0.0005, "time": 1790980622.6961}
{"type": "train", "epoch": 1477, "loss": 0.54619, "obj": 0.54619, "sup": 0.0, "lr": 0.0005, "time": 1790980622.98749}
{"type": "train", "epoch": 1478, "loss": 0.54443, "obj": 0.54443, "sup": 0.0, "lr": 0.0005, "time": 1790980623.28286}
{"type": "train", "epoch": 1479, "loss": 0.54564, "obj": 0.54564, "sup": 0.0, "lr": 0.0005, "time": 1790980623.56299}
{"type": "train", "epoch": 1480, "loss": 0.54422, "obj": 0.54422, "sup": 0.0, "lr": 0.0005, "time": 1790980623.87673}
{"type": "train", "epoch": 1481, "loss": 0.54458, "obj": 0.54458, "sup": 0.0, "lr": 0.0005, "time": 1790980624.16689}
{"type": "train", "epoch": 1482, "loss": 0.54832, "obj": 0.54832, "sup": 0.0, "lr": 0.0005, "time": 1790980624.44913}
{"type": "train", "epoch": 1483, "loss": 0.54752, "obj": 0.54752, "sup": 0.0, "lr": 0.0005, "time": 1790980624.74807}
{"type": "train", "epoch": 1484, "loss": 0.54725, "obj": 0.54725, "sup": 0.0, "lr": 0.0005, "time": 1790980625.03996}
{"type": "train", "epoch": 1485, "loss": 0.54729, "obj": 0.54729, "sup": 0.0, "lr": 0.0005, "time": 1790980625.33953}
{"type": "train", "epoch": 1486, "loss": 0.54734, "obj": 0.54734, "sup": 0.0, "lr": 0.0005, "time": 1790980625.69508}
{"type": "train", "epoch": 1487, "loss": 0.54781, "obj": 0.54781, "sup": 0.0, "lr": 0.0005, "time": 1790980626.04223}
{"type": "train", "epoch": 1488, "loss": 0.54413, "obj": 0.54413, "sup": 0.0, "lr": 0.0005, "time": 1790980626.36758}
{"type": "train", "epoch": 1489, "loss": 0.54427, "obj": 0.54427, "sup": 0.0, "lr": 0.0005, "time": 1790980626.67954}
{"type": "train", "epoch": 1490, "loss": 0.54869, "obj": 0.54869, "sup": 0.0, "lr": 0.0005, "time": 1790980626.95598}
{"type": "train", "epoch": 1491, "loss": 0.54801, "obj": 0.54801, "sup": 0.0, "lr": 0.0005, "time": 1790980627.22681}
{"type": "train", "epoch": 1492, "loss": 0.54737, "obj": 0.54737, "sup": 0.0, "lr": 0.0005, "time": 1790980627.49545}
{"type": "train", "epoch": 1493, "loss": 0.54615, "obj": 0.54615, "sup": 0.0, "lr": 0.0005, "time": 1790980627.76573}
{"type": "train", "epoch": 1494, "loss": 0.54849, "obj": 0.54849, "sup": 0.0, "lr": 0.0005, "time": 1790980628.03518}
{"type": "train", "epoch": 1495, "loss": 0.54941, "obj": 0.54941, "sup": 0.0, "lr": 0.0005, "time": 1790980628.30404}
{"type": "train", "epoch": 1496, "loss": 0.5463, "obj": 0.5463, "sup": 0.0, "lr": 0.0005, "time": 1790980628.57307}
{"type": "train", "epoch": 1497, "loss": 0.543, "obj": 0.543, "sup": 0.0, "lr": 0.0005, "time": 1790980628.84292}
{"type": "train", "epoch": 1498, "loss": 0.54627, "obj": 0.54627, "sup": 0.0, "lr": 0.0005, "time": 1790980629.11258}
{"type": "train", "epoch": 1499, "loss": 0.54879, "obj": 0.54879, "sup": 0.0, "lr": 0.0005, "time": 1790980629.38194}
{"type": "train", "epoch": 1500, "loss": 0.5496, "obj": 0.5496, "sup": 0.0, "lr": 0.0005, "time": 1790980630.90684, "train_resid_median": 0.72063, "train_resid_mean": 0.72469, "train_imag_median": 0.09473, "train_obj_median": 0.5355, "train_u_loss_to_label_median": 0.68849, "val_resid_median": 0.88985, "val_resid_mean": 0.87766, "val_imag_median": 0.10732, "val_obj_median": 0.81453, "val_u_loss_to_label_median": 0.75289}
{"type": "done", "best_val_resid_median": 0.82758, "time": 1790980631.03118}
