{"type": "start", "n_params": 3248757, "n_train": 16, "n_val": 141, "steps": 3000, "time": 1790983454.25709}
{"type": "eval", "epoch": 0, "train_resid_median": 1.09279, "train_resid_mean": 1.09338, "train_imag_median": 0.22947, "train_obj_median": 1.25822, "train_u_loss_to_label_median": 0.72185, "val_resid_median": 1.09973, "val_resid_mean": 1.09498, "val_imag_median": 0.22701, "val_obj_median": 1.26993, "val_u_loss_to_label_median": 0.73381, "time": 1790983455.45676}
{"type": "train", "epoch": 1, "loss": 1.23925, "obj": 1.23925, "sup": 0.0, "lr": 2e-05, "time": 1790983455.85584}
{"type": "train", "epoch": 2, "loss": 1.11358, "obj": 1.11358, "sup": 0.0, "lr": 3e-05, "time": 1790983456.10864}
{"type": "train", "epoch": 3, "loss": 0.95056, "obj": 0.95056, "sup": 0.0, "lr": 4e-05, "time": 1790983456.36613}
{"type": "train", "epoch": 4, "loss": 0.81972, "obj": 0.81972, "sup": 0.0, "lr": 4e-05, "time": 1790983456.63148}
{"type": "train", "epoch": 5, "loss": 0.82716, "obj": 0.82716, "sup": 0.0, "lr": 6e-05, "time": 1790983456.89062}
{"type": "train", "epoch": 6, "loss": 0.90082, "obj": 0.90082, "sup": 0.0, "lr": 7e-05, "time": 1790983457.1563}
{"type": "train", "epoch": 7, "loss": 0.87691, "obj": 0.87691, "sup": 0.0, "lr": 7e-05, "time": 1790983457.41592}
{"type": "train", "epoch": 8, "loss": 0.79039, "obj": 0.79039, "sup": 0.0, "lr": 9e-05, "time": 1790983457.682}
{"type": "train", "epoch": 9, "loss": 0.74809, "obj": 0.74809, "sup": 0.0, "lr": 0.0001, "time": 1790983457.94782}
{"type": "train", "epoch": 10, "loss": 0.77078, "obj": 0.77078, "sup": 0.0, "lr": 0.00011, "time": 1790983458.215}
{"type": "train", "epoch": 11, "loss": 0.74915, "obj": 0.74915, "sup": 0.0, "lr": 0.00012, "time": 1790983458.48174}
{"type": "train", "epoch": 12, "loss": 0.72938, "obj": 0.72938, "sup": 0.0, "lr": 0.00013, "time": 1790983458.74996}
{"type": "train", "epoch": 13, "loss": 0.7392, "obj": 0.7392, "sup": 0.0, "lr": 0.00014, "time": 1790983459.01555}
{"type": "train", "epoch": 14, "loss": 0.72734, "obj": 0.72734, "sup": 0.0, "lr": 0.00015, "time": 1790983459.28155}
{"type": "train", "epoch": 15, "loss": 0.72239, "obj": 0.72239, "sup": 0.0, "lr": 0.00015, "time": 1790983459.54717}
{"type": "train", "epoch": 16, "loss": 0.72531, "obj": 0.72531, "sup": 0.0, "lr": 0.00016, "time": 1790983459.81501}
{"type": "train", "epoch": 17, "loss": 0.72138, "obj": 0.72138, "sup": 0.0, "lr": 0.00017, "time": 1790983460.08155}
{"type": "train", "epoch": 18, "loss": 0.72235, "obj": 0.72235, "sup": 0.0, "lr": 0.00018, "time": 1790983460.34753}
{"type": "train", "epoch": 19, "loss": 0.74327, "obj": 0.74327, "sup": 0.0, "lr": 0.0002, "time": 1790983460.61438}
{"type": "train", "epoch": 20, "loss": 0.72148, "obj": 0.72148, "sup": 0.0, "lr": 0.0002, "time": 1790983460.881}
{"type": "train", "epoch": 21, "loss": 0.73039, "obj": 0.73039, "sup": 0.0, "lr": 0.00021, "time": 1790983461.14669}
{"type": "train", "epoch": 22, "loss": 0.7249, "obj": 0.7249, "sup": 0.0, "lr": 0.00023, "time": 1790983461.41366}
{"type": "train", "epoch": 23, "loss": 0.72161, "obj": 0.72161, "sup": 0.0, "lr": 0.00023, "time": 1790983461.67944}
{"type": "train", "epoch": 24, "loss": 0.72685, "obj": 0.72685, "sup": 0.0, "lr": 0.00024, "time": 1790983461.94583}
{"type": "train", "epoch": 25, "loss": 0.74431, "obj": 0.74431, "sup": 0.0, "lr": 0.00026, "time": 1790983462.21219}
{"type": "train", "epoch": 26, "loss": 0.72718, "obj": 0.72718, "sup": 0.0, "lr": 0.00027, "time": 1790983462.47826}
{"type": "train", "epoch": 27, "loss": 0.71625, "obj": 0.71625, "sup": 0.0, "lr": 0.00028, "time": 1790983462.74333}
{"type": "train", "epoch": 28, "loss": 0.71193, "obj": 0.71193, "sup": 0.0, "lr": 0.00028, "time": 1790983463.00896}
{"type": "train", "epoch": 29, "loss": 0.70645, "obj": 0.70645, "sup": 0.0, "lr": 0.0003, "time": 1790983463.2738}
{"type": "train", "epoch": 30, "loss": 0.70873, "obj": 0.70873, "sup": 0.0, "lr": 0.0003, "time": 1790983463.53836}
{"type": "train", "epoch": 31, "loss": 0.72348, "obj": 0.72348, "sup": 0.0, "lr": 0.00032, "time": 1790983463.80384}
{"type": "train", "epoch": 32, "loss": 0.73459, "obj": 0.73459, "sup": 0.0, "lr": 0.00033, "time": 1790983464.07068}
{"type": "train", "epoch": 33, "loss": 0.71439, "obj": 0.71439, "sup": 0.0, "lr": 0.00034, "time": 1790983464.33728}
{"type": "train", "epoch": 34, "loss": 0.73651, "obj": 0.73651, "sup": 0.0, "lr": 0.00034, "time": 1790983464.60381}
{"type": "train", "epoch": 35, "loss": 0.74467, "obj": 0.74467, "sup": 0.0, "lr": 0.00036, "time": 1790983464.87002}
{"type": "train", "epoch": 36, "loss": 0.73864, "obj": 0.73864, "sup": 0.0, "lr": 0.00036, "time": 1790983465.13722}
{"type": "train", "epoch": 37, "loss": 0.7227, "obj": 0.7227, "sup": 0.0, "lr": 0.00038, "time": 1790983465.40378}
{"type": "train", "epoch": 38, "loss": 0.74006, "obj": 0.74006, "sup": 0.0, "lr": 0.00039, "time": 1790983465.66946}
{"type": "train", "epoch": 39, "loss": 0.74023, "obj": 0.74023, "sup": 0.0, "lr": 0.0004, "time": 1790983465.93544}
{"type": "train", "epoch": 40, "loss": 0.71282, "obj": 0.71282, "sup": 0.0, "lr": 0.00041, "time": 1790983466.20245}
{"type": "train", "epoch": 41, "loss": 0.7199, "obj": 0.7199, "sup": 0.0, "lr": 0.00042, "time": 1790983466.46886}
{"type": "train", "epoch": 42, "loss": 0.73507, "obj": 0.73507, "sup": 0.0, "lr": 0.00042, "time": 1790983466.73481}
{"type": "train", "epoch": 43, "loss": 0.71703, "obj": 0.71703, "sup": 0.0, "lr": 0.00044, "time": 1790983467.00141}
{"type": "train", "epoch": 44, "loss": 0.71549, "obj": 0.71549, "sup": 0.0, "lr": 0.00045, "time": 1790983467.26902}
{"type": "train", "epoch": 45, "loss": 0.74041, "obj": 0.74041, "sup": 0.0, "lr": 0.00046, "time": 1790983467.53579}
{"type": "train", "epoch": 46, "loss": 0.72968, "obj": 0.72968, "sup": 0.0, "lr": 0.00047, "time": 1790983467.80203}
{"type": "train", "epoch": 47, "loss": 0.7254, "obj": 0.7254, "sup": 0.0, "lr": 0.00047, "time": 1790983468.06803}
{"type": "train", "epoch": 48, "loss": 0.71172, "obj": 0.71172, "sup": 0.0, "lr": 0.00048, "time": 1790983468.33586}
{"type": "train", "epoch": 49, "loss": 0.7469, "obj": 0.7469, "sup": 0.0, "lr": 0.00049, "time": 1790983468.60363}
{"type": "train", "epoch": 50, "loss": 0.71731, "obj": 0.71731, "sup": 0.0, "lr": 0.0005, "time": 1790983469.79171, "train_resid_median": 0.84033, "train_resid_mean": 0.83865, "train_imag_median": 0.15522, "train_obj_median": 0.73021, "train_u_loss_to_label_median": 0.66108, "val_resid_median": 0.85155, "val_resid_mean": 0.84432, "val_imag_median": 0.1591, "val_obj_median": 0.75067, "val_u_loss_to_label_median": 0.67562}
{"type": "train", "epoch": 51, "loss": 0.71071, "obj": 0.71071, "sup": 0.0, "lr": 0.0005, "time": 1790983470.05957}
{"type": "train", "epoch": 52, "loss": 0.72908, "obj": 0.72908, "sup": 0.0, "lr": 0.0005, "time": 1790983470.3271}
{"type": "train", "epoch": 53, "loss": 0.7389, "obj": 0.7389, "sup": 0.0, "lr": 0.0005, "time": 1790983470.59452}
{"type": "train", "epoch": 54, "loss": 0.7302, "obj": 0.7302, "sup": 0.0, "lr": 0.0005, "time": 1790983470.86159}
{"type": "train", "epoch": 55, "loss": 0.70784, "obj": 0.70784, "sup": 0.0, "lr": 0.0005, "time": 1790983471.12915}
{"type": "train", "epoch": 56, "loss": 0.71157, "obj": 0.71157, "sup": 0.0, "lr": 0.0005, "time": 1790983471.39625}
{"type": "train", "epoch": 57, "loss": 0.70075, "obj": 0.70075, "sup": 0.0, "lr": 0.0005, "time": 1790983471.6635}
{"type": "train", "epoch": 58, "loss": 0.7024, "obj": 0.7024, "sup": 0.0, "lr": 0.0005, "time": 1790983471.93187}
{"type": "train", "epoch": 59, "loss": 0.72728, "obj": 0.72728, "sup": 0.0, "lr": 0.0005, "time": 1790983472.19896}
{"type": "train", "epoch": 60, "loss": 0.70938, "obj": 0.70938, "sup": 0.0, "lr": 0.0005, "time": 1790983472.46606}
{"type": "train", "epoch": 61, "loss": 0.73411, "obj": 0.73411, "sup": 0.0, "lr": 0.0005, "time": 1790983472.73329}
{"type": "train", "epoch": 62, "loss": 0.70757, "obj": 0.70757, "sup": 0.0, "lr": 0.0005, "time": 1790983473.00074}
{"type": "train", "epoch": 63, "loss": 0.70003, "obj": 0.70003, "sup": 0.0, "lr": 0.0005, "time": 1790983473.26837}
{"type": "train", "epoch": 64, "loss": 0.71369, "obj": 0.71369, "sup": 0.0, "lr": 0.0005, "time": 1790983473.5361}
{"type": "train", "epoch": 65, "loss": 0.71116, "obj": 0.71116, "sup": 0.0, "lr": 0.0005, "time": 1790983473.80289}
{"type": "train", "epoch": 66, "loss": 0.7105, "obj": 0.7105, "sup": 0.0, "lr": 0.0005, "time": 1790983474.0702}
{"type": "train", "epoch": 67, "loss": 0.79565, "obj": 0.79565, "sup": 0.0, "lr": 0.0005, "time": 1790983474.33863}
{"type": "train", "epoch": 68, "loss": 0.74285, "obj": 0.74285, "sup": 0.0, "lr": 0.0005, "time": 1790983474.60611}
{"type": "train", "epoch": 69, "loss": 0.73008, "obj": 0.73008, "sup": 0.0, "lr": 0.0005, "time": 1790983474.87309}
{"type": "train", "epoch": 70, "loss": 0.70662, "obj": 0.70662, "sup": 0.0, "lr": 0.0005, "time": 1790983475.14012}
{"type": "train", "epoch": 71, "loss": 0.74855, "obj": 0.74855, "sup": 0.0, "lr": 0.0005, "time": 1790983475.40652}
{"type": "train", "epoch": 72, "loss": 0.72094, "obj": 0.72094, "sup": 0.0, "lr": 0.0005, "time": 1790983475.67432}
{"type": "train", "epoch": 73, "loss": 0.71693, "obj": 0.71693, "sup": 0.0, "lr": 0.0005, "time": 1790983475.94175}
{"type": "train", "epoch": 74, "loss": 0.71931, "obj": 0.71931, "sup": 0.0, "lr": 0.0005, "time": 1790983476.20896}
{"type": "train", "epoch": 75, "loss": 0.70707, "obj": 0.70707, "sup": 0.0, "lr": 0.0005, "time": 1790983476.47614}
{"type": "train", "epoch": 76, "loss": 0.7388, "obj": 0.7388, "sup": 0.0, "lr": 0.0005, "time": 1790983476.7428}
{"type": "train", "epoch": 77, "loss": 0.7093, "obj": 0.7093, "sup": 0.0, "lr": 0.0005, "time": 1790983477.01001}
{"type": "train", "epoch": 78, "loss": 0.70955, "obj": 0.70955, "sup": 0.0, "lr": 0.0005, "time": 1790983477.27806}
{"type": "train", "epoch": 79, "loss": 0.70457, "obj": 0.70457, "sup": 0.0, "lr": 0.0005, "time": 1790983477.54565}
{"type": "train", "epoch": 80, "loss": 0.70207, "obj": 0.70207, "sup": 0.0, "lr": 0.0005, "time": 1790983477.81379}
{"type": "train", "epoch": 81, "loss": 0.69668, "obj": 0.69668, "sup": 0.0, "lr": 0.0005, "time": 1790983478.08118}
{"type": "train", "epoch": 82, "loss": 0.68911, "obj": 0.68911, "sup": 0.0, "lr": 0.0005, "time": 1790983478.34888}
{"type": "train", "epoch": 83, "loss": 0.74426, "obj": 0.74426, "sup": 0.0, "lr": 0.0005, "time": 1790983478.61639}
{"type": "train", "epoch": 84, "loss": 0.6995, "obj": 0.6995, "sup": 0.0, "lr": 0.0005, "time": 1790983478.88431}
{"type": "train", "epoch": 85, "loss": 0.72496, "obj": 0.72496, "sup": 0.0, "lr": 0.0005, "time": 1790983479.15137}
{"type": "train", "epoch": 86, "loss": 0.69806, "obj": 0.69806, "sup": 0.0, "lr": 0.0005, "time": 1790983479.41868}
{"type": "train", "epoch": 87, "loss": 0.69248, "obj": 0.69248, "sup": 0.0, "lr": 0.0005, "time": 1790983479.68613}
{"type": "train", "epoch": 88, "loss": 0.70454, "obj": 0.70454, "sup": 0.0, "lr": 0.0005, "time": 1790983479.95398}
{"type": "train", "epoch": 89, "loss": 0.69447, "obj": 0.69447, "sup": 0.0, "lr": 0.0005, "time": 1790983480.22314}
{"type": "train", "epoch": 90, "loss": 0.6924, "obj": 0.6924, "sup": 0.0, "lr": 0.0005, "time": 1790983480.49096}
{"type": "train", "epoch": 91, "loss": 0.69356, "obj": 0.69356, "sup": 0.0, "lr": 0.0005, "time": 1790983480.7593}
{"type": "train", "epoch": 92, "loss": 0.69564, "obj": 0.69564, "sup": 0.0, "lr": 0.0005, "time": 1790983481.02623}
{"type": "train", "epoch": 93, "loss": 0.68278, "obj": 0.68278, "sup": 0.0, "lr": 0.0005, "time": 1790983481.29356}
{"type": "train", "epoch": 94, "loss": 0.68731, "obj": 0.68731, "sup": 0.0, "lr": 0.0005, "time": 1790983481.56079}
{"type": "train", "epoch": 95, "loss": 0.68335, "obj": 0.68335, "sup": 0.0, "lr": 0.0005, "time": 1790983481.82884}
{"type": "train", "epoch": 96, "loss": 0.685, "obj": 0.685, "sup": 0.0, "lr": 0.0005, "time": 1790983482.09745}
{"type": "train", "epoch": 97, "loss": 0.69046, "obj": 0.69046, "sup": 0.0, "lr": 0.0005, "time": 1790983482.3649}
{"type": "train", "epoch": 98, "loss": 0.68308, "obj": 0.68308, "sup": 0.0, "lr": 0.0005, "time": 1790983482.63313}
{"type": "train", "epoch": 99, "loss": 0.67617, "obj": 0.67617, "sup": 0.0, "lr": 0.0005, "time": 1790983482.90119}
{"type": "train", "epoch": 100, "loss": 0.67792, "obj": 0.67792, "sup": 0.0, "lr": 0.0005, "time": 1790983484.08205, "train_resid_median": 0.82633, "train_resid_mean": 0.82039, "train_imag_median": 0.05697, "train_obj_median": 0.68931, "train_u_loss_to_label_median": 0.64847, "val_resid_median": 0.83509, "val_resid_mean": 0.82754, "val_imag_median": 0.05692, "val_obj_median": 0.70448, "val_u_loss_to_label_median": 0.66363}
{"type": "train", "epoch": 101, "loss": 0.68123, "obj": 0.68123, "sup": 0.0, "lr": 0.0005, "time": 1790983484.34941}
{"type": "train", "epoch": 102, "loss": 0.6816, "obj": 0.6816, "sup": 0.0, "lr": 0.0005, "time": 1790983484.61703}
{"type": "train", "epoch": 103, "loss": 0.67707, "obj": 0.67707, "sup": 0.0, "lr": 0.0005, "time": 1790983484.88536}
{"type": "train", "epoch": 104, "loss": 0.67406, "obj": 0.67406, "sup": 0.0, "lr": 0.0005, "time": 1790983485.15342}
{"type": "train", "epoch": 105, "loss": 0.6806, "obj": 0.6806, "sup": 0.0, "lr": 0.0005, "time": 1790983485.4209}
{"type": "train", "epoch": 106, "loss": 0.67293, "obj": 0.67293, "sup": 0.0, "lr": 0.0005, "time": 1790983485.68848}
{"type": "train", "epoch": 107, "loss": 0.67391, "obj": 0.67391, "sup": 0.0, "lr": 0.0005, "time": 1790983485.95697}
{"type": "train", "epoch": 108, "loss": 0.67587, "obj": 0.67587, "sup": 0.0, "lr": 0.0005, "time": 1790983486.22551}
{"type": "train", "epoch": 109, "loss": 0.67769, "obj": 0.67769, "sup": 0.0, "lr": 0.0005, "time": 1790983486.49529}
{"type": "train", "epoch": 110, "loss": 0.67616, "obj": 0.67616, "sup": 0.0, "lr": 0.0005, "time": 1790983486.76305}
{"type": "train", "epoch": 111, "loss": 0.67812, "obj": 0.67812, "sup": 0.0, "lr": 0.0005, "time": 1790983487.03034}
{"type": "train", "epoch": 112, "loss": 0.67719, "obj": 0.67719, "sup": 0.0, "lr": 0.0005, "time": 1790983487.40296}
{"type": "train", "epoch": 113, "loss": 0.68164, "obj": 0.68164, "sup": 0.0, "lr": 0.0005, "time": 1790983487.67082}
{"type": "train", "epoch": 114, "loss": 0.67571, "obj": 0.67571, "sup": 0.0, "lr": 0.0005, "time": 1790983487.93968}
{"type": "train", "epoch": 115, "loss": 0.67288, "obj": 0.67288, "sup": 0.0, "lr": 0.0005, "time": 1790983488.208}
{"type": "train", "epoch": 116, "loss": 0.67189, "obj": 0.67189, "sup": 0.0, "lr": 0.0005, "time": 1790983488.47596}
{"type": "train", "epoch": 117, "loss": 0.67349, "obj": 0.67349, "sup": 0.0, "lr": 0.0005, "time": 1790983488.74395}
{"type": "train", "epoch": 118, "loss": 0.67655, "obj": 0.67655, "sup": 0.0, "lr": 0.0005, "time": 1790983489.01205}
{"type": "train", "epoch": 119, "loss": 0.67787, "obj": 0.67787, "sup": 0.0, "lr": 0.0005, "time": 1790983489.28019}
{"type": "train", "epoch": 120, "loss": 0.67766, "obj": 0.67766, "sup": 0.0, "lr": 0.0005, "time": 1790983489.54819}
{"type": "train", "epoch": 121, "loss": 0.67737, "obj": 0.67737, "sup": 0.0, "lr": 0.0005, "time": 1790983489.81598}
{"type": "train", "epoch": 122, "loss": 0.67548, "obj": 0.67548, "sup": 0.0, "lr": 0.0005, "time": 1790983490.08443}
{"type": "train", "epoch": 123, "loss": 0.67561, "obj": 0.67561, "sup": 0.0, "lr": 0.0005, "time": 1790983490.35303}
{"type": "train", "epoch": 124, "loss": 0.67545, "obj": 0.67545, "sup": 0.0, "lr": 0.0005, "time": 1790983490.62202}
{"type": "train", "epoch": 125, "loss": 0.67035, "obj": 0.67035, "sup": 0.0, "lr": 0.0005, "time": 1790983490.88951}
{"type": "train", "epoch": 126, "loss": 0.67559, "obj": 0.67559, "sup": 0.0, "lr": 0.0005, "time": 1790983491.16138}
{"type": "train", "epoch": 127, "loss": 0.67256, "obj": 0.67256, "sup": 0.0, "lr": 0.0005, "time": 1790983491.42727}
{"type": "train", "epoch": 128, "loss": 0.67272, "obj": 0.67272, "sup": 0.0, "lr": 0.0005, "time": 1790983491.69401}
{"type": "train", "epoch": 129, "loss": 0.66953, "obj": 0.66953, "sup": 0.0, "lr": 0.0005, "time": 1790983491.96981}
{"type": "train", "epoch": 130, "loss": 0.67136, "obj": 0.67136, "sup": 0.0, "lr": 0.0005, "time": 1790983492.2336}
{"type": "train", "epoch": 131, "loss": 0.66605, "obj": 0.66605, "sup": 0.0, "lr": 0.0005, "time": 1790983492.50572}
{"type": "train", "epoch": 132, "loss": 0.66649, "obj": 0.66649, "sup": 0.0, "lr": 0.0005, "time": 1790983492.77009}
{"type": "train", "epoch": 133, "loss": 0.6825, "obj": 0.6825, "sup": 0.0, "lr": 0.0005, "time": 1790983493.04165}
{"type": "train", "epoch": 134, "loss": 0.68179, "obj": 0.68179, "sup": 0.0, "lr": 0.0005, "time": 1790983493.30682}
{"type": "train", "epoch": 135, "loss": 0.7055, "obj": 0.7055, "sup": 0.0, "lr": 0.0005, "time": 1790983493.5794}
{"type": "train", "epoch": 136, "loss": 0.66908, "obj": 0.66908, "sup": 0.0, "lr": 0.0005, "time": 1790983493.84537}
{"type": "train", "epoch": 137, "loss": 0.6805, "obj": 0.6805, "sup": 0.0, "lr": 0.0005, "time": 1790983494.11744}
{"type": "train", "epoch": 138, "loss": 0.66921, "obj": 0.66921, "sup": 0.0, "lr": 0.0005, "time": 1790983494.38086}
{"type": "train", "epoch": 139, "loss": 0.67172, "obj": 0.67172, "sup": 0.0, "lr": 0.0005, "time": 1790983494.65253}
{"type": "train", "epoch": 140, "loss": 0.67218, "obj": 0.67218, "sup": 0.0, "lr": 0.0005, "time": 1790983494.91572}
{"type": "train", "epoch": 141, "loss": 0.66567, "obj": 0.66567, "sup": 0.0, "lr": 0.0005, "time": 1790983495.18803}
{"type": "train", "epoch": 142, "loss": 0.67039, "obj": 0.67039, "sup": 0.0, "lr": 0.0005, "time": 1790983495.45249}
{"type": "train", "epoch": 143, "loss": 0.66183, "obj": 0.66183, "sup": 0.0, "lr": 0.0005, "time": 1790983495.72419}
{"type": "train", "epoch": 144, "loss": 0.66277, "obj": 0.66277, "sup": 0.0, "lr": 0.0005, "time": 1790983495.98714}
{"type": "train", "epoch": 145, "loss": 0.65908, "obj": 0.65908, "sup": 0.0, "lr": 0.0005, "time": 1790983496.25896}
{"type": "train", "epoch": 146, "loss": 0.6605, "obj": 0.6605, "sup": 0.0, "lr": 0.0005, "time": 1790983496.52269}
{"type": "train", "epoch": 147, "loss": 0.66165, "obj": 0.66165, "sup": 0.0, "lr": 0.0005, "time": 1790983496.79386}
{"type": "train", "epoch": 148, "loss": 0.65793, "obj": 0.65793, "sup": 0.0, "lr": 0.0005, "time": 1790983497.05836}
{"type": "train", "epoch": 149, "loss": 0.66465, "obj": 0.66465, "sup": 0.0, "lr": 0.0005, "time": 1790983497.32932}
{"type": "train", "epoch": 150, "loss": 0.65712, "obj": 0.65712, "sup": 0.0, "lr": 0.0005, "time": 1790983498.44251, "train_resid_median": 0.81131, "train_resid_mean": 0.80644, "train_imag_median": 0.02481, "train_obj_median": 0.65919, "train_u_loss_to_label_median": 0.6483, "val_resid_median": 0.83745, "val_resid_mean": 0.8277, "val_imag_median": 0.02504, "val_obj_median": 0.70356, "val_u_loss_to_label_median": 0.66498}
{"type": "train", "epoch": 151, "loss": 0.65578, "obj": 0.65578, "sup": 0.0, "lr": 0.0005, "time": 1790983498.71312}
{"type": "train", "epoch": 152, "loss": 0.65649, "obj": 0.65649, "sup": 0.0, "lr": 0.0005, "time": 1790983498.97685}
{"type": "train", "epoch": 153, "loss": 0.65425, "obj": 0.65425, "sup": 0.0, "lr": 0.0005, "time": 1790983499.24897}
{"type": "train", "epoch": 154, "loss": 0.65318, "obj": 0.65318, "sup": 0.0, "lr": 0.0005, "time": 1790983499.51331}
{"type": "train", "epoch": 155, "loss": 0.6513, "obj": 0.6513, "sup": 0.0, "lr": 0.0005, "time": 1790983499.78347}
{"type": "train", "epoch": 156, "loss": 0.64901, "obj": 0.64901, "sup": 0.0, "lr": 0.0005, "time": 1790983500.04867}
{"type": "train", "epoch": 157, "loss": 0.64965, "obj": 0.64965, "sup": 0.0, "lr": 0.0005, "time": 1790983500.32106}
{"type": "train", "epoch": 158, "loss": 0.65042, "obj": 0.65042, "sup": 0.0, "lr": 0.0005, "time": 1790983500.58547}
{"type": "train", "epoch": 159, "loss": 0.65243, "obj": 0.65243, "sup": 0.0, "lr": 0.0005, "time": 1790983500.85712}
{"type": "train", "epoch": 160, "loss": 0.6445, "obj": 0.6445, "sup": 0.0, "lr": 0.0005, "time": 1790983501.1229}
{"type": "train", "epoch": 161, "loss": 0.64387, "obj": 0.64387, "sup": 0.0, "lr": 0.0005, "time": 1790983501.3945}
{"type": "train", "epoch": 162, "loss": 0.64491, "obj": 0.64491, "sup": 0.0, "lr": 0.0005, "time": 1790983501.65857}
{"type": "train", "epoch": 163, "loss": 0.64012, "obj": 0.64012, "sup": 0.0, "lr": 0.0005, "time": 1790983501.92933}
{"type": "train", "epoch": 164, "loss": 0.63812, "obj": 0.63812, "sup": 0.0, "lr": 0.0005, "time": 1790983502.19359}
{"type": "train", "epoch": 165, "loss": 0.63487, "obj": 0.63487, "sup": 0.0, "lr": 0.0005, "time": 1790983502.4663}
{"type": "train", "epoch": 166, "loss": 0.63492, "obj": 0.63492, "sup": 0.0, "lr": 0.0005, "time": 1790983502.7299}
{"type": "train", "epoch": 167, "loss": 0.63796, "obj": 0.63796, "sup": 0.0, "lr": 0.0005, "time": 1790983503.00092}
{"type": "train", "epoch": 168, "loss": 0.63133, "obj": 0.63133, "sup": 0.0, "lr": 0.0005, "time": 1790983503.26576}
{"type": "train", "epoch": 169, "loss": 0.62926, "obj": 0.62926, "sup": 0.0, "lr": 0.0005, "time": 1790983503.53757}
{"type": "train", "epoch": 170, "loss": 0.62797, "obj": 0.62797, "sup": 0.0, "lr": 0.0005, "time": 1790983503.80155}
{"type": "train", "epoch": 171, "loss": 0.62735, "obj": 0.62735, "sup": 0.0, "lr": 0.0005, "time": 1790983504.07328}
{"type": "train", "epoch": 172, "loss": 0.63045, "obj": 0.63045, "sup": 0.0, "lr": 0.0005, "time": 1790983504.33685}
{"type": "train", "epoch": 173, "loss": 0.62575, "obj": 0.62575, "sup": 0.0, "lr": 0.0005, "time": 1790983504.60813}
{"type": "train", "epoch": 174, "loss": 0.62046, "obj": 0.62046, "sup": 0.0, "lr": 0.0005, "time": 1790983504.87248}
{"type": "train", "epoch": 175, "loss": 0.61796, "obj": 0.61796, "sup": 0.0, "lr": 0.0005, "time": 1790983505.14566}
{"type": "train", "epoch": 176, "loss": 0.61559, "obj": 0.61559, "sup": 0.0, "lr": 0.0005, "time": 1790983505.41008}
{"type": "train", "epoch": 177, "loss": 0.6133, "obj": 0.6133, "sup": 0.0, "lr": 0.0005, "time": 1790983505.67928}
{"type": "train", "epoch": 178, "loss": 0.61125, "obj": 0.61125, "sup": 0.0, "lr": 0.0005, "time": 1790983505.9438}
{"type": "train", "epoch": 179, "loss": 0.61069, "obj": 0.61069, "sup": 0.0, "lr": 0.0005, "time": 1790983506.21625}
{"type": "train", "epoch": 180, "loss": 0.61286, "obj": 0.61286, "sup": 0.0, "lr": 0.0005, "time": 1790983506.4808}
{"type": "train", "epoch": 181, "loss": 0.60696, "obj": 0.60696, "sup": 0.0, "lr": 0.0005, "time": 1790983506.75287}
{"type": "train", "epoch": 182, "loss": 0.60097, "obj": 0.60097, "sup": 0.0, "lr": 0.0005, "time": 1790983507.01791}
{"type": "train", "epoch": 183, "loss": 0.59722, "obj": 0.59722, "sup": 0.0, "lr": 0.0005, "time": 1790983507.29066}
{"type": "train", "epoch": 184, "loss": 0.6005, "obj": 0.6005, "sup": 0.0, "lr": 0.0005, "time": 1790983507.55703}
{"type": "train", "epoch": 185, "loss": 0.592, "obj": 0.592, "sup": 0.0, "lr": 0.0005, "time": 1790983507.82912}
{"type": "train", "epoch": 186, "loss": 0.58946, "obj": 0.58946, "sup": 0.0, "lr": 0.0005, "time": 1790983508.09407}
{"type": "train", "epoch": 187, "loss": 0.58817, "obj": 0.58817, "sup": 0.0, "lr": 0.0005, "time": 1790983508.36534}
{"type": "train", "epoch": 188, "loss": 0.58457, "obj": 0.58457, "sup": 0.0, "lr": 0.0005, "time": 1790983508.63005}
{"type": "train", "epoch": 189, "loss": 0.57928, "obj": 0.57928, "sup": 0.0, "lr": 0.0005, "time": 1790983508.90374}
{"type": "train", "epoch": 190, "loss": 0.58192, "obj": 0.58192, "sup": 0.0, "lr": 0.0005, "time": 1790983509.17176}
{"type": "train", "epoch": 191, "loss": 0.57553, "obj": 0.57553, "sup": 0.0, "lr": 0.0005, "time": 1790983509.44632}
{"type": "train", "epoch": 192, "loss": 0.58331, "obj": 0.58331, "sup": 0.0, "lr": 0.0005, "time": 1790983509.71272}
{"type": "train", "epoch": 193, "loss": 0.57774, "obj": 0.57774, "sup": 0.0, "lr": 0.0005, "time": 1790983509.97869}
{"type": "train", "epoch": 194, "loss": 0.57774, "obj": 0.57774, "sup": 0.0, "lr": 0.0005, "time": 1790983510.24062}
{"type": "train", "epoch": 195, "loss": 0.56937, "obj": 0.56937, "sup": 0.0, "lr": 0.0005, "time": 1790983510.50379}
{"type": "train", "epoch": 196, "loss": 0.56505, "obj": 0.56505, "sup": 0.0, "lr": 0.0005, "time": 1790983510.76812}
{"type": "train", "epoch": 197, "loss": 0.56094, "obj": 0.56094, "sup": 0.0, "lr": 0.0005, "time": 1790983511.0339}
{"type": "train", "epoch": 198, "loss": 0.55982, "obj": 0.55982, "sup": 0.0, "lr": 0.0005, "time": 1790983511.2991}
{"type": "train", "epoch": 199, "loss": 0.55885, "obj": 0.55885, "sup": 0.0, "lr": 0.0005, "time": 1790983511.56631}
{"type": "train", "epoch": 200, "loss": 0.56852, "obj": 0.56852, "sup": 0.0, "lr": 0.0005, "time": 1790983512.68669, "train_resid_median": 0.73281, "train_resid_mean": 0.7402, "train_imag_median": 0.06009, "train_obj_median": 0.54136, "train_u_loss_to_label_median": 0.65101, "val_resid_median": 0.85296, "val_resid_mean": 0.84338, "val_imag_median": 0.0611, "val_obj_median": 0.73497, "val_u_loss_to_label_median": 0.69264}
{"type": "train", "epoch": 201, "loss": 0.56002, "obj": 0.56002, "sup": 0.0, "lr": 0.0005, "time": 1790983512.9628}
{"type": "train", "epoch": 202, "loss": 0.55394, "obj": 0.55394, "sup": 0.0, "lr": 0.0005, "time": 1790983513.23589}
{"type": "train", "epoch": 203, "loss": 0.55097, "obj": 0.55097, "sup": 0.0, "lr": 0.0005, "time": 1790983513.50817}
{"type": "train", "epoch": 204, "loss": 0.54875, "obj": 0.54875, "sup": 0.0, "lr": 0.0005, "time": 1790983513.78202}
{"type": "train", "epoch": 205, "loss": 0.54825, "obj": 0.54825, "sup": 0.0, "lr": 0.0005, "time": 1790983514.05294}
{"type": "train", "epoch": 206, "loss": 0.53887, "obj": 0.53887, "sup": 0.0, "lr": 0.0005, "time": 1790983514.3231}
{"type": "train", "epoch": 207, "loss": 0.53353, "obj": 0.53353, "sup": 0.0, "lr": 0.0005, "time": 1790983514.5919}
{"type": "train", "epoch": 208, "loss": 0.52741, "obj": 0.52741, "sup": 0.0, "lr": 0.0005, "time": 1790983514.86115}
{"type": "train", "epoch": 209, "loss": 0.52952, "obj": 0.52952, "sup": 0.0, "lr": 0.0005, "time": 1790983515.13063}
{"type": "train", "epoch": 210, "loss": 0.523, "obj": 0.523, "sup": 0.0, "lr": 0.0005, "time": 1790983515.39933}
{"type": "train", "epoch": 211, "loss": 0.51736, "obj": 0.51736, "sup": 0.0, "lr": 0.0005, "time": 1790983515.66907}
{"type": "train", "epoch": 212, "loss": 0.52544, "obj": 0.52544, "sup": 0.0, "lr": 0.0005, "time": 1790983515.93809}
{"type": "train", "epoch": 213, "loss": 0.51776, "obj": 0.51776, "sup": 0.0, "lr": 0.0005, "time": 1790983516.2068}
{"type": "train", "epoch": 214, "loss": 0.51049, "obj": 0.51049, "sup": 0.0, "lr": 0.0005, "time": 1790983516.47689}
{"type": "train", "epoch": 215, "loss": 0.51223, "obj": 0.51223, "sup": 0.0, "lr": 0.0005, "time": 1790983516.7468}
{"type": "train", "epoch": 216, "loss": 0.50364, "obj": 0.50364, "sup": 0.0, "lr": 0.0005, "time": 1790983517.017}
{"type": "train", "epoch": 217, "loss": 0.50669, "obj": 0.50669, "sup": 0.0, "lr": 0.0005, "time": 1790983517.28708}
{"type": "train", "epoch": 218, "loss": 0.49695, "obj": 0.49695, "sup": 0.0, "lr": 0.0005, "time": 1790983517.55942}
{"type": "train", "epoch": 219, "loss": 0.49232, "obj": 0.49232, "sup": 0.0, "lr": 0.0005, "time": 1790983517.83531}
{"type": "train", "epoch": 220, "loss": 0.4863, "obj": 0.4863, "sup": 0.0, "lr": 0.0005, "time": 1790983518.11143}
{"type": "train", "epoch": 221, "loss": 0.48763, "obj": 0.48763, "sup": 0.0, "lr": 0.0005, "time": 1790983518.39094}
{"type": "train", "epoch": 222, "loss": 0.48392, "obj": 0.48392, "sup": 0.0, "lr": 0.0005, "time": 1790983518.6617}
{"type": "train", "epoch": 223, "loss": 0.47769, "obj": 0.47769, "sup": 0.0, "lr": 0.0005, "time": 1790983518.93239}
{"type": "train", "epoch": 224, "loss": 0.47883, "obj": 0.47883, "sup": 0.0, "lr": 0.0005, "time": 1790983519.20588}
{"type": "train", "epoch": 225, "loss": 0.47579, "obj": 0.47579, "sup": 0.0, "lr": 0.0005, "time": 1790983519.4792}
{"type": "train", "epoch": 226, "loss": 0.46862, "obj": 0.46862, "sup": 0.0, "lr": 0.0005, "time": 1790983519.75089}
{"type": "train", "epoch": 227, "loss": 0.46874, "obj": 0.46874, "sup": 0.0, "lr": 0.0005, "time": 1790983520.02297}
{"type": "train", "epoch": 228, "loss": 0.46432, "obj": 0.46432, "sup": 0.0, "lr": 0.0005, "time": 1790983520.30558}
{"type": "train", "epoch": 229, "loss": 0.45877, "obj": 0.45877, "sup": 0.0, "lr": 0.0005, "time": 1790983520.58258}
{"type": "train", "epoch": 230, "loss": 0.45524, "obj": 0.45524, "sup": 0.0, "lr": 0.0005, "time": 1790983520.855}
{"type": "train", "epoch": 231, "loss": 0.45212, "obj": 0.45212, "sup": 0.0, "lr": 0.0005, "time": 1790983521.12317}
{"type": "train", "epoch": 232, "loss": 0.45154, "obj": 0.45154, "sup": 0.0, "lr": 0.0005, "time": 1790983521.39367}
{"type": "train", "epoch": 233, "loss": 0.44855, "obj": 0.44855, "sup": 0.0, "lr": 0.0005, "time": 1790983521.66505}
{"type": "train", "epoch": 234, "loss": 0.44636, "obj": 0.44636, "sup": 0.0, "lr": 0.0005, "time": 1790983521.93803}
{"type": "train", "epoch": 235, "loss": 0.44152, "obj": 0.44152, "sup": 0.0, "lr": 0.0005, "time": 1790983522.21136}
{"type": "train", "epoch": 236, "loss": 0.43973, "obj": 0.43973, "sup": 0.0, "lr": 0.0005, "time": 1790983522.48778}
{"type": "train", "epoch": 237, "loss": 0.43572, "obj": 0.43572, "sup": 0.0, "lr": 0.0005, "time": 1790983522.76371}
{"type": "train", "epoch": 238, "loss": 0.4368, "obj": 0.4368, "sup": 0.0, "lr": 0.0005, "time": 1790983523.0354}
{"type": "train", "epoch": 239, "loss": 0.44008, "obj": 0.44008, "sup": 0.0, "lr": 0.0005, "time": 1790983523.30426}
{"type": "train", "epoch": 240, "loss": 0.43851, "obj": 0.43851, "sup": 0.0, "lr": 0.0005, "time": 1790983523.58024}
{"type": "train", "epoch": 241, "loss": 0.4416, "obj": 0.4416, "sup": 0.0, "lr": 0.0005, "time": 1790983523.85512}
{"type": "train", "epoch": 242, "loss": 0.43412, "obj": 0.43412, "sup": 0.0, "lr": 0.0005, "time": 1790983524.12666}
{"type": "train", "epoch": 243, "loss": 0.43837, "obj": 0.43837, "sup": 0.0, "lr": 0.0005, "time": 1790983524.3949}
{"type": "train", "epoch": 244, "loss": 0.42925, "obj": 0.42925, "sup": 0.0, "lr": 0.0005, "time": 1790983524.6634}
{"type": "train", "epoch": 245, "loss": 0.4305, "obj": 0.4305, "sup": 0.0, "lr": 0.0005, "time": 1790983524.9334}
{"type": "train", "epoch": 246, "loss": 0.42968, "obj": 0.42968, "sup": 0.0, "lr": 0.0005, "time": 1790983525.20667}
{"type": "train", "epoch": 247, "loss": 0.47661, "obj": 0.47661, "sup": 0.0, "lr": 0.0005, "time": 1790983525.47937}
{"type": "train", "epoch": 248, "loss": 0.43991, "obj": 0.43991, "sup": 0.0, "lr": 0.0005, "time": 1790983525.75389}
{"type": "train", "epoch": 249, "loss": 0.45394, "obj": 0.45394, "sup": 0.0, "lr": 0.0005, "time": 1790983526.02945}
{"type": "train", "epoch": 250, "loss": 0.43511, "obj": 0.43511, "sup": 0.0, "lr": 0.0005, "time": 1790983527.16727, "train_resid_median": 0.64415, "train_resid_mean": 0.63625, "train_imag_median": 0.10354, "train_obj_median": 0.44218, "train_u_loss_to_label_median": 0.64337, "val_resid_median": 0.89615, "val_resid_mean": 0.88105, "val_imag_median": 0.12482, "val_obj_median": 0.83985, "val_u_loss_to_label_median": 0.72527}
{"type": "train", "epoch": 251, "loss": 0.4357, "obj": 0.4357, "sup": 0.0, "lr": 0.0005, "time": 1790983527.4358}
{"type": "train", "epoch": 252, "loss": 0.43002, "obj": 0.43002, "sup": 0.0, "lr": 0.0005, "time": 1790983527.70456}
{"type": "train", "epoch": 253, "loss": 0.42467, "obj": 0.42467, "sup": 0.0, "lr": 0.0005, "time": 1790983527.9732}
{"type": "train", "epoch": 254, "loss": 0.42136, "obj": 0.42136, "sup": 0.0, "lr": 0.0005, "time": 1790983528.24202}
{"type": "train", "epoch": 255, "loss": 0.41301, "obj": 0.41301, "sup": 0.0, "lr": 0.0005, "time": 1790983528.51103}
{"type": "train", "epoch": 256, "loss": 0.41297, "obj": 0.41297, "sup": 0.0, "lr": 0.0005, "time": 1790983528.78132}
{"type": "train", "epoch": 257, "loss": 0.40986, "obj": 0.40986, "sup": 0.0, "lr": 0.0005, "time": 1790983529.04978}
{"type": "train", "epoch": 258, "loss": 0.41292, "obj": 0.41292, "sup": 0.0, "lr": 0.0005, "time": 1790983529.31767}
{"type": "train", "epoch": 259, "loss": 0.41507, "obj": 0.41507, "sup": 0.0, "lr": 0.0005, "time": 1790983529.58744}
{"type": "train", "epoch": 260, "loss": 0.4029, "obj": 0.4029, "sup": 0.0, "lr": 0.0005, "time": 1790983529.85649}
{"type": "train", "epoch": 261, "loss": 0.4429, "obj": 0.4429, "sup": 0.0, "lr": 0.0005, "time": 1790983530.13078}
{"type": "train", "epoch": 262, "loss": 0.43206, "obj": 0.43206, "sup": 0.0, "lr": 0.0005, "time": 1790983530.40271}
{"type": "train", "epoch": 263, "loss": 0.43291, "obj": 0.43291, "sup": 0.0, "lr": 0.0005, "time": 1790983530.67299}
{"type": "train", "epoch": 264, "loss": 0.41834, "obj": 0.41834, "sup": 0.0, "lr": 0.0005, "time": 1790983530.94647}
{"type": "train", "epoch": 265, "loss": 0.41767, "obj": 0.41767, "sup": 0.0, "lr": 0.0005, "time": 1790983531.21966}
{"type": "train", "epoch": 266, "loss": 0.40993, "obj": 0.40993, "sup": 0.0, "lr": 0.0005, "time": 1790983531.49663}
{"type": "train", "epoch": 267, "loss": 0.42566, "obj": 0.42566, "sup": 0.0, "lr": 0.0005, "time": 1790983531.76679}
{"type": "train", "epoch": 268, "loss": 0.4332, "obj": 0.4332, "sup": 0.0, "lr": 0.0005, "time": 1790983532.03773}
{"type": "train", "epoch": 269, "loss": 0.42708, "obj": 0.42708, "sup": 0.0, "lr": 0.0005, "time": 1790983532.31431}
{"type": "train", "epoch": 270, "loss": 0.41333, "obj": 0.41333, "sup": 0.0, "lr": 0.0005, "time": 1790983532.59901}
{"type": "train", "epoch": 271, "loss": 0.40492, "obj": 0.40492, "sup": 0.0, "lr": 0.0005, "time": 1790983532.87947}
{"type": "train", "epoch": 272, "loss": 0.39906, "obj": 0.39906, "sup": 0.0, "lr": 0.0005, "time": 1790983533.15322}
{"type": "train", "epoch": 273, "loss": 0.38983, "obj": 0.38983, "sup": 0.0, "lr": 0.0005, "time": 1790983533.42165}
{"type": "train", "epoch": 274, "loss": 0.38633, "obj": 0.38633, "sup": 0.0, "lr": 0.0005, "time": 1790983533.69102}
{"type": "train", "epoch": 275, "loss": 0.38186, "obj": 0.38186, "sup": 0.0, "lr": 0.0005, "time": 1790983533.95919}
{"type": "train", "epoch": 276, "loss": 0.38127, "obj": 0.38127, "sup": 0.0, "lr": 0.0005, "time": 1790983534.23352}
{"type": "train", "epoch": 277, "loss": 0.38322, "obj": 0.38322, "sup": 0.0, "lr": 0.0005, "time": 1790983534.50796}
{"type": "train", "epoch": 278, "loss": 0.37866, "obj": 0.37866, "sup": 0.0, "lr": 0.0005, "time": 1790983534.78011}
{"type": "train", "epoch": 279, "loss": 0.37811, "obj": 0.37811, "sup": 0.0, "lr": 0.0005, "time": 1790983535.0485}
{"type": "train", "epoch": 280, "loss": 0.36882, "obj": 0.36882, "sup": 0.0, "lr": 0.0005, "time": 1790983535.32124}
{"type": "train", "epoch": 281, "loss": 0.36465, "obj": 0.36465, "sup": 0.0, "lr": 0.0005, "time": 1790983535.59987}
{"type": "train", "epoch": 282, "loss": 0.36391, "obj": 0.36391, "sup": 0.0, "lr": 0.0005, "time": 1790983535.87386}
{"type": "train", "epoch": 283, "loss": 0.36371, "obj": 0.36371, "sup": 0.0, "lr": 0.0005, "time": 1790983536.14237}
{"type": "train", "epoch": 284, "loss": 0.35877, "obj": 0.35877, "sup": 0.0, "lr": 0.0005, "time": 1790983536.41199}
{"type": "train", "epoch": 285, "loss": 0.35996, "obj": 0.35996, "sup": 0.0, "lr": 0.0005, "time": 1790983536.69044}
{"type": "train", "epoch": 286, "loss": 0.35302, "obj": 0.35302, "sup": 0.0, "lr": 0.0005, "time": 1790983536.96875}
{"type": "train", "epoch": 287, "loss": 0.35219, "obj": 0.35219, "sup": 0.0, "lr": 0.0005, "time": 1790983537.24596}
{"type": "train", "epoch": 288, "loss": 0.34816, "obj": 0.34816, "sup": 0.0, "lr": 0.0005, "time": 1790983537.51659}
{"type": "train", "epoch": 289, "loss": 0.34839, "obj": 0.34839, "sup": 0.0, "lr": 0.0005, "time": 1790983537.7921}
{"type": "train", "epoch": 290, "loss": 0.34267, "obj": 0.34267, "sup": 0.0, "lr": 0.0005, "time": 1790983538.0569}
{"type": "train", "epoch": 291, "loss": 0.34159, "obj": 0.34159, "sup": 0.0, "lr": 0.0005, "time": 1790983538.32929}
{"type": "train", "epoch": 292, "loss": 0.33775, "obj": 0.33775, "sup": 0.0, "lr": 0.0005, "time": 1790983538.59383}
{"type": "train", "epoch": 293, "loss": 0.33515, "obj": 0.33515, "sup": 0.0, "lr": 0.0005, "time": 1790983538.86591}
{"type": "train", "epoch": 294, "loss": 0.33223, "obj": 0.33223, "sup": 0.0, "lr": 0.0005, "time": 1790983539.13458}
{"type": "train", "epoch": 295, "loss": 0.33002, "obj": 0.33002, "sup": 0.0, "lr": 0.0005, "time": 1790983539.40329}
{"type": "train", "epoch": 296, "loss": 0.32854, "obj": 0.32854, "sup": 0.0, "lr": 0.0005, "time": 1790983539.67062}
{"type": "train", "epoch": 297, "loss": 0.33579, "obj": 0.33579, "sup": 0.0, "lr": 0.0005, "time": 1790983539.94066}
{"type": "train", "epoch": 298, "loss": 0.33172, "obj": 0.33172, "sup": 0.0, "lr": 0.0005, "time": 1790983540.20967}
{"type": "train", "epoch": 299, "loss": 0.32868, "obj": 0.32868, "sup": 0.0, "lr": 0.0005, "time": 1790983540.48429}
{"type": "train", "epoch": 300, "loss": 0.32438, "obj": 0.32438, "sup": 0.0, "lr": 0.0005, "time": 1790983541.61595, "train_resid_median": 0.53787, "train_resid_mean": 0.53698, "train_imag_median": 0.09708, "train_obj_median": 0.32528, "train_u_loss_to_label_median": 0.63641, "val_resid_median": 0.9067, "val_resid_mean": 0.89399, "val_imag_median": 0.14321, "val_obj_median": 0.85904, "val_u_loss_to_label_median": 0.72384}
{"type": "train", "epoch": 301, "loss": 0.32519, "obj": 0.32519, "sup": 0.0, "lr": 0.0005, "time": 1790983541.88574}
{"type": "train", "epoch": 302, "loss": 0.32255, "obj": 0.32255, "sup": 0.0, "lr": 0.0005, "time": 1790983542.15472}
{"type": "train", "epoch": 303, "loss": 0.3256, "obj": 0.3256, "sup": 0.0, "lr": 0.0005, "time": 1790983542.42293}
{"type": "train", "epoch": 304, "loss": 0.31499, "obj": 0.31499, "sup": 0.0, "lr": 0.0005, "time": 1790983542.69449}
{"type": "train", "epoch": 305, "loss": 0.31653, "obj": 0.31653, "sup": 0.0, "lr": 0.0005, "time": 1790983542.97052}
{"type": "train", "epoch": 306, "loss": 0.31731, "obj": 0.31731, "sup": 0.0, "lr": 0.0005, "time": 1790983543.24259}
{"type": "train", "epoch": 307, "loss": 0.31095, "obj": 0.31095, "sup": 0.0, "lr": 0.0005, "time": 1790983543.51083}
{"type": "train", "epoch": 308, "loss": 0.31344, "obj": 0.31344, "sup": 0.0, "lr": 0.0005, "time": 1790983543.78062}
{"type": "train", "epoch": 309, "loss": 0.31096, "obj": 0.31096, "sup": 0.0, "lr": 0.0005, "time": 1790983544.05623}
{"type": "train", "epoch": 310, "loss": 0.3089, "obj": 0.3089, "sup": 0.0, "lr": 0.0005, "time": 1790983544.32994}
{"type": "train", "epoch": 311, "loss": 0.30745, "obj": 0.30745, "sup": 0.0, "lr": 0.0005, "time": 1790983544.60521}
{"type": "train", "epoch": 312, "loss": 0.30538, "obj": 0.30538, "sup": 0.0, "lr": 0.0005, "time": 1790983544.87466}
{"type": "train", "epoch": 313, "loss": 0.30378, "obj": 0.30378, "sup": 0.0, "lr": 0.0005, "time": 1790983545.14664}
{"type": "train", "epoch": 314, "loss": 0.3014, "obj": 0.3014, "sup": 0.0, "lr": 0.0005, "time": 1790983545.42176}
{"type": "train", "epoch": 315, "loss": 0.3028, "obj": 0.3028, "sup": 0.0, "lr": 0.0005, "time": 1790983545.69806}
{"type": "train", "epoch": 316, "loss": 0.29885, "obj": 0.29885, "sup": 0.0, "lr": 0.0005, "time": 1790983545.96974}
{"type": "train", "epoch": 317, "loss": 0.29807, "obj": 0.29807, "sup": 0.0, "lr": 0.0005, "time": 1790983546.23946}
{"type": "train", "epoch": 318, "loss": 0.30623, "obj": 0.30623, "sup": 0.0, "lr": 0.0005, "time": 1790983546.51539}
{"type": "train", "epoch": 319, "loss": 0.30322, "obj": 0.30322, "sup": 0.0, "lr": 0.0005, "time": 1790983546.78834}
{"type": "train", "epoch": 320, "loss": 0.30033, "obj": 0.30033, "sup": 0.0, "lr": 0.0005, "time": 1790983547.05994}
{"type": "train", "epoch": 321, "loss": 0.29842, "obj": 0.29842, "sup": 0.0, "lr": 0.0005, "time": 1790983547.33198}
{"type": "train", "epoch": 322, "loss": 0.29802, "obj": 0.29802, "sup": 0.0, "lr": 0.0005, "time": 1790983547.60325}
{"type": "train", "epoch": 323, "loss": 0.29707, "obj": 0.29707, "sup": 0.0, "lr": 0.0005, "time": 1790983547.87554}
{"type": "train", "epoch": 324, "loss": 0.29323, "obj": 0.29323, "sup": 0.0, "lr": 0.0005, "time": 1790983548.15112}
{"type": "train", "epoch": 325, "loss": 0.29485, "obj": 0.29485, "sup": 0.0, "lr": 0.0005, "time": 1790983548.42611}
{"type": "train", "epoch": 326, "loss": 0.29493, "obj": 0.29493, "sup": 0.0, "lr": 0.0005, "time": 1790983548.69858}
{"type": "train", "epoch": 327, "loss": 0.29466, "obj": 0.29466, "sup": 0.0, "lr": 0.0005, "time": 1790983548.97872}
{"type": "train", "epoch": 328, "loss": 0.29491, "obj": 0.29491, "sup": 0.0, "lr": 0.0005, "time": 1790983549.25524}
{"type": "train", "epoch": 329, "loss": 0.30693, "obj": 0.30693, "sup": 0.0, "lr": 0.0005, "time": 1790983549.52907}
{"type": "train", "epoch": 330, "loss": 0.30849, "obj": 0.30849, "sup": 0.0, "lr": 0.0005, "time": 1790983549.79693}
{"type": "train", "epoch": 331, "loss": 0.31746, "obj": 0.31746, "sup": 0.0, "lr": 0.0005, "time": 1790983550.06687}
{"type": "train", "epoch": 332, "loss": 0.31253, "obj": 0.31253, "sup": 0.0, "lr": 0.0005, "time": 1790983550.33771}
{"type": "train", "epoch": 333, "loss": 0.30356, "obj": 0.30356, "sup": 0.0, "lr": 0.0005, "time": 1790983550.61157}
{"type": "train", "epoch": 334, "loss": 0.3144, "obj": 0.3144, "sup": 0.0, "lr": 0.0005, "time": 1790983550.88344}
{"type": "train", "epoch": 335, "loss": 0.30599, "obj": 0.30599, "sup": 0.0, "lr": 0.0005, "time": 1790983551.1503}
{"type": "train", "epoch": 336, "loss": 0.30134, "obj": 0.30134, "sup": 0.0, "lr": 0.0005, "time": 1790983551.42063}
{"type": "train", "epoch": 337, "loss": 0.29628, "obj": 0.29628, "sup": 0.0, "lr": 0.0005, "time": 1790983551.68925}
{"type": "train", "epoch": 338, "loss": 0.29331, "obj": 0.29331, "sup": 0.0, "lr": 0.0005, "time": 1790983551.96046}
{"type": "train", "epoch": 339, "loss": 0.29429, "obj": 0.29429, "sup": 0.0, "lr": 0.0005, "time": 1790983552.23987}
{"type": "train", "epoch": 340, "loss": 0.30906, "obj": 0.30906, "sup": 0.0, "lr": 0.0005, "time": 1790983552.51687}
{"type": "train", "epoch": 341, "loss": 0.30511, "obj": 0.30511, "sup": 0.0, "lr": 0.0005, "time": 1790983552.79757}
{"type": "train", "epoch": 342, "loss": 0.32682, "obj": 0.32682, "sup": 0.0, "lr": 0.0005, "time": 1790983553.07001}
{"type": "train", "epoch": 343, "loss": 0.32336, "obj": 0.32336, "sup": 0.0, "lr": 0.0005, "time": 1790983553.34264}
{"type": "train", "epoch": 344, "loss": 0.31955, "obj": 0.31955, "sup": 0.0, "lr": 0.0005, "time": 1790983553.61895}
{"type": "train", "epoch": 345, "loss": 0.30237, "obj": 0.30237, "sup": 0.0, "lr": 0.0005, "time": 1790983553.89433}
{"type": "train", "epoch": 346, "loss": 0.30125, "obj": 0.30125, "sup": 0.0, "lr": 0.0005, "time": 1790983554.1654}
{"type": "train", "epoch": 347, "loss": 0.29954, "obj": 0.29954, "sup": 0.0, "lr": 0.0005, "time": 1790983554.43551}
{"type": "train", "epoch": 348, "loss": 0.29368, "obj": 0.29368, "sup": 0.0, "lr": 0.0005, "time": 1790983554.71201}
{"type": "train", "epoch": 349, "loss": 0.29073, "obj": 0.29073, "sup": 0.0, "lr": 0.0005, "time": 1790983554.98857}
{"type": "train", "epoch": 350, "loss": 0.28862, "obj": 0.28862, "sup": 0.0, "lr": 0.0005, "time": 1790983556.2005, "train_resid_median": 0.49109, "train_resid_mean": 0.4962, "train_imag_median": 0.10325, "train_obj_median": 0.27975, "train_u_loss_to_label_median": 0.64403, "val_resid_median": 0.90544, "val_resid_mean": 0.89118, "val_imag_median": 0.16894, "val_obj_median": 0.87166, "val_u_loss_to_label_median": 0.73477}
{"type": "train", "epoch": 351, "loss": 0.28489, "obj": 0.28489, "sup": 0.0, "lr": 0.0005, "time": 1790983556.51028}
{"type": "train", "epoch": 352, "loss": 0.28047, "obj": 0.28047, "sup": 0.0, "lr": 0.0005, "time": 1790983556.81063}
{"type": "train", "epoch": 353, "loss": 0.27815, "obj": 0.27815, "sup": 0.0, "lr": 0.0005, "time": 1790983557.10028}
{"type": "train", "epoch": 354, "loss": 0.28044, "obj": 0.28044, "sup": 0.0, "lr": 0.0005, "time": 1790983557.38537}
{"type": "train", "epoch": 355, "loss": 0.27874, "obj": 0.27874, "sup": 0.0, "lr": 0.0005, "time": 1790983557.66772}
{"type": "train", "epoch": 356, "loss": 0.27437, "obj": 0.27437, "sup": 0.0, "lr": 0.0005, "time": 1790983557.94581}
{"type": "train", "epoch": 357, "loss": 0.27794, "obj": 0.27794, "sup": 0.0, "lr": 0.0005, "time": 1790983558.22007}
{"type": "train", "epoch": 358, "loss": 0.27739, "obj": 0.27739, "sup": 0.0, "lr": 0.0005, "time": 1790983558.49067}
{"type": "train", "epoch": 359, "loss": 0.30195, "obj": 0.30195, "sup": 0.0, "lr": 0.0005, "time": 1790983558.75945}
{"type": "train", "epoch": 360, "loss": 0.29167, "obj": 0.29167, "sup": 0.0, "lr": 0.0005, "time": 1790983559.02745}
{"type": "train", "epoch": 361, "loss": 0.28471, "obj": 0.28471, "sup": 0.0, "lr": 0.0005, "time": 1790983559.29654}
{"type": "train", "epoch": 362, "loss": 0.27956, "obj": 0.27956, "sup": 0.0, "lr": 0.0005, "time": 1790983559.56551}
{"type": "train", "epoch": 363, "loss": 0.27594, "obj": 0.27594, "sup": 0.0, "lr": 0.0005, "time": 1790983559.8336}
{"type": "train", "epoch": 364, "loss": 0.28656, "obj": 0.28656, "sup": 0.0, "lr": 0.0005, "time": 1790983560.10354}
{"type": "train", "epoch": 365, "loss": 0.28677, "obj": 0.28677, "sup": 0.0, "lr": 0.0005, "time": 1790983560.37255}
{"type": "train", "epoch": 366, "loss": 0.28046, "obj": 0.28046, "sup": 0.0, "lr": 0.0005, "time": 1790983560.64655}
{"type": "train", "epoch": 367, "loss": 0.35009, "obj": 0.35009, "sup": 0.0, "lr": 0.0005, "time": 1790983560.92161}
{"type": "train", "epoch": 368, "loss": 0.32336, "obj": 0.32336, "sup": 0.0, "lr": 0.0005, "time": 1790983561.19821}
{"type": "train", "epoch": 369, "loss": 0.31539, "obj": 0.31539, "sup": 0.0, "lr": 0.0005, "time": 1790983561.46707}
{"type": "train", "epoch": 370, "loss": 0.33996, "obj": 0.33996, "sup": 0.0, "lr": 0.0005, "time": 1790983561.73891}
{"type": "train", "epoch": 371, "loss": 0.31029, "obj": 0.31029, "sup": 0.0, "lr": 0.0005, "time": 1790983562.01781}
{"type": "train", "epoch": 372, "loss": 0.3112, "obj": 0.3112, "sup": 0.0, "lr": 0.0005, "time": 1790983562.29231}
{"type": "train", "epoch": 373, "loss": 0.30184, "obj": 0.30184, "sup": 0.0, "lr": 0.0005, "time": 1790983562.56252}
{"type": "train", "epoch": 374, "loss": 0.30413, "obj": 0.30413, "sup": 0.0, "lr": 0.0005, "time": 1790983562.83191}
{"type": "train", "epoch": 375, "loss": 0.2819, "obj": 0.2819, "sup": 0.0, "lr": 0.0005, "time": 1790983563.10857}
{"type": "train", "epoch": 376, "loss": 0.28073, "obj": 0.28073, "sup": 0.0, "lr": 0.0005, "time": 1790983563.38428}
{"type": "train", "epoch": 377, "loss": 0.27836, "obj": 0.27836, "sup": 0.0, "lr": 0.0005, "time": 1790983563.66276}
{"type": "train", "epoch": 378, "loss": 0.30368, "obj": 0.30368, "sup": 0.0, "lr": 0.0005, "time": 1790983563.93293}
{"type": "train", "epoch": 379, "loss": 0.29772, "obj": 0.29772, "sup": 0.0, "lr": 0.0005, "time": 1790983564.20222}
{"type": "train", "epoch": 380, "loss": 0.2837, "obj": 0.2837, "sup": 0.0, "lr": 0.0005, "time": 1790983564.47086}
{"type": "train", "epoch": 381, "loss": 0.2785, "obj": 0.2785, "sup": 0.0, "lr": 0.0005, "time": 1790983564.74726}
{"type": "train", "epoch": 382, "loss": 0.28292, "obj": 0.28292, "sup": 0.0, "lr": 0.0005, "time": 1790983565.02246}
{"type": "train", "epoch": 383, "loss": 0.27553, "obj": 0.27553, "sup": 0.0, "lr": 0.0005, "time": 1790983565.2923}
{"type": "train", "epoch": 384, "loss": 0.26688, "obj": 0.26688, "sup": 0.0, "lr": 0.0005, "time": 1790983565.56063}
{"type": "train", "epoch": 385, "loss": 0.26738, "obj": 0.26738, "sup": 0.0, "lr": 0.0005, "time": 1790983565.83266}
{"type": "train", "epoch": 386, "loss": 0.265, "obj": 0.265, "sup": 0.0, "lr": 0.0005, "time": 1790983566.10851}
{"type": "train", "epoch": 387, "loss": 0.26354, "obj": 0.26354, "sup": 0.0, "lr": 0.0005, "time": 1790983566.38334}
{"type": "train", "epoch": 388, "loss": 0.26262, "obj": 0.26262, "sup": 0.0, "lr": 0.0005, "time": 1790983566.65429}
{"type": "train", "epoch": 389, "loss": 0.25952, "obj": 0.25952, "sup": 0.0, "lr": 0.0005, "time": 1790983566.92354}
{"type": "train", "epoch": 390, "loss": 0.2583, "obj": 0.2583, "sup": 0.0, "lr": 0.0005, "time": 1790983567.19844}
{"type": "train", "epoch": 391, "loss": 0.25437, "obj": 0.25437, "sup": 0.0, "lr": 0.0005, "time": 1790983567.47422}
{"type": "train", "epoch": 392, "loss": 0.25411, "obj": 0.25411, "sup": 0.0, "lr": 0.0005, "time": 1790983567.74657}
{"type": "train", "epoch": 393, "loss": 0.25288, "obj": 0.25288, "sup": 0.0, "lr": 0.0005, "time": 1790983568.01562}
{"type": "train", "epoch": 394, "loss": 0.25282, "obj": 0.25282, "sup": 0.0, "lr": 0.0005, "time": 1790983568.28514}
{"type": "train", "epoch": 395, "loss": 0.25634, "obj": 0.25634, "sup": 0.0, "lr": 0.0005, "time": 1790983568.55766}
{"type": "train", "epoch": 396, "loss": 0.25669, "obj": 0.25669, "sup": 0.0, "lr": 0.0005, "time": 1790983568.83744}
{"type": "train", "epoch": 397, "loss": 0.26947, "obj": 0.26947, "sup": 0.0, "lr": 0.0005, "time": 1790983569.11302}
{"type": "train", "epoch": 398, "loss": 0.26032, "obj": 0.26032, "sup": 0.0, "lr": 0.0005, "time": 1790983569.38361}
{"type": "train", "epoch": 399, "loss": 0.26823, "obj": 0.26823, "sup": 0.0, "lr": 0.0005, "time": 1790983569.66249}
{"type": "train", "epoch": 400, "loss": 0.2622, "obj": 0.2622, "sup": 0.0, "lr": 0.0005, "time": 1790983570.78608, "train_resid_median": 0.45869, "train_resid_mean": 0.46798, "train_imag_median": 0.09802, "train_obj_median": 0.25372, "train_u_loss_to_label_median": 0.6429, "val_resid_median": 0.9175, "val_resid_mean": 0.90603, "val_imag_median": 0.17813, "val_obj_median": 0.90256, "val_u_loss_to_label_median": 0.72452}
{"type": "train", "epoch": 401, "loss": 0.26289, "obj": 0.26289, "sup": 0.0, "lr": 0.0005, "time": 1790983571.05536}
{"type": "train", "epoch": 402, "loss": 0.25432, "obj": 0.25432, "sup": 0.0, "lr": 0.0005, "time": 1790983571.3204}
{"type": "train", "epoch": 403, "loss": 0.25468, "obj": 0.25468, "sup": 0.0, "lr": 0.0005, "time": 1790983571.5841}
{"type": "train", "epoch": 404, "loss": 0.28114, "obj": 0.28114, "sup": 0.0, "lr": 0.0005, "time": 1790983571.84745}
{"type": "train", "epoch": 405, "loss": 0.29095, "obj": 0.29095, "sup": 0.0, "lr": 0.0005, "time": 1790983572.11329}
{"type": "train", "epoch": 406, "loss": 0.26411, "obj": 0.26411, "sup": 0.0, "lr": 0.0005, "time": 1790983572.38094}
{"type": "train", "epoch": 407, "loss": 0.26335, "obj": 0.26335, "sup": 0.0, "lr": 0.0005, "time": 1790983572.65473}
{"type": "train", "epoch": 408, "loss": 0.28044, "obj": 0.28044, "sup": 0.0, "lr": 0.0005, "time": 1790983572.93519}
{"type": "train", "epoch": 409, "loss": 0.27432, "obj": 0.27432, "sup": 0.0, "lr": 0.0005, "time": 1790983573.21399}
{"type": "train", "epoch": 410, "loss": 0.27355, "obj": 0.27355, "sup": 0.0, "lr": 0.0005, "time": 1790983573.50845}
{"type": "train", "epoch": 411, "loss": 0.27705, "obj": 0.27705, "sup": 0.0, "lr": 0.0005, "time": 1790983573.78529}
{"type": "train", "epoch": 412, "loss": 0.26839, "obj": 0.26839, "sup": 0.0, "lr": 0.0005, "time": 1790983574.05637}
{"type": "train", "epoch": 413, "loss": 0.26739, "obj": 0.26739, "sup": 0.0, "lr": 0.0005, "time": 1790983574.32582}
{"type": "train", "epoch": 414, "loss": 0.25679, "obj": 0.25679, "sup": 0.0, "lr": 0.0005, "time": 1790983574.59509}
{"type": "train", "epoch": 415, "loss": 0.26099, "obj": 0.26099, "sup": 0.0, "lr": 0.0005, "time": 1790983574.86423}
{"type": "train", "epoch": 416, "loss": 0.26157, "obj": 0.26157, "sup": 0.0, "lr": 0.0005, "time": 1790983575.13243}
{"type": "train", "epoch": 417, "loss": 0.25768, "obj": 0.25768, "sup": 0.0, "lr": 0.0005, "time": 1790983575.40097}
{"type": "train", "epoch": 418, "loss": 0.25362, "obj": 0.25362, "sup": 0.0, "lr": 0.0005, "time": 1790983575.6704}
{"type": "train", "epoch": 419, "loss": 0.25355, "obj": 0.25355, "sup": 0.0, "lr": 0.0005, "time": 1790983575.93994}
{"type": "train", "epoch": 420, "loss": 0.25209, "obj": 0.25209, "sup": 0.0, "lr": 0.0005, "time": 1790983576.20931}
{"type": "train", "epoch": 421, "loss": 0.24885, "obj": 0.24885, "sup": 0.0, "lr": 0.0005, "time": 1790983576.47817}
{"type": "train", "epoch": 422, "loss": 0.24573, "obj": 0.24573, "sup": 0.0, "lr": 0.0005, "time": 1790983576.74681}
{"type": "train", "epoch": 423, "loss": 0.25213, "obj": 0.25213, "sup": 0.0, "lr": 0.0005, "time": 1790983577.01765}
{"type": "train", "epoch": 424, "loss": 0.25134, "obj": 0.25134, "sup": 0.0, "lr": 0.0005, "time": 1790983577.28901}
{"type": "train", "epoch": 425, "loss": 0.24821, "obj": 0.24821, "sup": 0.0, "lr": 0.0005, "time": 1790983577.55923}
{"type": "train", "epoch": 426, "loss": 0.24328, "obj": 0.24328, "sup": 0.0, "lr": 0.0005, "time": 1790983577.8319}
{"type": "train", "epoch": 427, "loss": 0.24087, "obj": 0.24087, "sup": 0.0, "lr": 0.0005, "time": 1790983578.10089}
{"type": "train", "epoch": 428, "loss": 0.24011, "obj": 0.24011, "sup": 0.0, "lr": 0.0005, "time": 1790983578.37145}
{"type": "train", "epoch": 429, "loss": 0.23879, "obj": 0.23879, "sup": 0.0, "lr": 0.0005, "time": 1790983578.64318}
{"type": "train", "epoch": 430, "loss": 0.2374, "obj": 0.2374, "sup": 0.0, "lr": 0.0005, "time": 1790983578.91432}
{"type": "train", "epoch": 431, "loss": 0.23804, "obj": 0.23804, "sup": 0.0, "lr": 0.0005, "time": 1790983579.18515}
{"type": "train", "epoch": 432, "loss": 0.2443, "obj": 0.2443, "sup": 0.0, "lr": 0.0005, "time": 1790983579.45351}
{"type": "train", "epoch": 433, "loss": 0.24, "obj": 0.24, "sup": 0.0, "lr": 0.0005, "time": 1790983579.72247}
{"type": "train", "epoch": 434, "loss": 0.23893, "obj": 0.23893, "sup": 0.0, "lr": 0.0005, "time": 1790983579.9914}
{"type": "train", "epoch": 435, "loss": 0.23503, "obj": 0.23503, "sup": 0.0, "lr": 0.0005, "time": 1790983580.26027}
{"type": "train", "epoch": 436, "loss": 0.23598, "obj": 0.23598, "sup": 0.0, "lr": 0.0005, "time": 1790983580.52858}
{"type": "train", "epoch": 437, "loss": 0.23374, "obj": 0.23374, "sup": 0.0, "lr": 0.0005, "time": 1790983580.7972}
{"type": "train", "epoch": 438, "loss": 0.2319, "obj": 0.2319, "sup": 0.0, "lr": 0.0005, "time": 1790983581.06688}
{"type": "train", "epoch": 439, "loss": 0.23241, "obj": 0.23241, "sup": 0.0, "lr": 0.0005, "time": 1790983581.33529}
{"type": "train", "epoch": 440, "loss": 0.23099, "obj": 0.23099, "sup": 0.0, "lr": 0.0005, "time": 1790983581.60375}
{"type": "train", "epoch": 441, "loss": 0.23153, "obj": 0.23153, "sup": 0.0, "lr": 0.0005, "time": 1790983581.87275}
{"type": "train", "epoch": 442, "loss": 0.22833, "obj": 0.22833, "sup": 0.0, "lr": 0.0005, "time": 1790983582.14633}
{"type": "train", "epoch": 443, "loss": 0.22851, "obj": 0.22851, "sup": 0.0, "lr": 0.0005, "time": 1790983582.41889}
{"type": "train", "epoch": 444, "loss": 0.22725, "obj": 0.22725, "sup": 0.0, "lr": 0.0005, "time": 1790983582.69325}
{"type": "train", "epoch": 445, "loss": 0.22684, "obj": 0.22684, "sup": 0.0, "lr": 0.0005, "time": 1790983582.96732}
{"type": "train", "epoch": 446, "loss": 0.22621, "obj": 0.22621, "sup": 0.0, "lr": 0.0005, "time": 1790983583.23931}
{"type": "train", "epoch": 447, "loss": 0.22484, "obj": 0.22484, "sup": 0.0, "lr": 0.0005, "time": 1790983583.51648}
{"type": "train", "epoch": 448, "loss": 0.22597, "obj": 0.22597, "sup": 0.0, "lr": 0.0005, "time": 1790983583.79725}
{"type": "train", "epoch": 449, "loss": 0.22364, "obj": 0.22364, "sup": 0.0, "lr": 0.0005, "time": 1790983584.07187}
{"type": "train", "epoch": 450, "loss": 0.22485, "obj": 0.22485, "sup": 0.0, "lr": 0.0005, "time": 1790983585.23151, "train_resid_median": 0.41081, "train_resid_mean": 0.41838, "train_imag_median": 0.09308, "train_obj_median": 0.21497, "train_u_loss_to_label_median": 0.65501, "val_resid_median": 0.91642, "val_resid_mean": 0.90418, "val_imag_median": 0.20635, "val_obj_median": 0.91573, "val_u_loss_to_label_median": 0.73262}
{"type": "train", "epoch": 451, "loss": 0.22331, "obj": 0.22331, "sup": 0.0, "lr": 0.0005, "time": 1790983585.51038}
{"type": "train", "epoch": 452, "loss": 0.22332, "obj": 0.22332, "sup": 0.0, "lr": 0.0005, "time": 1790983585.78654}
{"type": "train", "epoch": 453, "loss": 0.22219, "obj": 0.22219, "sup": 0.0, "lr": 0.0005, "time": 1790983586.05704}
{"type": "train", "epoch": 454, "loss": 0.22201, "obj": 0.22201, "sup": 0.0, "lr": 0.0005, "time": 1790983586.32624}
{"type": "train", "epoch": 455, "loss": 0.22149, "obj": 0.22149, "sup": 0.0, "lr": 0.0005, "time": 1790983586.59544}
{"type": "train", "epoch": 456, "loss": 0.22069, "obj": 0.22069, "sup": 0.0, "lr": 0.0005, "time": 1790983586.86461}
{"type": "train", "epoch": 457, "loss": 0.22078, "obj": 0.22078, "sup": 0.0, "lr": 0.0005, "time": 1790983587.13352}
{"type": "train", "epoch": 458, "loss": 0.21966, "obj": 0.21966, "sup": 0.0, "lr": 0.0005, "time": 1790983587.40349}
{"type": "train", "epoch": 459, "loss": 0.22111, "obj": 0.22111, "sup": 0.0, "lr": 0.0005, "time": 1790983587.67757}
{"type": "train", "epoch": 460, "loss": 0.21906, "obj": 0.21906, "sup": 0.0, "lr": 0.0005, "time": 1790983587.9499}
{"type": "train", "epoch": 461, "loss": 0.21862, "obj": 0.21862, "sup": 0.0, "lr": 0.0005, "time": 1790983588.2234}
{"type": "train", "epoch": 462, "loss": 0.21955, "obj": 0.21955, "sup": 0.0, "lr": 0.0005, "time": 1790983588.4987}
{"type": "train", "epoch": 463, "loss": 0.21966, "obj": 0.21966, "sup": 0.0, "lr": 0.0005, "time": 1790983588.77468}
{"type": "train", "epoch": 464, "loss": 0.21814, "obj": 0.21814, "sup": 0.0, "lr": 0.0005, "time": 1790983589.0559}
{"type": "train", "epoch": 465, "loss": 0.21877, "obj": 0.21877, "sup": 0.0, "lr": 0.0005, "time": 1790983589.33215}
{"type": "train", "epoch": 466, "loss": 0.22176, "obj": 0.22176, "sup": 0.0, "lr": 0.0005, "time": 1790983589.60352}
{"type": "train", "epoch": 467, "loss": 0.2174, "obj": 0.2174, "sup": 0.0, "lr": 0.0005, "time": 1790983589.87291}
{"type": "train", "epoch": 468, "loss": 0.21902, "obj": 0.21902, "sup": 0.0, "lr": 0.0005, "time": 1790983590.14177}
{"type": "train", "epoch": 469, "loss": 0.22525, "obj": 0.22525, "sup": 0.0, "lr": 0.0005, "time": 1790983590.41197}
{"type": "train", "epoch": 470, "loss": 0.2253, "obj": 0.2253, "sup": 0.0, "lr": 0.0005, "time": 1790983590.68569}
{"type": "train", "epoch": 471, "loss": 0.23165, "obj": 0.23165, "sup": 0.0, "lr": 0.0005, "time": 1790983590.95659}
{"type": "train", "epoch": 472, "loss": 0.23063, "obj": 0.23063, "sup": 0.0, "lr": 0.0005, "time": 1790983591.22577}
{"type": "train", "epoch": 473, "loss": 0.2362, "obj": 0.2362, "sup": 0.0, "lr": 0.0005, "time": 1790983591.49468}
{"type": "train", "epoch": 474, "loss": 0.23509, "obj": 0.23509, "sup": 0.0, "lr": 0.0005, "time": 1790983591.76619}
{"type": "train", "epoch": 475, "loss": 0.23275, "obj": 0.23275, "sup": 0.0, "lr": 0.0005, "time": 1790983592.03901}
{"type": "train", "epoch": 476, "loss": 0.2325, "obj": 0.2325, "sup": 0.0, "lr": 0.0005, "time": 1790983592.31265}
{"type": "train", "epoch": 477, "loss": 0.23252, "obj": 0.23252, "sup": 0.0, "lr": 0.0005, "time": 1790983592.59067}
{"type": "train", "epoch": 478, "loss": 0.2512, "obj": 0.2512, "sup": 0.0, "lr": 0.0005, "time": 1790983592.87184}
{"type": "train", "epoch": 479, "loss": 0.24503, "obj": 0.24503, "sup": 0.0, "lr": 0.0005, "time": 1790983593.16607}
{"type": "train", "epoch": 480, "loss": 0.2414, "obj": 0.2414, "sup": 0.0, "lr": 0.0005, "time": 1790983593.4477}
{"type": "train", "epoch": 481, "loss": 0.23783, "obj": 0.23783, "sup": 0.0, "lr": 0.0005, "time": 1790983593.72103}
{"type": "train", "epoch": 482, "loss": 0.24005, "obj": 0.24005, "sup": 0.0, "lr": 0.0005, "time": 1790983593.99094}
{"type": "train", "epoch": 483, "loss": 0.23496, "obj": 0.23496, "sup": 0.0, "lr": 0.0005, "time": 1790983594.25993}
{"type": "train", "epoch": 484, "loss": 0.24325, "obj": 0.24325, "sup": 0.0, "lr": 0.0005, "time": 1790983594.52912}
{"type": "train", "epoch": 485, "loss": 0.24431, "obj": 0.24431, "sup": 0.0, "lr": 0.0005, "time": 1790983594.79766}
{"type": "train", "epoch": 486, "loss": 0.23864, "obj": 0.23864, "sup": 0.0, "lr": 0.0005, "time": 1790983595.06579}
{"type": "train", "epoch": 487, "loss": 0.23756, "obj": 0.23756, "sup": 0.0, "lr": 0.0005, "time": 1790983595.33561}
{"type": "train", "epoch": 488, "loss": 0.23126, "obj": 0.23126, "sup": 0.0, "lr": 0.0005, "time": 1790983595.60478}
{"type": "train", "epoch": 489, "loss": 0.24279, "obj": 0.24279, "sup": 0.0, "lr": 0.0005, "time": 1790983595.88089}
{"type": "train", "epoch": 490, "loss": 0.2421, "obj": 0.2421, "sup": 0.0, "lr": 0.0005, "time": 1790983596.15702}
{"type": "train", "epoch": 491, "loss": 0.24041, "obj": 0.24041, "sup": 0.0, "lr": 0.0005, "time": 1790983596.43043}
{"type": "train", "epoch": 492, "loss": 0.24779, "obj": 0.24779, "sup": 0.0, "lr": 0.0005, "time": 1790983596.69926}
{"type": "train", "epoch": 493, "loss": 0.23994, "obj": 0.23994, "sup": 0.0, "lr": 0.0005, "time": 1790983596.97016}
{"type": "train", "epoch": 494, "loss": 0.23544, "obj": 0.23544, "sup": 0.0, "lr": 0.0005, "time": 1790983597.24463}
{"type": "train", "epoch": 495, "loss": 0.23122, "obj": 0.23122, "sup": 0.0, "lr": 0.0005, "time": 1790983597.51843}
{"type": "train", "epoch": 496, "loss": 0.23021, "obj": 0.23021, "sup": 0.0, "lr": 0.0005, "time": 1790983597.78861}
{"type": "train", "epoch": 497, "loss": 0.22386, "obj": 0.22386, "sup": 0.0, "lr": 0.0005, "time": 1790983598.05942}
{"type": "train", "epoch": 498, "loss": 0.2228, "obj": 0.2228, "sup": 0.0, "lr": 0.0005, "time": 1790983598.32822}
{"type": "train", "epoch": 499, "loss": 0.22902, "obj": 0.22902, "sup": 0.0, "lr": 0.0005, "time": 1790983598.59972}
{"type": "train", "epoch": 500, "loss": 0.22443, "obj": 0.22443, "sup": 0.0, "lr": 0.0005, "time": 1790983599.81085, "train_resid_median": 0.41663, "train_resid_mean": 0.4212, "train_imag_median": 0.10197, "train_obj_median": 0.22061, "train_u_loss_to_label_median": 0.65554, "val_resid_median": 0.90932, "val_resid_mean": 0.89769, "val_imag_median": 0.2022, "val_obj_median": 0.90433, "val_u_loss_to_label_median": 0.72577}
{"type": "train", "epoch": 501, "loss": 0.2235, "obj": 0.2235, "sup": 0.0, "lr": 0.0005, "time": 1790983600.11894}
{"type": "train", "epoch": 502, "loss": 0.2195, "obj": 0.2195, "sup": 0.0, "lr": 0.0005, "time": 1790983600.42945}
{"type": "train", "epoch": 503, "loss": 0.22407, "obj": 0.22407, "sup": 0.0, "lr": 0.0005, "time": 1790983600.74033}
{"type": "train", "epoch": 504, "loss": 0.22409, "obj": 0.22409, "sup": 0.0, "lr": 0.0005, "time": 1790983601.05085}
{"type": "train", "epoch": 505, "loss": 0.24133, "obj": 0.24133, "sup": 0.0, "lr": 0.0005, "time": 1790983601.36176}
{"type": "train", "epoch": 506, "loss": 0.23336, "obj": 0.23336, "sup": 0.0, "lr": 0.0005, "time": 1790983601.66744}
{"type": "train", "epoch": 507, "loss": 0.22966, "obj": 0.22966, "sup": 0.0, "lr": 0.0005, "time": 1790983601.96215}
{"type": "train", "epoch": 508, "loss": 0.22433, "obj": 0.22433, "sup": 0.0, "lr": 0.0005, "time": 1790983602.25008}
{"type": "train", "epoch": 509, "loss": 0.22306, "obj": 0.22306, "sup": 0.0, "lr": 0.0005, "time": 1790983602.53397}
{"type": "train", "epoch": 510, "loss": 0.22113, "obj": 0.22113, "sup": 0.0, "lr": 0.0005, "time": 1790983602.81394}
{"type": "train", "epoch": 511, "loss": 0.21949, "obj": 0.21949, "sup": 0.0, "lr": 0.0005, "time": 1790983603.09214}
{"type": "train", "epoch": 512, "loss": 0.21657, "obj": 0.21657, "sup": 0.0, "lr": 0.0005, "time": 1790983603.36493}
{"type": "train", "epoch": 513, "loss": 0.22798, "obj": 0.22798, "sup": 0.0, "lr": 0.0005, "time": 1790983603.64863}
{"type": "train", "epoch": 514, "loss": 0.22003, "obj": 0.22003, "sup": 0.0, "lr": 0.0005, "time": 1790983603.94405}
{"type": "train", "epoch": 515, "loss": 0.21915, "obj": 0.21915, "sup": 0.0, "lr": 0.0005, "time": 1790983604.23102}
{"type": "train", "epoch": 516, "loss": 0.21488, "obj": 0.21488, "sup": 0.0, "lr": 0.0005, "time": 1790983604.51178}
{"type": "train", "epoch": 517, "loss": 0.21486, "obj": 0.21486, "sup": 0.0, "lr": 0.0005, "time": 1790983604.78747}
{"type": "train", "epoch": 518, "loss": 0.21879, "obj": 0.21879, "sup": 0.0, "lr": 0.0005, "time": 1790983605.06132}
{"type": "train", "epoch": 519, "loss": 0.22608, "obj": 0.22608, "sup": 0.0, "lr": 0.0005, "time": 1790983605.33326}
{"type": "train", "epoch": 520, "loss": 0.22507, "obj": 0.22507, "sup": 0.0, "lr": 0.0005, "time": 1790983605.6008}
{"type": "train", "epoch": 521, "loss": 0.2176, "obj": 0.2176, "sup": 0.0, "lr": 0.0005, "time": 1790983605.86781}
{"type": "train", "epoch": 522, "loss": 0.21983, "obj": 0.21983, "sup": 0.0, "lr": 0.0005, "time": 1790983606.13396}
{"type": "train", "epoch": 523, "loss": 0.22078, "obj": 0.22078, "sup": 0.0, "lr": 0.0005, "time": 1790983606.40036}
{"type": "train", "epoch": 524, "loss": 0.21753, "obj": 0.21753, "sup": 0.0, "lr": 0.0005, "time": 1790983606.66714}
{"type": "train", "epoch": 525, "loss": 0.21265, "obj": 0.21265, "sup": 0.0, "lr": 0.0005, "time": 1790983606.93577}
{"type": "train", "epoch": 526, "loss": 0.21057, "obj": 0.21057, "sup": 0.0, "lr": 0.0005, "time": 1790983607.2042}
{"type": "train", "epoch": 527, "loss": 0.2187, "obj": 0.2187, "sup": 0.0, "lr": 0.0005, "time": 1790983607.47383}
{"type": "train", "epoch": 528, "loss": 0.21408, "obj": 0.21408, "sup": 0.0, "lr": 0.0005, "time": 1790983607.74698}
{"type": "train", "epoch": 529, "loss": 0.21033, "obj": 0.21033, "sup": 0.0, "lr": 0.0005, "time": 1790983608.02016}
{"type": "train", "epoch": 530, "loss": 0.20784, "obj": 0.20784, "sup": 0.0, "lr": 0.0005, "time": 1790983608.29153}
{"type": "train", "epoch": 531, "loss": 0.20761, "obj": 0.20761, "sup": 0.0, "lr": 0.0005, "time": 1790983608.56501}
{"type": "train", "epoch": 532, "loss": 0.20766, "obj": 0.20766, "sup": 0.0, "lr": 0.0005, "time": 1790983608.83983}
{"type": "train", "epoch": 533, "loss": 0.20633, "obj": 0.20633, "sup": 0.0, "lr": 0.0005, "time": 1790983609.13504}
{"type": "train", "epoch": 534, "loss": 0.20618, "obj": 0.20618, "sup": 0.0, "lr": 0.0005, "time": 1790983609.43257}
{"type": "train", "epoch": 535, "loss": 0.20485, "obj": 0.20485, "sup": 0.0, "lr": 0.0005, "time": 1790983609.72125}
{"type": "train", "epoch": 536, "loss": 0.2091, "obj": 0.2091, "sup": 0.0, "lr": 0.0005, "time": 1790983610.00092}
{"type": "train", "epoch": 537, "loss": 0.21183, "obj": 0.21183, "sup": 0.0, "lr": 0.0005, "time": 1790983610.2799}
{"type": "train", "epoch": 538, "loss": 0.22761, "obj": 0.22761, "sup": 0.0, "lr": 0.0005, "time": 1790983610.55585}
{"type": "train", "epoch": 539, "loss": 0.22055, "obj": 0.22055, "sup": 0.0, "lr": 0.0005, "time": 1790983610.82872}
{"type": "train", "epoch": 540, "loss": 0.21508, "obj": 0.21508, "sup": 0.0, "lr": 0.0005, "time": 1790983611.09876}
{"type": "train", "epoch": 541, "loss": 0.21403, "obj": 0.21403, "sup": 0.0, "lr": 0.0005, "time": 1790983611.36679}
{"type": "train", "epoch": 542, "loss": 0.21217, "obj": 0.21217, "sup": 0.0, "lr": 0.0005, "time": 1790983611.63346}
{"type": "train", "epoch": 543, "loss": 0.20897, "obj": 0.20897, "sup": 0.0, "lr": 0.0005, "time": 1790983611.90008}
{"type": "train", "epoch": 544, "loss": 0.20656, "obj": 0.20656, "sup": 0.0, "lr": 0.0005, "time": 1790983612.16646}
{"type": "train", "epoch": 545, "loss": 0.20488, "obj": 0.20488, "sup": 0.0, "lr": 0.0005, "time": 1790983612.43377}
{"type": "train", "epoch": 546, "loss": 0.20498, "obj": 0.20498, "sup": 0.0, "lr": 0.0005, "time": 1790983612.70039}
{"type": "train", "epoch": 547, "loss": 0.20173, "obj": 0.20173, "sup": 0.0, "lr": 0.0005, "time": 1790983612.96673}
{"type": "train", "epoch": 548, "loss": 0.2025, "obj": 0.2025, "sup": 0.0, "lr": 0.0005, "time": 1790983613.23369}
{"type": "train", "epoch": 549, "loss": 0.20007, "obj": 0.20007, "sup": 0.0, "lr": 0.0005, "time": 1790983613.50062}
{"type": "train", "epoch": 550, "loss": 0.20036, "obj": 0.20036, "sup": 0.0, "lr": 0.0005, "time": 1790983614.62564, "train_resid_median": 0.38469, "train_resid_mean": 0.38925, "train_imag_median": 0.07961, "train_obj_median": 0.19219, "train_u_loss_to_label_median": 0.65979, "val_resid_median": 0.92408, "val_resid_mean": 0.90955, "val_imag_median": 0.21042, "val_obj_median": 0.93184, "val_u_loss_to_label_median": 0.72639}
{"type": "train", "epoch": 551, "loss": 0.20042, "obj": 0.20042, "sup": 0.0, "lr": 0.0005, "time": 1790983614.89254}
{"type": "train", "epoch": 552, "loss": 0.19918, "obj": 0.19918, "sup": 0.0, "lr": 0.0005, "time": 1790983615.15989}
{"type": "train", "epoch": 553, "loss": 0.19896, "obj": 0.19896, "sup": 0.0, "lr": 0.0005, "time": 1790983615.42826}
{"type": "train", "epoch": 554, "loss": 0.19798, "obj": 0.19798, "sup": 0.0, "lr": 0.0005, "time": 1790983615.6979}
{"type": "train", "epoch": 555, "loss": 0.19759, "obj": 0.19759, "sup": 0.0, "lr": 0.0005, "time": 1790983615.96535}
{"type": "train", "epoch": 556, "loss": 0.19784, "obj": 0.19784, "sup": 0.0, "lr": 0.0005, "time": 1790983616.23187}
{"type": "train", "epoch": 557, "loss": 0.19726, "obj": 0.19726, "sup": 0.0, "lr": 0.0005, "time": 1790983616.49715}
{"type": "train", "epoch": 558, "loss": 0.19663, "obj": 0.19663, "sup": 0.0, "lr": 0.0005, "time": 1790983616.76451}
{"type": "train", "epoch": 559, "loss": 0.19628, "obj": 0.19628, "sup": 0.0, "lr": 0.0005, "time": 1790983617.03412}
{"type": "train", "epoch": 560, "loss": 0.19597, "obj": 0.19597, "sup": 0.0, "lr": 0.0005, "time": 1790983617.30647}
{"type": "train", "epoch": 561, "loss": 0.19558, "obj": 0.19558, "sup": 0.0, "lr": 0.0005, "time": 1790983617.58224}
{"type": "train", "epoch": 562, "loss": 0.19542, "obj": 0.19542, "sup": 0.0, "lr": 0.0005, "time": 1790983617.85133}
{"type": "train", "epoch": 563, "loss": 0.19507, "obj": 0.19507, "sup": 0.0, "lr": 0.0005, "time": 1790983618.1182}
{"type": "train", "epoch": 564, "loss": 0.19492, "obj": 0.19492, "sup": 0.0, "lr": 0.0005, "time": 1790983618.38922}
{"type": "train", "epoch": 565, "loss": 0.19429, "obj": 0.19429, "sup": 0.0, "lr": 0.0005, "time": 1790983618.65791}
{"type": "train", "epoch": 566, "loss": 0.19454, "obj": 0.19454, "sup": 0.0, "lr": 0.0005, "time": 1790983618.92615}
{"type": "train", "epoch": 567, "loss": 0.19371, "obj": 0.19371, "sup": 0.0, "lr": 0.0005, "time": 1790983619.19677}
{"type": "train", "epoch": 568, "loss": 0.19404, "obj": 0.19404, "sup": 0.0, "lr": 0.0005, "time": 1790983619.46738}
{"type": "train", "epoch": 569, "loss": 0.19343, "obj": 0.19343, "sup": 0.0, "lr": 0.0005, "time": 1790983619.73597}
{"type": "train", "epoch": 570, "loss": 0.19363, "obj": 0.19363, "sup": 0.0, "lr": 0.0005, "time": 1790983620.0035}
{"type": "train", "epoch": 571, "loss": 0.19307, "obj": 0.19307, "sup": 0.0, "lr": 0.0005, "time": 1790983620.27146}
{"type": "train", "epoch": 572, "loss": 0.19303, "obj": 0.19303, "sup": 0.0, "lr": 0.0005, "time": 1790983620.53852}
{"type": "train", "epoch": 573, "loss": 0.19282, "obj": 0.19282, "sup": 0.0, "lr": 0.0005, "time": 1790983620.8057}
{"type": "train", "epoch": 574, "loss": 0.19252, "obj": 0.19252, "sup": 0.0, "lr": 0.0005, "time": 1790983621.07232}
{"type": "train", "epoch": 575, "loss": 0.19256, "obj": 0.19256, "sup": 0.0, "lr": 0.0005, "time": 1790983621.33815}
{"type": "train", "epoch": 576, "loss": 0.19233, "obj": 0.19233, "sup": 0.0, "lr": 0.0005, "time": 1790983621.60449}
{"type": "train", "epoch": 577, "loss": 0.19208, "obj": 0.19208, "sup": 0.0, "lr": 0.0005, "time": 1790983621.87289}
{"type": "train", "epoch": 578, "loss": 0.19192, "obj": 0.19192, "sup": 0.0, "lr": 0.0005, "time": 1790983622.14225}
{"type": "train", "epoch": 579, "loss": 0.19152, "obj": 0.19152, "sup": 0.0, "lr": 0.0005, "time": 1790983622.41419}
{"type": "train", "epoch": 580, "loss": 0.19165, "obj": 0.19165, "sup": 0.0, "lr": 0.0005, "time": 1790983622.69097}
{"type": "train", "epoch": 581, "loss": 0.19112, "obj": 0.19112, "sup": 0.0, "lr": 0.0005, "time": 1790983622.97961}
{"type": "train", "epoch": 582, "loss": 0.19149, "obj": 0.19149, "sup": 0.0, "lr": 0.0005, "time": 1790983623.27351}
{"type": "train", "epoch": 583, "loss": 0.19106, "obj": 0.19106, "sup": 0.0, "lr": 0.0005, "time": 1790983623.56257}
{"type": "train", "epoch": 584, "loss": 0.19099, "obj": 0.19099, "sup": 0.0, "lr": 0.0005, "time": 1790983623.85073}
{"type": "train", "epoch": 585, "loss": 0.19097, "obj": 0.19097, "sup": 0.0, "lr": 0.0005, "time": 1790983624.13286}
{"type": "train", "epoch": 586, "loss": 0.19041, "obj": 0.19041, "sup": 0.0, "lr": 0.0005, "time": 1790983624.41156}
{"type": "train", "epoch": 587, "loss": 0.19032, "obj": 0.19032, "sup": 0.0, "lr": 0.0005, "time": 1790983624.68686}
{"type": "train", "epoch": 588, "loss": 0.19091, "obj": 0.19091, "sup": 0.0, "lr": 0.0005, "time": 1790983624.9668}
{"type": "train", "epoch": 589, "loss": 0.19001, "obj": 0.19001, "sup": 0.0, "lr": 0.0005, "time": 1790983625.25118}
{"type": "train", "epoch": 590, "loss": 0.19049, "obj": 0.19049, "sup": 0.0, "lr": 0.0005, "time": 1790983625.53018}
{"type": "train", "epoch": 591, "loss": 0.18995, "obj": 0.18995, "sup": 0.0, "lr": 0.0005, "time": 1790983625.8062}
{"type": "train", "epoch": 592, "loss": 0.18991, "obj": 0.18991, "sup": 0.0, "lr": 0.0005, "time": 1790983626.07921}
{"type": "train", "epoch": 593, "loss": 0.19036, "obj": 0.19036, "sup": 0.0, "lr": 0.0005, "time": 1790983626.34612}
{"type": "train", "epoch": 594, "loss": 0.1894, "obj": 0.1894, "sup": 0.0, "lr": 0.0005, "time": 1790983626.61253}
{"type": "train", "epoch": 595, "loss": 0.18945, "obj": 0.18945, "sup": 0.0, "lr": 0.0005, "time": 1790983626.87806}
{"type": "train", "epoch": 596, "loss": 0.19018, "obj": 0.19018, "sup": 0.0, "lr": 0.0005, "time": 1790983627.14407}
{"type": "train", "epoch": 597, "loss": 0.18931, "obj": 0.18931, "sup": 0.0, "lr": 0.0005, "time": 1790983627.41102}
{"type": "train", "epoch": 598, "loss": 0.18833, "obj": 0.18833, "sup": 0.0, "lr": 0.0005, "time": 1790983627.67802}
{"type": "train", "epoch": 599, "loss": 0.1908, "obj": 0.1908, "sup": 0.0, "lr": 0.0005, "time": 1790983627.94662}
{"type": "train", "epoch": 600, "loss": 0.18982, "obj": 0.18982, "sup": 0.0, "lr": 0.0005, "time": 1790983629.06414, "train_resid_median": 0.36768, "train_resid_mean": 0.37198, "train_imag_median": 0.07123, "train_obj_median": 0.18182, "train_u_loss_to_label_median": 0.66371, "val_resid_median": 0.92613, "val_resid_mean": 0.90999, "val_imag_median": 0.23214, "val_obj_median": 0.9449, "val_u_loss_to_label_median": 0.73462}
{"type": "train", "epoch": 601, "loss": 0.18872, "obj": 0.18872, "sup": 0.0, "lr": 0.0005, "time": 1790983629.33308}
{"type": "train", "epoch": 602, "loss": 0.19246, "obj": 0.19246, "sup": 0.0, "lr": 0.0005, "time": 1790983629.60033}
{"type": "train", "epoch": 603, "loss": 0.1896, "obj": 0.1896, "sup": 0.0, "lr": 0.0005, "time": 1790983629.86653}
{"type": "train", "epoch": 604, "loss": 0.19075, "obj": 0.19075, "sup": 0.0, "lr": 0.0005, "time": 1790983630.13319}
{"type": "train", "epoch": 605, "loss": 0.19268, "obj": 0.19268, "sup": 0.0, "lr": 0.0005, "time": 1790983630.40082}
{"type": "train", "epoch": 606, "loss": 0.19162, "obj": 0.19162, "sup": 0.0, "lr": 0.0005, "time": 1790983630.66902}
{"type": "train", "epoch": 607, "loss": 0.19055, "obj": 0.19055, "sup": 0.0, "lr": 0.0005, "time": 1790983630.93539}
{"type": "train", "epoch": 608, "loss": 0.19208, "obj": 0.19208, "sup": 0.0, "lr": 0.0005, "time": 1790983631.20333}
{"type": "train", "epoch": 609, "loss": 0.19794, "obj": 0.19794, "sup": 0.0, "lr": 0.0005, "time": 1790983631.47094}
{"type": "train", "epoch": 610, "loss": 0.20746, "obj": 0.20746, "sup": 0.0, "lr": 0.0005, "time": 1790983631.73767}
{"type": "train", "epoch": 611, "loss": 0.20275, "obj": 0.20275, "sup": 0.0, "lr": 0.0005, "time": 1790983632.00477}
{"type": "train", "epoch": 612, "loss": 0.20241, "obj": 0.20241, "sup": 0.0, "lr": 0.0005, "time": 1790983632.27177}
{"type": "train", "epoch": 613, "loss": 0.19916, "obj": 0.19916, "sup": 0.0, "lr": 0.0005, "time": 1790983632.53818}
{"type": "train", "epoch": 614, "loss": 0.20651, "obj": 0.20651, "sup": 0.0, "lr": 0.0005, "time": 1790983632.80511}
{"type": "train", "epoch": 615, "loss": 0.20073, "obj": 0.20073, "sup": 0.0, "lr": 0.0005, "time": 1790983633.07149}
{"type": "train", "epoch": 616, "loss": 0.19982, "obj": 0.19982, "sup": 0.0, "lr": 0.0005, "time": 1790983633.34226}
{"type": "train", "epoch": 617, "loss": 0.1976, "obj": 0.1976, "sup": 0.0, "lr": 0.0005, "time": 1790983633.61284}
{"type": "train", "epoch": 618, "loss": 0.20117, "obj": 0.20117, "sup": 0.0, "lr": 0.0005, "time": 1790983633.88686}
{"type": "train", "epoch": 619, "loss": 0.1988, "obj": 0.1988, "sup": 0.0, "lr": 0.0005, "time": 1790983634.15659}
{"type": "train", "epoch": 620, "loss": 0.19687, "obj": 0.19687, "sup": 0.0, "lr": 0.0005, "time": 1790983634.4259}
{"type": "train", "epoch": 621, "loss": 0.19459, "obj": 0.19459, "sup": 0.0, "lr": 0.0005, "time": 1790983634.69379}
{"type": "train", "epoch": 622, "loss": 0.19264, "obj": 0.19264, "sup": 0.0, "lr": 0.0005, "time": 1790983634.96129}
{"type": "train", "epoch": 623, "loss": 0.19336, "obj": 0.19336, "sup": 0.0, "lr": 0.0005, "time": 1790983635.22912}
{"type": "train", "epoch": 624, "loss": 0.19284, "obj": 0.19284, "sup": 0.0, "lr": 0.0005, "time": 1790983635.49456}
{"type": "train", "epoch": 625, "loss": 0.1969, "obj": 0.1969, "sup": 0.0, "lr": 0.0005, "time": 1790983635.76033}
{"type": "train", "epoch": 626, "loss": 0.19191, "obj": 0.19191, "sup": 0.0, "lr": 0.0005, "time": 1790983636.0266}
{"type": "train", "epoch": 627, "loss": 0.19347, "obj": 0.19347, "sup": 0.0, "lr": 0.0005, "time": 1790983636.29384}
{"type": "train", "epoch": 628, "loss": 0.19711, "obj": 0.19711, "sup": 0.0, "lr": 0.0005, "time": 1790983636.56133}
{"type": "train", "epoch": 629, "loss": 0.19584, "obj": 0.19584, "sup": 0.0, "lr": 0.0005, "time": 1790983636.83188}
{"type": "train", "epoch": 630, "loss": 0.19529, "obj": 0.19529, "sup": 0.0, "lr": 0.0005, "time": 1790983637.10387}
{"type": "train", "epoch": 631, "loss": 0.20268, "obj": 0.20268, "sup": 0.0, "lr": 0.0005, "time": 1790983637.38477}
{"type": "train", "epoch": 632, "loss": 0.19924, "obj": 0.19924, "sup": 0.0, "lr": 0.0005, "time": 1790983637.67354}
{"type": "train", "epoch": 633, "loss": 0.19671, "obj": 0.19671, "sup": 0.0, "lr": 0.0005, "time": 1790983637.95561}
{"type": "train", "epoch": 634, "loss": 0.20095, "obj": 0.20095, "sup": 0.0, "lr": 0.0005, "time": 1790983638.23119}
{"type": "train", "epoch": 635, "loss": 0.21308, "obj": 0.21308, "sup": 0.0, "lr": 0.0005, "time": 1790983638.50189}
{"type": "train", "epoch": 636, "loss": 0.20632, "obj": 0.20632, "sup": 0.0, "lr": 0.0005, "time": 1790983638.77029}
{"type": "train", "epoch": 637, "loss": 0.20276, "obj": 0.20276, "sup": 0.0, "lr": 0.0005, "time": 1790983639.03804}
{"type": "train", "epoch": 638, "loss": 0.1978, "obj": 0.1978, "sup": 0.0, "lr": 0.0005, "time": 1790983639.30443}
{"type": "train", "epoch": 639, "loss": 0.19453, "obj": 0.19453, "sup": 0.0, "lr": 0.0005, "time": 1790983639.57096}
{"type": "train", "epoch": 640, "loss": 0.19889, "obj": 0.19889, "sup": 0.0, "lr": 0.0005, "time": 1790983639.83926}
{"type": "train", "epoch": 641, "loss": 0.19912, "obj": 0.19912, "sup": 0.0, "lr": 0.0005, "time": 1790983640.11644}
{"type": "train", "epoch": 642, "loss": 0.19591, "obj": 0.19591, "sup": 0.0, "lr": 0.0005, "time": 1790983640.39035}
{"type": "train", "epoch": 643, "loss": 0.20187, "obj": 0.20187, "sup": 0.0, "lr": 0.0005, "time": 1790983640.66865}
{"type": "train", "epoch": 644, "loss": 0.20866, "obj": 0.20866, "sup": 0.0, "lr": 0.0005, "time": 1790983640.9383}
{"type": "train", "epoch": 645, "loss": 0.21454, "obj": 0.21454, "sup": 0.0, "lr": 0.0005, "time": 1790983641.20462}
{"type": "train", "epoch": 646, "loss": 0.20567, "obj": 0.20567, "sup": 0.0, "lr": 0.0005, "time": 1790983641.47061}
{"type": "train", "epoch": 647, "loss": 0.20767, "obj": 0.20767, "sup": 0.0, "lr": 0.0005, "time": 1790983641.73753}
{"type": "train", "epoch": 648, "loss": 0.20339, "obj": 0.20339, "sup": 0.0, "lr": 0.0005, "time": 1790983642.00404}
{"type": "train", "epoch": 649, "loss": 0.20687, "obj": 0.20687, "sup": 0.0, "lr": 0.0005, "time": 1790983642.26939}
{"type": "train", "epoch": 650, "loss": 0.21139, "obj": 0.21139, "sup": 0.0, "lr": 0.0005, "time": 1790983643.3898, "train_resid_median": 0.40028, "train_resid_mean": 0.40304, "train_imag_median": 0.09123, "train_obj_median": 0.21221, "train_u_loss_to_label_median": 0.66327, "val_resid_median": 0.93113, "val_resid_mean": 0.91426, "val_imag_median": 0.22443, "val_obj_median": 0.94581, "val_u_loss_to_label_median": 0.72581}
{"type": "train", "epoch": 651, "loss": 0.21057, "obj": 0.21057, "sup": 0.0, "lr": 0.0005, "time": 1790983643.65938}
{"type": "train", "epoch": 652, "loss": 0.20987, "obj": 0.20987, "sup": 0.0, "lr": 0.0005, "time": 1790983643.92837}
{"type": "train", "epoch": 653, "loss": 0.20629, "obj": 0.20629, "sup": 0.0, "lr": 0.0005, "time": 1790983644.19522}
{"type": "train", "epoch": 654, "loss": 0.20223, "obj": 0.20223, "sup": 0.0, "lr": 0.0005, "time": 1790983644.46183}
{"type": "train", "epoch": 655, "loss": 0.19757, "obj": 0.19757, "sup": 0.0, "lr": 0.0005, "time": 1790983644.7289}
{"type": "train", "epoch": 656, "loss": 0.19948, "obj": 0.19948, "sup": 0.0, "lr": 0.0005, "time": 1790983644.99582}
{"type": "train", "epoch": 657, "loss": 0.21592, "obj": 0.21592, "sup": 0.0, "lr": 0.0005, "time": 1790983645.26487}
{"type": "train", "epoch": 658, "loss": 0.20645, "obj": 0.20645, "sup": 0.0, "lr": 0.0005, "time": 1790983645.53145}
{"type": "train", "epoch": 659, "loss": 0.21083, "obj": 0.21083, "sup": 0.0, "lr": 0.0005, "time": 1790983645.79744}
{"type": "train", "epoch": 660, "loss": 0.20364, "obj": 0.20364, "sup": 0.0, "lr": 0.0005, "time": 1790983646.06383}
{"type": "train", "epoch": 661, "loss": 0.20002, "obj": 0.20002, "sup": 0.0, "lr": 0.0005, "time": 1790983646.33099}
{"type": "train", "epoch": 662, "loss": 0.2007, "obj": 0.2007, "sup": 0.0, "lr": 0.0005, "time": 1790983646.59757}
{"type": "train", "epoch": 663, "loss": 0.19337, "obj": 0.19337, "sup": 0.0, "lr": 0.0005, "time": 1790983646.87356}
{"type": "train", "epoch": 664, "loss": 0.19451, "obj": 0.19451, "sup": 0.0, "lr": 0.0005, "time": 1790983647.14792}
{"type": "train", "epoch": 665, "loss": 0.19807, "obj": 0.19807, "sup": 0.0, "lr": 0.0005, "time": 1790983647.42346}
{"type": "train", "epoch": 666, "loss": 0.19818, "obj": 0.19818, "sup": 0.0, "lr": 0.0005, "time": 1790983647.69255}
{"type": "train", "epoch": 667, "loss": 0.19836, "obj": 0.19836, "sup": 0.0, "lr": 0.0005, "time": 1790983647.96246}
{"type": "train", "epoch": 668, "loss": 0.19608, "obj": 0.19608, "sup": 0.0, "lr": 0.0005, "time": 1790983648.2333}
{"type": "train", "epoch": 669, "loss": 0.19737, "obj": 0.19737, "sup": 0.0, "lr": 0.0005, "time": 1790983648.51105}
{"type": "train", "epoch": 670, "loss": 0.1934, "obj": 0.1934, "sup": 0.0, "lr": 0.0005, "time": 1790983648.7855}
{"type": "train", "epoch": 671, "loss": 0.19223, "obj": 0.19223, "sup": 0.0, "lr": 0.0005, "time": 1790983649.05374}
{"type": "train", "epoch": 672, "loss": 0.19121, "obj": 0.19121, "sup": 0.0, "lr": 0.0005, "time": 1790983649.32468}
{"type": "train", "epoch": 673, "loss": 0.19018, "obj": 0.19018, "sup": 0.0, "lr": 0.0005, "time": 1790983649.59815}
{"type": "train", "epoch": 674, "loss": 0.18774, "obj": 0.18774, "sup": 0.0, "lr": 0.0005, "time": 1790983649.87956}
{"type": "train", "epoch": 675, "loss": 0.18844, "obj": 0.18844, "sup": 0.0, "lr": 0.0005, "time": 1790983650.16036}
{"type": "train", "epoch": 676, "loss": 0.18776, "obj": 0.18776, "sup": 0.0, "lr": 0.0005, "time": 1790983650.43536}
{"type": "train", "epoch": 677, "loss": 0.18646, "obj": 0.18646, "sup": 0.0, "lr": 0.0005, "time": 1790983650.70369}
{"type": "train", "epoch": 678, "loss": 0.18634, "obj": 0.18634, "sup": 0.0, "lr": 0.0005, "time": 1790983650.97315}
{"type": "train", "epoch": 679, "loss": 0.18489, "obj": 0.18489, "sup": 0.0, "lr": 0.0005, "time": 1790983651.24054}
{"type": "train", "epoch": 680, "loss": 0.18622, "obj": 0.18622, "sup": 0.0, "lr": 0.0005, "time": 1790983651.50665}
{"type": "train", "epoch": 681, "loss": 0.18495, "obj": 0.18495, "sup": 0.0, "lr": 0.0005, "time": 1790983651.77387}
{"type": "train", "epoch": 682, "loss": 0.18407, "obj": 0.18407, "sup": 0.0, "lr": 0.0005, "time": 1790983652.04056}
{"type": "train", "epoch": 683, "loss": 0.18322, "obj": 0.18322, "sup": 0.0, "lr": 0.0005, "time": 1790983652.30813}
{"type": "train", "epoch": 684, "loss": 0.18386, "obj": 0.18386, "sup": 0.0, "lr": 0.0005, "time": 1790983652.57498}
{"type": "train", "epoch": 685, "loss": 0.18287, "obj": 0.18287, "sup": 0.0, "lr": 0.0005, "time": 1790983652.84143}
{"type": "train", "epoch": 686, "loss": 0.18257, "obj": 0.18257, "sup": 0.0, "lr": 0.0005, "time": 1790983653.10728}
{"type": "train", "epoch": 687, "loss": 0.18262, "obj": 0.18262, "sup": 0.0, "lr": 0.0005, "time": 1790983653.3725}
{"type": "train", "epoch": 688, "loss": 0.18234, "obj": 0.18234, "sup": 0.0, "lr": 0.0005, "time": 1790983653.63891}
{"type": "train", "epoch": 689, "loss": 0.18167, "obj": 0.18167, "sup": 0.0, "lr": 0.0005, "time": 1790983653.9051}
{"type": "train", "epoch": 690, "loss": 0.18119, "obj": 0.18119, "sup": 0.0, "lr": 0.0005, "time": 1790983654.1721}
{"type": "train", "epoch": 691, "loss": 0.18118, "obj": 0.18118, "sup": 0.0, "lr": 0.0005, "time": 1790983654.44304}
{"type": "train", "epoch": 692, "loss": 0.181, "obj": 0.181, "sup": 0.0, "lr": 0.0005, "time": 1790983654.71165}
{"type": "train", "epoch": 693, "loss": 0.18075, "obj": 0.18075, "sup": 0.0, "lr": 0.0005, "time": 1790983654.98131}
{"type": "train", "epoch": 694, "loss": 0.18073, "obj": 0.18073, "sup": 0.0, "lr": 0.0005, "time": 1790983655.26077}
{"type": "train", "epoch": 695, "loss": 0.18041, "obj": 0.18041, "sup": 0.0, "lr": 0.0005, "time": 1790983655.53982}
{"type": "train", "epoch": 696, "loss": 0.18036, "obj": 0.18036, "sup": 0.0, "lr": 0.0005, "time": 1790983655.82736}
{"type": "train", "epoch": 697, "loss": 0.18007, "obj": 0.18007, "sup": 0.0, "lr": 0.0005, "time": 1790983656.10455}
{"type": "train", "epoch": 698, "loss": 0.18001, "obj": 0.18001, "sup": 0.0, "lr": 0.0005, "time": 1790983656.37726}
{"type": "train", "epoch": 699, "loss": 0.17974, "obj": 0.17974, "sup": 0.0, "lr": 0.0005, "time": 1790983656.6448}
{"type": "train", "epoch": 700, "loss": 0.17956, "obj": 0.17956, "sup": 0.0, "lr": 0.0005, "time": 1790983657.76682, "train_resid_median": 0.35719, "train_resid_mean": 0.36078, "train_imag_median": 0.05823, "train_obj_median": 0.17515, "train_u_loss_to_label_median": 0.66922, "val_resid_median": 0.92588, "val_resid_mean": 0.91152, "val_imag_median": 0.23046, "val_obj_median": 0.94442, "val_u_loss_to_label_median": 0.72556}
{"type": "train", "epoch": 701, "loss": 0.1797, "obj": 0.1797, "sup": 0.0, "lr": 0.0005, "time": 1790983658.03519}
{"type": "train", "epoch": 702, "loss": 0.1796, "obj": 0.1796, "sup": 0.0, "lr": 0.0005, "time": 1790983658.30482}
{"type": "train", "epoch": 703, "loss": 0.17947, "obj": 0.17947, "sup": 0.0, "lr": 0.0005, "time": 1790983658.57676}
{"type": "train", "epoch": 704, "loss": 0.17998, "obj": 0.17998, "sup": 0.0, "lr": 0.0005, "time": 1790983658.84535}
{"type": "train", "epoch": 705, "loss": 0.17994, "obj": 0.17994, "sup": 0.0, "lr": 0.0005, "time": 1790983659.11026}
{"type": "train", "epoch": 706, "loss": 0.1793, "obj": 0.1793, "sup": 0.0, "lr": 0.0005, "time": 1790983659.37539}
{"type": "train", "epoch": 707, "loss": 0.18236, "obj": 0.18236, "sup": 0.0, "lr": 0.0005, "time": 1790983659.64123}
{"type": "train", "epoch": 708, "loss": 0.18412, "obj": 0.18412, "sup": 0.0, "lr": 0.0005, "time": 1790983659.90882}
{"type": "train", "epoch": 709, "loss": 0.18392, "obj": 0.18392, "sup": 0.0, "lr": 0.0005, "time": 1790983660.17574}
{"type": "train", "epoch": 710, "loss": 0.18545, "obj": 0.18545, "sup": 0.0, "lr": 0.0005, "time": 1790983660.44408}
{"type": "train", "epoch": 711, "loss": 0.18379, "obj": 0.18379, "sup": 0.0, "lr": 0.0005, "time": 1790983660.71275}
{"type": "train", "epoch": 712, "loss": 0.18405, "obj": 0.18405, "sup": 0.0, "lr": 0.0005, "time": 1790983660.98627}
{"type": "train", "epoch": 713, "loss": 0.18609, "obj": 0.18609, "sup": 0.0, "lr": 0.0005, "time": 1790983661.25498}
{"type": "train", "epoch": 714, "loss": 0.18693, "obj": 0.18693, "sup": 0.0, "lr": 0.0005, "time": 1790983661.52377}
{"type": "train", "epoch": 715, "loss": 0.18324, "obj": 0.18324, "sup": 0.0, "lr": 0.0005, "time": 1790983661.79393}
{"type": "train", "epoch": 716, "loss": 0.18414, "obj": 0.18414, "sup": 0.0, "lr": 0.0005, "time": 1790983662.06504}
{"type": "train", "epoch": 717, "loss": 0.18117, "obj": 0.18117, "sup": 0.0, "lr": 0.0005, "time": 1790983662.33601}
{"type": "train", "epoch": 718, "loss": 0.18236, "obj": 0.18236, "sup": 0.0, "lr": 0.0005, "time": 1790983662.60575}
{"type": "train", "epoch": 719, "loss": 0.18049, "obj": 0.18049, "sup": 0.0, "lr": 0.0005, "time": 1790983662.87328}
{"type": "train", "epoch": 720, "loss": 0.18106, "obj": 0.18106, "sup": 0.0, "lr": 0.0005, "time": 1790983663.13941}
{"type": "train", "epoch": 721, "loss": 0.18063, "obj": 0.18063, "sup": 0.0, "lr": 0.0005, "time": 1790983663.40663}
{"type": "train", "epoch": 722, "loss": 0.18102, "obj": 0.18102, "sup": 0.0, "lr": 0.0005, "time": 1790983663.67369}
{"type": "train", "epoch": 723, "loss": 0.17999, "obj": 0.17999, "sup": 0.0, "lr": 0.0005, "time": 1790983663.93992}
{"type": "train", "epoch": 724, "loss": 0.182, "obj": 0.182, "sup": 0.0, "lr": 0.0005, "time": 1790983664.20613}
{"type": "train", "epoch": 725, "loss": 0.18015, "obj": 0.18015, "sup": 0.0, "lr": 0.0005, "time": 1790983664.47289}
{"type": "train", "epoch": 726, "loss": 0.18169, "obj": 0.18169, "sup": 0.0, "lr": 0.0005, "time": 1790983664.73969}
{"type": "train", "epoch": 727, "loss": 0.18321, "obj": 0.18321, "sup": 0.0, "lr": 0.0005, "time": 1790983665.00644}
{"type": "train", "epoch": 728, "loss": 0.18481, "obj": 0.18481, "sup": 0.0, "lr": 0.0005, "time": 1790983665.27409}
{"type": "train", "epoch": 729, "loss": 0.18195, "obj": 0.18195, "sup": 0.0, "lr": 0.0005, "time": 1790983665.5431}
{"type": "train", "epoch": 730, "loss": 0.18284, "obj": 0.18284, "sup": 0.0, "lr": 0.0005, "time": 1790983665.81129}
{"type": "train", "epoch": 731, "loss": 0.18388, "obj": 0.18388, "sup": 0.0, "lr": 0.0005, "time": 1790983666.07823}
{"type": "train", "epoch": 732, "loss": 0.18407, "obj": 0.18407, "sup": 0.0, "lr": 0.0005, "time": 1790983666.34524}
{"type": "train", "epoch": 733, "loss": 0.1811, "obj": 0.1811, "sup": 0.0, "lr": 0.0005, "time": 1790983666.61205}
{"type": "train", "epoch": 734, "loss": 0.18577, "obj": 0.18577, "sup": 0.0, "lr": 0.0005, "time": 1790983666.87864}
{"type": "train", "epoch": 735, "loss": 0.18269, "obj": 0.18269, "sup": 0.0, "lr": 0.0005, "time": 1790983667.14671}
{"type": "train", "epoch": 736, "loss": 0.182, "obj": 0.182, "sup": 0.0, "lr": 0.0005, "time": 1790983667.41602}
{"type": "train", "epoch": 737, "loss": 0.18246, "obj": 0.18246, "sup": 0.0, "lr": 0.0005, "time": 1790983667.68941}
{"type": "train", "epoch": 738, "loss": 0.18196, "obj": 0.18196, "sup": 0.0, "lr": 0.0005, "time": 1790983667.96518}
{"type": "train", "epoch": 739, "loss": 0.18342, "obj": 0.18342, "sup": 0.0, "lr": 0.0005, "time": 1790983668.24271}
{"type": "train", "epoch": 740, "loss": 0.19068, "obj": 0.19068, "sup": 0.0, "lr": 0.0005, "time": 1790983668.53033}
{"type": "train", "epoch": 741, "loss": 0.191, "obj": 0.191, "sup": 0.0, "lr": 0.0005, "time": 1790983668.8029}
{"type": "train", "epoch": 742, "loss": 0.18873, "obj": 0.18873, "sup": 0.0, "lr": 0.0005, "time": 1790983669.07012}
{"type": "train", "epoch": 743, "loss": 0.19424, "obj": 0.19424, "sup": 0.0, "lr": 0.0005, "time": 1790983669.33715}
{"type": "train", "epoch": 744, "loss": 0.18958, "obj": 0.18958, "sup": 0.0, "lr": 0.0005, "time": 1790983669.60334}
{"type": "train", "epoch": 745, "loss": 0.2026, "obj": 0.2026, "sup": 0.0, "lr": 0.0005, "time": 1790983669.8696}
{"type": "train", "epoch": 746, "loss": 0.19031, "obj": 0.19031, "sup": 0.0, "lr": 0.0005, "time": 1790983670.13569}
{"type": "train", "epoch": 747, "loss": 0.19452, "obj": 0.19452, "sup": 0.0, "lr": 0.0005, "time": 1790983670.4017}
{"type": "train", "epoch": 748, "loss": 0.19264, "obj": 0.19264, "sup": 0.0, "lr": 0.0005, "time": 1790983670.66956}
{"type": "train", "epoch": 749, "loss": 0.20554, "obj": 0.20554, "sup": 0.0, "lr": 0.0005, "time": 1790983670.93964}
{"type": "train", "epoch": 750, "loss": 0.20577, "obj": 0.20577, "sup": 0.0, "lr": 0.0005, "time": 1790983672.09068, "train_resid_median": 0.37417, "train_resid_mean": 0.37729, "train_imag_median": 0.08877, "train_obj_median": 0.19471, "train_u_loss_to_label_median": 0.6766, "val_resid_median": 0.93689, "val_resid_mean": 0.92098, "val_imag_median": 0.23713, "val_obj_median": 0.97791, "val_u_loss_to_label_median": 0.72625}
{"type": "train", "epoch": 751, "loss": 0.20352, "obj": 0.20352, "sup": 0.0, "lr": 0.0005, "time": 1790983672.36152}
{"type": "train", "epoch": 752, "loss": 0.23427, "obj": 0.23427, "sup": 0.0, "lr": 0.0005, "time": 1790983672.62964}
{"type": "train", "epoch": 753, "loss": 0.22219, "obj": 0.22219, "sup": 0.0, "lr": 0.0005, "time": 1790983672.89563}
{"type": "train", "epoch": 754, "loss": 0.2134, "obj": 0.2134, "sup": 0.0, "lr": 0.0005, "time": 1790983673.16234}
{"type": "train", "epoch": 755, "loss": 0.19954, "obj": 0.19954, "sup": 0.0, "lr": 0.0005, "time": 1790983673.42961}
{"type": "train", "epoch": 756, "loss": 0.21086, "obj": 0.21086, "sup": 0.0, "lr": 0.0005, "time": 1790983673.6964}
{"type": "train", "epoch": 757, "loss": 0.21768, "obj": 0.21768, "sup": 0.0, "lr": 0.0005, "time": 1790983673.96387}
{"type": "train", "epoch": 758, "loss": 0.21715, "obj": 0.21715, "sup": 0.0, "lr": 0.0005, "time": 1790983674.23444}
{"type": "train", "epoch": 759, "loss": 0.21367, "obj": 0.21367, "sup": 0.0, "lr": 0.0005, "time": 1790983674.50768}
{"type": "train", "epoch": 760, "loss": 0.20587, "obj": 0.20587, "sup": 0.0, "lr": 0.0005, "time": 1790983674.78061}
{"type": "train", "epoch": 761, "loss": 0.19655, "obj": 0.19655, "sup": 0.0, "lr": 0.0005, "time": 1790983675.05982}
{"type": "train", "epoch": 762, "loss": 0.19444, "obj": 0.19444, "sup": 0.0, "lr": 0.0005, "time": 1790983675.33885}
{"type": "train", "epoch": 763, "loss": 0.19093, "obj": 0.19093, "sup": 0.0, "lr": 0.0005, "time": 1790983675.6181}
{"type": "train", "epoch": 764, "loss": 0.19356, "obj": 0.19356, "sup": 0.0, "lr": 0.0005, "time": 1790983675.9063}
{"type": "train", "epoch": 765, "loss": 0.19126, "obj": 0.19126, "sup": 0.0, "lr": 0.0005, "time": 1790983676.18652}
{"type": "train", "epoch": 766, "loss": 0.18871, "obj": 0.18871, "sup": 0.0, "lr": 0.0005, "time": 1790983676.45983}
{"type": "train", "epoch": 767, "loss": 0.18463, "obj": 0.18463, "sup": 0.0, "lr": 0.0005, "time": 1790983676.72892}
{"type": "train", "epoch": 768, "loss": 0.18325, "obj": 0.18325, "sup": 0.0, "lr": 0.0005, "time": 1790983676.99573}
{"type": "train", "epoch": 769, "loss": 0.18348, "obj": 0.18348, "sup": 0.0, "lr": 0.0005, "time": 1790983677.26135}
{"type": "train", "epoch": 770, "loss": 0.18351, "obj": 0.18351, "sup": 0.0, "lr": 0.0005, "time": 1790983677.52851}
{"type": "train", "epoch": 771, "loss": 0.19461, "obj": 0.19461, "sup": 0.0, "lr": 0.0005, "time": 1790983677.79857}
{"type": "train", "epoch": 772, "loss": 0.18817, "obj": 0.18817, "sup": 0.0, "lr": 0.0005, "time": 1790983678.06313}
{"type": "train", "epoch": 773, "loss": 0.18855, "obj": 0.18855, "sup": 0.0, "lr": 0.0005, "time": 1790983678.32983}
{"type": "train", "epoch": 774, "loss": 0.18797, "obj": 0.18797, "sup": 0.0, "lr": 0.0005, "time": 1790983678.59758}
{"type": "train", "epoch": 775, "loss": 0.18337, "obj": 0.18337, "sup": 0.0, "lr": 0.0005, "time": 1790983678.86668}
{"type": "train", "epoch": 776, "loss": 0.18355, "obj": 0.18355, "sup": 0.0, "lr": 0.0005, "time": 1790983679.13651}
{"type": "train", "epoch": 777, "loss": 0.19352, "obj": 0.19352, "sup": 0.0, "lr": 0.0005, "time": 1790983679.40689}
{"type": "train", "epoch": 778, "loss": 0.18684, "obj": 0.18684, "sup": 0.0, "lr": 0.0005, "time": 1790983679.67653}
{"type": "train", "epoch": 779, "loss": 0.19079, "obj": 0.19079, "sup": 0.0, "lr": 0.0005, "time": 1790983679.94667}
{"type": "train", "epoch": 780, "loss": 0.18931, "obj": 0.18931, "sup": 0.0, "lr": 0.0005, "time": 1790983680.2179}
{"type": "train", "epoch": 781, "loss": 0.18568, "obj": 0.18568, "sup": 0.0, "lr": 0.0005, "time": 1790983680.49013}
{"type": "train", "epoch": 782, "loss": 0.18864, "obj": 0.18864, "sup": 0.0, "lr": 0.0005, "time": 1790983680.75792}
{"type": "train", "epoch": 783, "loss": 0.18154, "obj": 0.18154, "sup": 0.0, "lr": 0.0005, "time": 1790983681.02349}
{"type": "train", "epoch": 784, "loss": 0.18736, "obj": 0.18736, "sup": 0.0, "lr": 0.0005, "time": 1790983681.28977}
{"type": "train", "epoch": 785, "loss": 0.18648, "obj": 0.18648, "sup": 0.0, "lr": 0.0005, "time": 1790983681.55705}
{"type": "train", "epoch": 786, "loss": 0.18076, "obj": 0.18076, "sup": 0.0, "lr": 0.0005, "time": 1790983681.82303}
{"type": "train", "epoch": 787, "loss": 0.18219, "obj": 0.18219, "sup": 0.0, "lr": 0.0005, "time": 1790983682.09424}
{"type": "train", "epoch": 788, "loss": 0.18034, "obj": 0.18034, "sup": 0.0, "lr": 0.0005, "time": 1790983682.36468}
{"type": "train", "epoch": 789, "loss": 0.1793, "obj": 0.1793, "sup": 0.0, "lr": 0.0005, "time": 1790983682.63598}
{"type": "train", "epoch": 790, "loss": 0.17924, "obj": 0.17924, "sup": 0.0, "lr": 0.0005, "time": 1790983682.90806}
{"type": "train", "epoch": 791, "loss": 0.17755, "obj": 0.17755, "sup": 0.0, "lr": 0.0005, "time": 1790983683.17773}
{"type": "train", "epoch": 792, "loss": 0.17874, "obj": 0.17874, "sup": 0.0, "lr": 0.0005, "time": 1790983683.45171}
{"type": "train", "epoch": 793, "loss": 0.17853, "obj": 0.17853, "sup": 0.0, "lr": 0.0005, "time": 1790983683.73065}
{"type": "train", "epoch": 794, "loss": 0.17644, "obj": 0.17644, "sup": 0.0, "lr": 0.0005, "time": 1790983684.0092}
{"type": "train", "epoch": 795, "loss": 0.17731, "obj": 0.17731, "sup": 0.0, "lr": 0.0005, "time": 1790983684.28423}
{"type": "train", "epoch": 796, "loss": 0.17633, "obj": 0.17633, "sup": 0.0, "lr": 0.0005, "time": 1790983684.56885}
{"type": "train", "epoch": 797, "loss": 0.1765, "obj": 0.1765, "sup": 0.0, "lr": 0.0005, "time": 1790983684.84392}
{"type": "train", "epoch": 798, "loss": 0.17752, "obj": 0.17752, "sup": 0.0, "lr": 0.0005, "time": 1790983685.11651}
{"type": "train", "epoch": 799, "loss": 0.17699, "obj": 0.17699, "sup": 0.0, "lr": 0.0005, "time": 1790983685.38672}
{"type": "train", "epoch": 800, "loss": 0.17858, "obj": 0.17858, "sup": 0.0, "lr": 0.0005, "time": 1790983686.51912, "train_resid_median": 0.35946, "train_resid_mean": 0.36143, "train_imag_median": 0.07948, "train_obj_median": 0.17892, "train_u_loss_to_label_median": 0.67975, "val_resid_median": 0.9164, "val_resid_mean": 0.90322, "val_imag_median": 0.2327, "val_obj_median": 0.92895, "val_u_loss_to_label_median": 0.7235}
{"type": "train", "epoch": 801, "loss": 0.18151, "obj": 0.18151, "sup": 0.0, "lr": 0.0005, "time": 1790983686.79009}
{"type": "train", "epoch": 802, "loss": 0.18273, "obj": 0.18273, "sup": 0.0, "lr": 0.0005, "time": 1790983687.05877}
{"type": "train", "epoch": 803, "loss": 0.17788, "obj": 0.17788, "sup": 0.0, "lr": 0.0005, "time": 1790983687.3333}
{"type": "train", "epoch": 804, "loss": 0.1792, "obj": 0.1792, "sup": 0.0, "lr": 0.0005, "time": 1790983687.60874}
{"type": "train", "epoch": 805, "loss": 0.18007, "obj": 0.18007, "sup": 0.0, "lr": 0.0005, "time": 1790983687.88095}
{"type": "train", "epoch": 806, "loss": 0.17747, "obj": 0.17747, "sup": 0.0, "lr": 0.0005, "time": 1790983688.20342}
{"type": "train", "epoch": 807, "loss": 0.17947, "obj": 0.17947, "sup": 0.0, "lr": 0.0005, "time": 1790983688.48072}
{"type": "train", "epoch": 808, "loss": 0.17813, "obj": 0.17813, "sup": 0.0, "lr": 0.0005, "time": 1790983688.78295}
{"type": "train", "epoch": 809, "loss": 0.17911, "obj": 0.17911, "sup": 0.0, "lr": 0.0005, "time": 1790983689.07591}
{"type": "train", "epoch": 810, "loss": 0.17931, "obj": 0.17931, "sup": 0.0, "lr": 0.0005, "time": 1790983689.34898}
{"type": "train", "epoch": 811, "loss": 0.17719, "obj": 0.17719, "sup": 0.0, "lr": 0.0005, "time": 1790983689.61873}
{"type": "train", "epoch": 812, "loss": 0.17834, "obj": 0.17834, "sup": 0.0, "lr": 0.0005, "time": 1790983689.88888}
{"type": "train", "epoch": 813, "loss": 0.1769, "obj": 0.1769, "sup": 0.0, "lr": 0.0005, "time": 1790983690.16298}
{"type": "train", "epoch": 814, "loss": 0.1769, "obj": 0.1769, "sup": 0.0, "lr": 0.0005, "time": 1790983690.43208}
{"type": "train", "epoch": 815, "loss": 0.17675, "obj": 0.17675, "sup": 0.0, "lr": 0.0005, "time": 1790983690.71005}
{"type": "train", "epoch": 816, "loss": 0.17624, "obj": 0.17624, "sup": 0.0, "lr": 0.0005, "time": 1790983690.98406}
{"type": "train", "epoch": 817, "loss": 0.17677, "obj": 0.17677, "sup": 0.0, "lr": 0.0005, "time": 1790983691.25586}
{"type": "train", "epoch": 818, "loss": 0.17516, "obj": 0.17516, "sup": 0.0, "lr": 0.0005, "time": 1790983691.52728}
{"type": "train", "epoch": 819, "loss": 0.17666, "obj": 0.17666, "sup": 0.0, "lr": 0.0005, "time": 1790983691.79755}
{"type": "train", "epoch": 820, "loss": 0.17579, "obj": 0.17579, "sup": 0.0, "lr": 0.0005, "time": 1790983692.06911}
{"type": "train", "epoch": 821, "loss": 0.17504, "obj": 0.17504, "sup": 0.0, "lr": 0.0005, "time": 1790983692.33835}
{"type": "train", "epoch": 822, "loss": 0.1765, "obj": 0.1765, "sup": 0.0, "lr": 0.0005, "time": 1790983692.60816}
{"type": "train", "epoch": 823, "loss": 0.17542, "obj": 0.17542, "sup": 0.0, "lr": 0.0005, "time": 1790983692.87714}
{"type": "train", "epoch": 824, "loss": 0.17616, "obj": 0.17616, "sup": 0.0, "lr": 0.0005, "time": 1790983693.14851}
{"type": "train", "epoch": 825, "loss": 0.17651, "obj": 0.17651, "sup": 0.0, "lr": 0.0005, "time": 1790983693.42063}
{"type": "train", "epoch": 826, "loss": 0.17555, "obj": 0.17555, "sup": 0.0, "lr": 0.0005, "time": 1790983693.69036}
{"type": "train", "epoch": 827, "loss": 0.17577, "obj": 0.17577, "sup": 0.0, "lr": 0.0005, "time": 1790983693.96775}
{"type": "train", "epoch": 828, "loss": 0.17549, "obj": 0.17549, "sup": 0.0, "lr": 0.0005, "time": 1790983694.24223}
{"type": "train", "epoch": 829, "loss": 0.17988, "obj": 0.17988, "sup": 0.0, "lr": 0.0005, "time": 1790983694.51447}
{"type": "train", "epoch": 830, "loss": 0.18048, "obj": 0.18048, "sup": 0.0, "lr": 0.0005, "time": 1790983694.79143}
{"type": "train", "epoch": 831, "loss": 0.18015, "obj": 0.18015, "sup": 0.0, "lr": 0.0005, "time": 1790983695.0678}
{"type": "train", "epoch": 832, "loss": 0.17787, "obj": 0.17787, "sup": 0.0, "lr": 0.0005, "time": 1790983695.34393}
{"type": "train", "epoch": 833, "loss": 0.17694, "obj": 0.17694, "sup": 0.0, "lr": 0.0005, "time": 1790983695.61383}
{"type": "train", "epoch": 834, "loss": 0.1777, "obj": 0.1777, "sup": 0.0, "lr": 0.0005, "time": 1790983695.88552}
{"type": "train", "epoch": 835, "loss": 0.17678, "obj": 0.17678, "sup": 0.0, "lr": 0.0005, "time": 1790983696.16087}
{"type": "train", "epoch": 836, "loss": 0.17586, "obj": 0.17586, "sup": 0.0, "lr": 0.0005, "time": 1790983696.43671}
{"type": "train", "epoch": 837, "loss": 0.17718, "obj": 0.17718, "sup": 0.0, "lr": 0.0005, "time": 1790983696.70715}
{"type": "train", "epoch": 838, "loss": 0.17713, "obj": 0.17713, "sup": 0.0, "lr": 0.0005, "time": 1790983696.97697}
{"type": "train", "epoch": 839, "loss": 0.17706, "obj": 0.17706, "sup": 0.0, "lr": 0.0005, "time": 1790983697.25262}
{"type": "train", "epoch": 840, "loss": 0.17942, "obj": 0.17942, "sup": 0.0, "lr": 0.0005, "time": 1790983697.52826}
{"type": "train", "epoch": 841, "loss": 0.17666, "obj": 0.17666, "sup": 0.0, "lr": 0.0005, "time": 1790983697.80924}
{"type": "train", "epoch": 842, "loss": 0.17686, "obj": 0.17686, "sup": 0.0, "lr": 0.0005, "time": 1790983698.08097}
{"type": "train", "epoch": 843, "loss": 0.17877, "obj": 0.17877, "sup": 0.0, "lr": 0.0005, "time": 1790983698.34976}
{"type": "train", "epoch": 844, "loss": 0.18069, "obj": 0.18069, "sup": 0.0, "lr": 0.0005, "time": 1790983698.61887}
{"type": "train", "epoch": 845, "loss": 0.17994, "obj": 0.17994, "sup": 0.0, "lr": 0.0005, "time": 1790983698.8929}
{"type": "train", "epoch": 846, "loss": 0.1788, "obj": 0.1788, "sup": 0.0, "lr": 0.0005, "time": 1790983699.16681}
{"type": "train", "epoch": 847, "loss": 0.17903, "obj": 0.17903, "sup": 0.0, "lr": 0.0005, "time": 1790983699.4386}
{"type": "train", "epoch": 848, "loss": 0.17876, "obj": 0.17876, "sup": 0.0, "lr": 0.0005, "time": 1790983699.70793}
{"type": "train", "epoch": 849, "loss": 0.17757, "obj": 0.17757, "sup": 0.0, "lr": 0.0005, "time": 1790983699.97932}
{"type": "train", "epoch": 850, "loss": 0.17621, "obj": 0.17621, "sup": 0.0, "lr": 0.0005, "time": 1790983701.14432, "train_resid_median": 0.35537, "train_resid_mean": 0.357, "train_imag_median": 0.07011, "train_obj_median": 0.17393, "train_u_loss_to_label_median": 0.67754, "val_resid_median": 0.91586, "val_resid_mean": 0.90145, "val_imag_median": 0.23005, "val_obj_median": 0.93571, "val_u_loss_to_label_median": 0.72653}
{"type": "train", "epoch": 851, "loss": 0.17568, "obj": 0.17568, "sup": 0.0, "lr": 0.0005, "time": 1790983701.41846}
{"type": "train", "epoch": 852, "loss": 0.17617, "obj": 0.17617, "sup": 0.0, "lr": 0.0005, "time": 1790983701.69133}
{"type": "train", "epoch": 853, "loss": 0.17432, "obj": 0.17432, "sup": 0.0, "lr": 0.0005, "time": 1790983701.96133}
{"type": "train", "epoch": 854, "loss": 0.17464, "obj": 0.17464, "sup": 0.0, "lr": 0.0005, "time": 1790983702.2324}
{"type": "train", "epoch": 855, "loss": 0.1754, "obj": 0.1754, "sup": 0.0, "lr": 0.0005, "time": 1790983702.50963}
{"type": "train", "epoch": 856, "loss": 0.17397, "obj": 0.17397, "sup": 0.0, "lr": 0.0005, "time": 1790983702.79324}
{"type": "train", "epoch": 857, "loss": 0.17441, "obj": 0.17441, "sup": 0.0, "lr": 0.0005, "time": 1790983703.0713}
{"type": "train", "epoch": 858, "loss": 0.17394, "obj": 0.17394, "sup": 0.0, "lr": 0.0005, "time": 1790983703.34265}
{"type": "train", "epoch": 859, "loss": 0.17415, "obj": 0.17415, "sup": 0.0, "lr": 0.0005, "time": 1790983703.61117}
{"type": "train", "epoch": 860, "loss": 0.17459, "obj": 0.17459, "sup": 0.0, "lr": 0.0005, "time": 1790983703.88122}
{"type": "train", "epoch": 861, "loss": 0.17424, "obj": 0.17424, "sup": 0.0, "lr": 0.0005, "time": 1790983704.15138}
{"type": "train", "epoch": 862, "loss": 0.17417, "obj": 0.17417, "sup": 0.0, "lr": 0.0005, "time": 1790983704.42103}
{"type": "train", "epoch": 863, "loss": 0.17322, "obj": 0.17322, "sup": 0.0, "lr": 0.0005, "time": 1790983704.68962}
{"type": "train", "epoch": 864, "loss": 0.17481, "obj": 0.17481, "sup": 0.0, "lr": 0.0005, "time": 1790983704.95769}
{"type": "train", "epoch": 865, "loss": 0.17465, "obj": 0.17465, "sup": 0.0, "lr": 0.0005, "time": 1790983705.22839}
{"type": "train", "epoch": 866, "loss": 0.17464, "obj": 0.17464, "sup": 0.0, "lr": 0.0005, "time": 1790983705.5003}
{"type": "train", "epoch": 867, "loss": 0.17394, "obj": 0.17394, "sup": 0.0, "lr": 0.0005, "time": 1790983705.77586}
{"type": "train", "epoch": 868, "loss": 0.1732, "obj": 0.1732, "sup": 0.0, "lr": 0.0005, "time": 1790983706.05443}
{"type": "train", "epoch": 869, "loss": 0.17454, "obj": 0.17454, "sup": 0.0, "lr": 0.0005, "time": 1790983706.33811}
{"type": "train", "epoch": 870, "loss": 0.17513, "obj": 0.17513, "sup": 0.0, "lr": 0.0005, "time": 1790983706.63553}
{"type": "train", "epoch": 871, "loss": 0.17367, "obj": 0.17367, "sup": 0.0, "lr": 0.0005, "time": 1790983706.91962}
{"type": "train", "epoch": 872, "loss": 0.17618, "obj": 0.17618, "sup": 0.0, "lr": 0.0005, "time": 1790983707.20138}
{"type": "train", "epoch": 873, "loss": 0.1772, "obj": 0.1772, "sup": 0.0, "lr": 0.0005, "time": 1790983707.48342}
{"type": "train", "epoch": 874, "loss": 0.17586, "obj": 0.17586, "sup": 0.0, "lr": 0.0005, "time": 1790983707.76886}
{"type": "train", "epoch": 875, "loss": 0.17906, "obj": 0.17906, "sup": 0.0, "lr": 0.0005, "time": 1790983708.06203}
{"type": "train", "epoch": 876, "loss": 0.17886, "obj": 0.17886, "sup": 0.0, "lr": 0.0005, "time": 1790983708.3496}
{"type": "train", "epoch": 877, "loss": 0.17818, "obj": 0.17818, "sup": 0.0, "lr": 0.0005, "time": 1790983708.63784}
{"type": "train", "epoch": 878, "loss": 0.1763, "obj": 0.1763, "sup": 0.0, "lr": 0.0005, "time": 1790983708.92472}
{"type": "train", "epoch": 879, "loss": 0.17734, "obj": 0.17734, "sup": 0.0, "lr": 0.0005, "time": 1790983709.21454}
{"type": "train", "epoch": 880, "loss": 0.17738, "obj": 0.17738, "sup": 0.0, "lr": 0.0005, "time": 1790983709.51542}
{"type": "train", "epoch": 881, "loss": 0.17667, "obj": 0.17667, "sup": 0.0, "lr": 0.0005, "time": 1790983709.81052}
{"type": "train", "epoch": 882, "loss": 0.17587, "obj": 0.17587, "sup": 0.0, "lr": 0.0005, "time": 1790983710.09778}
{"type": "train", "epoch": 883, "loss": 0.17586, "obj": 0.17586, "sup": 0.0, "lr": 0.0005, "time": 1790983710.38181}
{"type": "train", "epoch": 884, "loss": 0.17696, "obj": 0.17696, "sup": 0.0, "lr": 0.0005, "time": 1790983710.66299}
{"type": "train", "epoch": 885, "loss": 0.17864, "obj": 0.17864, "sup": 0.0, "lr": 0.0005, "time": 1790983710.93963}
{"type": "train", "epoch": 886, "loss": 0.17788, "obj": 0.17788, "sup": 0.0, "lr": 0.0005, "time": 1790983711.21842}
{"type": "train", "epoch": 887, "loss": 0.17707, "obj": 0.17707, "sup": 0.0, "lr": 0.0005, "time": 1790983711.49559}
{"type": "train", "epoch": 888, "loss": 0.17527, "obj": 0.17527, "sup": 0.0, "lr": 0.0005, "time": 1790983711.77067}
{"type": "train", "epoch": 889, "loss": 0.17824, "obj": 0.17824, "sup": 0.0, "lr": 0.0005, "time": 1790983712.05078}
{"type": "train", "epoch": 890, "loss": 0.17547, "obj": 0.17547, "sup": 0.0, "lr": 0.0005, "time": 1790983712.33509}
{"type": "train", "epoch": 891, "loss": 0.17479, "obj": 0.17479, "sup": 0.0, "lr": 0.0005, "time": 1790983712.61864}
{"type": "train", "epoch": 892, "loss": 0.17642, "obj": 0.17642, "sup": 0.0, "lr": 0.0005, "time": 1790983712.89862}
{"type": "train", "epoch": 893, "loss": 0.17606, "obj": 0.17606, "sup": 0.0, "lr": 0.0005, "time": 1790983713.17668}
{"type": "train", "epoch": 894, "loss": 0.17672, "obj": 0.17672, "sup": 0.0, "lr": 0.0005, "time": 1790983713.44988}
{"type": "train", "epoch": 895, "loss": 0.17843, "obj": 0.17843, "sup": 0.0, "lr": 0.0005, "time": 1790983713.7197}
{"type": "train", "epoch": 896, "loss": 0.17601, "obj": 0.17601, "sup": 0.0, "lr": 0.0005, "time": 1790983713.99289}
{"type": "train", "epoch": 897, "loss": 0.17824, "obj": 0.17824, "sup": 0.0, "lr": 0.0005, "time": 1790983714.26418}
{"type": "train", "epoch": 898, "loss": 0.17872, "obj": 0.17872, "sup": 0.0, "lr": 0.0005, "time": 1790983714.53496}
{"type": "train", "epoch": 899, "loss": 0.17607, "obj": 0.17607, "sup": 0.0, "lr": 0.0005, "time": 1790983714.8048}
{"type": "train", "epoch": 900, "loss": 0.17419, "obj": 0.17419, "sup": 0.0, "lr": 0.0005, "time": 1790983715.93027, "train_resid_median": 0.34787, "train_resid_mean": 0.35216, "train_imag_median": 0.05362, "train_obj_median": 0.16947, "train_u_loss_to_label_median": 0.66638, "val_resid_median": 0.93616, "val_resid_mean": 0.91676, "val_imag_median": 0.23217, "val_obj_median": 0.96609, "val_u_loss_to_label_median": 0.7194}
{"type": "train", "epoch": 901, "loss": 0.1755, "obj": 0.1755, "sup": 0.0, "lr": 0.0005, "time": 1790983716.20173}
{"type": "train", "epoch": 902, "loss": 0.17442, "obj": 0.17442, "sup": 0.0, "lr": 0.0005, "time": 1790983716.47227}
{"type": "train", "epoch": 903, "loss": 0.17549, "obj": 0.17549, "sup": 0.0, "lr": 0.0005, "time": 1790983716.7442}
{"type": "train", "epoch": 904, "loss": 0.17406, "obj": 0.17406, "sup": 0.0, "lr": 0.0005, "time": 1790983717.01511}
{"type": "train", "epoch": 905, "loss": 0.17403, "obj": 0.17403, "sup": 0.0, "lr": 0.0005, "time": 1790983717.28344}
{"type": "train", "epoch": 906, "loss": 0.17637, "obj": 0.17637, "sup": 0.0, "lr": 0.0005, "time": 1790983717.55315}
{"type": "train", "epoch": 907, "loss": 0.17418, "obj": 0.17418, "sup": 0.0, "lr": 0.0005, "time": 1790983717.8215}
{"type": "train", "epoch": 908, "loss": 0.17292, "obj": 0.17292, "sup": 0.0, "lr": 0.0005, "time": 1790983718.09012}
{"type": "train", "epoch": 909, "loss": 0.17249, "obj": 0.17249, "sup": 0.0, "lr": 0.0005, "time": 1790983718.35955}
{"type": "train", "epoch": 910, "loss": 0.17499, "obj": 0.17499, "sup": 0.0, "lr": 0.0005, "time": 1790983718.62866}
{"type": "train", "epoch": 911, "loss": 0.17382, "obj": 0.17382, "sup": 0.0, "lr": 0.0005, "time": 1790983718.89775}
{"type": "train", "epoch": 912, "loss": 0.17255, "obj": 0.17255, "sup": 0.0, "lr": 0.0005, "time": 1790983719.16683}
{"type": "train", "epoch": 913, "loss": 0.17192, "obj": 0.17192, "sup": 0.0, "lr": 0.0005, "time": 1790983719.43502}
{"type": "train", "epoch": 914, "loss": 0.17761, "obj": 0.17761, "sup": 0.0, "lr": 0.0005, "time": 1790983719.70388}
{"type": "train", "epoch": 915, "loss": 0.17641, "obj": 0.17641, "sup": 0.0, "lr": 0.0005, "time": 1790983719.97718}
{"type": "train", "epoch": 916, "loss": 0.17921, "obj": 0.17921, "sup": 0.0, "lr": 0.0005, "time": 1790983720.25109}
{"type": "train", "epoch": 917, "loss": 0.17942, "obj": 0.17942, "sup": 0.0, "lr": 0.0005, "time": 1790983720.52913}
{"type": "train", "epoch": 918, "loss": 0.17692, "obj": 0.17692, "sup": 0.0, "lr": 0.0005, "time": 1790983720.81273}
{"type": "train", "epoch": 919, "loss": 0.1753, "obj": 0.1753, "sup": 0.0, "lr": 0.0005, "time": 1790983721.0912}
{"type": "train", "epoch": 920, "loss": 0.1746, "obj": 0.1746, "sup": 0.0, "lr": 0.0005, "time": 1790983721.36613}
{"type": "train", "epoch": 921, "loss": 0.17442, "obj": 0.17442, "sup": 0.0, "lr": 0.0005, "time": 1790983721.63576}
{"type": "train", "epoch": 922, "loss": 0.1747, "obj": 0.1747, "sup": 0.0, "lr": 0.0005, "time": 1790983721.90678}
{"type": "train", "epoch": 923, "loss": 0.17276, "obj": 0.17276, "sup": 0.0, "lr": 0.0005, "time": 1790983722.17642}
{"type": "train", "epoch": 924, "loss": 0.17341, "obj": 0.17341, "sup": 0.0, "lr": 0.0005, "time": 1790983722.4471}
{"type": "train", "epoch": 925, "loss": 0.17755, "obj": 0.17755, "sup": 0.0, "lr": 0.0005, "time": 1790983722.7154}
{"type": "train", "epoch": 926, "loss": 0.17764, "obj": 0.17764, "sup": 0.0, "lr": 0.0005, "time": 1790983722.98465}
{"type": "train", "epoch": 927, "loss": 0.17611, "obj": 0.17611, "sup": 0.0, "lr": 0.0005, "time": 1790983723.25614}
{"type": "train", "epoch": 928, "loss": 0.17799, "obj": 0.17799, "sup": 0.0, "lr": 0.0005, "time": 1790983723.52822}
{"type": "train", "epoch": 929, "loss": 0.17998, "obj": 0.17998, "sup": 0.0, "lr": 0.0005, "time": 1790983723.80489}
{"type": "train", "epoch": 930, "loss": 0.18052, "obj": 0.18052, "sup": 0.0, "lr": 0.0005, "time": 1790983724.08395}
{"type": "train", "epoch": 931, "loss": 0.18676, "obj": 0.18676, "sup": 0.0, "lr": 0.0005, "time": 1790983724.36671}
{"type": "train", "epoch": 932, "loss": 0.18492, "obj": 0.18492, "sup": 0.0, "lr": 0.0005, "time": 1790983724.6761}
{"type": "train", "epoch": 933, "loss": 0.18557, "obj": 0.18557, "sup": 0.0, "lr": 0.0005, "time": 1790983724.98521}
{"type": "train", "epoch": 934, "loss": 0.17943, "obj": 0.17943, "sup": 0.0, "lr": 0.0005, "time": 1790983725.28739}
{"type": "train", "epoch": 935, "loss": 0.17688, "obj": 0.17688, "sup": 0.0, "lr": 0.0005, "time": 1790983725.57654}
{"type": "train", "epoch": 936, "loss": 0.17618, "obj": 0.17618, "sup": 0.0, "lr": 0.0005, "time": 1790983725.85925}
{"type": "train", "epoch": 937, "loss": 0.1739, "obj": 0.1739, "sup": 0.0, "lr": 0.0005, "time": 1790983726.13664}
{"type": "train", "epoch": 938, "loss": 0.17536, "obj": 0.17536, "sup": 0.0, "lr": 0.0005, "time": 1790983726.41123}
{"type": "train", "epoch": 939, "loss": 0.17385, "obj": 0.17385, "sup": 0.0, "lr": 0.0005, "time": 1790983726.68521}
{"type": "train", "epoch": 940, "loss": 0.17334, "obj": 0.17334, "sup": 0.0, "lr": 0.0005, "time": 1790983726.95628}
{"type": "train", "epoch": 941, "loss": 0.17196, "obj": 0.17196, "sup": 0.0, "lr": 0.0005, "time": 1790983727.22913}
{"type": "train", "epoch": 942, "loss": 0.17236, "obj": 0.17236, "sup": 0.0, "lr": 0.0005, "time": 1790983727.51547}
{"type": "train", "epoch": 943, "loss": 0.17113, "obj": 0.17113, "sup": 0.0, "lr": 0.0005, "time": 1790983727.80056}
{"type": "train", "epoch": 944, "loss": 0.17112, "obj": 0.17112, "sup": 0.0, "lr": 0.0005, "time": 1790983728.07968}
{"type": "train", "epoch": 945, "loss": 0.17275, "obj": 0.17275, "sup": 0.0, "lr": 0.0005, "time": 1790983728.35847}
{"type": "train", "epoch": 946, "loss": 0.17183, "obj": 0.17183, "sup": 0.0, "lr": 0.0005, "time": 1790983728.6341}
{"type": "train", "epoch": 947, "loss": 0.17577, "obj": 0.17577, "sup": 0.0, "lr": 0.0005, "time": 1790983728.90638}
{"type": "train", "epoch": 948, "loss": 0.17323, "obj": 0.17323, "sup": 0.0, "lr": 0.0005, "time": 1790983729.17625}
{"type": "train", "epoch": 949, "loss": 0.1728, "obj": 0.1728, "sup": 0.0, "lr": 0.0005, "time": 1790983729.44647}
{"type": "train", "epoch": 950, "loss": 0.17183, "obj": 0.17183, "sup": 0.0, "lr": 0.0005, "time": 1790983730.57483, "train_resid_median": 0.34519, "train_resid_mean": 0.34712, "train_imag_median": 0.04847, "train_obj_median": 0.1666, "train_u_loss_to_label_median": 0.67016, "val_resid_median": 0.92651, "val_resid_mean": 0.91092, "val_imag_median": 0.23513, "val_obj_median": 0.95247, "val_u_loss_to_label_median": 0.72376}
{"type": "train", "epoch": 951, "loss": 0.17115, "obj": 0.17115, "sup": 0.0, "lr": 0.0005, "time": 1790983730.85346}
{"type": "train", "epoch": 952, "loss": 0.17186, "obj": 0.17186, "sup": 0.0, "lr": 0.0005, "time": 1790983731.12795}
{"type": "train", "epoch": 953, "loss": 0.17474, "obj": 0.17474, "sup": 0.0, "lr": 0.0005, "time": 1790983731.39861}
{"type": "train", "epoch": 954, "loss": 0.17361, "obj": 0.17361, "sup": 0.0, "lr": 0.0005, "time": 1790983731.66888}
{"type": "train", "epoch": 955, "loss": 0.18067, "obj": 0.18067, "sup": 0.0, "lr": 0.0005, "time": 1790983731.9367}
{"type": "train", "epoch": 956, "loss": 0.1813, "obj": 0.1813, "sup": 0.0, "lr": 0.0005, "time": 1790983732.20496}
{"type": "train", "epoch": 957, "loss": 0.17595, "obj": 0.17595, "sup": 0.0, "lr": 0.0005, "time": 1790983732.4722}
{"type": "train", "epoch": 958, "loss": 0.17541, "obj": 0.17541, "sup": 0.0, "lr": 0.0005, "time": 1790983732.74082}
{"type": "train", "epoch": 959, "loss": 0.17496, "obj": 0.17496, "sup": 0.0, "lr": 0.0005, "time": 1790983733.01041}
{"type": "train", "epoch": 960, "loss": 0.19787, "obj": 0.19787, "sup": 0.0, "lr": 0.0005, "time": 1790983733.28116}
{"type": "train", "epoch": 961, "loss": 0.18529, "obj": 0.18529, "sup": 0.0, "lr": 0.0005, "time": 1790983733.55017}
{"type": "train", "epoch": 962, "loss": 0.19761, "obj": 0.19761, "sup": 0.0, "lr": 0.0005, "time": 1790983733.81988}
{"type": "train", "epoch": 963, "loss": 0.18581, "obj": 0.18581, "sup": 0.0, "lr": 0.0005, "time": 1790983734.092}
{"type": "train", "epoch": 964, "loss": 0.19082, "obj": 0.19082, "sup": 0.0, "lr": 0.0005, "time": 1790983734.36326}
{"type": "train", "epoch": 965, "loss": 0.18682, "obj": 0.18682, "sup": 0.0, "lr": 0.0005, "time": 1790983734.63326}
{"type": "train", "epoch": 966, "loss": 0.18417, "obj": 0.18417, "sup": 0.0, "lr": 0.0005, "time": 1790983734.90326}
{"type": "train", "epoch": 967, "loss": 0.18112, "obj": 0.18112, "sup": 0.0, "lr": 0.0005, "time": 1790983735.17579}
{"type": "train", "epoch": 968, "loss": 0.18277, "obj": 0.18277, "sup": 0.0, "lr": 0.0005, "time": 1790983735.44545}
{"type": "train", "epoch": 969, "loss": 0.18111, "obj": 0.18111, "sup": 0.0, "lr": 0.0005, "time": 1790983735.71427}
{"type": "train", "epoch": 970, "loss": 0.18046, "obj": 0.18046, "sup": 0.0, "lr": 0.0005, "time": 1790983735.9829}
{"type": "train", "epoch": 971, "loss": 0.18419, "obj": 0.18419, "sup": 0.0, "lr": 0.0005, "time": 1790983736.25234}
{"type": "train", "epoch": 972, "loss": 0.18611, "obj": 0.18611, "sup": 0.0, "lr": 0.0005, "time": 1790983736.52299}
{"type": "train", "epoch": 973, "loss": 0.18086, "obj": 0.18086, "sup": 0.0, "lr": 0.0005, "time": 1790983736.79304}
{"type": "train", "epoch": 974, "loss": 0.17855, "obj": 0.17855, "sup": 0.0, "lr": 0.0005, "time": 1790983737.06113}
{"type": "train", "epoch": 975, "loss": 0.17707, "obj": 0.17707, "sup": 0.0, "lr": 0.0005, "time": 1790983737.33076}
{"type": "train", "epoch": 976, "loss": 0.1769, "obj": 0.1769, "sup": 0.0, "lr": 0.0005, "time": 1790983737.60093}
{"type": "train", "epoch": 977, "loss": 0.17783, "obj": 0.17783, "sup": 0.0, "lr": 0.0005, "time": 1790983737.8698}
{"type": "train", "epoch": 978, "loss": 0.17742, "obj": 0.17742, "sup": 0.0, "lr": 0.0005, "time": 1790983738.13959}
{"type": "train", "epoch": 979, "loss": 0.17776, "obj": 0.17776, "sup": 0.0, "lr": 0.0005, "time": 1790983738.41252}
{"type": "train", "epoch": 980, "loss": 0.17742, "obj": 0.17742, "sup": 0.0, "lr": 0.0005, "time": 1790983738.68469}
{"type": "train", "epoch": 981, "loss": 0.17635, "obj": 0.17635, "sup": 0.0, "lr": 0.0005, "time": 1790983738.9624}
{"type": "train", "epoch": 982, "loss": 0.17513, "obj": 0.17513, "sup": 0.0, "lr": 0.0005, "time": 1790983739.24942}
{"type": "train", "epoch": 983, "loss": 0.17345, "obj": 0.17345, "sup": 0.0, "lr": 0.0005, "time": 1790983739.5424}
{"type": "train", "epoch": 984, "loss": 0.17408, "obj": 0.17408, "sup": 0.0, "lr": 0.0005, "time": 1790983739.83035}
{"type": "train", "epoch": 985, "loss": 0.17422, "obj": 0.17422, "sup": 0.0, "lr": 0.0005, "time": 1790983740.11798}
{"type": "train", "epoch": 986, "loss": 0.17249, "obj": 0.17249, "sup": 0.0, "lr": 0.0005, "time": 1790983740.39824}
{"type": "train", "epoch": 987, "loss": 0.17358, "obj": 0.17358, "sup": 0.0, "lr": 0.0005, "time": 1790983740.67197}
{"type": "train", "epoch": 988, "loss": 0.17248, "obj": 0.17248, "sup": 0.0, "lr": 0.0005, "time": 1790983740.94605}
{"type": "train", "epoch": 989, "loss": 0.17523, "obj": 0.17523, "sup": 0.0, "lr": 0.0005, "time": 1790983741.21649}
{"type": "train", "epoch": 990, "loss": 0.17345, "obj": 0.17345, "sup": 0.0, "lr": 0.0005, "time": 1790983741.48657}
{"type": "train", "epoch": 991, "loss": 0.17417, "obj": 0.17417, "sup": 0.0, "lr": 0.0005, "time": 1790983741.75682}
{"type": "train", "epoch": 992, "loss": 0.17551, "obj": 0.17551, "sup": 0.0, "lr": 0.0005, "time": 1790983742.0289}
{"type": "train", "epoch": 993, "loss": 0.17282, "obj": 0.17282, "sup": 0.0, "lr": 0.0005, "time": 1790983742.30659}
{"type": "train", "epoch": 994, "loss": 0.17556, "obj": 0.17556, "sup": 0.0, "lr": 0.0005, "time": 1790983742.58019}
{"type": "train", "epoch": 995, "loss": 0.17424, "obj": 0.17424, "sup": 0.0, "lr": 0.0005, "time": 1790983742.8513}
{"type": "train", "epoch": 996, "loss": 0.17375, "obj": 0.17375, "sup": 0.0, "lr": 0.0005, "time": 1790983743.12485}
{"type": "train", "epoch": 997, "loss": 0.1713, "obj": 0.1713, "sup": 0.0, "lr": 0.0005, "time": 1790983743.39494}
{"type": "train", "epoch": 998, "loss": 0.17111, "obj": 0.17111, "sup": 0.0, "lr": 0.0005, "time": 1790983743.66417}
{"type": "train", "epoch": 999, "loss": 0.1723, "obj": 0.1723, "sup": 0.0, "lr": 0.0005, "time": 1790983743.93494}
{"type": "train", "epoch": 1000, "loss": 0.17138, "obj": 0.17138, "sup": 0.0, "lr": 0.0005, "time": 1790983745.08004, "train_resid_median": 0.3478, "train_resid_mean": 0.3515, "train_imag_median": 0.04282, "train_obj_median": 0.16508, "train_u_loss_to_label_median": 0.66813, "val_resid_median": 0.92059, "val_resid_mean": 0.90265, "val_imag_median": 0.21931, "val_obj_median": 0.92596, "val_u_loss_to_label_median": 0.72011}
{"type": "train", "epoch": 1001, "loss": 0.17063, "obj": 0.17063, "sup": 0.0, "lr": 0.0005, "time": 1790983745.34547}
{"type": "train", "epoch": 1002, "loss": 0.16991, "obj": 0.16991, "sup": 0.0, "lr": 0.0005, "time": 1790983745.61799}
{"type": "train", "epoch": 1003, "loss": 0.17225, "obj": 0.17225, "sup": 0.0, "lr": 0.0005, "time": 1790983745.9145}
{"type": "train", "epoch": 1004, "loss": 0.17926, "obj": 0.17926, "sup": 0.0, "lr": 0.0005, "time": 1790983746.18396}
{"type": "train", "epoch": 1005, "loss": 0.17556, "obj": 0.17556, "sup": 0.0, "lr": 0.0005, "time": 1790983746.45202}
{"type": "train", "epoch": 1006, "loss": 0.17435, "obj": 0.17435, "sup": 0.0, "lr": 0.0005, "time": 1790983746.72698}
{"type": "train", "epoch": 1007, "loss": 0.17719, "obj": 0.17719, "sup": 0.0, "lr": 0.0005, "time": 1790983746.99705}
{"type": "train", "epoch": 1008, "loss": 0.17543, "obj": 0.17543, "sup": 0.0, "lr": 0.0005, "time": 1790983747.27093}
{"type": "train", "epoch": 1009, "loss": 0.17403, "obj": 0.17403, "sup": 0.0, "lr": 0.0005, "time": 1790983747.53575}
{"type": "train", "epoch": 1010, "loss": 0.17465, "obj": 0.17465, "sup": 0.0, "lr": 0.0005, "time": 1790983747.80157}
{"type": "train", "epoch": 1011, "loss": 0.17393, "obj": 0.17393, "sup": 0.0, "lr": 0.0005, "time": 1790983748.0665}
{"type": "train", "epoch": 1012, "loss": 0.17227, "obj": 0.17227, "sup": 0.0, "lr": 0.0005, "time": 1790983748.33279}
{"type": "train", "epoch": 1013, "loss": 0.17273, "obj": 0.17273, "sup": 0.0, "lr": 0.0005, "time": 1790983748.59978}
{"type": "train", "epoch": 1014, "loss": 0.17827, "obj": 0.17827, "sup": 0.0, "lr": 0.0005, "time": 1790983748.8654}
{"type": "train", "epoch": 1015, "loss": 0.17618, "obj": 0.17618, "sup": 0.0, "lr": 0.0005, "time": 1790983749.13141}
{"type": "train", "epoch": 1016, "loss": 0.17636, "obj": 0.17636, "sup": 0.0, "lr": 0.0005, "time": 1790983749.39785}
{"type": "train", "epoch": 1017, "loss": 0.17798, "obj": 0.17798, "sup": 0.0, "lr": 0.0005, "time": 1790983749.66501}
{"type": "train", "epoch": 1018, "loss": 0.17305, "obj": 0.17305, "sup": 0.0, "lr": 0.0005, "time": 1790983749.93246}
{"type": "train", "epoch": 1019, "loss": 0.174, "obj": 0.174, "sup": 0.0, "lr": 0.0005, "time": 1790983750.20293}
{"type": "train", "epoch": 1020, "loss": 0.17374, "obj": 0.17374, "sup": 0.0, "lr": 0.0005, "time": 1790983750.47273}
{"type": "train", "epoch": 1021, "loss": 0.17201, "obj": 0.17201, "sup": 0.0, "lr": 0.0005, "time": 1790983750.74079}
{"type": "train", "epoch": 1022, "loss": 0.17139, "obj": 0.17139, "sup": 0.0, "lr": 0.0005, "time": 1790983751.00693}
{"type": "train", "epoch": 1023, "loss": 0.1716, "obj": 0.1716, "sup": 0.0, "lr": 0.0005, "time": 1790983751.27346}
{"type": "train", "epoch": 1024, "loss": 0.17082, "obj": 0.17082, "sup": 0.0, "lr": 0.0005, "time": 1790983751.54031}
{"type": "train", "epoch": 1025, "loss": 0.1712, "obj": 0.1712, "sup": 0.0, "lr": 0.0005, "time": 1790983751.80689}
{"type": "train", "epoch": 1026, "loss": 0.16994, "obj": 0.16994, "sup": 0.0, "lr": 0.0005, "time": 1790983752.07327}
{"type": "train", "epoch": 1027, "loss": 0.16967, "obj": 0.16967, "sup": 0.0, "lr": 0.0005, "time": 1790983752.34164}
{"type": "train", "epoch": 1028, "loss": 0.17051, "obj": 0.17051, "sup": 0.0, "lr": 0.0005, "time": 1790983752.61146}
{"type": "train", "epoch": 1029, "loss": 0.16959, "obj": 0.16959, "sup": 0.0, "lr": 0.0005, "time": 1790983752.88409}
{"type": "train", "epoch": 1030, "loss": 0.16939, "obj": 0.16939, "sup": 0.0, "lr": 0.0005, "time": 1790983753.15626}
{"type": "train", "epoch": 1031, "loss": 0.16932, "obj": 0.16932, "sup": 0.0, "lr": 0.0005, "time": 1790983753.42553}
{"type": "train", "epoch": 1032, "loss": 0.17043, "obj": 0.17043, "sup": 0.0, "lr": 0.0005, "time": 1790983753.69592}
{"type": "train", "epoch": 1033, "loss": 0.16959, "obj": 0.16959, "sup": 0.0, "lr": 0.0005, "time": 1790983753.9704}
{"type": "train", "epoch": 1034, "loss": 0.16953, "obj": 0.16953, "sup": 0.0, "lr": 0.0005, "time": 1790983754.24207}
{"type": "train", "epoch": 1035, "loss": 0.17069, "obj": 0.17069, "sup": 0.0, "lr": 0.0005, "time": 1790983754.52703}
{"type": "train", "epoch": 1036, "loss": 0.1708, "obj": 0.1708, "sup": 0.0, "lr": 0.0005, "time": 1790983754.82837}
{"type": "train", "epoch": 1037, "loss": 0.17118, "obj": 0.17118, "sup": 0.0, "lr": 0.0005, "time": 1790983755.13145}
{"type": "train", "epoch": 1038, "loss": 0.16929, "obj": 0.16929, "sup": 0.0, "lr": 0.0005, "time": 1790983755.42367}
{"type": "train", "epoch": 1039, "loss": 0.169, "obj": 0.169, "sup": 0.0, "lr": 0.0005, "time": 1790983755.70428}
{"type": "train", "epoch": 1040, "loss": 0.16849, "obj": 0.16849, "sup": 0.0, "lr": 0.0005, "time": 1790983755.97971}
{"type": "train", "epoch": 1041, "loss": 0.16821, "obj": 0.16821, "sup": 0.0, "lr": 0.0005, "time": 1790983756.25734}
{"type": "train", "epoch": 1042, "loss": 0.16874, "obj": 0.16874, "sup": 0.0, "lr": 0.0005, "time": 1790983756.53115}
{"type": "train", "epoch": 1043, "loss": 0.16897, "obj": 0.16897, "sup": 0.0, "lr": 0.0005, "time": 1790983756.80118}
{"type": "train", "epoch": 1044, "loss": 0.16804, "obj": 0.16804, "sup": 0.0, "lr": 0.0005, "time": 1790983757.06799}
{"type": "train", "epoch": 1045, "loss": 0.16844, "obj": 0.16844, "sup": 0.0, "lr": 0.0005, "time": 1790983757.33436}
{"type": "train", "epoch": 1046, "loss": 0.16806, "obj": 0.16806, "sup": 0.0, "lr": 0.0005, "time": 1790983757.60028}
{"type": "train", "epoch": 1047, "loss": 0.16853, "obj": 0.16853, "sup": 0.0, "lr": 0.0005, "time": 1790983757.87103}
{"type": "train", "epoch": 1048, "loss": 0.16973, "obj": 0.16973, "sup": 0.0, "lr": 0.0005, "time": 1790983758.14051}
{"type": "train", "epoch": 1049, "loss": 0.17577, "obj": 0.17577, "sup": 0.0, "lr": 0.0005, "time": 1790983758.41363}
{"type": "train", "epoch": 1050, "loss": 0.17183, "obj": 0.17183, "sup": 0.0, "lr": 0.0005, "time": 1790983759.53165, "train_resid_median": 0.34188, "train_resid_mean": 0.34639, "train_imag_median": 0.06229, "train_obj_median": 0.16932, "train_u_loss_to_label_median": 0.66899, "val_resid_median": 0.93949, "val_resid_mean": 0.91909, "val_imag_median": 0.23516, "val_obj_median": 0.97604, "val_u_loss_to_label_median": 0.72057}
{"type": "train", "epoch": 1051, "loss": 0.17839, "obj": 0.17839, "sup": 0.0, "lr": 0.0005, "time": 1790983759.7987}
{"type": "train", "epoch": 1052, "loss": 0.1736, "obj": 0.1736, "sup": 0.0, "lr": 0.0005, "time": 1790983760.06468}
{"type": "train", "epoch": 1053, "loss": 0.17715, "obj": 0.17715, "sup": 0.0, "lr": 0.0005, "time": 1790983760.3322}
{"type": "train", "epoch": 1054, "loss": 0.18025, "obj": 0.18025, "sup": 0.0, "lr": 0.0005, "time": 1790983760.59904}
{"type": "train", "epoch": 1055, "loss": 0.17627, "obj": 0.17627, "sup": 0.0, "lr": 0.0005, "time": 1790983760.86551}
{"type": "train", "epoch": 1056, "loss": 0.18134, "obj": 0.18134, "sup": 0.0, "lr": 0.0005, "time": 1790983761.13203}
{"type": "train", "epoch": 1057, "loss": 0.17782, "obj": 0.17782, "sup": 0.0, "lr": 0.0005, "time": 1790983761.39882}
{"type": "train", "epoch": 1058, "loss": 0.18354, "obj": 0.18354, "sup": 0.0, "lr": 0.0005, "time": 1790983761.66807}
{"type": "train", "epoch": 1059, "loss": 0.18495, "obj": 0.18495, "sup": 0.0, "lr": 0.0005, "time": 1790983761.93697}
{"type": "train", "epoch": 1060, "loss": 0.18414, "obj": 0.18414, "sup": 0.0, "lr": 0.0005, "time": 1790983762.20368}
{"type": "train", "epoch": 1061, "loss": 0.18778, "obj": 0.18778, "sup": 0.0, "lr": 0.0005, "time": 1790983762.46962}
{"type": "train", "epoch": 1062, "loss": 0.18107, "obj": 0.18107, "sup": 0.0, "lr": 0.0005, "time": 1790983762.73629}
{"type": "train", "epoch": 1063, "loss": 0.17947, "obj": 0.17947, "sup": 0.0, "lr": 0.0005, "time": 1790983763.00243}
{"type": "train", "epoch": 1064, "loss": 0.17651, "obj": 0.17651, "sup": 0.0, "lr": 0.0005, "time": 1790983763.26877}
{"type": "train", "epoch": 1065, "loss": 0.17537, "obj": 0.17537, "sup": 0.0, "lr": 0.0005, "time": 1790983763.53597}
{"type": "train", "epoch": 1066, "loss": 0.17708, "obj": 0.17708, "sup": 0.0, "lr": 0.0005, "time": 1790983763.80552}
{"type": "train", "epoch": 1067, "loss": 0.17656, "obj": 0.17656, "sup": 0.0, "lr": 0.0005, "time": 1790983764.07499}
{"type": "train", "epoch": 1068, "loss": 0.17392, "obj": 0.17392, "sup": 0.0, "lr": 0.0005, "time": 1790983764.34993}
{"type": "train", "epoch": 1069, "loss": 0.17441, "obj": 0.17441, "sup": 0.0, "lr": 0.0005, "time": 1790983764.63037}
{"type": "train", "epoch": 1070, "loss": 0.17327, "obj": 0.17327, "sup": 0.0, "lr": 0.0005, "time": 1790983764.9185}
{"type": "train", "epoch": 1071, "loss": 0.17143, "obj": 0.17143, "sup": 0.0, "lr": 0.0005, "time": 1790983765.22692}
{"type": "train", "epoch": 1072, "loss": 0.17151, "obj": 0.17151, "sup": 0.0, "lr": 0.0005, "time": 1790983765.53503}
{"type": "train", "epoch": 1073, "loss": 0.17191, "obj": 0.17191, "sup": 0.0, "lr": 0.0005, "time": 1790983765.83087}
{"type": "train", "epoch": 1074, "loss": 0.17093, "obj": 0.17093, "sup": 0.0, "lr": 0.0005, "time": 1790983766.11357}
{"type": "train", "epoch": 1075, "loss": 0.17024, "obj": 0.17024, "sup": 0.0, "lr": 0.0005, "time": 1790983766.39441}
{"type": "train", "epoch": 1076, "loss": 0.17103, "obj": 0.17103, "sup": 0.0, "lr": 0.0005, "time": 1790983766.67063}
{"type": "train", "epoch": 1077, "loss": 0.17036, "obj": 0.17036, "sup": 0.0, "lr": 0.0005, "time": 1790983766.94207}
{"type": "train", "epoch": 1078, "loss": 0.16969, "obj": 0.16969, "sup": 0.0, "lr": 0.0005, "time": 1790983767.2136}
{"type": "train", "epoch": 1079, "loss": 0.1707, "obj": 0.1707, "sup": 0.0, "lr": 0.0005, "time": 1790983767.48255}
{"type": "train", "epoch": 1080, "loss": 0.17125, "obj": 0.17125, "sup": 0.0, "lr": 0.0005, "time": 1790983767.75163}
{"type": "train", "epoch": 1081, "loss": 0.1708, "obj": 0.1708, "sup": 0.0, "lr": 0.0005, "time": 1790983768.01895}
{"type": "train", "epoch": 1082, "loss": 0.16937, "obj": 0.16937, "sup": 0.0, "lr": 0.0005, "time": 1790983768.28921}
{"type": "train", "epoch": 1083, "loss": 0.16837, "obj": 0.16837, "sup": 0.0, "lr": 0.0005, "time": 1790983768.56268}
{"type": "train", "epoch": 1084, "loss": 0.16862, "obj": 0.16862, "sup": 0.0, "lr": 0.0005, "time": 1790983768.83229}
{"type": "train", "epoch": 1085, "loss": 0.16759, "obj": 0.16759, "sup": 0.0, "lr": 0.0005, "time": 1790983769.09846}
{"type": "train", "epoch": 1086, "loss": 0.16739, "obj": 0.16739, "sup": 0.0, "lr": 0.0005, "time": 1790983769.36584}
{"type": "train", "epoch": 1087, "loss": 0.16688, "obj": 0.16688, "sup": 0.0, "lr": 0.0005, "time": 1790983769.63186}
{"type": "train", "epoch": 1088, "loss": 0.16708, "obj": 0.16708, "sup": 0.0, "lr": 0.0005, "time": 1790983769.89887}
{"type": "train", "epoch": 1089, "loss": 0.16793, "obj": 0.16793, "sup": 0.0, "lr": 0.0005, "time": 1790983770.16496}
{"type": "train", "epoch": 1090, "loss": 0.16927, "obj": 0.16927, "sup": 0.0, "lr": 0.0005, "time": 1790983770.43376}
{"type": "train", "epoch": 1091, "loss": 0.16816, "obj": 0.16816, "sup": 0.0, "lr": 0.0005, "time": 1790983770.70667}
{"type": "train", "epoch": 1092, "loss": 0.16943, "obj": 0.16943, "sup": 0.0, "lr": 0.0005, "time": 1790983770.98029}
{"type": "train", "epoch": 1093, "loss": 0.1792, "obj": 0.1792, "sup": 0.0, "lr": 0.0005, "time": 1790983771.25175}
{"type": "train", "epoch": 1094, "loss": 0.1754, "obj": 0.1754, "sup": 0.0, "lr": 0.0005, "time": 1790983771.51903}
{"type": "train", "epoch": 1095, "loss": 0.17774, "obj": 0.17774, "sup": 0.0, "lr": 0.0005, "time": 1790983771.78951}
{"type": "train", "epoch": 1096, "loss": 0.17358, "obj": 0.17358, "sup": 0.0, "lr": 0.0005, "time": 1790983772.05917}
{"type": "train", "epoch": 1097, "loss": 0.18359, "obj": 0.18359, "sup": 0.0, "lr": 0.0005, "time": 1790983772.32994}
{"type": "train", "epoch": 1098, "loss": 0.1768, "obj": 0.1768, "sup": 0.0, "lr": 0.0005, "time": 1790983772.59675}
{"type": "train", "epoch": 1099, "loss": 0.17574, "obj": 0.17574, "sup": 0.0, "lr": 0.0005, "time": 1790983772.86333}
{"type": "train", "epoch": 1100, "loss": 0.17461, "obj": 0.17461, "sup": 0.0, "lr": 0.0005, "time": 1790983773.98502, "train_resid_median": 0.35173, "train_resid_mean": 0.3532, "train_imag_median": 0.05713, "train_obj_median": 0.17006, "train_u_loss_to_label_median": 0.66832, "val_resid_median": 0.92337, "val_resid_mean": 0.90522, "val_imag_median": 0.22155, "val_obj_median": 0.93659, "val_u_loss_to_label_median": 0.71932}
{"type": "train", "epoch": 1101, "loss": 0.17484, "obj": 0.17484, "sup": 0.0, "lr": 0.0005, "time": 1790983774.25418}
{"type": "train", "epoch": 1102, "loss": 0.17278, "obj": 0.17278, "sup": 0.0, "lr": 0.0005, "time": 1790983774.52199}
{"type": "train", "epoch": 1103, "loss": 0.17164, "obj": 0.17164, "sup": 0.0, "lr": 0.0005, "time": 1790983774.79402}
{"type": "train", "epoch": 1104, "loss": 0.17315, "obj": 0.17315, "sup": 0.0, "lr": 0.0005, "time": 1790983775.07164}
{"type": "train", "epoch": 1105, "loss": 0.17033, "obj": 0.17033, "sup": 0.0, "lr": 0.0005, "time": 1790983775.34755}
{"type": "train", "epoch": 1106, "loss": 0.17163, "obj": 0.17163, "sup": 0.0, "lr": 0.0005, "time": 1790983775.62748}
{"type": "train", "epoch": 1107, "loss": 0.16938, "obj": 0.16938, "sup": 0.0, "lr": 0.0005, "time": 1790983775.89731}
{"type": "train", "epoch": 1108, "loss": 0.17005, "obj": 0.17005, "sup": 0.0, "lr": 0.0005, "time": 1790983776.16588}
{"type": "train", "epoch": 1109, "loss": 0.16911, "obj": 0.16911, "sup": 0.0, "lr": 0.0005, "time": 1790983776.43636}
{"type": "train", "epoch": 1110, "loss": 0.1683, "obj": 0.1683, "sup": 0.0, "lr": 0.0005, "time": 1790983776.71013}
{"type": "train", "epoch": 1111, "loss": 0.16895, "obj": 0.16895, "sup": 0.0, "lr": 0.0005, "time": 1790983776.98361}
{"type": "train", "epoch": 1112, "loss": 0.1683, "obj": 0.1683, "sup": 0.0, "lr": 0.0005, "time": 1790983777.25174}
{"type": "train", "epoch": 1113, "loss": 0.16779, "obj": 0.16779, "sup": 0.0, "lr": 0.0005, "time": 1790983777.52346}
{"type": "train", "epoch": 1114, "loss": 0.16789, "obj": 0.16789, "sup": 0.0, "lr": 0.0005, "time": 1790983777.79578}
{"type": "train", "epoch": 1115, "loss": 0.16788, "obj": 0.16788, "sup": 0.0, "lr": 0.0005, "time": 1790983778.0874}
{"type": "train", "epoch": 1116, "loss": 0.16741, "obj": 0.16741, "sup": 0.0, "lr": 0.0005, "time": 1790983778.38437}
{"type": "train", "epoch": 1117, "loss": 0.16724, "obj": 0.16724, "sup": 0.0, "lr": 0.0005, "time": 1790983778.67137}
{"type": "train", "epoch": 1118, "loss": 0.16721, "obj": 0.16721, "sup": 0.0, "lr": 0.0005, "time": 1790983778.9554}
{"type": "train", "epoch": 1119, "loss": 0.16678, "obj": 0.16678, "sup": 0.0, "lr": 0.0005, "time": 1790983779.23421}
{"type": "train", "epoch": 1120, "loss": 0.1667, "obj": 0.1667, "sup": 0.0, "lr": 0.0005, "time": 1790983779.50922}
{"type": "train", "epoch": 1121, "loss": 0.16647, "obj": 0.16647, "sup": 0.0, "lr": 0.0005, "time": 1790983779.77951}
{"type": "train", "epoch": 1122, "loss": 0.16634, "obj": 0.16634, "sup": 0.0, "lr": 0.0005, "time": 1790983780.04821}
{"type": "train", "epoch": 1123, "loss": 0.16641, "obj": 0.16641, "sup": 0.0, "lr": 0.0005, "time": 1790983780.31536}
{"type": "train", "epoch": 1124, "loss": 0.1662, "obj": 0.1662, "sup": 0.0, "lr": 0.0005, "time": 1790983780.58234}
{"type": "train", "epoch": 1125, "loss": 0.16614, "obj": 0.16614, "sup": 0.0, "lr": 0.0005, "time": 1790983780.85251}
{"type": "train", "epoch": 1126, "loss": 0.16642, "obj": 0.16642, "sup": 0.0, "lr": 0.0005, "time": 1790983781.12307}
{"type": "train", "epoch": 1127, "loss": 0.16585, "obj": 0.16585, "sup": 0.0, "lr": 0.0005, "time": 1790983781.39287}
{"type": "train", "epoch": 1128, "loss": 0.16692, "obj": 0.16692, "sup": 0.0, "lr": 0.0005, "time": 1790983781.66027}
{"type": "train", "epoch": 1129, "loss": 0.16645, "obj": 0.16645, "sup": 0.0, "lr": 0.0005, "time": 1790983781.92703}
{"type": "train", "epoch": 1130, "loss": 0.16623, "obj": 0.16623, "sup": 0.0, "lr": 0.0005, "time": 1790983782.19308}
{"type": "train", "epoch": 1131, "loss": 0.16636, "obj": 0.16636, "sup": 0.0, "lr": 0.0005, "time": 1790983782.45841}
{"type": "train", "epoch": 1132, "loss": 0.166, "obj": 0.166, "sup": 0.0, "lr": 0.0005, "time": 1790983782.72667}
{"type": "train", "epoch": 1133, "loss": 0.1667, "obj": 0.1667, "sup": 0.0, "lr": 0.0005, "time": 1790983782.99687}
{"type": "train", "epoch": 1134, "loss": 0.16632, "obj": 0.16632, "sup": 0.0, "lr": 0.0005, "time": 1790983783.27271}
{"type": "train", "epoch": 1135, "loss": 0.16596, "obj": 0.16596, "sup": 0.0, "lr": 0.0005, "time": 1790983783.55826}
{"type": "train", "epoch": 1136, "loss": 0.16719, "obj": 0.16719, "sup": 0.0, "lr": 0.0005, "time": 1790983783.83481}
{"type": "train", "epoch": 1137, "loss": 0.16605, "obj": 0.16605, "sup": 0.0, "lr": 0.0005, "time": 1790983784.1145}
{"type": "train", "epoch": 1138, "loss": 0.16616, "obj": 0.16616, "sup": 0.0, "lr": 0.0005, "time": 1790983784.39097}
{"type": "train", "epoch": 1139, "loss": 0.16827, "obj": 0.16827, "sup": 0.0, "lr": 0.0005, "time": 1790983784.66182}
{"type": "train", "epoch": 1140, "loss": 0.16746, "obj": 0.16746, "sup": 0.0, "lr": 0.0005, "time": 1790983784.93069}
{"type": "train", "epoch": 1141, "loss": 0.17006, "obj": 0.17006, "sup": 0.0, "lr": 0.0005, "time": 1790983785.19819}
{"type": "train", "epoch": 1142, "loss": 0.17202, "obj": 0.17202, "sup": 0.0, "lr": 0.0005, "time": 1790983785.46395}
{"type": "train", "epoch": 1143, "loss": 0.17231, "obj": 0.17231, "sup": 0.0, "lr": 0.0005, "time": 1790983785.73086}
{"type": "train", "epoch": 1144, "loss": 0.17538, "obj": 0.17538, "sup": 0.0, "lr": 0.0005, "time": 1790983785.99829}
{"type": "train", "epoch": 1145, "loss": 0.1713, "obj": 0.1713, "sup": 0.0, "lr": 0.0005, "time": 1790983786.26362}
{"type": "train", "epoch": 1146, "loss": 0.17434, "obj": 0.17434, "sup": 0.0, "lr": 0.0005, "time": 1790983786.53091}
{"type": "train", "epoch": 1147, "loss": 0.17266, "obj": 0.17266, "sup": 0.0, "lr": 0.0005, "time": 1790983786.79452}
{"type": "train", "epoch": 1148, "loss": 0.17122, "obj": 0.17122, "sup": 0.0, "lr": 0.0005, "time": 1790983787.06145}
{"type": "train", "epoch": 1149, "loss": 0.17029, "obj": 0.17029, "sup": 0.0, "lr": 0.0005, "time": 1790983787.32786}
{"type": "train", "epoch": 1150, "loss": 0.16917, "obj": 0.16917, "sup": 0.0, "lr": 0.0005, "time": 1790983788.44769, "train_resid_median": 0.34861, "train_resid_mean": 0.34779, "train_imag_median": 0.04963, "train_obj_median": 0.16678, "train_u_loss_to_label_median": 0.66569, "val_resid_median": 0.9234, "val_resid_mean": 0.90342, "val_imag_median": 0.22285, "val_obj_median": 0.93605, "val_u_loss_to_label_median": 0.71802}
{"type": "train", "epoch": 1151, "loss": 0.17098, "obj": 0.17098, "sup": 0.0, "lr": 0.0005, "time": 1790983788.72585}
{"type": "train", "epoch": 1152, "loss": 0.17091, "obj": 0.17091, "sup": 0.0, "lr": 0.0005, "time": 1790983789.01171}
{"type": "train", "epoch": 1153, "loss": 0.17569, "obj": 0.17569, "sup": 0.0, "lr": 0.0005, "time": 1790983789.29525}
{"type": "train", "epoch": 1154, "loss": 0.17666, "obj": 0.17666, "sup": 0.0, "lr": 0.0005, "time": 1790983789.57348}
{"type": "train", "epoch": 1155, "loss": 0.17511, "obj": 0.17511, "sup": 0.0, "lr": 0.0005, "time": 1790983789.84345}
{"type": "train", "epoch": 1156, "loss": 0.17219, "obj": 0.17219, "sup": 0.0, "lr": 0.0005, "time": 1790983790.11552}
{"type": "train", "epoch": 1157, "loss": 0.17067, "obj": 0.17067, "sup": 0.0, "lr": 0.0005, "time": 1790983790.38358}
{"type": "train", "epoch": 1158, "loss": 0.17194, "obj": 0.17194, "sup": 0.0, "lr": 0.0005, "time": 1790983790.65062}
{"type": "train", "epoch": 1159, "loss": 0.17251, "obj": 0.17251, "sup": 0.0, "lr": 0.0005, "time": 1790983790.91756}
{"type": "train", "epoch": 1160, "loss": 0.17057, "obj": 0.17057, "sup": 0.0, "lr": 0.0005, "time": 1790983791.18602}
{"type": "train", "epoch": 1161, "loss": 0.17004, "obj": 0.17004, "sup": 0.0, "lr": 0.0005, "time": 1790983791.46022}
{"type": "train", "epoch": 1162, "loss": 0.1696, "obj": 0.1696, "sup": 0.0, "lr": 0.0005, "time": 1790983791.72949}
{"type": "train", "epoch": 1163, "loss": 0.17015, "obj": 0.17015, "sup": 0.0, "lr": 0.0005, "time": 1790983791.99599}
{"type": "train", "epoch": 1164, "loss": 0.16903, "obj": 0.16903, "sup": 0.0, "lr": 0.0005, "time": 1790983792.2681}
{"type": "train", "epoch": 1165, "loss": 0.16772, "obj": 0.16772, "sup": 0.0, "lr": 0.0005, "time": 1790983792.55197}
{"type": "train", "epoch": 1166, "loss": 0.16796, "obj": 0.16796, "sup": 0.0, "lr": 0.0005, "time": 1790983792.98443}
{"type": "train", "epoch": 1167, "loss": 0.16761, "obj": 0.16761, "sup": 0.0, "lr": 0.0005, "time": 1790983793.37804}
{"type": "train", "epoch": 1168, "loss": 0.16712, "obj": 0.16712, "sup": 0.0, "lr": 0.0005, "time": 1790983793.73505}
{"type": "train", "epoch": 1169, "loss": 0.16772, "obj": 0.16772, "sup": 0.0, "lr": 0.0005, "time": 1790983794.02092}
{"type": "train", "epoch": 1170, "loss": 0.16858, "obj": 0.16858, "sup": 0.0, "lr": 0.0005, "time": 1790983794.28876}
{"type": "train", "epoch": 1171, "loss": 0.17327, "obj": 0.17327, "sup": 0.0, "lr": 0.0005, "time": 1790983794.55787}
{"type": "train", "epoch": 1172, "loss": 0.17126, "obj": 0.17126, "sup": 0.0, "lr": 0.0005, "time": 1790983794.82488}
{"type": "train", "epoch": 1173, "loss": 0.17185, "obj": 0.17185, "sup": 0.0, "lr": 0.0005, "time": 1790983795.09103}
{"type": "train", "epoch": 1174, "loss": 0.16937, "obj": 0.16937, "sup": 0.0, "lr": 0.0005, "time": 1790983795.35752}
{"type": "train", "epoch": 1175, "loss": 0.16976, "obj": 0.16976, "sup": 0.0, "lr": 0.0005, "time": 1790983795.62518}
{"type": "train", "epoch": 1176, "loss": 0.17839, "obj": 0.17839, "sup": 0.0, "lr": 0.0005, "time": 1790983795.89521}
{"type": "train", "epoch": 1177, "loss": 0.1766, "obj": 0.1766, "sup": 0.0, "lr": 0.0005, "time": 1790983796.16944}
{"type": "train", "epoch": 1178, "loss": 0.17791, "obj": 0.17791, "sup": 0.0, "lr": 0.0005, "time": 1790983796.44315}
{"type": "train", "epoch": 1179, "loss": 0.17697, "obj": 0.17697, "sup": 0.0, "lr": 0.0005, "time": 1790983796.70926}
{"type": "train", "epoch": 1180, "loss": 0.17395, "obj": 0.17395, "sup": 0.0, "lr": 0.0005, "time": 1790983796.97674}
{"type": "train", "epoch": 1181, "loss": 0.17276, "obj": 0.17276, "sup": 0.0, "lr": 0.0005, "time": 1790983797.24448}
{"type": "train", "epoch": 1182, "loss": 0.17152, "obj": 0.17152, "sup": 0.0, "lr": 0.0005, "time": 1790983797.51424}
{"type": "train", "epoch": 1183, "loss": 0.17389, "obj": 0.17389, "sup": 0.0, "lr": 0.0005, "time": 1790983797.78269}
{"type": "train", "epoch": 1184, "loss": 0.17308, "obj": 0.17308, "sup": 0.0, "lr": 0.0005, "time": 1790983798.04936}
{"type": "train", "epoch": 1185, "loss": 0.17065, "obj": 0.17065, "sup": 0.0, "lr": 0.0005, "time": 1790983798.31534}
{"type": "train", "epoch": 1186, "loss": 0.16994, "obj": 0.16994, "sup": 0.0, "lr": 0.0005, "time": 1790983798.58077}
{"type": "train", "epoch": 1187, "loss": 0.16908, "obj": 0.16908, "sup": 0.0, "lr": 0.0005, "time": 1790983798.84868}
{"type": "train", "epoch": 1188, "loss": 0.16803, "obj": 0.16803, "sup": 0.0, "lr": 0.0005, "time": 1790983799.11391}
{"type": "train", "epoch": 1189, "loss": 0.16872, "obj": 0.16872, "sup": 0.0, "lr": 0.0005, "time": 1790983799.38266}
{"type": "train", "epoch": 1190, "loss": 0.16921, "obj": 0.16921, "sup": 0.0, "lr": 0.0005, "time": 1790983799.65389}
{"type": "train", "epoch": 1191, "loss": 0.16908, "obj": 0.16908, "sup": 0.0, "lr": 0.0005, "time": 1790983799.92152}
{"type": "train", "epoch": 1192, "loss": 0.17067, "obj": 0.17067, "sup": 0.0, "lr": 0.0005, "time": 1790983800.19161}
{"type": "train", "epoch": 1193, "loss": 0.16936, "obj": 0.16936, "sup": 0.0, "lr": 0.0005, "time": 1790983800.46119}
{"type": "train", "epoch": 1194, "loss": 0.1702, "obj": 0.1702, "sup": 0.0, "lr": 0.0005, "time": 1790983800.73118}
{"type": "train", "epoch": 1195, "loss": 0.17627, "obj": 0.17627, "sup": 0.0, "lr": 0.0005, "time": 1790983801.00049}
{"type": "train", "epoch": 1196, "loss": 0.17187, "obj": 0.17187, "sup": 0.0, "lr": 0.0005, "time": 1790983801.27083}
{"type": "train", "epoch": 1197, "loss": 0.17469, "obj": 0.17469, "sup": 0.0, "lr": 0.0005, "time": 1790983801.53942}
{"type": "train", "epoch": 1198, "loss": 0.17671, "obj": 0.17671, "sup": 0.0, "lr": 0.0005, "time": 1790983801.80589}
{"type": "train", "epoch": 1199, "loss": 0.17464, "obj": 0.17464, "sup": 0.0, "lr": 0.0005, "time": 1790983802.07112}
{"type": "train", "epoch": 1200, "loss": 0.17448, "obj": 0.17448, "sup": 0.0, "lr": 0.0005, "time": 1790983803.19646, "train_resid_median": 0.35273, "train_resid_mean": 0.35575, "train_imag_median": 0.05984, "train_obj_median": 0.1702, "train_u_loss_to_label_median": 0.66812, "val_resid_median": 0.91878, "val_resid_mean": 0.9016, "val_imag_median": 0.2178, "val_obj_median": 0.91971, "val_u_loss_to_label_median": 0.71841}
{"type": "train", "epoch": 1201, "loss": 0.17295, "obj": 0.17295, "sup": 0.0, "lr": 0.0005, "time": 1790983803.46741}
{"type": "train", "epoch": 1202, "loss": 0.17697, "obj": 0.17697, "sup": 0.0, "lr": 0.0005, "time": 1790983803.73777}
{"type": "train", "epoch": 1203, "loss": 0.17487, "obj": 0.17487, "sup": 0.0, "lr": 0.0005, "time": 1790983804.00632}
{"type": "train", "epoch": 1204, "loss": 0.16991, "obj": 0.16991, "sup": 0.0, "lr": 0.0005, "time": 1790983804.29064}
{"type": "train", "epoch": 1205, "loss": 0.17717, "obj": 0.17717, "sup": 0.0, "lr": 0.0005, "time": 1790983804.58107}
{"type": "train", "epoch": 1206, "loss": 0.17201, "obj": 0.17201, "sup": 0.0, "lr": 0.0005, "time": 1790983804.86428}
{"type": "train", "epoch": 1207, "loss": 0.17053, "obj": 0.17053, "sup": 0.0, "lr": 0.0005, "time": 1790983805.13928}
{"type": "train", "epoch": 1208, "loss": 0.17131, "obj": 0.17131, "sup": 0.0, "lr": 0.0005, "time": 1790983805.41305}
{"type": "train", "epoch": 1209, "loss": 0.17323, "obj": 0.17323, "sup": 0.0, "lr": 0.0005, "time": 1790983805.68349}
{"type": "train", "epoch": 1210, "loss": 0.17369, "obj": 0.17369, "sup": 0.0, "lr": 0.0005, "time": 1790983805.95252}
{"type": "train", "epoch": 1211, "loss": 0.17236, "obj": 0.17236, "sup": 0.0, "lr": 0.0005, "time": 1790983806.21832}
{"type": "train", "epoch": 1212, "loss": 0.17155, "obj": 0.17155, "sup": 0.0, "lr": 0.0005, "time": 1790983806.48454}
{"type": "train", "epoch": 1213, "loss": 0.17137, "obj": 0.17137, "sup": 0.0, "lr": 0.0005, "time": 1790983806.75097}
{"type": "train", "epoch": 1214, "loss": 0.17073, "obj": 0.17073, "sup": 0.0, "lr": 0.0005, "time": 1790983807.01761}
{"type": "train", "epoch": 1215, "loss": 0.17013, "obj": 0.17013, "sup": 0.0, "lr": 0.0005, "time": 1790983807.28214}
{"type": "train", "epoch": 1216, "loss": 0.17157, "obj": 0.17157, "sup": 0.0, "lr": 0.0005, "time": 1790983807.54927}
{"type": "train", "epoch": 1217, "loss": 0.17211, "obj": 0.17211, "sup": 0.0, "lr": 0.0005, "time": 1790983807.81748}
{"type": "train", "epoch": 1218, "loss": 0.17115, "obj": 0.17115, "sup": 0.0, "lr": 0.0005, "time": 1790983808.08974}
{"type": "train", "epoch": 1219, "loss": 0.17158, "obj": 0.17158, "sup": 0.0, "lr": 0.0005, "time": 1790983808.36015}
{"type": "train", "epoch": 1220, "loss": 0.17308, "obj": 0.17308, "sup": 0.0, "lr": 0.0005, "time": 1790983808.62726}
{"type": "train", "epoch": 1221, "loss": 0.17157, "obj": 0.17157, "sup": 0.0, "lr": 0.0005, "time": 1790983808.89421}
{"type": "train", "epoch": 1222, "loss": 0.17738, "obj": 0.17738, "sup": 0.0, "lr": 0.0005, "time": 1790983809.16089}
{"type": "train", "epoch": 1223, "loss": 0.17286, "obj": 0.17286, "sup": 0.0, "lr": 0.0005, "time": 1790983809.42669}
{"type": "train", "epoch": 1224, "loss": 0.1728, "obj": 0.1728, "sup": 0.0, "lr": 0.0005, "time": 1790983809.69395}
{"type": "train", "epoch": 1225, "loss": 0.17333, "obj": 0.17333, "sup": 0.0, "lr": 0.0005, "time": 1790983809.96335}
{"type": "train", "epoch": 1226, "loss": 0.17058, "obj": 0.17058, "sup": 0.0, "lr": 0.0005, "time": 1790983810.23571}
{"type": "train", "epoch": 1227, "loss": 0.17196, "obj": 0.17196, "sup": 0.0, "lr": 0.0005, "time": 1790983810.5167}
{"type": "train", "epoch": 1228, "loss": 0.1694, "obj": 0.1694, "sup": 0.0, "lr": 0.0005, "time": 1790983810.79413}
{"type": "train", "epoch": 1229, "loss": 0.1688, "obj": 0.1688, "sup": 0.0, "lr": 0.0005, "time": 1790983811.06575}
{"type": "train", "epoch": 1230, "loss": 0.16867, "obj": 0.16867, "sup": 0.0, "lr": 0.0005, "time": 1790983811.33258}
{"type": "train", "epoch": 1231, "loss": 0.16914, "obj": 0.16914, "sup": 0.0, "lr": 0.0005, "time": 1790983811.60158}
{"type": "train", "epoch": 1232, "loss": 0.16994, "obj": 0.16994, "sup": 0.0, "lr": 0.0005, "time": 1790983811.87358}
{"type": "train", "epoch": 1233, "loss": 0.16795, "obj": 0.16795, "sup": 0.0, "lr": 0.0005, "time": 1790983812.14708}
{"type": "train", "epoch": 1234, "loss": 0.16964, "obj": 0.16964, "sup": 0.0, "lr": 0.0005, "time": 1790983812.41961}
{"type": "train", "epoch": 1235, "loss": 0.16871, "obj": 0.16871, "sup": 0.0, "lr": 0.0005, "time": 1790983812.69591}
{"type": "train", "epoch": 1236, "loss": 0.16895, "obj": 0.16895, "sup": 0.0, "lr": 0.0005, "time": 1790983812.96598}
{"type": "train", "epoch": 1237, "loss": 0.16925, "obj": 0.16925, "sup": 0.0, "lr": 0.0005, "time": 1790983813.23477}
{"type": "train", "epoch": 1238, "loss": 0.16819, "obj": 0.16819, "sup": 0.0, "lr": 0.0005, "time": 1790983813.50413}
{"type": "train", "epoch": 1239, "loss": 0.16707, "obj": 0.16707, "sup": 0.0, "lr": 0.0005, "time": 1790983813.76984}
{"type": "train", "epoch": 1240, "loss": 0.1695, "obj": 0.1695, "sup": 0.0, "lr": 0.0005, "time": 1790983814.03289}
{"type": "train", "epoch": 1241, "loss": 0.16937, "obj": 0.16937, "sup": 0.0, "lr": 0.0005, "time": 1790983814.29927}
{"type": "train", "epoch": 1242, "loss": 0.17519, "obj": 0.17519, "sup": 0.0, "lr": 0.0005, "time": 1790983814.56612}
{"type": "train", "epoch": 1243, "loss": 0.18081, "obj": 0.18081, "sup": 0.0, "lr": 0.0005, "time": 1790983814.83299}
{"type": "train", "epoch": 1244, "loss": 0.185, "obj": 0.185, "sup": 0.0, "lr": 0.0005, "time": 1790983815.09879}
{"type": "train", "epoch": 1245, "loss": 0.17794, "obj": 0.17794, "sup": 0.0, "lr": 0.0005, "time": 1790983815.36529}
{"type": "train", "epoch": 1246, "loss": 0.17739, "obj": 0.17739, "sup": 0.0, "lr": 0.0005, "time": 1790983815.63069}
{"type": "train", "epoch": 1247, "loss": 0.18329, "obj": 0.18329, "sup": 0.0, "lr": 0.0005, "time": 1790983815.89537}
{"type": "train", "epoch": 1248, "loss": 0.18193, "obj": 0.18193, "sup": 0.0, "lr": 0.0005, "time": 1790983816.16312}
{"type": "train", "epoch": 1249, "loss": 0.17581, "obj": 0.17581, "sup": 0.0, "lr": 0.0005, "time": 1790983816.43192}
{"type": "train", "epoch": 1250, "loss": 0.17725, "obj": 0.17725, "sup": 0.0, "lr": 0.0005, "time": 1790983817.5491, "train_resid_median": 0.3476, "train_resid_mean": 0.35103, "train_imag_median": 0.0561, "train_obj_median": 0.16777, "train_u_loss_to_label_median": 0.66006, "val_resid_median": 0.93173, "val_resid_mean": 0.91233, "val_imag_median": 0.21598, "val_obj_median": 0.9454, "val_u_loss_to_label_median": 0.71185}
{"type": "train", "epoch": 1251, "loss": 0.17613, "obj": 0.17613, "sup": 0.0, "lr": 0.0005, "time": 1790983817.81742}
{"type": "train", "epoch": 1252, "loss": 0.17938, "obj": 0.17938, "sup": 0.0, "lr": 0.0005, "time": 1790983818.09275}
{"type": "train", "epoch": 1253, "loss": 0.17471, "obj": 0.17471, "sup": 0.0, "lr": 0.0005, "time": 1790983818.36476}
{"type": "train", "epoch": 1254, "loss": 0.17549, "obj": 0.17549, "sup": 0.0, "lr": 0.0005, "time": 1790983818.63729}
{"type": "train", "epoch": 1255, "loss": 0.17631, "obj": 0.17631, "sup": 0.0, "lr": 0.0005, "time": 1790983818.90501}
{"type": "train", "epoch": 1256, "loss": 0.17355, "obj": 0.17355, "sup": 0.0, "lr": 0.0005, "time": 1790983819.17119}
{"type": "train", "epoch": 1257, "loss": 0.17205, "obj": 0.17205, "sup": 0.0, "lr": 0.0005, "time": 1790983819.43701}
{"type": "train", "epoch": 1258, "loss": 0.17389, "obj": 0.17389, "sup": 0.0, "lr": 0.0005, "time": 1790983819.70381}
{"type": "train", "epoch": 1259, "loss": 0.172, "obj": 0.172, "sup": 0.0, "lr": 0.0005, "time": 1790983819.97008}
{"type": "train", "epoch": 1260, "loss": 0.17055, "obj": 0.17055, "sup": 0.0, "lr": 0.0005, "time": 1790983820.23723}
{"type": "train", "epoch": 1261, "loss": 0.1711, "obj": 0.1711, "sup": 0.0, "lr": 0.0005, "time": 1790983820.50359}
{"type": "train", "epoch": 1262, "loss": 0.16959, "obj": 0.16959, "sup": 0.0, "lr": 0.0005, "time": 1790983820.76938}
{"type": "train", "epoch": 1263, "loss": 0.17068, "obj": 0.17068, "sup": 0.0, "lr": 0.0005, "time": 1790983821.03678}
{"type": "train", "epoch": 1264, "loss": 0.16946, "obj": 0.16946, "sup": 0.0, "lr": 0.0005, "time": 1790983821.30355}
{"type": "train", "epoch": 1265, "loss": 0.16846, "obj": 0.16846, "sup": 0.0, "lr": 0.0005, "time": 1790983821.57593}
{"type": "train", "epoch": 1266, "loss": 0.16866, "obj": 0.16866, "sup": 0.0, "lr": 0.0005, "time": 1790983821.84838}
{"type": "train", "epoch": 1267, "loss": 0.16655, "obj": 0.16655, "sup": 0.0, "lr": 0.0005, "time": 1790983822.12172}
{"type": "train", "epoch": 1268, "loss": 0.16779, "obj": 0.16779, "sup": 0.0, "lr": 0.0005, "time": 1790983822.38943}
{"type": "train", "epoch": 1269, "loss": 0.16716, "obj": 0.16716, "sup": 0.0, "lr": 0.0005, "time": 1790983822.65644}
{"type": "train", "epoch": 1270, "loss": 0.16668, "obj": 0.16668, "sup": 0.0, "lr": 0.0005, "time": 1790983822.9227}
{"type": "train", "epoch": 1271, "loss": 0.17097, "obj": 0.17097, "sup": 0.0, "lr": 0.0005, "time": 1790983823.19}
{"type": "train", "epoch": 1272, "loss": 0.16869, "obj": 0.16869, "sup": 0.0, "lr": 0.0005, "time": 1790983823.45661}
{"type": "train", "epoch": 1273, "loss": 0.16847, "obj": 0.16847, "sup": 0.0, "lr": 0.0005, "time": 1790983823.72446}
{"type": "train", "epoch": 1274, "loss": 0.16687, "obj": 0.16687, "sup": 0.0, "lr": 0.0005, "time": 1790983823.99278}
{"type": "train", "epoch": 1275, "loss": 0.1673, "obj": 0.1673, "sup": 0.0, "lr": 0.0005, "time": 1790983824.25822}
{"type": "train", "epoch": 1276, "loss": 0.16605, "obj": 0.16605, "sup": 0.0, "lr": 0.0005, "time": 1790983824.52491}
{"type": "train", "epoch": 1277, "loss": 0.16766, "obj": 0.16766, "sup": 0.0, "lr": 0.0005, "time": 1790983824.79083}
{"type": "train", "epoch": 1278, "loss": 0.16617, "obj": 0.16617, "sup": 0.0, "lr": 0.0005, "time": 1790983825.05657}
{"type": "train", "epoch": 1279, "loss": 0.16721, "obj": 0.16721, "sup": 0.0, "lr": 0.0005, "time": 1790983825.32557}
{"type": "train", "epoch": 1280, "loss": 0.16583, "obj": 0.16583, "sup": 0.0, "lr": 0.0005, "time": 1790983825.59879}
{"type": "train", "epoch": 1281, "loss": 0.16549, "obj": 0.16549, "sup": 0.0, "lr": 0.0005, "time": 1790983825.8704}
{"type": "train", "epoch": 1282, "loss": 0.16646, "obj": 0.16646, "sup": 0.0, "lr": 0.0005, "time": 1790983826.13616}
{"type": "train", "epoch": 1283, "loss": 0.16861, "obj": 0.16861, "sup": 0.0, "lr": 0.0005, "time": 1790983826.40337}
{"type": "train", "epoch": 1284, "loss": 0.16686, "obj": 0.16686, "sup": 0.0, "lr": 0.0005, "time": 1790983826.67056}
{"type": "train", "epoch": 1285, "loss": 0.16751, "obj": 0.16751, "sup": 0.0, "lr": 0.0005, "time": 1790983826.93771}
{"type": "train", "epoch": 1286, "loss": 0.16756, "obj": 0.16756, "sup": 0.0, "lr": 0.0005, "time": 1790983827.20534}
{"type": "train", "epoch": 1287, "loss": 0.16681, "obj": 0.16681, "sup": 0.0, "lr": 0.0005, "time": 1790983827.47345}
{"type": "train", "epoch": 1288, "loss": 0.16591, "obj": 0.16591, "sup": 0.0, "lr": 0.0005, "time": 1790983827.74214}
{"type": "train", "epoch": 1289, "loss": 0.16669, "obj": 0.16669, "sup": 0.0, "lr": 0.0005, "time": 1790983828.00977}
{"type": "train", "epoch": 1290, "loss": 0.16661, "obj": 0.16661, "sup": 0.0, "lr": 0.0005, "time": 1790983828.27757}
{"type": "train", "epoch": 1291, "loss": 0.16596, "obj": 0.16596, "sup": 0.0, "lr": 0.0005, "time": 1790983828.5443}
{"type": "train", "epoch": 1292, "loss": 0.1656, "obj": 0.1656, "sup": 0.0, "lr": 0.0005, "time": 1790983828.81015}
{"type": "train", "epoch": 1293, "loss": 0.16626, "obj": 0.16626, "sup": 0.0, "lr": 0.0005, "time": 1790983829.07704}
{"type": "train", "epoch": 1294, "loss": 0.16718, "obj": 0.16718, "sup": 0.0, "lr": 0.0005, "time": 1790983829.34759}
{"type": "train", "epoch": 1295, "loss": 0.16687, "obj": 0.16687, "sup": 0.0, "lr": 0.0005, "time": 1790983829.61811}
{"type": "train", "epoch": 1296, "loss": 0.1666, "obj": 0.1666, "sup": 0.0, "lr": 0.0005, "time": 1790983829.88899}
{"type": "train", "epoch": 1297, "loss": 0.16685, "obj": 0.16685, "sup": 0.0, "lr": 0.0005, "time": 1790983830.16609}
{"type": "train", "epoch": 1298, "loss": 0.16587, "obj": 0.16587, "sup": 0.0, "lr": 0.0005, "time": 1790983830.442}
{"type": "train", "epoch": 1299, "loss": 0.16782, "obj": 0.16782, "sup": 0.0, "lr": 0.0005, "time": 1790983830.71585}
{"type": "train", "epoch": 1300, "loss": 0.1662, "obj": 0.1662, "sup": 0.0, "lr": 0.0005, "time": 1790983831.85888, "train_resid_median": 0.33994, "train_resid_mean": 0.34237, "train_imag_median": 0.04963, "train_obj_median": 0.16223, "train_u_loss_to_label_median": 0.66305, "val_resid_median": 0.92142, "val_resid_mean": 0.90263, "val_imag_median": 0.21497, "val_obj_median": 0.92637, "val_u_loss_to_label_median": 0.71527}
{"type": "train", "epoch": 1301, "loss": 0.16582, "obj": 0.16582, "sup": 0.0, "lr": 0.0005, "time": 1790983832.12909}
{"type": "train", "epoch": 1302, "loss": 0.16522, "obj": 0.16522, "sup": 0.0, "lr": 0.0005, "time": 1790983832.40179}
{"type": "train", "epoch": 1303, "loss": 0.1653, "obj": 0.1653, "sup": 0.0, "lr": 0.0005, "time": 1790983832.67782}
{"type": "train", "epoch": 1304, "loss": 0.16832, "obj": 0.16832, "sup": 0.0, "lr": 0.0005, "time": 1790983832.95078}
{"type": "train", "epoch": 1305, "loss": 0.16627, "obj": 0.16627, "sup": 0.0, "lr": 0.0005, "time": 1790983833.22164}
{"type": "train", "epoch": 1306, "loss": 0.16916, "obj": 0.16916, "sup": 0.0, "lr": 0.0005, "time": 1790983833.49566}
{"type": "train", "epoch": 1307, "loss": 0.16769, "obj": 0.16769, "sup": 0.0, "lr": 0.0005, "time": 1790983833.76956}
{"type": "train", "epoch": 1308, "loss": 0.16663, "obj": 0.16663, "sup": 0.0, "lr": 0.0005, "time": 1790983834.04906}
{"type": "train", "epoch": 1309, "loss": 0.1657, "obj": 0.1657, "sup": 0.0, "lr": 0.0005, "time": 1790983834.32064}
{"type": "train", "epoch": 1310, "loss": 0.1653, "obj": 0.1653, "sup": 0.0, "lr": 0.0005, "time": 1790983834.59065}
{"type": "train", "epoch": 1311, "loss": 0.165, "obj": 0.165, "sup": 0.0, "lr": 0.0005, "time": 1790983834.86121}
{"type": "train", "epoch": 1312, "loss": 0.16456, "obj": 0.16456, "sup": 0.0, "lr": 0.0005, "time": 1790983835.13276}
{"type": "train", "epoch": 1313, "loss": 0.1643, "obj": 0.1643, "sup": 0.0, "lr": 0.0005, "time": 1790983835.40608}
{"type": "train", "epoch": 1314, "loss": 0.16446, "obj": 0.16446, "sup": 0.0, "lr": 0.0005, "time": 1790983835.6793}
{"type": "train", "epoch": 1315, "loss": 0.16412, "obj": 0.16412, "sup": 0.0, "lr": 0.0005, "time": 1790983835.95363}
{"type": "train", "epoch": 1316, "loss": 0.16437, "obj": 0.16437, "sup": 0.0, "lr": 0.0005, "time": 1790983836.23364}
{"type": "train", "epoch": 1317, "loss": 0.16434, "obj": 0.16434, "sup": 0.0, "lr": 0.0005, "time": 1790983836.51955}
{"type": "train", "epoch": 1318, "loss": 0.16373, "obj": 0.16373, "sup": 0.0, "lr": 0.0005, "time": 1790983836.79888}
{"type": "train", "epoch": 1319, "loss": 0.1636, "obj": 0.1636, "sup": 0.0, "lr": 0.0005, "time": 1790983837.07317}
{"type": "train", "epoch": 1320, "loss": 0.16366, "obj": 0.16366, "sup": 0.0, "lr": 0.0005, "time": 1790983837.34959}
{"type": "train", "epoch": 1321, "loss": 0.16368, "obj": 0.16368, "sup": 0.0, "lr": 0.0005, "time": 1790983837.62144}
{"type": "train", "epoch": 1322, "loss": 0.16328, "obj": 0.16328, "sup": 0.0, "lr": 0.0005, "time": 1790983837.89026}
{"type": "train", "epoch": 1323, "loss": 0.16314, "obj": 0.16314, "sup": 0.0, "lr": 0.0005, "time": 1790983838.15628}
{"type": "train", "epoch": 1324, "loss": 0.16332, "obj": 0.16332, "sup": 0.0, "lr": 0.0005, "time": 1790983838.42371}
{"type": "train", "epoch": 1325, "loss": 0.16313, "obj": 0.16313, "sup": 0.0, "lr": 0.0005, "time": 1790983838.69516}
{"type": "train", "epoch": 1326, "loss": 0.16363, "obj": 0.16363, "sup": 0.0, "lr": 0.0005, "time": 1790983838.97672}
{"type": "train", "epoch": 1327, "loss": 0.16327, "obj": 0.16327, "sup": 0.0, "lr": 0.0005, "time": 1790983839.25453}
{"type": "train", "epoch": 1328, "loss": 0.16325, "obj": 0.16325, "sup": 0.0, "lr": 0.0005, "time": 1790983839.52887}
{"type": "train", "epoch": 1329, "loss": 0.16353, "obj": 0.16353, "sup": 0.0, "lr": 0.0005, "time": 1790983839.80647}
{"type": "train", "epoch": 1330, "loss": 0.16344, "obj": 0.16344, "sup": 0.0, "lr": 0.0005, "time": 1790983840.0774}
{"type": "train", "epoch": 1331, "loss": 0.16397, "obj": 0.16397, "sup": 0.0, "lr": 0.0005, "time": 1790983840.34391}
{"type": "train", "epoch": 1332, "loss": 0.1647, "obj": 0.1647, "sup": 0.0, "lr": 0.0005, "time": 1790983840.61628}
{"type": "train", "epoch": 1333, "loss": 0.16776, "obj": 0.16776, "sup": 0.0, "lr": 0.0005, "time": 1790983840.88779}
{"type": "train", "epoch": 1334, "loss": 0.16869, "obj": 0.16869, "sup": 0.0, "lr": 0.0005, "time": 1790983841.1629}
{"type": "train", "epoch": 1335, "loss": 0.16722, "obj": 0.16722, "sup": 0.0, "lr": 0.0005, "time": 1790983841.43942}
{"type": "train", "epoch": 1336, "loss": 0.16623, "obj": 0.16623, "sup": 0.0, "lr": 0.0005, "time": 1790983841.7109}
{"type": "train", "epoch": 1337, "loss": 0.16641, "obj": 0.16641, "sup": 0.0, "lr": 0.0005, "time": 1790983841.97825}
{"type": "train", "epoch": 1338, "loss": 0.16503, "obj": 0.16503, "sup": 0.0, "lr": 0.0005, "time": 1790983842.25044}
{"type": "train", "epoch": 1339, "loss": 0.16507, "obj": 0.16507, "sup": 0.0, "lr": 0.0005, "time": 1790983842.52343}
{"type": "train", "epoch": 1340, "loss": 0.16549, "obj": 0.16549, "sup": 0.0, "lr": 0.0005, "time": 1790983842.80245}
{"type": "train", "epoch": 1341, "loss": 0.16511, "obj": 0.16511, "sup": 0.0, "lr": 0.0005, "time": 1790983843.07933}
{"type": "train", "epoch": 1342, "loss": 0.16448, "obj": 0.16448, "sup": 0.0, "lr": 0.0005, "time": 1790983843.35833}
{"type": "train", "epoch": 1343, "loss": 0.16417, "obj": 0.16417, "sup": 0.0, "lr": 0.0005, "time": 1790983843.65419}
{"type": "train", "epoch": 1344, "loss": 0.16361, "obj": 0.16361, "sup": 0.0, "lr": 0.0005, "time": 1790983843.94307}
{"type": "train", "epoch": 1345, "loss": 0.16365, "obj": 0.16365, "sup": 0.0, "lr": 0.0005, "time": 1790983844.22554}
{"type": "train", "epoch": 1346, "loss": 0.16406, "obj": 0.16406, "sup": 0.0, "lr": 0.0005, "time": 1790983844.50613}
{"type": "train", "epoch": 1347, "loss": 0.16345, "obj": 0.16345, "sup": 0.0, "lr": 0.0005, "time": 1790983844.78337}
{"type": "train", "epoch": 1348, "loss": 0.16323, "obj": 0.16323, "sup": 0.0, "lr": 0.0005, "time": 1790983845.05751}
{"type": "train", "epoch": 1349, "loss": 0.16293, "obj": 0.16293, "sup": 0.0, "lr": 0.0005, "time": 1790983845.32777}
{"type": "train", "epoch": 1350, "loss": 0.16353, "obj": 0.16353, "sup": 0.0, "lr": 0.0005, "time": 1790983846.44646, "train_resid_median": 0.34246, "train_resid_mean": 0.34167, "train_imag_median": 0.04781, "train_obj_median": 0.16153, "train_u_loss_to_label_median": 0.66494, "val_resid_median": 0.91705, "val_resid_mean": 0.89755, "val_imag_median": 0.22235, "val_obj_median": 0.91961, "val_u_loss_to_label_median": 0.71868}
{"type": "train", "epoch": 1351, "loss": 0.16425, "obj": 0.16425, "sup": 0.0, "lr": 0.0005, "time": 1790983846.71429}
{"type": "train", "epoch": 1352, "loss": 0.16353, "obj": 0.16353, "sup": 0.0, "lr": 0.0005, "time": 1790983846.98144}
{"type": "train", "epoch": 1353, "loss": 0.16469, "obj": 0.16469, "sup": 0.0, "lr": 0.0005, "time": 1790983847.24838}
{"type": "train", "epoch": 1354, "loss": 0.168, "obj": 0.168, "sup": 0.0, "lr": 0.0005, "time": 1790983847.5145}
{"type": "train", "epoch": 1355, "loss": 0.16548, "obj": 0.16548, "sup": 0.0, "lr": 0.0005, "time": 1790983847.78441}
{"type": "train", "epoch": 1356, "loss": 0.1659, "obj": 0.1659, "sup": 0.0, "lr": 0.0005, "time": 1790983848.05599}
{"type": "train", "epoch": 1357, "loss": 0.16691, "obj": 0.16691, "sup": 0.0, "lr": 0.0005, "time": 1790983848.3289}
{"type": "train", "epoch": 1358, "loss": 0.16483, "obj": 0.16483, "sup": 0.0, "lr": 0.0005, "time": 1790983848.60724}
{"type": "train", "epoch": 1359, "loss": 0.16443, "obj": 0.16443, "sup": 0.0, "lr": 0.0005, "time": 1790983848.89391}
{"type": "train", "epoch": 1360, "loss": 0.16387, "obj": 0.16387, "sup": 0.0, "lr": 0.0005, "time": 1790983849.18026}
{"type": "train", "epoch": 1361, "loss": 0.16373, "obj": 0.16373, "sup": 0.0, "lr": 0.0005, "time": 1790983849.45986}
{"type": "train", "epoch": 1362, "loss": 0.16382, "obj": 0.16382, "sup": 0.0, "lr": 0.0005, "time": 1790983849.73577}
{"type": "train", "epoch": 1363, "loss": 0.16328, "obj": 0.16328, "sup": 0.0, "lr": 0.0005, "time": 1790983850.008}
{"type": "train", "epoch": 1364, "loss": 0.16363, "obj": 0.16363, "sup": 0.0, "lr": 0.0005, "time": 1790983850.27803}
{"type": "train", "epoch": 1365, "loss": 0.16326, "obj": 0.16326, "sup": 0.0, "lr": 0.0005, "time": 1790983850.54503}
{"type": "train", "epoch": 1366, "loss": 0.16384, "obj": 0.16384, "sup": 0.0, "lr": 0.0005, "time": 1790983850.81091}
{"type": "train", "epoch": 1367, "loss": 0.16319, "obj": 0.16319, "sup": 0.0, "lr": 0.0005, "time": 1790983851.08016}
{"type": "train", "epoch": 1368, "loss": 0.16373, "obj": 0.16373, "sup": 0.0, "lr": 0.0005, "time": 1790983851.34638}
{"type": "train", "epoch": 1369, "loss": 0.16341, "obj": 0.16341, "sup": 0.0, "lr": 0.0005, "time": 1790983851.61228}
{"type": "train", "epoch": 1370, "loss": 0.16295, "obj": 0.16295, "sup": 0.0, "lr": 0.0005, "time": 1790983851.87893}
{"type": "train", "epoch": 1371, "loss": 0.16372, "obj": 0.16372, "sup": 0.0, "lr": 0.0005, "time": 1790983852.14534}
{"type": "train", "epoch": 1372, "loss": 0.16289, "obj": 0.16289, "sup": 0.0, "lr": 0.0005, "time": 1790983852.41262}
{"type": "train", "epoch": 1373, "loss": 0.16364, "obj": 0.16364, "sup": 0.0, "lr": 0.0005, "time": 1790983852.68016}
{"type": "train", "epoch": 1374, "loss": 0.16331, "obj": 0.16331, "sup": 0.0, "lr": 0.0005, "time": 1790983852.95022}
{"type": "train", "epoch": 1375, "loss": 0.16356, "obj": 0.16356, "sup": 0.0, "lr": 0.0005, "time": 1790983853.22296}
{"type": "train", "epoch": 1376, "loss": 0.1633, "obj": 0.1633, "sup": 0.0, "lr": 0.0005, "time": 1790983853.49427}
{"type": "train", "epoch": 1377, "loss": 0.16331, "obj": 0.16331, "sup": 0.0, "lr": 0.0005, "time": 1790983853.76264}
{"type": "train", "epoch": 1378, "loss": 0.16435, "obj": 0.16435, "sup": 0.0, "lr": 0.0005, "time": 1790983854.02972}
{"type": "train", "epoch": 1379, "loss": 0.16481, "obj": 0.16481, "sup": 0.0, "lr": 0.0005, "time": 1790983854.29551}
{"type": "train", "epoch": 1380, "loss": 0.17026, "obj": 0.17026, "sup": 0.0, "lr": 0.0005, "time": 1790983854.56317}
{"type": "train", "epoch": 1381, "loss": 0.16837, "obj": 0.16837, "sup": 0.0, "lr": 0.0005, "time": 1790983854.83025}
{"type": "train", "epoch": 1382, "loss": 0.17232, "obj": 0.17232, "sup": 0.0, "lr": 0.0005, "time": 1790983855.09597}
{"type": "train", "epoch": 1383, "loss": 0.16972, "obj": 0.16972, "sup": 0.0, "lr": 0.0005, "time": 1790983855.36317}
{"type": "train", "epoch": 1384, "loss": 0.1709, "obj": 0.1709, "sup": 0.0, "lr": 0.0005, "time": 1790983855.63128}
{"type": "train", "epoch": 1385, "loss": 0.16826, "obj": 0.16826, "sup": 0.0, "lr": 0.0005, "time": 1790983855.8998}
{"type": "train", "epoch": 1386, "loss": 0.16573, "obj": 0.16573, "sup": 0.0, "lr": 0.0005, "time": 1790983856.17201}
{"type": "train", "epoch": 1387, "loss": 0.16657, "obj": 0.16657, "sup": 0.0, "lr": 0.0005, "time": 1790983856.45102}
{"type": "train", "epoch": 1388, "loss": 0.16497, "obj": 0.16497, "sup": 0.0, "lr": 0.0005, "time": 1790983856.73114}
{"type": "train", "epoch": 1389, "loss": 0.16524, "obj": 0.16524, "sup": 0.0, "lr": 0.0005, "time": 1790983857.00867}
{"type": "train", "epoch": 1390, "loss": 0.16462, "obj": 0.16462, "sup": 0.0, "lr": 0.0005, "time": 1790983857.28282}
{"type": "train", "epoch": 1391, "loss": 0.16774, "obj": 0.16774, "sup": 0.0, "lr": 0.0005, "time": 1790983857.55329}
{"type": "train", "epoch": 1392, "loss": 0.16627, "obj": 0.16627, "sup": 0.0, "lr": 0.0005, "time": 1790983857.82721}
{"type": "train", "epoch": 1393, "loss": 0.16522, "obj": 0.16522, "sup": 0.0, "lr": 0.0005, "time": 1790983858.09865}
{"type": "train", "epoch": 1394, "loss": 0.16569, "obj": 0.16569, "sup": 0.0, "lr": 0.0005, "time": 1790983858.36491}
{"type": "train", "epoch": 1395, "loss": 0.16656, "obj": 0.16656, "sup": 0.0, "lr": 0.0005, "time": 1790983858.63165}
{"type": "train", "epoch": 1396, "loss": 0.16466, "obj": 0.16466, "sup": 0.0, "lr": 0.0005, "time": 1790983858.89782}
{"type": "train", "epoch": 1397, "loss": 0.16741, "obj": 0.16741, "sup": 0.0, "lr": 0.0005, "time": 1790983859.16331}
{"type": "train", "epoch": 1398, "loss": 0.16659, "obj": 0.16659, "sup": 0.0, "lr": 0.0005, "time": 1790983859.43056}
{"type": "train", "epoch": 1399, "loss": 0.16474, "obj": 0.16474, "sup": 0.0, "lr": 0.0005, "time": 1790983859.69761}
{"type": "train", "epoch": 1400, "loss": 0.16598, "obj": 0.16598, "sup": 0.0, "lr": 0.0005, "time": 1790983860.81637, "train_resid_median": 0.33685, "train_resid_mean": 0.33814, "train_imag_median": 0.05652, "train_obj_median": 0.1609, "train_u_loss_to_label_median": 0.66493, "val_resid_median": 0.91927, "val_resid_mean": 0.90161, "val_imag_median": 0.2345, "val_obj_median": 0.93077, "val_u_loss_to_label_median": 0.72005}
{"type": "train", "epoch": 1401, "loss": 0.16574, "obj": 0.16574, "sup": 0.0, "lr": 0.0005, "time": 1790983861.08352}
{"type": "train", "epoch": 1402, "loss": 0.16348, "obj": 0.16348, "sup": 0.0, "lr": 0.0005, "time": 1790983861.34953}
{"type": "train", "epoch": 1403, "loss": 0.16345, "obj": 0.16345, "sup": 0.0, "lr": 0.0005, "time": 1790983861.61713}
{"type": "train", "epoch": 1404, "loss": 0.16294, "obj": 0.16294, "sup": 0.0, "lr": 0.0005, "time": 1790983861.88474}
{"type": "train", "epoch": 1405, "loss": 0.16297, "obj": 0.16297, "sup": 0.0, "lr": 0.0005, "time": 1790983862.15305}
{"type": "train", "epoch": 1406, "loss": 0.16326, "obj": 0.16326, "sup": 0.0, "lr": 0.0005, "time": 1790983862.41982}
{"type": "train", "epoch": 1407, "loss": 0.16289, "obj": 0.16289, "sup": 0.0, "lr": 0.0005, "time": 1790983862.68615}
{"type": "train", "epoch": 1408, "loss": 0.16342, "obj": 0.16342, "sup": 0.0, "lr": 0.0005, "time": 1790983862.95339}
{"type": "train", "epoch": 1409, "loss": 0.16359, "obj": 0.16359, "sup": 0.0, "lr": 0.0005, "time": 1790983863.21939}
{"type": "train", "epoch": 1410, "loss": 0.16361, "obj": 0.16361, "sup": 0.0, "lr": 0.0005, "time": 1790983863.48651}
{"type": "train", "epoch": 1411, "loss": 0.16282, "obj": 0.16282, "sup": 0.0, "lr": 0.0005, "time": 1790983863.75675}
{"type": "train", "epoch": 1412, "loss": 0.16314, "obj": 0.16314, "sup": 0.0, "lr": 0.0005, "time": 1790983864.02664}
{"type": "train", "epoch": 1413, "loss": 0.16295, "obj": 0.16295, "sup": 0.0, "lr": 0.0005, "time": 1790983864.29848}
{"type": "train", "epoch": 1414, "loss": 0.16259, "obj": 0.16259, "sup": 0.0, "lr": 0.0005, "time": 1790983864.57609}
{"type": "train", "epoch": 1415, "loss": 0.16307, "obj": 0.16307, "sup": 0.0, "lr": 0.0005, "time": 1790983864.85141}
{"type": "train", "epoch": 1416, "loss": 0.163, "obj": 0.163, "sup": 0.0, "lr": 0.0005, "time": 1790983865.12767}
{"type": "train", "epoch": 1417, "loss": 0.16486, "obj": 0.16486, "sup": 0.0, "lr": 0.0005, "time": 1790983865.41172}
{"type": "train", "epoch": 1418, "loss": 0.16359, "obj": 0.16359, "sup": 0.0, "lr": 0.0005, "time": 1790983865.68598}
{"type": "train", "epoch": 1419, "loss": 0.16395, "obj": 0.16395, "sup": 0.0, "lr": 0.0005, "time": 1790983865.95742}
{"type": "train", "epoch": 1420, "loss": 0.16349, "obj": 0.16349, "sup": 0.0, "lr": 0.0005, "time": 1790983866.22468}
{"type": "train", "epoch": 1421, "loss": 0.16313, "obj": 0.16313, "sup": 0.0, "lr": 0.0005, "time": 1790983866.48998}
{"type": "train", "epoch": 1422, "loss": 0.16384, "obj": 0.16384, "sup": 0.0, "lr": 0.0005, "time": 1790983866.75586}
{"type": "train", "epoch": 1423, "loss": 0.16361, "obj": 0.16361, "sup": 0.0, "lr": 0.0005, "time": 1790983867.02318}
{"type": "train", "epoch": 1424, "loss": 0.16593, "obj": 0.16593, "sup": 0.0, "lr": 0.0005, "time": 1790983867.28995}
{"type": "train", "epoch": 1425, "loss": 0.17405, "obj": 0.17405, "sup": 0.0, "lr": 0.0005, "time": 1790983867.5563}
{"type": "train", "epoch": 1426, "loss": 0.16955, "obj": 0.16955, "sup": 0.0, "lr": 0.0005, "time": 1790983867.82357}
{"type": "train", "epoch": 1427, "loss": 0.17216, "obj": 0.17216, "sup": 0.0, "lr": 0.0005, "time": 1790983868.08991}
{"type": "train", "epoch": 1428, "loss": 0.17422, "obj": 0.17422, "sup": 0.0, "lr": 0.0005, "time": 1790983868.35633}
{"type": "train", "epoch": 1429, "loss": 0.17309, "obj": 0.17309, "sup": 0.0, "lr": 0.0005, "time": 1790983868.62317}
{"type": "train", "epoch": 1430, "loss": 0.17236, "obj": 0.17236, "sup": 0.0, "lr": 0.0005, "time": 1790983868.88948}
{"type": "train", "epoch": 1431, "loss": 0.16911, "obj": 0.16911, "sup": 0.0, "lr": 0.0005, "time": 1790983869.15948}
{"type": "train", "epoch": 1432, "loss": 0.17291, "obj": 0.17291, "sup": 0.0, "lr": 0.0005, "time": 1790983869.43466}
{"type": "train", "epoch": 1433, "loss": 0.17321, "obj": 0.17321, "sup": 0.0, "lr": 0.0005, "time": 1790983869.70789}
{"type": "train", "epoch": 1434, "loss": 0.17017, "obj": 0.17017, "sup": 0.0, "lr": 0.0005, "time": 1790983869.97572}
{"type": "train", "epoch": 1435, "loss": 0.17151, "obj": 0.17151, "sup": 0.0, "lr": 0.0005, "time": 1790983870.24169}
{"type": "train", "epoch": 1436, "loss": 0.17142, "obj": 0.17142, "sup": 0.0, "lr": 0.0005, "time": 1790983870.50899}
{"type": "train", "epoch": 1437, "loss": 0.17622, "obj": 0.17622, "sup": 0.0, "lr": 0.0005, "time": 1790983870.77527}
{"type": "train", "epoch": 1438, "loss": 0.17907, "obj": 0.17907, "sup": 0.0, "lr": 0.0005, "time": 1790983871.04255}
{"type": "train", "epoch": 1439, "loss": 0.17424, "obj": 0.17424, "sup": 0.0, "lr": 0.0005, "time": 1790983871.30938}
{"type": "train", "epoch": 1440, "loss": 0.17175, "obj": 0.17175, "sup": 0.0, "lr": 0.0005, "time": 1790983871.57625}
{"type": "train", "epoch": 1441, "loss": 0.17278, "obj": 0.17278, "sup": 0.0, "lr": 0.0005, "time": 1790983871.84236}
{"type": "train", "epoch": 1442, "loss": 0.17001, "obj": 0.17001, "sup": 0.0, "lr": 0.0005, "time": 1790983872.10847}
{"type": "train", "epoch": 1443, "loss": 0.16876, "obj": 0.16876, "sup": 0.0, "lr": 0.0005, "time": 1790983872.37453}
{"type": "train", "epoch": 1444, "loss": 0.16887, "obj": 0.16887, "sup": 0.0, "lr": 0.0005, "time": 1790983872.64087}
{"type": "train", "epoch": 1445, "loss": 0.16894, "obj": 0.16894, "sup": 0.0, "lr": 0.0005, "time": 1790983872.90724}
{"type": "train", "epoch": 1446, "loss": 0.16827, "obj": 0.16827, "sup": 0.0, "lr": 0.0005, "time": 1790983873.18304}
{"type": "train", "epoch": 1447, "loss": 0.16911, "obj": 0.16911, "sup": 0.0, "lr": 0.0005, "time": 1790983873.45435}
{"type": "train", "epoch": 1448, "loss": 0.16772, "obj": 0.16772, "sup": 0.0, "lr": 0.0005, "time": 1790983873.72659}
{"type": "train", "epoch": 1449, "loss": 0.16633, "obj": 0.16633, "sup": 0.0, "lr": 0.0005, "time": 1790983873.99535}
{"type": "train", "epoch": 1450, "loss": 0.16604, "obj": 0.16604, "sup": 0.0, "lr": 0.0005, "time": 1790983875.11348, "train_resid_median": 0.34112, "train_resid_mean": 0.34362, "train_imag_median": 0.05521, "train_obj_median": 0.16223, "train_u_loss_to_label_median": 0.66465, "val_resid_median": 0.91834, "val_resid_mean": 0.89882, "val_imag_median": 0.22531, "val_obj_median": 0.91911, "val_u_loss_to_label_median": 0.71687}
{"type": "train", "epoch": 1451, "loss": 0.16718, "obj": 0.16718, "sup": 0.0, "lr": 0.0005, "time": 1790983875.3817}
{"type": "train", "epoch": 1452, "loss": 0.16633, "obj": 0.16633, "sup": 0.0, "lr": 0.0005, "time": 1790983875.64462}
{"type": "train", "epoch": 1453, "loss": 0.16809, "obj": 0.16809, "sup": 0.0, "lr": 0.0005, "time": 1790983875.91257}
{"type": "train", "epoch": 1454, "loss": 0.16736, "obj": 0.16736, "sup": 0.0, "lr": 0.0005, "time": 1790983876.18468}
{"type": "train", "epoch": 1455, "loss": 0.16844, "obj": 0.16844, "sup": 0.0, "lr": 0.0005, "time": 1790983876.45971}
{"type": "train", "epoch": 1456, "loss": 0.1672, "obj": 0.1672, "sup": 0.0, "lr": 0.0005, "time": 1790983876.73204}
{"type": "train", "epoch": 1457, "loss": 0.16553, "obj": 0.16553, "sup": 0.0, "lr": 0.0005, "time": 1790983877.00014}
{"type": "train", "epoch": 1458, "loss": 0.16706, "obj": 0.16706, "sup": 0.0, "lr": 0.0005, "time": 1790983877.26979}
{"type": "train", "epoch": 1459, "loss": 0.16567, "obj": 0.16567, "sup": 0.0, "lr": 0.0005, "time": 1790983877.54163}
{"type": "train", "epoch": 1460, "loss": 0.1681, "obj": 0.1681, "sup": 0.0, "lr": 0.0005, "time": 1790983877.82158}
{"type": "train", "epoch": 1461, "loss": 0.16834, "obj": 0.16834, "sup": 0.0, "lr": 0.0005, "time": 1790983878.09902}
{"type": "train", "epoch": 1462, "loss": 0.16627, "obj": 0.16627, "sup": 0.0, "lr": 0.0005, "time": 1790983878.37407}
{"type": "train", "epoch": 1463, "loss": 0.16567, "obj": 0.16567, "sup": 0.0, "lr": 0.0005, "time": 1790983878.65587}
{"type": "train", "epoch": 1464, "loss": 0.16634, "obj": 0.16634, "sup": 0.0, "lr": 0.0005, "time": 1790983878.92707}
{"type": "train", "epoch": 1465, "loss": 0.16519, "obj": 0.16519, "sup": 0.0, "lr": 0.0005, "time": 1790983879.19441}
{"type": "train", "epoch": 1466, "loss": 0.16417, "obj": 0.16417, "sup": 0.0, "lr": 0.0005, "time": 1790983879.4623}
{"type": "train", "epoch": 1467, "loss": 0.16518, "obj": 0.16518, "sup": 0.0, "lr": 0.0005, "time": 1790983879.73587}
{"type": "train", "epoch": 1468, "loss": 0.16779, "obj": 0.16779, "sup": 0.0, "lr": 0.0005, "time": 1790983880.00773}
{"type": "train", "epoch": 1469, "loss": 0.16733, "obj": 0.16733, "sup": 0.0, "lr": 0.0005, "time": 1790983880.28212}
{"type": "train", "epoch": 1470, "loss": 0.16702, "obj": 0.16702, "sup": 0.0, "lr": 0.0005, "time": 1790983880.55612}
{"type": "train", "epoch": 1471, "loss": 0.17939, "obj": 0.17939, "sup": 0.0, "lr": 0.0005, "time": 1790983880.82639}
{"type": "train", "epoch": 1472, "loss": 0.17221, "obj": 0.17221, "sup": 0.0, "lr": 0.0005, "time": 1790983881.09718}
{"type": "train", "epoch": 1473, "loss": 0.17045, "obj": 0.17045, "sup": 0.0, "lr": 0.0005, "time": 1790983881.37405}
{"type": "train", "epoch": 1474, "loss": 0.17448, "obj": 0.17448, "sup": 0.0, "lr": 0.0005, "time": 1790983881.64739}
{"type": "train", "epoch": 1475, "loss": 0.17062, "obj": 0.17062, "sup": 0.0, "lr": 0.0005, "time": 1790983881.91623}
{"type": "train", "epoch": 1476, "loss": 0.17132, "obj": 0.17132, "sup": 0.0, "lr": 0.0005, "time": 1790983882.18792}
{"type": "train", "epoch": 1477, "loss": 0.16874, "obj": 0.16874, "sup": 0.0, "lr": 0.0005, "time": 1790983882.46037}
{"type": "train", "epoch": 1478, "loss": 0.16948, "obj": 0.16948, "sup": 0.0, "lr": 0.0005, "time": 1790983882.7381}
{"type": "train", "epoch": 1479, "loss": 0.16932, "obj": 0.16932, "sup": 0.0, "lr": 0.0005, "time": 1790983883.01479}
{"type": "train", "epoch": 1480, "loss": 0.16758, "obj": 0.16758, "sup": 0.0, "lr": 0.0005, "time": 1790983883.29066}
{"type": "train", "epoch": 1481, "loss": 0.16641, "obj": 0.16641, "sup": 0.0, "lr": 0.0005, "time": 1790983883.57209}
{"type": "train", "epoch": 1482, "loss": 0.16562, "obj": 0.16562, "sup": 0.0, "lr": 0.0005, "time": 1790983883.84673}
{"type": "train", "epoch": 1483, "loss": 0.1652, "obj": 0.1652, "sup": 0.0, "lr": 0.0005, "time": 1790983884.11443}
{"type": "train", "epoch": 1484, "loss": 0.16503, "obj": 0.16503, "sup": 0.0, "lr": 0.0005, "time": 1790983884.38198}
{"type": "train", "epoch": 1485, "loss": 0.165, "obj": 0.165, "sup": 0.0, "lr": 0.0005, "time": 1790983884.65713}
{"type": "train", "epoch": 1486, "loss": 0.16493, "obj": 0.16493, "sup": 0.0, "lr": 0.0005, "time": 1790983884.93335}
{"type": "train", "epoch": 1487, "loss": 0.16689, "obj": 0.16689, "sup": 0.0, "lr": 0.0005, "time": 1790983885.21113}
{"type": "train", "epoch": 1488, "loss": 0.16662, "obj": 0.16662, "sup": 0.0, "lr": 0.0005, "time": 1790983885.48159}
{"type": "train", "epoch": 1489, "loss": 0.16491, "obj": 0.16491, "sup": 0.0, "lr": 0.0005, "time": 1790983885.74975}
{"type": "train", "epoch": 1490, "loss": 0.16419, "obj": 0.16419, "sup": 0.0, "lr": 0.0005, "time": 1790983886.01736}
{"type": "train", "epoch": 1491, "loss": 0.16468, "obj": 0.16468, "sup": 0.0, "lr": 0.0005, "time": 1790983886.28612}
{"type": "train", "epoch": 1492, "loss": 0.16431, "obj": 0.16431, "sup": 0.0, "lr": 0.0005, "time": 1790983886.55251}
{"type": "train", "epoch": 1493, "loss": 0.16403, "obj": 0.16403, "sup": 0.0, "lr": 0.0005, "time": 1790983886.82024}
{"type": "train", "epoch": 1494, "loss": 0.16346, "obj": 0.16346, "sup": 0.0, "lr": 0.0005, "time": 1790983887.08932}
{"type": "train", "epoch": 1495, "loss": 0.1639, "obj": 0.1639, "sup": 0.0, "lr": 0.0005, "time": 1790983887.35996}
{"type": "train", "epoch": 1496, "loss": 0.16458, "obj": 0.16458, "sup": 0.0, "lr": 0.0005, "time": 1790983887.62917}
{"type": "train", "epoch": 1497, "loss": 0.1654, "obj": 0.1654, "sup": 0.0, "lr": 0.0005, "time": 1790983887.8966}
{"type": "train", "epoch": 1498, "loss": 0.17006, "obj": 0.17006, "sup": 0.0, "lr": 0.0005, "time": 1790983888.16324}
{"type": "train", "epoch": 1499, "loss": 0.17156, "obj": 0.17156, "sup": 0.0, "lr": 0.0005, "time": 1790983888.42986}
{"type": "train", "epoch": 1500, "loss": 0.16794, "obj": 0.16794, "sup": 0.0, "lr": 0.0005, "time": 1790983889.55004, "train_resid_median": 0.34252, "train_resid_mean": 0.34386, "train_imag_median": 0.05475, "train_obj_median": 0.16245, "train_u_loss_to_label_median": 0.66408, "val_resid_median": 0.92499, "val_resid_mean": 0.90356, "val_imag_median": 0.21573, "val_obj_median": 0.92875, "val_u_loss_to_label_median": 0.71479}
{"type": "done", "best_val_resid_median": 0.83509, "time": 1790983889.60401}
