{"type": "start", "n_params": 3248757, "n_train": 16, "n_val": 141, "steps": 3000, "time": 1790980160.84763}
{"type": "eval", "epoch": 0, "train_resid_median": 0.96732, "train_resid_mean": 0.96862, "train_imag_median": 0.08592, "train_obj_median": 0.95628, "train_u_loss_to_label_median": 0.67551, "val_resid_median": 0.97299, "val_resid_mean": 0.96691, "val_imag_median": 0.0858, "val_obj_median": 0.96658, "val_u_loss_to_label_median": 0.69148, "time": 1790980162.64385}
{"type": "train", "epoch": 1, "loss": 0.93224, "obj": 0.93224, "sup": 0.0, "lr": 2e-05, "time": 1790980163.19097}
{"type": "train", "epoch": 2, "loss": 0.8095, "obj": 0.8095, "sup": 0.0, "lr": 3e-05, "time": 1790980163.51511}
{"type": "train", "epoch": 3, "loss": 0.87217, "obj": 0.87217, "sup": 0.0, "lr": 4e-05, "time": 1790980163.79159}
{"type": "train", "epoch": 4, "loss": 0.82999, "obj": 0.82999, "sup": 0.0, "lr": 4e-05, "time": 1790980164.11101}
{"type": "train", "epoch": 5, "loss": 0.81769, "obj": 0.81769, "sup": 0.0, "lr": 6e-05, "time": 1790980164.44296}
{"type": "train", "epoch": 6, "loss": 0.7902, "obj": 0.7902, "sup": 0.0, "lr": 7e-05, "time": 1790980164.75298}
{"type": "train", "epoch": 7, "loss": 0.79381, "obj": 0.79381, "sup": 0.0, "lr": 7e-05, "time": 1790980165.01725}
{"type": "train", "epoch": 8, "loss": 0.78266, "obj": 0.78266, "sup": 0.0, "lr": 9e-05, "time": 1790980165.32035}
{"type": "train", "epoch": 9, "loss": 0.79771, "obj": 0.79771, "sup": 0.0, "lr": 0.0001, "time": 1790980165.62498}
{"type": "train", "epoch": 10, "loss": 0.7939, "obj": 0.7939, "sup": 0.0, "lr": 0.00011, "time": 1790980165.88847}
{"type": "train", "epoch": 11, "loss": 0.77714, "obj": 0.77714, "sup": 0.0, "lr": 0.00012, "time": 1790980166.17511}
{"type": "train", "epoch": 12, "loss": 0.77808, "obj": 0.77808, "sup": 0.0, "lr": 0.00013, "time": 1790980166.466}
{"type": "train", "epoch": 13, "loss": 0.77247, "obj": 0.77247, "sup": 0.0, "lr": 0.00014, "time": 1790980166.72371}
{"type": "train", "epoch": 14, "loss": 0.79415, "obj": 0.79415, "sup": 0.0, "lr": 0.00015, "time": 1790980166.9821}
{"type": "train", "epoch": 15, "loss": 0.78077, "obj": 0.78077, "sup": 0.0, "lr": 0.00015, "time": 1790980167.26363}
{"type": "train", "epoch": 16, "loss": 0.78825, "obj": 0.78825, "sup": 0.0, "lr": 0.00016, "time": 1790980167.54307}
{"type": "train", "epoch": 17, "loss": 0.80557, "obj": 0.80557, "sup": 0.0, "lr": 0.00017, "time": 1790980167.84243}
{"type": "train", "epoch": 18, "loss": 0.8027, "obj": 0.8027, "sup": 0.0, "lr": 0.00018, "time": 1790980168.11059}
{"type": "train", "epoch": 19, "loss": 0.81096, "obj": 0.81096, "sup": 0.0, "lr": 0.0002, "time": 1790980168.39207}
{"type": "train", "epoch": 20, "loss": 0.79337, "obj": 0.79337, "sup": 0.0, "lr": 0.0002, "time": 1790980168.76843}
{"type": "train", "epoch": 21, "loss": 0.80239, "obj": 0.80239, "sup": 0.0, "lr": 0.00021, "time": 1790980169.07506}
{"type": "train", "epoch": 22, "loss": 0.81171, "obj": 0.81171, "sup": 0.0, "lr": 0.00023, "time": 1790980169.3588}
{"type": "train", "epoch": 23, "loss": 0.83718, "obj": 0.83718, "sup": 0.0, "lr": 0.00023, "time": 1790980169.63839}
{"type": "train", "epoch": 24, "loss": 0.80907, "obj": 0.80907, "sup": 0.0, "lr": 0.00024, "time": 1790980169.89624}
{"type": "train", "epoch": 25, "loss": 0.7901, "obj": 0.7901, "sup": 0.0, "lr": 0.00026, "time": 1790980170.15518}
{"type": "train", "epoch": 26, "loss": 0.82352, "obj": 0.82352, "sup": 0.0, "lr": 0.00027, "time": 1790980170.4188}
{"type": "train", "epoch": 27, "loss": 0.79445, "obj": 0.79445, "sup": 0.0, "lr": 0.00028, "time": 1790980170.69754}
{"type": "train", "epoch": 28, "loss": 0.79469, "obj": 0.79469, "sup": 0.0, "lr": 0.00028, "time": 1790980170.9666}
{"type": "train", "epoch": 29, "loss": 0.80999, "obj": 0.80999, "sup": 0.0, "lr": 0.0003, "time": 1790980171.23561}
{"type": "train", "epoch": 30, "loss": 0.78716, "obj": 0.78716, "sup": 0.0, "lr": 0.0003, "time": 1790980171.51931}
{"type": "train", "epoch": 31, "loss": 0.77828, "obj": 0.77828, "sup": 0.0, "lr": 0.00032, "time": 1790980171.83832}
{"type": "train", "epoch": 32, "loss": 0.82974, "obj": 0.82974, "sup": 0.0, "lr": 0.00033, "time": 1790980172.16172}
{"type": "train", "epoch": 33, "loss": 0.80011, "obj": 0.80011, "sup": 0.0, "lr": 0.00034, "time": 1790980172.53045}
{"type": "train", "epoch": 34, "loss": 0.82285, "obj": 0.82285, "sup": 0.0, "lr": 0.00034, "time": 1790980172.83491}
{"type": "train", "epoch": 35, "loss": 0.79748, "obj": 0.79748, "sup": 0.0, "lr": 0.00036, "time": 1790980173.14696}
{"type": "train", "epoch": 36, "loss": 0.80286, "obj": 0.80286, "sup": 0.0, "lr": 0.00036, "time": 1790980173.47024}
{"type": "train", "epoch": 37, "loss": 0.80857, "obj": 0.80857, "sup": 0.0, "lr": 0.00038, "time": 1790980173.78521}
{"type": "train", "epoch": 38, "loss": 0.78566, "obj": 0.78566, "sup": 0.0, "lr": 0.00039, "time": 1790980174.08621}
{"type": "train", "epoch": 39, "loss": 0.82015, "obj": 0.82015, "sup": 0.0, "lr": 0.0004, "time": 1790980174.39101}
{"type": "train", "epoch": 40, "loss": 0.83013, "obj": 0.83013, "sup": 0.0, "lr": 0.00041, "time": 1790980174.73908}
{"type": "train", "epoch": 41, "loss": 0.81521, "obj": 0.81521, "sup": 0.0, "lr": 0.00042, "time": 1790980175.08002}
{"type": "train", "epoch": 42, "loss": 0.79652, "obj": 0.79652, "sup": 0.0, "lr": 0.00042, "time": 1790980175.39945}
{"type": "train", "epoch": 43, "loss": 0.7793, "obj": 0.7793, "sup": 0.0, "lr": 0.00044, "time": 1790980175.74669}
{"type": "train", "epoch": 44, "loss": 0.7863, "obj": 0.7863, "sup": 0.0, "lr": 0.00045, "time": 1790980176.05975}
{"type": "train", "epoch": 45, "loss": 1.01103, "obj": 1.01103, "sup": 0.0, "lr": 0.00046, "time": 1790980176.411}
{"type": "train", "epoch": 46, "loss": 0.88196, "obj": 0.88196, "sup": 0.0, "lr": 0.00047, "time": 1790980176.77096}
{"type": "train", "epoch": 47, "loss": 0.9047, "obj": 0.9047, "sup": 0.0, "lr": 0.00047, "time": 1790980177.09895}
{"type": "train", "epoch": 48, "loss": 0.90954, "obj": 0.90954, "sup": 0.0, "lr": 0.00048, "time": 1790980177.42297}
{"type": "train", "epoch": 49, "loss": 0.83133, "obj": 0.83133, "sup": 0.0, "lr": 0.00049, "time": 1790980177.74334}
{"type": "train", "epoch": 50, "loss": 0.8636, "obj": 0.8636, "sup": 0.0, "lr": 0.0005, "time": 1790980179.13149, "train_resid_median": 0.91866, "train_resid_mean": 0.90773, "train_imag_median": 0.14234, "train_obj_median": 0.86711, "train_u_loss_to_label_median": 0.65739, "val_resid_median": 0.91457, "val_resid_mean": 0.90825, "val_imag_median": 0.14883, "val_obj_median": 0.8639, "val_u_loss_to_label_median": 0.67444}
{"type": "train", "epoch": 51, "loss": 0.86695, "obj": 0.86695, "sup": 0.0, "lr": 0.0005, "time": 1790980179.42827}
{"type": "train", "epoch": 52, "loss": 0.79537, "obj": 0.79537, "sup": 0.0, "lr": 0.0005, "time": 1790980179.73255}
{"type": "train", "epoch": 53, "loss": 0.79699, "obj": 0.79699, "sup": 0.0, "lr": 0.0005, "time": 1790980180.01225}
{"type": "train", "epoch": 54, "loss": 0.78628, "obj": 0.78628, "sup": 0.0, "lr": 0.0005, "time": 1790980180.27585}
{"type": "train", "epoch": 55, "loss": 0.77827, "obj": 0.77827, "sup": 0.0, "lr": 0.0005, "time": 1790980180.58681}
{"type": "train", "epoch": 56, "loss": 0.77661, "obj": 0.77661, "sup": 0.0, "lr": 0.0005, "time": 1790980180.93099}
{"type": "train", "epoch": 57, "loss": 0.80003, "obj": 0.80003, "sup": 0.0, "lr": 0.0005, "time": 1790980181.21686}
{"type": "train", "epoch": 58, "loss": 0.78151, "obj": 0.78151, "sup": 0.0, "lr": 0.0005, "time": 1790980181.47517}
{"type": "train", "epoch": 59, "loss": 0.77618, "obj": 0.77618, "sup": 0.0, "lr": 0.0005, "time": 1790980181.73369}
{"type": "train", "epoch": 60, "loss": 0.80028, "obj": 0.80028, "sup": 0.0, "lr": 0.0005, "time": 1790980181.99234}
{"type": "train", "epoch": 61, "loss": 0.76681, "obj": 0.76681, "sup": 0.0, "lr": 0.0005, "time": 1790980182.25313}
{"type": "train", "epoch": 62, "loss": 0.76731, "obj": 0.76731, "sup": 0.0, "lr": 0.0005, "time": 1790980182.5113}
{"type": "train", "epoch": 63, "loss": 0.76464, "obj": 0.76464, "sup": 0.0, "lr": 0.0005, "time": 1790980182.77011}
{"type": "train", "epoch": 64, "loss": 0.79393, "obj": 0.79393, "sup": 0.0, "lr": 0.0005, "time": 1790980183.03556}
{"type": "train", "epoch": 65, "loss": 0.7661, "obj": 0.7661, "sup": 0.0, "lr": 0.0005, "time": 1790980183.30185}
{"type": "train", "epoch": 66, "loss": 0.76434, "obj": 0.76434, "sup": 0.0, "lr": 0.0005, "time": 1790980183.56874}
{"type": "train", "epoch": 67, "loss": 0.75222, "obj": 0.75222, "sup": 0.0, "lr": 0.0005, "time": 1790980183.84262}
{"type": "train", "epoch": 68, "loss": 0.76281, "obj": 0.76281, "sup": 0.0, "lr": 0.0005, "time": 1790980184.19399}
{"type": "train", "epoch": 69, "loss": 0.74976, "obj": 0.74976, "sup": 0.0, "lr": 0.0005, "time": 1790980184.45452}
{"type": "train", "epoch": 70, "loss": 0.74974, "obj": 0.74974, "sup": 0.0, "lr": 0.0005, "time": 1790980184.71351}
{"type": "train", "epoch": 71, "loss": 0.75557, "obj": 0.75557, "sup": 0.0, "lr": 0.0005, "time": 1790980184.9809}
{"type": "train", "epoch": 72, "loss": 0.7484, "obj": 0.7484, "sup": 0.0, "lr": 0.0005, "time": 1790980185.24148}
{"type": "train", "epoch": 73, "loss": 0.76416, "obj": 0.76416, "sup": 0.0, "lr": 0.0005, "time": 1790980185.51498}
{"type": "train", "epoch": 74, "loss": 0.75271, "obj": 0.75271, "sup": 0.0, "lr": 0.0005, "time": 1790980185.82697}
{"type": "train", "epoch": 75, "loss": 0.77625, "obj": 0.77625, "sup": 0.0, "lr": 0.0005, "time": 1790980186.11789}
{"type": "train", "epoch": 76, "loss": 0.74764, "obj": 0.74764, "sup": 0.0, "lr": 0.0005, "time": 1790980186.38458}
{"type": "train", "epoch": 77, "loss": 0.76258, "obj": 0.76258, "sup": 0.0, "lr": 0.0005, "time": 1790980186.7039}
{"type": "train", "epoch": 78, "loss": 0.75066, "obj": 0.75066, "sup": 0.0, "lr": 0.0005, "time": 1790980187.07209}
{"type": "train", "epoch": 79, "loss": 0.74473, "obj": 0.74473, "sup": 0.0, "lr": 0.0005, "time": 1790980187.40336}
{"type": "train", "epoch": 80, "loss": 0.75293, "obj": 0.75293, "sup": 0.0, "lr": 0.0005, "time": 1790980187.73852}
{"type": "train", "epoch": 81, "loss": 0.74265, "obj": 0.74265, "sup": 0.0, "lr": 0.0005, "time": 1790980188.08698}
{"type": "train", "epoch": 82, "loss": 0.74201, "obj": 0.74201, "sup": 0.0, "lr": 0.0005, "time": 1790980188.46017}
{"type": "train", "epoch": 83, "loss": 0.73657, "obj": 0.73657, "sup": 0.0, "lr": 0.0005, "time": 1790980188.79465}
{"type": "train", "epoch": 84, "loss": 0.74038, "obj": 0.74038, "sup": 0.0, "lr": 0.0005, "time": 1790980189.07895}
{"type": "train", "epoch": 85, "loss": 0.74724, "obj": 0.74724, "sup": 0.0, "lr": 0.0005, "time": 1790980189.38139}
{"type": "train", "epoch": 86, "loss": 0.73943, "obj": 0.73943, "sup": 0.0, "lr": 0.0005, "time": 1790980189.76698}
{"type": "train", "epoch": 87, "loss": 0.74002, "obj": 0.74002, "sup": 0.0, "lr": 0.0005, "time": 1790980190.10696}
{"type": "train", "epoch": 88, "loss": 0.73776, "obj": 0.73776, "sup": 0.0, "lr": 0.0005, "time": 1790980190.45496}
{"type": "train", "epoch": 89, "loss": 0.73599, "obj": 0.73599, "sup": 0.0, "lr": 0.0005, "time": 1790980190.75846}
{"type": "train", "epoch": 90, "loss": 0.73166, "obj": 0.73166, "sup": 0.0, "lr": 0.0005, "time": 1790980191.25901}
{"type": "train", "epoch": 91, "loss": 0.73687, "obj": 0.73687, "sup": 0.0, "lr": 0.0005, "time": 1790980191.627}
{"type": "train", "epoch": 92, "loss": 0.73528, "obj": 0.73528, "sup": 0.0, "lr": 0.0005, "time": 1790980192.00296}
{"type": "train", "epoch": 93, "loss": 0.73232, "obj": 0.73232, "sup": 0.0, "lr": 0.0005, "time": 1790980192.3408}
{"type": "train", "epoch": 94, "loss": 0.73294, "obj": 0.73294, "sup": 0.0, "lr": 0.0005, "time": 1790980192.65492}
{"type": "train", "epoch": 95, "loss": 0.73559, "obj": 0.73559, "sup": 0.0, "lr": 0.0005, "time": 1790980192.96586}
{"type": "train", "epoch": 96, "loss": 0.73437, "obj": 0.73437, "sup": 0.0, "lr": 0.0005, "time": 1790980193.27433}
{"type": "train", "epoch": 97, "loss": 0.73618, "obj": 0.73618, "sup": 0.0, "lr": 0.0005, "time": 1790980193.56014}
{"type": "train", "epoch": 98, "loss": 0.73575, "obj": 0.73575, "sup": 0.0, "lr": 0.0005, "time": 1790980193.88299}
{"type": "train", "epoch": 99, "loss": 0.74354, "obj": 0.74354, "sup": 0.0, "lr": 0.0005, "time": 1790980194.20493}
{"type": "train", "epoch": 100, "loss": 0.73249, "obj": 0.73249, "sup": 0.0, "lr": 0.0005, "time": 1790980195.52322, "train_resid_median": 0.85671, "train_resid_mean": 0.85483, "train_imag_median": 0.05521, "train_obj_median": 0.73984, "train_u_loss_to_label_median": 0.64928, "val_resid_median": 0.86057, "val_resid_mean": 0.85394, "val_imag_median": 0.05761, "val_obj_median": 0.74699, "val_u_loss_to_label_median": 0.66377}
{"type": "train", "epoch": 101, "loss": 0.73651, "obj": 0.73651, "sup": 0.0, "lr": 0.0005, "time": 1790980195.82051}
{"type": "train", "epoch": 102, "loss": 0.73774, "obj": 0.73774, "sup": 0.0, "lr": 0.0005, "time": 1790980196.16416}
{"type": "train", "epoch": 103, "loss": 0.73205, "obj": 0.73205, "sup": 0.0, "lr": 0.0005, "time": 1790980196.43771}
{"type": "train", "epoch": 104, "loss": 0.73574, "obj": 0.73574, "sup": 0.0, "lr": 0.0005, "time": 1790980196.755}
{"type": "train", "epoch": 105, "loss": 0.7288, "obj": 0.7288, "sup": 0.0, "lr": 0.0005, "time": 1790980197.06032}
{"type": "train", "epoch": 106, "loss": 0.72949, "obj": 0.72949, "sup": 0.0, "lr": 0.0005, "time": 1790980197.40382}
{"type": "train", "epoch": 107, "loss": 0.73513, "obj": 0.73513, "sup": 0.0, "lr": 0.0005, "time": 1790980197.74153}
{"type": "train", "epoch": 108, "loss": 0.72906, "obj": 0.72906, "sup": 0.0, "lr": 0.0005, "time": 1790980198.08865}
{"type": "train", "epoch": 109, "loss": 0.72873, "obj": 0.72873, "sup": 0.0, "lr": 0.0005, "time": 1790980198.38824}
{"type": "train", "epoch": 110, "loss": 0.72451, "obj": 0.72451, "sup": 0.0, "lr": 0.0005, "time": 1790980198.74689}
{"type": "train", "epoch": 111, "loss": 0.72595, "obj": 0.72595, "sup": 0.0, "lr": 0.0005, "time": 1790980199.08093}
{"type": "train", "epoch": 112, "loss": 0.73039, "obj": 0.73039, "sup": 0.0, "lr": 0.0005, "time": 1790980199.4036}
{"type": "train", "epoch": 113, "loss": 0.73546, "obj": 0.73546, "sup": 0.0, "lr": 0.0005, "time": 1790980199.71103}
{"type": "train", "epoch": 114, "loss": 0.75091, "obj": 0.75091, "sup": 0.0, "lr": 0.0005, "time": 1790980200.03166}
{"type": "train", "epoch": 115, "loss": 0.72149, "obj": 0.72149, "sup": 0.0, "lr": 0.0005, "time": 1790980200.34297}
{"type": "train", "epoch": 116, "loss": 0.7191, "obj": 0.7191, "sup": 0.0, "lr": 0.0005, "time": 1790980200.65826}
{"type": "train", "epoch": 117, "loss": 0.71771, "obj": 0.71771, "sup": 0.0, "lr": 0.0005, "time": 1790980200.9612}
{"type": "train", "epoch": 118, "loss": 0.71538, "obj": 0.71538, "sup": 0.0, "lr": 0.0005, "time": 1790980201.27172}
{"type": "train", "epoch": 119, "loss": 0.71358, "obj": 0.71358, "sup": 0.0, "lr": 0.0005, "time": 1790980201.53952}
{"type": "train", "epoch": 120, "loss": 0.71676, "obj": 0.71676, "sup": 0.0, "lr": 0.0005, "time": 1790980201.80625}
{"type": "train", "epoch": 121, "loss": 0.72454, "obj": 0.72454, "sup": 0.0, "lr": 0.0005, "time": 1790980202.13116}
{"type": "train", "epoch": 122, "loss": 0.71032, "obj": 0.71032, "sup": 0.0, "lr": 0.0005, "time": 1790980202.38985}
{"type": "train", "epoch": 123, "loss": 0.70802, "obj": 0.70802, "sup": 0.0, "lr": 0.0005, "time": 1790980202.65072}
{"type": "train", "epoch": 124, "loss": 0.70995, "obj": 0.70995, "sup": 0.0, "lr": 0.0005, "time": 1790980202.91002}
{"type": "train", "epoch": 125, "loss": 0.72736, "obj": 0.72736, "sup": 0.0, "lr": 0.0005, "time": 1790980203.16874}
{"type": "train", "epoch": 126, "loss": 0.717, "obj": 0.717, "sup": 0.0, "lr": 0.0005, "time": 1790980203.42754}
{"type": "train", "epoch": 127, "loss": 0.76578, "obj": 0.76578, "sup": 0.0, "lr": 0.0005, "time": 1790980203.68673}
{"type": "train", "epoch": 128, "loss": 0.7223, "obj": 0.7223, "sup": 0.0, "lr": 0.0005, "time": 1790980203.96705}
{"type": "train", "epoch": 129, "loss": 0.72646, "obj": 0.72646, "sup": 0.0, "lr": 0.0005, "time": 1790980204.271}
{"type": "train", "epoch": 130, "loss": 0.74806, "obj": 0.74806, "sup": 0.0, "lr": 0.0005, "time": 1790980204.67}
{"type": "train", "epoch": 131, "loss": 0.72539, "obj": 0.72539, "sup": 0.0, "lr": 0.0005, "time": 1790980205.07267}
{"type": "train", "epoch": 132, "loss": 0.74557, "obj": 0.74557, "sup": 0.0, "lr": 0.0005, "time": 1790980205.35718}
{"type": "train", "epoch": 133, "loss": 0.73653, "obj": 0.73653, "sup": 0.0, "lr": 0.0005, "time": 1790980205.68169}
{"type": "train", "epoch": 134, "loss": 0.85706, "obj": 0.85706, "sup": 0.0, "lr": 0.0005, "time": 1790980205.94757}
{"type": "train", "epoch": 135, "loss": 0.78326, "obj": 0.78326, "sup": 0.0, "lr": 0.0005, "time": 1790980206.26173}
{"type": "train", "epoch": 136, "loss": 0.70806, "obj": 0.70806, "sup": 0.0, "lr": 0.0005, "time": 1790980206.52249}
{"type": "train", "epoch": 137, "loss": 0.71022, "obj": 0.71022, "sup": 0.0, "lr": 0.0005, "time": 1790980206.80206}
{"type": "train", "epoch": 138, "loss": 0.70806, "obj": 0.70806, "sup": 0.0, "lr": 0.0005, "time": 1790980207.13102}
{"type": "train", "epoch": 139, "loss": 0.70103, "obj": 0.70103, "sup": 0.0, "lr": 0.0005, "time": 1790980207.47896}
{"type": "train", "epoch": 140, "loss": 0.69316, "obj": 0.69316, "sup": 0.0, "lr": 0.0005, "time": 1790980207.78298}
{"type": "train", "epoch": 141, "loss": 0.69013, "obj": 0.69013, "sup": 0.0, "lr": 0.0005, "time": 1790980208.06652}
{"type": "train", "epoch": 142, "loss": 0.69051, "obj": 0.69051, "sup": 0.0, "lr": 0.0005, "time": 1790980208.32565}
{"type": "train", "epoch": 143, "loss": 0.69387, "obj": 0.69387, "sup": 0.0, "lr": 0.0005, "time": 1790980208.62837}
{"type": "train", "epoch": 144, "loss": 0.68532, "obj": 0.68532, "sup": 0.0, "lr": 0.0005, "time": 1790980208.93022}
{"type": "train", "epoch": 145, "loss": 0.68331, "obj": 0.68331, "sup": 0.0, "lr": 0.0005, "time": 1790980209.19156}
{"type": "train", "epoch": 146, "loss": 0.69208, "obj": 0.69208, "sup": 0.0, "lr": 0.0005, "time": 1790980209.45288}
{"type": "train", "epoch": 147, "loss": 0.69005, "obj": 0.69005, "sup": 0.0, "lr": 0.0005, "time": 1790980209.77236}
{"type": "train", "epoch": 148, "loss": 0.68708, "obj": 0.68708, "sup": 0.0, "lr": 0.0005, "time": 1790980210.15255}
{"type": "train", "epoch": 149, "loss": 0.68713, "obj": 0.68713, "sup": 0.0, "lr": 0.0005, "time": 1790980210.52297}
{"type": "train", "epoch": 150, "loss": 0.68784, "obj": 0.68784, "sup": 0.0, "lr": 0.0005, "time": 1790980211.93344, "train_resid_median": 0.83286, "train_resid_mean": 0.82752, "train_imag_median": 0.05588, "train_obj_median": 0.69704, "train_u_loss_to_label_median": 0.64936, "val_resid_median": 0.8349, "val_resid_mean": 0.82873, "val_imag_median": 0.05907, "val_obj_median": 0.70227, "val_u_loss_to_label_median": 0.6641}
{"type": "train", "epoch": 151, "loss": 0.68849, "obj": 0.68849, "sup": 0.0, "lr": 0.0005, "time": 1790980212.2614}
{"type": "train", "epoch": 152, "loss": 0.68427, "obj": 0.68427, "sup": 0.0, "lr": 0.0005, "time": 1790980212.57897}
{"type": "train", "epoch": 153, "loss": 0.67914, "obj": 0.67914, "sup": 0.0, "lr": 0.0005, "time": 1790980212.86698}
{"type": "train", "epoch": 154, "loss": 0.68075, "obj": 0.68075, "sup": 0.0, "lr": 0.0005, "time": 1790980213.187}
{"type": "train", "epoch": 155, "loss": 0.68319, "obj": 0.68319, "sup": 0.0, "lr": 0.0005, "time": 1790980213.51825}
{"type": "train", "epoch": 156, "loss": 0.68399, "obj": 0.68399, "sup": 0.0, "lr": 0.0005, "time": 1790980213.85408}
{"type": "train", "epoch": 157, "loss": 0.67685, "obj": 0.67685, "sup": 0.0, "lr": 0.0005, "time": 1790980214.15444}
{"type": "train", "epoch": 158, "loss": 0.67764, "obj": 0.67764, "sup": 0.0, "lr": 0.0005, "time": 1790980214.47906}
{"type": "train", "epoch": 159, "loss": 0.67778, "obj": 0.67778, "sup": 0.0, "lr": 0.0005, "time": 1790980214.79134}
{"type": "train", "epoch": 160, "loss": 0.67812, "obj": 0.67812, "sup": 0.0, "lr": 0.0005, "time": 1790980215.06697}
{"type": "train", "epoch": 161, "loss": 0.6767, "obj": 0.6767, "sup": 0.0, "lr": 0.0005, "time": 1790980215.40474}
{"type": "train", "epoch": 162, "loss": 0.67861, "obj": 0.67861, "sup": 0.0, "lr": 0.0005, "time": 1790980215.76789}
{"type": "train", "epoch": 163, "loss": 0.67838, "obj": 0.67838, "sup": 0.0, "lr": 0.0005, "time": 1790980216.09099}
{"type": "train", "epoch": 164, "loss": 0.68108, "obj": 0.68108, "sup": 0.0, "lr": 0.0005, "time": 1790980216.39677}
{"type": "train", "epoch": 165, "loss": 0.67632, "obj": 0.67632, "sup": 0.0, "lr": 0.0005, "time": 1790980216.71096}
{"type": "train", "epoch": 166, "loss": 0.68081, "obj": 0.68081, "sup": 0.0, "lr": 0.0005, "time": 1790980217.00743}
{"type": "train", "epoch": 167, "loss": 0.67618, "obj": 0.67618, "sup": 0.0, "lr": 0.0005, "time": 1790980217.28871}
{"type": "train", "epoch": 168, "loss": 0.69028, "obj": 0.69028, "sup": 0.0, "lr": 0.0005, "time": 1790980217.55357}
{"type": "train", "epoch": 169, "loss": 0.68626, "obj": 0.68626, "sup": 0.0, "lr": 0.0005, "time": 1790980217.82194}
{"type": "train", "epoch": 170, "loss": 0.68655, "obj": 0.68655, "sup": 0.0, "lr": 0.0005, "time": 1790980218.15182}
{"type": "train", "epoch": 171, "loss": 0.70179, "obj": 0.70179, "sup": 0.0, "lr": 0.0005, "time": 1790980218.47501}
{"type": "train", "epoch": 172, "loss": 0.69231, "obj": 0.69231, "sup": 0.0, "lr": 0.0005, "time": 1790980218.73773}
{"type": "train", "epoch": 173, "loss": 0.68253, "obj": 0.68253, "sup": 0.0, "lr": 0.0005, "time": 1790980219.003}
{"type": "train", "epoch": 174, "loss": 0.68234, "obj": 0.68234, "sup": 0.0, "lr": 0.0005, "time": 1790980219.31874}
{"type": "train", "epoch": 175, "loss": 0.68188, "obj": 0.68188, "sup": 0.0, "lr": 0.0005, "time": 1790980219.65202}
{"type": "train", "epoch": 176, "loss": 0.67734, "obj": 0.67734, "sup": 0.0, "lr": 0.0005, "time": 1790980219.97037}
{"type": "train", "epoch": 177, "loss": 0.67773, "obj": 0.67773, "sup": 0.0, "lr": 0.0005, "time": 1790980220.31499}
{"type": "train", "epoch": 178, "loss": 0.6748, "obj": 0.6748, "sup": 0.0, "lr": 0.0005, "time": 1790980220.72303}
{"type": "train", "epoch": 179, "loss": 0.67775, "obj": 0.67775, "sup": 0.0, "lr": 0.0005, "time": 1790980221.04005}
{"type": "train", "epoch": 180, "loss": 0.67543, "obj": 0.67543, "sup": 0.0, "lr": 0.0005, "time": 1790980221.38008}
{"type": "train", "epoch": 181, "loss": 0.67634, "obj": 0.67634, "sup": 0.0, "lr": 0.0005, "time": 1790980221.65976}
{"type": "train", "epoch": 182, "loss": 0.68426, "obj": 0.68426, "sup": 0.0, "lr": 0.0005, "time": 1790980221.97905}
{"type": "train", "epoch": 183, "loss": 0.6856, "obj": 0.6856, "sup": 0.0, "lr": 0.0005, "time": 1790980222.33504}
{"type": "train", "epoch": 184, "loss": 0.69028, "obj": 0.69028, "sup": 0.0, "lr": 0.0005, "time": 1790980222.64158}
{"type": "train", "epoch": 185, "loss": 0.6816, "obj": 0.6816, "sup": 0.0, "lr": 0.0005, "time": 1790980222.92294}
{"type": "train", "epoch": 186, "loss": 0.69161, "obj": 0.69161, "sup": 0.0, "lr": 0.0005, "time": 1790980223.23505}
{"type": "train", "epoch": 187, "loss": 0.68791, "obj": 0.68791, "sup": 0.0, "lr": 0.0005, "time": 1790980223.53901}
{"type": "train", "epoch": 188, "loss": 0.6816, "obj": 0.6816, "sup": 0.0, "lr": 0.0005, "time": 1790980223.82678}
{"type": "train", "epoch": 189, "loss": 0.67856, "obj": 0.67856, "sup": 0.0, "lr": 0.0005, "time": 1790980224.15097}
{"type": "train", "epoch": 190, "loss": 0.67455, "obj": 0.67455, "sup": 0.0, "lr": 0.0005, "time": 1790980224.47666}
{"type": "train", "epoch": 191, "loss": 0.67559, "obj": 0.67559, "sup": 0.0, "lr": 0.0005, "time": 1790980224.7825}
{"type": "train", "epoch": 192, "loss": 0.68128, "obj": 0.68128, "sup": 0.0, "lr": 0.0005, "time": 1790980225.09352}
{"type": "train", "epoch": 193, "loss": 0.67826, "obj": 0.67826, "sup": 0.0, "lr": 0.0005, "time": 1790980225.38961}
{"type": "train", "epoch": 194, "loss": 0.67921, "obj": 0.67921, "sup": 0.0, "lr": 0.0005, "time": 1790980225.66699}
{"type": "train", "epoch": 195, "loss": 0.67617, "obj": 0.67617, "sup": 0.0, "lr": 0.0005, "time": 1790980225.98129}
{"type": "train", "epoch": 196, "loss": 0.67549, "obj": 0.67549, "sup": 0.0, "lr": 0.0005, "time": 1790980226.27098}
{"type": "train", "epoch": 197, "loss": 0.67493, "obj": 0.67493, "sup": 0.0, "lr": 0.0005, "time": 1790980226.5661}
{"type": "train", "epoch": 198, "loss": 0.67479, "obj": 0.67479, "sup": 0.0, "lr": 0.0005, "time": 1790980226.86179}
{"type": "train", "epoch": 199, "loss": 0.67575, "obj": 0.67575, "sup": 0.0, "lr": 0.0005, "time": 1790980227.16698}
{"type": "train", "epoch": 200, "loss": 0.67536, "obj": 0.67536, "sup": 0.0, "lr": 0.0005, "time": 1790980228.61731, "train_resid_median": 0.82081, "train_resid_mean": 0.81928, "train_imag_median": 0.02877, "train_obj_median": 0.67482, "train_u_loss_to_label_median": 0.64875, "val_resid_median": 0.83179, "val_resid_mean": 0.82365, "val_imag_median": 0.0302, "val_obj_median": 0.69583, "val_u_loss_to_label_median": 0.66282}
{"type": "train", "epoch": 201, "loss": 0.67497, "obj": 0.67497, "sup": 0.0, "lr": 0.0005, "time": 1790980228.93077}
{"type": "train", "epoch": 202, "loss": 0.67522, "obj": 0.67522, "sup": 0.0, "lr": 0.0005, "time": 1790980229.25567}
{"type": "train", "epoch": 203, "loss": 0.67499, "obj": 0.67499, "sup": 0.0, "lr": 0.0005, "time": 1790980229.53235}
{"type": "train", "epoch": 204, "loss": 0.67471, "obj": 0.67471, "sup": 0.0, "lr": 0.0005, "time": 1790980229.79337}
{"type": "train", "epoch": 205, "loss": 0.67614, "obj": 0.67614, "sup": 0.0, "lr": 0.0005, "time": 1790980230.08167}
{"type": "train", "epoch": 206, "loss": 0.67573, "obj": 0.67573, "sup": 0.0, "lr": 0.0005, "time": 1790980230.40432}
{"type": "train", "epoch": 207, "loss": 0.67508, "obj": 0.67508, "sup": 0.0, "lr": 0.0005, "time": 1790980230.75542}
{"type": "train", "epoch": 208, "loss": 0.6752, "obj": 0.6752, "sup": 0.0, "lr": 0.0005, "time": 1790980231.07475}
{"type": "train", "epoch": 209, "loss": 0.67476, "obj": 0.67476, "sup": 0.0, "lr": 0.0005, "time": 1790980231.3694}
{"type": "train", "epoch": 210, "loss": 0.67501, "obj": 0.67501, "sup": 0.0, "lr": 0.0005, "time": 1790980231.70914}
{"type": "train", "epoch": 211, "loss": 0.6747, "obj": 0.6747, "sup": 0.0, "lr": 0.0005, "time": 1790980232.00408}
{"type": "train", "epoch": 212, "loss": 0.67525, "obj": 0.67525, "sup": 0.0, "lr": 0.0005, "time": 1790980232.29293}
{"type": "train", "epoch": 213, "loss": 0.67516, "obj": 0.67516, "sup": 0.0, "lr": 0.0005, "time": 1790980232.58724}
{"type": "train", "epoch": 214, "loss": 0.67423, "obj": 0.67423, "sup": 0.0, "lr": 0.0005, "time": 1790980232.86463}
{"type": "train", "epoch": 215, "loss": 0.67741, "obj": 0.67741, "sup": 0.0, "lr": 0.0005, "time": 1790980233.12453}
{"type": "train", "epoch": 216, "loss": 0.67655, "obj": 0.67655, "sup": 0.0, "lr": 0.0005, "time": 1790980233.39119}
{"type": "train", "epoch": 217, "loss": 0.67437, "obj": 0.67437, "sup": 0.0, "lr": 0.0005, "time": 1790980233.6502}
{"type": "train", "epoch": 218, "loss": 0.68962, "obj": 0.68962, "sup": 0.0, "lr": 0.0005, "time": 1790980233.91038}
{"type": "train", "epoch": 219, "loss": 0.68614, "obj": 0.68614, "sup": 0.0, "lr": 0.0005, "time": 1790980234.16969}
{"type": "train", "epoch": 220, "loss": 0.676, "obj": 0.676, "sup": 0.0, "lr": 0.0005, "time": 1790980234.43613}
{"type": "train", "epoch": 221, "loss": 0.67621, "obj": 0.67621, "sup": 0.0, "lr": 0.0005, "time": 1790980234.73698}
{"type": "train", "epoch": 222, "loss": 0.6754, "obj": 0.6754, "sup": 0.0, "lr": 0.0005, "time": 1790980235.01795}
{"type": "train", "epoch": 223, "loss": 0.67514, "obj": 0.67514, "sup": 0.0, "lr": 0.0005, "time": 1790980235.28045}
{"type": "train", "epoch": 224, "loss": 0.67486, "obj": 0.67486, "sup": 0.0, "lr": 0.0005, "time": 1790980235.56295}
{"type": "train", "epoch": 225, "loss": 0.67532, "obj": 0.67532, "sup": 0.0, "lr": 0.0005, "time": 1790980235.85495}
{"type": "train", "epoch": 226, "loss": 0.67481, "obj": 0.67481, "sup": 0.0, "lr": 0.0005, "time": 1790980236.12698}
{"type": "train", "epoch": 227, "loss": 0.67412, "obj": 0.67412, "sup": 0.0, "lr": 0.0005, "time": 1790980236.41323}
{"type": "train", "epoch": 228, "loss": 0.67784, "obj": 0.67784, "sup": 0.0, "lr": 0.0005, "time": 1790980236.68411}
{"type": "train", "epoch": 229, "loss": 0.67527, "obj": 0.67527, "sup": 0.0, "lr": 0.0005, "time": 1790980237.00697}
{"type": "train", "epoch": 230, "loss": 0.67945, "obj": 0.67945, "sup": 0.0, "lr": 0.0005, "time": 1790980237.3341}
{"type": "train", "epoch": 231, "loss": 0.67499, "obj": 0.67499, "sup": 0.0, "lr": 0.0005, "time": 1790980237.61286}
{"type": "train", "epoch": 232, "loss": 0.67659, "obj": 0.67659, "sup": 0.0, "lr": 0.0005, "time": 1790980237.91898}
{"type": "train", "epoch": 233, "loss": 0.67437, "obj": 0.67437, "sup": 0.0, "lr": 0.0005, "time": 1790980238.18527}
{"type": "train", "epoch": 234, "loss": 0.67511, "obj": 0.67511, "sup": 0.0, "lr": 0.0005, "time": 1790980238.48133}
{"type": "train", "epoch": 235, "loss": 0.67535, "obj": 0.67535, "sup": 0.0, "lr": 0.0005, "time": 1790980238.75229}
{"type": "train", "epoch": 236, "loss": 0.6778, "obj": 0.6778, "sup": 0.0, "lr": 0.0005, "time": 1790980239.07097}
{"type": "train", "epoch": 237, "loss": 0.67482, "obj": 0.67482, "sup": 0.0, "lr": 0.0005, "time": 1790980239.35416}
{"type": "train", "epoch": 238, "loss": 0.67554, "obj": 0.67554, "sup": 0.0, "lr": 0.0005, "time": 1790980239.71105}
{"type": "train", "epoch": 239, "loss": 0.67698, "obj": 0.67698, "sup": 0.0, "lr": 0.0005, "time": 1790980240.03172}
{"type": "train", "epoch": 240, "loss": 0.67719, "obj": 0.67719, "sup": 0.0, "lr": 0.0005, "time": 1790980240.32135}
{"type": "train", "epoch": 241, "loss": 0.67437, "obj": 0.67437, "sup": 0.0, "lr": 0.0005, "time": 1790980240.58734}
{"type": "train", "epoch": 242, "loss": 0.67369, "obj": 0.67369, "sup": 0.0, "lr": 0.0005, "time": 1790980240.90747}
{"type": "train", "epoch": 243, "loss": 0.67522, "obj": 0.67522, "sup": 0.0, "lr": 0.0005, "time": 1790980241.17436}
{"type": "train", "epoch": 244, "loss": 0.67565, "obj": 0.67565, "sup": 0.0, "lr": 0.0005, "time": 1790980241.43803}
{"type": "train", "epoch": 245, "loss": 0.67853, "obj": 0.67853, "sup": 0.0, "lr": 0.0005, "time": 1790980241.70878}
{"type": "train", "epoch": 246, "loss": 0.68076, "obj": 0.68076, "sup": 0.0, "lr": 0.0005, "time": 1790980242.00644}
{"type": "train", "epoch": 247, "loss": 0.67541, "obj": 0.67541, "sup": 0.0, "lr": 0.0005, "time": 1790980242.27126}
{"type": "train", "epoch": 248, "loss": 0.67844, "obj": 0.67844, "sup": 0.0, "lr": 0.0005, "time": 1790980242.53532}
{"type": "train", "epoch": 249, "loss": 0.67949, "obj": 0.67949, "sup": 0.0, "lr": 0.0005, "time": 1790980242.79824}
{"type": "train", "epoch": 250, "loss": 0.6867, "obj": 0.6867, "sup": 0.0, "lr": 0.0005, "time": 1790980243.94754, "train_resid_median": 0.82123, "train_resid_mean": 0.81981, "train_imag_median": 0.0227, "train_obj_median": 0.67747, "train_u_loss_to_label_median": 0.64964, "val_resid_median": 0.83511, "val_resid_mean": 0.82553, "val_imag_median": 0.0244, "val_obj_median": 0.70098, "val_u_loss_to_label_median": 0.6634}
{"type": "train", "epoch": 251, "loss": 0.67662, "obj": 0.67662, "sup": 0.0, "lr": 0.0005, "time": 1790980244.21326}
{"type": "train", "epoch": 252, "loss": 0.68283, "obj": 0.68283, "sup": 0.0, "lr": 0.0005, "time": 1790980244.47982}
{"type": "train", "epoch": 253, "loss": 0.67672, "obj": 0.67672, "sup": 0.0, "lr": 0.0005, "time": 1790980244.76414}
{"type": "train", "epoch": 254, "loss": 0.67715, "obj": 0.67715, "sup": 0.0, "lr": 0.0005, "time": 1790980245.09553}
{"type": "train", "epoch": 255, "loss": 0.67974, "obj": 0.67974, "sup": 0.0, "lr": 0.0005, "time": 1790980245.40388}
{"type": "train", "epoch": 256, "loss": 0.68117, "obj": 0.68117, "sup": 0.0, "lr": 0.0005, "time": 1790980245.67098}
{"type": "train", "epoch": 257, "loss": 0.68005, "obj": 0.68005, "sup": 0.0, "lr": 0.0005, "time": 1790980245.93805}
{"type": "train", "epoch": 258, "loss": 0.67778, "obj": 0.67778, "sup": 0.0, "lr": 0.0005, "time": 1790980246.20351}
{"type": "train", "epoch": 259, "loss": 0.67688, "obj": 0.67688, "sup": 0.0, "lr": 0.0005, "time": 1790980246.46931}
{"type": "train", "epoch": 260, "loss": 0.67677, "obj": 0.67677, "sup": 0.0, "lr": 0.0005, "time": 1790980246.73632}
{"type": "train", "epoch": 261, "loss": 0.67557, "obj": 0.67557, "sup": 0.0, "lr": 0.0005, "time": 1790980247.00374}
{"type": "train", "epoch": 262, "loss": 0.6761, "obj": 0.6761, "sup": 0.0, "lr": 0.0005, "time": 1790980247.27373}
{"type": "train", "epoch": 263, "loss": 0.67466, "obj": 0.67466, "sup": 0.0, "lr": 0.0005, "time": 1790980247.59739}
{"type": "train", "epoch": 264, "loss": 0.67484, "obj": 0.67484, "sup": 0.0, "lr": 0.0005, "time": 1790980247.97906}
{"type": "train", "epoch": 265, "loss": 0.67449, "obj": 0.67449, "sup": 0.0, "lr": 0.0005, "time": 1790980248.30658}
{"type": "train", "epoch": 266, "loss": 0.67613, "obj": 0.67613, "sup": 0.0, "lr": 0.0005, "time": 1790980248.64578}
{"type": "train", "epoch": 267, "loss": 0.67535, "obj": 0.67535, "sup": 0.0, "lr": 0.0005, "time": 1790980248.95904}
{"type": "train", "epoch": 268, "loss": 0.6758, "obj": 0.6758, "sup": 0.0, "lr": 0.0005, "time": 1790980249.27239}
{"type": "train", "epoch": 269, "loss": 0.67516, "obj": 0.67516, "sup": 0.0, "lr": 0.0005, "time": 1790980249.58176}
{"type": "train", "epoch": 270, "loss": 0.6752, "obj": 0.6752, "sup": 0.0, "lr": 0.0005, "time": 1790980249.90297}
{"type": "train", "epoch": 271, "loss": 0.67597, "obj": 0.67597, "sup": 0.0, "lr": 0.0005, "time": 1790980250.19925}
{"type": "train", "epoch": 272, "loss": 0.67519, "obj": 0.67519, "sup": 0.0, "lr": 0.0005, "time": 1790980250.4608}
{"type": "train", "epoch": 273, "loss": 0.67419, "obj": 0.67419, "sup": 0.0, "lr": 0.0005, "time": 1790980250.74837}
{"type": "train", "epoch": 274, "loss": 0.67438, "obj": 0.67438, "sup": 0.0, "lr": 0.0005, "time": 1790980251.05105}
{"type": "train", "epoch": 275, "loss": 0.675, "obj": 0.675, "sup": 0.0, "lr": 0.0005, "time": 1790980251.34273}
{"type": "train", "epoch": 276, "loss": 0.67602, "obj": 0.67602, "sup": 0.0, "lr": 0.0005, "time": 1790980251.62389}
{"type": "train", "epoch": 277, "loss": 0.67443, "obj": 0.67443, "sup": 0.0, "lr": 0.0005, "time": 1790980251.92865}
{"type": "train", "epoch": 278, "loss": 0.67488, "obj": 0.67488, "sup": 0.0, "lr": 0.0005, "time": 1790980252.19037}
{"type": "train", "epoch": 279, "loss": 0.6756, "obj": 0.6756, "sup": 0.0, "lr": 0.0005, "time": 1790980252.45214}
{"type": "train", "epoch": 280, "loss": 0.67699, "obj": 0.67699, "sup": 0.0, "lr": 0.0005, "time": 1790980252.71223}
{"type": "train", "epoch": 281, "loss": 0.6753, "obj": 0.6753, "sup": 0.0, "lr": 0.0005, "time": 1790980252.98648}
{"type": "train", "epoch": 282, "loss": 0.67877, "obj": 0.67877, "sup": 0.0, "lr": 0.0005, "time": 1790980253.26689}
{"type": "train", "epoch": 283, "loss": 0.67595, "obj": 0.67595, "sup": 0.0, "lr": 0.0005, "time": 1790980253.52884}
{"type": "train", "epoch": 284, "loss": 0.68072, "obj": 0.68072, "sup": 0.0, "lr": 0.0005, "time": 1790980253.79157}
{"type": "train", "epoch": 285, "loss": 0.67929, "obj": 0.67929, "sup": 0.0, "lr": 0.0005, "time": 1790980254.05364}
{"type": "train", "epoch": 286, "loss": 0.67665, "obj": 0.67665, "sup": 0.0, "lr": 0.0005, "time": 1790980254.3296}
{"type": "train", "epoch": 287, "loss": 0.67681, "obj": 0.67681, "sup": 0.0, "lr": 0.0005, "time": 1790980254.59199}
{"type": "train", "epoch": 288, "loss": 0.67795, "obj": 0.67795, "sup": 0.0, "lr": 0.0005, "time": 1790980254.85808}
{"type": "train", "epoch": 289, "loss": 0.67732, "obj": 0.67732, "sup": 0.0, "lr": 0.0005, "time": 1790980255.12055}
{"type": "train", "epoch": 290, "loss": 0.67642, "obj": 0.67642, "sup": 0.0, "lr": 0.0005, "time": 1790980255.38117}
{"type": "train", "epoch": 291, "loss": 0.67808, "obj": 0.67808, "sup": 0.0, "lr": 0.0005, "time": 1790980255.64165}
{"type": "train", "epoch": 292, "loss": 0.6747, "obj": 0.6747, "sup": 0.0, "lr": 0.0005, "time": 1790980255.90277}
{"type": "train", "epoch": 293, "loss": 0.67463, "obj": 0.67463, "sup": 0.0, "lr": 0.0005, "time": 1790980256.17307}
{"type": "train", "epoch": 294, "loss": 0.67435, "obj": 0.67435, "sup": 0.0, "lr": 0.0005, "time": 1790980256.46645}
{"type": "train", "epoch": 295, "loss": 0.67433, "obj": 0.67433, "sup": 0.0, "lr": 0.0005, "time": 1790980256.73254}
{"type": "train", "epoch": 296, "loss": 0.6739, "obj": 0.6739, "sup": 0.0, "lr": 0.0005, "time": 1790980257.00343}
{"type": "train", "epoch": 297, "loss": 0.67389, "obj": 0.67389, "sup": 0.0, "lr": 0.0005, "time": 1790980257.26698}
{"type": "train", "epoch": 298, "loss": 0.67416, "obj": 0.67416, "sup": 0.0, "lr": 0.0005, "time": 1790980257.52961}
{"type": "train", "epoch": 299, "loss": 0.67398, "obj": 0.67398, "sup": 0.0, "lr": 0.0005, "time": 1790980257.79141}
{"type": "train", "epoch": 300, "loss": 0.67451, "obj": 0.67451, "sup": 0.0, "lr": 0.0005, "time": 1790980259.03531, "train_resid_median": 0.82035, "train_resid_mean": 0.81887, "train_imag_median": 0.0211, "train_obj_median": 0.67357, "train_u_loss_to_label_median": 0.64992, "val_resid_median": 0.83057, "val_resid_mean": 0.8236, "val_imag_median": 0.02208, "val_obj_median": 0.69273, "val_u_loss_to_label_median": 0.66378}
{"type": "train", "epoch": 301, "loss": 0.67373, "obj": 0.67373, "sup": 0.0, "lr": 0.0005, "time": 1790980259.35248}
{"type": "train", "epoch": 302, "loss": 0.67412, "obj": 0.67412, "sup": 0.0, "lr": 0.0005, "time": 1790980259.63154}
{"type": "train", "epoch": 303, "loss": 0.6741, "obj": 0.6741, "sup": 0.0, "lr": 0.0005, "time": 1790980259.92683}
{"type": "train", "epoch": 304, "loss": 0.6735, "obj": 0.6735, "sup": 0.0, "lr": 0.0005, "time": 1790980260.18761}
{"type": "train", "epoch": 305, "loss": 0.67455, "obj": 0.67455, "sup": 0.0, "lr": 0.0005, "time": 1790980260.47103}
{"type": "train", "epoch": 306, "loss": 0.67427, "obj": 0.67427, "sup": 0.0, "lr": 0.0005, "time": 1790980260.7353}
{"type": "train", "epoch": 307, "loss": 0.67771, "obj": 0.67771, "sup": 0.0, "lr": 0.0005, "time": 1790980261.01707}
{"type": "train", "epoch": 308, "loss": 0.67604, "obj": 0.67604, "sup": 0.0, "lr": 0.0005, "time": 1790980261.28988}
{"type": "train", "epoch": 309, "loss": 0.67551, "obj": 0.67551, "sup": 0.0, "lr": 0.0005, "time": 1790980261.57803}
{"type": "train", "epoch": 310, "loss": 0.6754, "obj": 0.6754, "sup": 0.0, "lr": 0.0005, "time": 1790980261.85104}
{"type": "train", "epoch": 311, "loss": 0.67686, "obj": 0.67686, "sup": 0.0, "lr": 0.0005, "time": 1790980262.11329}
{"type": "train", "epoch": 312, "loss": 0.67454, "obj": 0.67454, "sup": 0.0, "lr": 0.0005, "time": 1790980262.37747}
{"type": "train", "epoch": 313, "loss": 0.67427, "obj": 0.67427, "sup": 0.0, "lr": 0.0005, "time": 1790980262.63972}
{"type": "train", "epoch": 314, "loss": 0.67579, "obj": 0.67579, "sup": 0.0, "lr": 0.0005, "time": 1790980262.90194}
{"type": "train", "epoch": 315, "loss": 0.67417, "obj": 0.67417, "sup": 0.0, "lr": 0.0005, "time": 1790980263.16635}
{"type": "train", "epoch": 316, "loss": 0.67608, "obj": 0.67608, "sup": 0.0, "lr": 0.0005, "time": 1790980263.44474}
{"type": "train", "epoch": 317, "loss": 0.67517, "obj": 0.67517, "sup": 0.0, "lr": 0.0005, "time": 1790980263.70853}
{"type": "train", "epoch": 318, "loss": 0.67432, "obj": 0.67432, "sup": 0.0, "lr": 0.0005, "time": 1790980263.98308}
{"type": "train", "epoch": 319, "loss": 0.67621, "obj": 0.67621, "sup": 0.0, "lr": 0.0005, "time": 1790980264.30307}
{"type": "train", "epoch": 320, "loss": 0.67397, "obj": 0.67397, "sup": 0.0, "lr": 0.0005, "time": 1790980264.61873}
{"type": "train", "epoch": 321, "loss": 0.67515, "obj": 0.67515, "sup": 0.0, "lr": 0.0005, "time": 1790980264.88254}
{"type": "train", "epoch": 322, "loss": 0.67447, "obj": 0.67447, "sup": 0.0, "lr": 0.0005, "time": 1790980265.14781}
{"type": "train", "epoch": 323, "loss": 0.67478, "obj": 0.67478, "sup": 0.0, "lr": 0.0005, "time": 1790980265.42235}
{"type": "train", "epoch": 324, "loss": 0.6745, "obj": 0.6745, "sup": 0.0, "lr": 0.0005, "time": 1790980265.76129}
{"type": "train", "epoch": 325, "loss": 0.67379, "obj": 0.67379, "sup": 0.0, "lr": 0.0005, "time": 1790980266.07508}
{"type": "train", "epoch": 326, "loss": 0.67313, "obj": 0.67313, "sup": 0.0, "lr": 0.0005, "time": 1790980266.41295}
{"type": "train", "epoch": 327, "loss": 0.67396, "obj": 0.67396, "sup": 0.0, "lr": 0.0005, "time": 1790980266.69272}
{"type": "train", "epoch": 328, "loss": 0.67328, "obj": 0.67328, "sup": 0.0, "lr": 0.0005, "time": 1790980267.03696}
{"type": "train", "epoch": 329, "loss": 0.67369, "obj": 0.67369, "sup": 0.0, "lr": 0.0005, "time": 1790980267.31497}
{"type": "train", "epoch": 330, "loss": 0.67376, "obj": 0.67376, "sup": 0.0, "lr": 0.0005, "time": 1790980267.67786}
{"type": "train", "epoch": 331, "loss": 0.67398, "obj": 0.67398, "sup": 0.0, "lr": 0.0005, "time": 1790980268.00317}
{"type": "train", "epoch": 332, "loss": 0.67483, "obj": 0.67483, "sup": 0.0, "lr": 0.0005, "time": 1790980268.30826}
{"type": "train", "epoch": 333, "loss": 0.67473, "obj": 0.67473, "sup": 0.0, "lr": 0.0005, "time": 1790980268.62475}
{"type": "train", "epoch": 334, "loss": 0.67322, "obj": 0.67322, "sup": 0.0, "lr": 0.0005, "time": 1790980268.97094}
{"type": "train", "epoch": 335, "loss": 0.67418, "obj": 0.67418, "sup": 0.0, "lr": 0.0005, "time": 1790980269.33189}
{"type": "train", "epoch": 336, "loss": 0.6738, "obj": 0.6738, "sup": 0.0, "lr": 0.0005, "time": 1790980269.60332}
{"type": "train", "epoch": 337, "loss": 0.67347, "obj": 0.67347, "sup": 0.0, "lr": 0.0005, "time": 1790980269.955}
{"type": "train", "epoch": 338, "loss": 0.67659, "obj": 0.67659, "sup": 0.0, "lr": 0.0005, "time": 1790980270.22359}
{"type": "train", "epoch": 339, "loss": 0.67394, "obj": 0.67394, "sup": 0.0, "lr": 0.0005, "time": 1790980270.49456}
{"type": "train", "epoch": 340, "loss": 0.67415, "obj": 0.67415, "sup": 0.0, "lr": 0.0005, "time": 1790980270.76717}
{"type": "train", "epoch": 341, "loss": 0.67383, "obj": 0.67383, "sup": 0.0, "lr": 0.0005, "time": 1790980271.08966}
{"type": "train", "epoch": 342, "loss": 0.67451, "obj": 0.67451, "sup": 0.0, "lr": 0.0005, "time": 1790980271.40377}
{"type": "train", "epoch": 343, "loss": 0.67548, "obj": 0.67548, "sup": 0.0, "lr": 0.0005, "time": 1790980271.79903}
{"type": "train", "epoch": 344, "loss": 0.67611, "obj": 0.67611, "sup": 0.0, "lr": 0.0005, "time": 1790980272.1075}
{"type": "train", "epoch": 345, "loss": 0.67428, "obj": 0.67428, "sup": 0.0, "lr": 0.0005, "time": 1790980272.40925}
{"type": "train", "epoch": 346, "loss": 0.67469, "obj": 0.67469, "sup": 0.0, "lr": 0.0005, "time": 1790980272.70711}
{"type": "train", "epoch": 347, "loss": 0.67525, "obj": 0.67525, "sup": 0.0, "lr": 0.0005, "time": 1790980273.03336}
{"type": "train", "epoch": 348, "loss": 0.67478, "obj": 0.67478, "sup": 0.0, "lr": 0.0005, "time": 1790980273.3951}
{"type": "train", "epoch": 349, "loss": 0.67409, "obj": 0.67409, "sup": 0.0, "lr": 0.0005, "time": 1790980273.70868}
{"type": "train", "epoch": 350, "loss": 0.67509, "obj": 0.67509, "sup": 0.0, "lr": 0.0005, "time": 1790980275.0387, "train_resid_median": 0.82161, "train_resid_mean": 0.81854, "train_imag_median": 0.02571, "train_obj_median": 0.67575, "train_u_loss_to_label_median": 0.65357, "val_resid_median": 0.82971, "val_resid_mean": 0.82317, "val_imag_median": 0.02664, "val_obj_median": 0.69143, "val_u_loss_to_label_median": 0.66716}
{"type": "train", "epoch": 351, "loss": 0.6743, "obj": 0.6743, "sup": 0.0, "lr": 0.0005, "time": 1790980275.30116}
{"type": "train", "epoch": 352, "loss": 0.67593, "obj": 0.67593, "sup": 0.0, "lr": 0.0005, "time": 1790980275.56492}
{"type": "train", "epoch": 353, "loss": 0.67438, "obj": 0.67438, "sup": 0.0, "lr": 0.0005, "time": 1790980275.82703}
{"type": "train", "epoch": 354, "loss": 0.67478, "obj": 0.67478, "sup": 0.0, "lr": 0.0005, "time": 1790980276.08965}
{"type": "train", "epoch": 355, "loss": 0.67355, "obj": 0.67355, "sup": 0.0, "lr": 0.0005, "time": 1790980276.35348}
{"type": "train", "epoch": 356, "loss": 0.67397, "obj": 0.67397, "sup": 0.0, "lr": 0.0005, "time": 1790980276.61599}
{"type": "train", "epoch": 357, "loss": 0.67358, "obj": 0.67358, "sup": 0.0, "lr": 0.0005, "time": 1790980276.89127}
{"type": "train", "epoch": 358, "loss": 0.67345, "obj": 0.67345, "sup": 0.0, "lr": 0.0005, "time": 1790980277.17684}
{"type": "train", "epoch": 359, "loss": 0.67365, "obj": 0.67365, "sup": 0.0, "lr": 0.0005, "time": 1790980277.50623}
{"type": "train", "epoch": 360, "loss": 0.67426, "obj": 0.67426, "sup": 0.0, "lr": 0.0005, "time": 1790980277.86856}
{"type": "train", "epoch": 361, "loss": 0.6738, "obj": 0.6738, "sup": 0.0, "lr": 0.0005, "time": 1790980278.17692}
{"type": "train", "epoch": 362, "loss": 0.67434, "obj": 0.67434, "sup": 0.0, "lr": 0.0005, "time": 1790980278.48634}
{"type": "train", "epoch": 363, "loss": 0.67322, "obj": 0.67322, "sup": 0.0, "lr": 0.0005, "time": 1790980278.83126}
{"type": "train", "epoch": 364, "loss": 0.67342, "obj": 0.67342, "sup": 0.0, "lr": 0.0005, "time": 1790980279.14946}
{"type": "train", "epoch": 365, "loss": 0.67379, "obj": 0.67379, "sup": 0.0, "lr": 0.0005, "time": 1790980279.46569}
{"type": "train", "epoch": 366, "loss": 0.6743, "obj": 0.6743, "sup": 0.0, "lr": 0.0005, "time": 1790980279.7705}
{"type": "train", "epoch": 367, "loss": 0.67306, "obj": 0.67306, "sup": 0.0, "lr": 0.0005, "time": 1790980280.04611}
{"type": "train", "epoch": 368, "loss": 0.67381, "obj": 0.67381, "sup": 0.0, "lr": 0.0005, "time": 1790980280.33856}
{"type": "train", "epoch": 369, "loss": 0.67348, "obj": 0.67348, "sup": 0.0, "lr": 0.0005, "time": 1790980280.63906}
{"type": "train", "epoch": 370, "loss": 0.67373, "obj": 0.67373, "sup": 0.0, "lr": 0.0005, "time": 1790980280.91674}
{"type": "train", "epoch": 371, "loss": 0.67367, "obj": 0.67367, "sup": 0.0, "lr": 0.0005, "time": 1790980281.2535}
{"type": "train", "epoch": 372, "loss": 0.67342, "obj": 0.67342, "sup": 0.0, "lr": 0.0005, "time": 1790980281.55901}
{"type": "train", "epoch": 373, "loss": 0.67272, "obj": 0.67272, "sup": 0.0, "lr": 0.0005, "time": 1790980281.8621}
{"type": "train", "epoch": 374, "loss": 0.67432, "obj": 0.67432, "sup": 0.0, "lr": 0.0005, "time": 1790980282.1557}
{"type": "train", "epoch": 375, "loss": 0.6736, "obj": 0.6736, "sup": 0.0, "lr": 0.0005, "time": 1790980282.4272}
{"type": "train", "epoch": 376, "loss": 0.67471, "obj": 0.67471, "sup": 0.0, "lr": 0.0005, "time": 1790980282.73053}
{"type": "train", "epoch": 377, "loss": 0.67485, "obj": 0.67485, "sup": 0.0, "lr": 0.0005, "time": 1790980283.06566}
{"type": "train", "epoch": 378, "loss": 0.67487, "obj": 0.67487, "sup": 0.0, "lr": 0.0005, "time": 1790980283.39766}
{"type": "train", "epoch": 379, "loss": 0.67462, "obj": 0.67462, "sup": 0.0, "lr": 0.0005, "time": 1790980283.69051}
{"type": "train", "epoch": 380, "loss": 0.67473, "obj": 0.67473, "sup": 0.0, "lr": 0.0005, "time": 1790980283.95424}
{"type": "train", "epoch": 381, "loss": 0.67469, "obj": 0.67469, "sup": 0.0, "lr": 0.0005, "time": 1790980284.2178}
{"type": "train", "epoch": 382, "loss": 0.67507, "obj": 0.67507, "sup": 0.0, "lr": 0.0005, "time": 1790980284.48119}
{"type": "train", "epoch": 383, "loss": 0.67441, "obj": 0.67441, "sup": 0.0, "lr": 0.0005, "time": 1790980284.78979}
{"type": "train", "epoch": 384, "loss": 0.67564, "obj": 0.67564, "sup": 0.0, "lr": 0.0005, "time": 1790980285.16165}
{"type": "train", "epoch": 385, "loss": 0.67535, "obj": 0.67535, "sup": 0.0, "lr": 0.0005, "time": 1790980285.48301}
{"type": "train", "epoch": 386, "loss": 0.67596, "obj": 0.67596, "sup": 0.0, "lr": 0.0005, "time": 1790980285.83311}
{"type": "train", "epoch": 387, "loss": 0.67452, "obj": 0.67452, "sup": 0.0, "lr": 0.0005, "time": 1790980286.187}
{"type": "train", "epoch": 388, "loss": 0.67451, "obj": 0.67451, "sup": 0.0, "lr": 0.0005, "time": 1790980286.49551}
{"type": "train", "epoch": 389, "loss": 0.67354, "obj": 0.67354, "sup": 0.0, "lr": 0.0005, "time": 1790980286.83102}
{"type": "train", "epoch": 390, "loss": 0.67336, "obj": 0.67336, "sup": 0.0, "lr": 0.0005, "time": 1790980287.19622}
{"type": "train", "epoch": 391, "loss": 0.67412, "obj": 0.67412, "sup": 0.0, "lr": 0.0005, "time": 1790980287.52272}
{"type": "train", "epoch": 392, "loss": 0.67351, "obj": 0.67351, "sup": 0.0, "lr": 0.0005, "time": 1790980287.83789}
{"type": "train", "epoch": 393, "loss": 0.67515, "obj": 0.67515, "sup": 0.0, "lr": 0.0005, "time": 1790980288.15063}
{"type": "train", "epoch": 394, "loss": 0.67534, "obj": 0.67534, "sup": 0.0, "lr": 0.0005, "time": 1790980288.47548}
{"type": "train", "epoch": 395, "loss": 0.67387, "obj": 0.67387, "sup": 0.0, "lr": 0.0005, "time": 1790980288.7498}
{"type": "train", "epoch": 396, "loss": 0.67504, "obj": 0.67504, "sup": 0.0, "lr": 0.0005, "time": 1790980289.02839}
{"type": "train", "epoch": 397, "loss": 0.67521, "obj": 0.67521, "sup": 0.0, "lr": 0.0005, "time": 1790980289.30572}
{"type": "train", "epoch": 398, "loss": 0.67677, "obj": 0.67677, "sup": 0.0, "lr": 0.0005, "time": 1790980289.58366}
{"type": "train", "epoch": 399, "loss": 0.67286, "obj": 0.67286, "sup": 0.0, "lr": 0.0005, "time": 1790980289.86548}
{"type": "train", "epoch": 400, "loss": 0.67462, "obj": 0.67462, "sup": 0.0, "lr": 0.0005, "time": 1790980291.04219, "train_resid_median": 0.82089, "train_resid_mean": 0.81809, "train_imag_median": 0.03034, "train_obj_median": 0.67526, "train_u_loss_to_label_median": 0.65975, "val_resid_median": 0.83008, "val_resid_mean": 0.82307, "val_imag_median": 0.02978, "val_obj_median": 0.69239, "val_u_loss_to_label_median": 0.67091}
{"type": "train", "epoch": 401, "loss": 0.67378, "obj": 0.67378, "sup": 0.0, "lr": 0.0005, "time": 1790980291.35625}
{"type": "train", "epoch": 402, "loss": 0.6738, "obj": 0.6738, "sup": 0.0, "lr": 0.0005, "time": 1790980291.66104}
{"type": "train", "epoch": 403, "loss": 0.67376, "obj": 0.67376, "sup": 0.0, "lr": 0.0005, "time": 1790980292.03254}
{"type": "train", "epoch": 404, "loss": 0.67323, "obj": 0.67323, "sup": 0.0, "lr": 0.0005, "time": 1790980292.35975}
{"type": "train", "epoch": 405, "loss": 0.67309, "obj": 0.67309, "sup": 0.0, "lr": 0.0005, "time": 1790980292.73506}
{"type": "train", "epoch": 406, "loss": 0.67453, "obj": 0.67453, "sup": 0.0, "lr": 0.0005, "time": 1790980293.11901}
{"type": "train", "epoch": 407, "loss": 0.67289, "obj": 0.67289, "sup": 0.0, "lr": 0.0005, "time": 1790980293.46853}
{"type": "train", "epoch": 408, "loss": 0.67293, "obj": 0.67293, "sup": 0.0, "lr": 0.0005, "time": 1790980293.83001}
{"type": "train", "epoch": 409, "loss": 0.67499, "obj": 0.67499, "sup": 0.0, "lr": 0.0005, "time": 1790980294.11117}
{"type": "train", "epoch": 410, "loss": 0.67211, "obj": 0.67211, "sup": 0.0, "lr": 0.0005, "time": 1790980294.3765}
{"type": "train", "epoch": 411, "loss": 0.67703, "obj": 0.67703, "sup": 0.0, "lr": 0.0005, "time": 1790980294.64015}
{"type": "train", "epoch": 412, "loss": 0.67526, "obj": 0.67526, "sup": 0.0, "lr": 0.0005, "time": 1790980294.90685}
{"type": "train", "epoch": 413, "loss": 0.67383, "obj": 0.67383, "sup": 0.0, "lr": 0.0005, "time": 1790980295.1753}
{"type": "train", "epoch": 414, "loss": 0.67257, "obj": 0.67257, "sup": 0.0, "lr": 0.0005, "time": 1790980295.44142}
{"type": "train", "epoch": 415, "loss": 0.67218, "obj": 0.67218, "sup": 0.0, "lr": 0.0005, "time": 1790980295.73206}
{"type": "train", "epoch": 416, "loss": 0.67511, "obj": 0.67511, "sup": 0.0, "lr": 0.0005, "time": 1790980296.083}
{"type": "train", "epoch": 417, "loss": 0.6713, "obj": 0.6713, "sup": 0.0, "lr": 0.0005, "time": 1790980296.41377}
{"type": "train", "epoch": 418, "loss": 0.67994, "obj": 0.67994, "sup": 0.0, "lr": 0.0005, "time": 1790980296.74736}
{"type": "train", "epoch": 419, "loss": 0.67529, "obj": 0.67529, "sup": 0.0, "lr": 0.0005, "time": 1790980297.01502}
{"type": "train", "epoch": 420, "loss": 0.67893, "obj": 0.67893, "sup": 0.0, "lr": 0.0005, "time": 1790980297.33102}
{"type": "train", "epoch": 421, "loss": 0.67519, "obj": 0.67519, "sup": 0.0, "lr": 0.0005, "time": 1790980297.60703}
{"type": "train", "epoch": 422, "loss": 0.67632, "obj": 0.67632, "sup": 0.0, "lr": 0.0005, "time": 1790980297.9101}
{"type": "train", "epoch": 423, "loss": 0.67308, "obj": 0.67308, "sup": 0.0, "lr": 0.0005, "time": 1790980298.2166}
{"type": "train", "epoch": 424, "loss": 0.68006, "obj": 0.68006, "sup": 0.0, "lr": 0.0005, "time": 1790980298.51302}
{"type": "train", "epoch": 425, "loss": 0.67763, "obj": 0.67763, "sup": 0.0, "lr": 0.0005, "time": 1790980298.78399}
{"type": "train", "epoch": 426, "loss": 0.67797, "obj": 0.67797, "sup": 0.0, "lr": 0.0005, "time": 1790980299.06268}
{"type": "train", "epoch": 427, "loss": 0.67905, "obj": 0.67905, "sup": 0.0, "lr": 0.0005, "time": 1790980299.34325}
{"type": "train", "epoch": 428, "loss": 0.67392, "obj": 0.67392, "sup": 0.0, "lr": 0.0005, "time": 1790980299.65721}
{"type": "train", "epoch": 429, "loss": 0.68026, "obj": 0.68026, "sup": 0.0, "lr": 0.0005, "time": 1790980299.94722}
{"type": "train", "epoch": 430, "loss": 0.67568, "obj": 0.67568, "sup": 0.0, "lr": 0.0005, "time": 1790980300.24191}
{"type": "train", "epoch": 431, "loss": 0.68242, "obj": 0.68242, "sup": 0.0, "lr": 0.0005, "time": 1790980300.50698}
{"type": "train", "epoch": 432, "loss": 0.67902, "obj": 0.67902, "sup": 0.0, "lr": 0.0005, "time": 1790980300.80048}
{"type": "train", "epoch": 433, "loss": 0.67644, "obj": 0.67644, "sup": 0.0, "lr": 0.0005, "time": 1790980301.09579}
{"type": "train", "epoch": 434, "loss": 0.67525, "obj": 0.67525, "sup": 0.0, "lr": 0.0005, "time": 1790980301.39575}
{"type": "train", "epoch": 435, "loss": 0.67765, "obj": 0.67765, "sup": 0.0, "lr": 0.0005, "time": 1790980301.71503}
{"type": "train", "epoch": 436, "loss": 0.67509, "obj": 0.67509, "sup": 0.0, "lr": 0.0005, "time": 1790980302.02812}
{"type": "train", "epoch": 437, "loss": 0.67552, "obj": 0.67552, "sup": 0.0, "lr": 0.0005, "time": 1790980302.31083}
{"type": "train", "epoch": 438, "loss": 0.67895, "obj": 0.67895, "sup": 0.0, "lr": 0.0005, "time": 1790980302.61091}
{"type": "train", "epoch": 439, "loss": 0.68389, "obj": 0.68389, "sup": 0.0, "lr": 0.0005, "time": 1790980302.89653}
{"type": "train", "epoch": 440, "loss": 0.67705, "obj": 0.67705, "sup": 0.0, "lr": 0.0005, "time": 1790980303.20791}
{"type": "train", "epoch": 441, "loss": 0.68219, "obj": 0.68219, "sup": 0.0, "lr": 0.0005, "time": 1790980303.48412}
{"type": "train", "epoch": 442, "loss": 0.67789, "obj": 0.67789, "sup": 0.0, "lr": 0.0005, "time": 1790980303.78703}
{"type": "train", "epoch": 443, "loss": 0.67784, "obj": 0.67784, "sup": 0.0, "lr": 0.0005, "time": 1790980304.13534}
{"type": "train", "epoch": 444, "loss": 0.67558, "obj": 0.67558, "sup": 0.0, "lr": 0.0005, "time": 1790980304.39997}
{"type": "train", "epoch": 445, "loss": 0.68099, "obj": 0.68099, "sup": 0.0, "lr": 0.0005, "time": 1790980304.66271}
{"type": "train", "epoch": 446, "loss": 0.67843, "obj": 0.67843, "sup": 0.0, "lr": 0.0005, "time": 1790980304.92477}
{"type": "train", "epoch": 447, "loss": 0.67594, "obj": 0.67594, "sup": 0.0, "lr": 0.0005, "time": 1790980305.20204}
{"type": "train", "epoch": 448, "loss": 0.67456, "obj": 0.67456, "sup": 0.0, "lr": 0.0005, "time": 1790980305.48088}
{"type": "train", "epoch": 449, "loss": 0.67283, "obj": 0.67283, "sup": 0.0, "lr": 0.0005, "time": 1790980305.77785}
{"type": "train", "epoch": 450, "loss": 0.67341, "obj": 0.67341, "sup": 0.0, "lr": 0.0005, "time": 1790980306.89912, "train_resid_median": 0.82076, "train_resid_mean": 0.81779, "train_imag_median": 0.02764, "train_obj_median": 0.67559, "train_u_loss_to_label_median": 0.66859, "val_resid_median": 0.83042, "val_resid_mean": 0.82343, "val_imag_median": 0.02781, "val_obj_median": 0.69437, "val_u_loss_to_label_median": 0.67772}
{"type": "train", "epoch": 451, "loss": 0.67339, "obj": 0.67339, "sup": 0.0, "lr": 0.0005, "time": 1790980307.20215}
{"type": "train", "epoch": 452, "loss": 0.67241, "obj": 0.67241, "sup": 0.0, "lr": 0.0005, "time": 1790980307.49207}
{"type": "train", "epoch": 453, "loss": 0.67394, "obj": 0.67394, "sup": 0.0, "lr": 0.0005, "time": 1790980307.79839}
{"type": "train", "epoch": 454, "loss": 0.67413, "obj": 0.67413, "sup": 0.0, "lr": 0.0005, "time": 1790980308.08563}
{"type": "train", "epoch": 455, "loss": 0.67571, "obj": 0.67571, "sup": 0.0, "lr": 0.0005, "time": 1790980308.39689}
{"type": "train", "epoch": 456, "loss": 0.67247, "obj": 0.67247, "sup": 0.0, "lr": 0.0005, "time": 1790980308.76001}
{"type": "train", "epoch": 457, "loss": 0.67247, "obj": 0.67247, "sup": 0.0, "lr": 0.0005, "time": 1790980309.13221}
{"type": "train", "epoch": 458, "loss": 0.67175, "obj": 0.67175, "sup": 0.0, "lr": 0.0005, "time": 1790980309.4504}
{"type": "train", "epoch": 459, "loss": 0.67317, "obj": 0.67317, "sup": 0.0, "lr": 0.0005, "time": 1790980309.74733}
{"type": "train", "epoch": 460, "loss": 0.67151, "obj": 0.67151, "sup": 0.0, "lr": 0.0005, "time": 1790980310.03497}
{"type": "train", "epoch": 461, "loss": 0.67202, "obj": 0.67202, "sup": 0.0, "lr": 0.0005, "time": 1790980310.36554}
{"type": "train", "epoch": 462, "loss": 0.67368, "obj": 0.67368, "sup": 0.0, "lr": 0.0005, "time": 1790980310.77113}
{"type": "train", "epoch": 463, "loss": 0.67338, "obj": 0.67338, "sup": 0.0, "lr": 0.0005, "time": 1790980311.12304}
{"type": "train", "epoch": 464, "loss": 0.67374, "obj": 0.67374, "sup": 0.0, "lr": 0.0005, "time": 1790980311.47768}
{"type": "train", "epoch": 465, "loss": 0.67334, "obj": 0.67334, "sup": 0.0, "lr": 0.0005, "time": 1790980311.82106}
{"type": "train", "epoch": 466, "loss": 0.67357, "obj": 0.67357, "sup": 0.0, "lr": 0.0005, "time": 1790980312.11498}
{"type": "train", "epoch": 467, "loss": 0.67284, "obj": 0.67284, "sup": 0.0, "lr": 0.0005, "time": 1790980312.49018}
{"type": "train", "epoch": 468, "loss": 0.67303, "obj": 0.67303, "sup": 0.0, "lr": 0.0005, "time": 1790980312.82701}
{"type": "train", "epoch": 469, "loss": 0.67196, "obj": 0.67196, "sup": 0.0, "lr": 0.0005, "time": 1790980313.17495}
{"type": "train", "epoch": 470, "loss": 0.67274, "obj": 0.67274, "sup": 0.0, "lr": 0.0005, "time": 1790980313.48196}
{"type": "train", "epoch": 471, "loss": 0.67099, "obj": 0.67099, "sup": 0.0, "lr": 0.0005, "time": 1790980313.86799}
{"type": "train", "epoch": 472, "loss": 0.67219, "obj": 0.67219, "sup": 0.0, "lr": 0.0005, "time": 1790980314.16294}
{"type": "train", "epoch": 473, "loss": 0.67092, "obj": 0.67092, "sup": 0.0, "lr": 0.0005, "time": 1790980314.50145}
{"type": "train", "epoch": 474, "loss": 0.67318, "obj": 0.67318, "sup": 0.0, "lr": 0.0005, "time": 1790980314.84039}
{"type": "train", "epoch": 475, "loss": 0.67326, "obj": 0.67326, "sup": 0.0, "lr": 0.0005, "time": 1790980315.15693}
{"type": "train", "epoch": 476, "loss": 0.67361, "obj": 0.67361, "sup": 0.0, "lr": 0.0005, "time": 1790980315.43901}
{"type": "train", "epoch": 477, "loss": 0.67298, "obj": 0.67298, "sup": 0.0, "lr": 0.0005, "time": 1790980315.75105}
{"type": "train", "epoch": 478, "loss": 0.67468, "obj": 0.67468, "sup": 0.0, "lr": 0.0005, "time": 1790980316.08121}
{"type": "train", "epoch": 479, "loss": 0.67123, "obj": 0.67123, "sup": 0.0, "lr": 0.0005, "time": 1790980316.40728}
{"type": "train", "epoch": 480, "loss": 0.6724, "obj": 0.6724, "sup": 0.0, "lr": 0.0005, "time": 1790980316.74078}
{"type": "train", "epoch": 481, "loss": 0.67239, "obj": 0.67239, "sup": 0.0, "lr": 0.0005, "time": 1790980317.05681}
{"type": "train", "epoch": 482, "loss": 0.67234, "obj": 0.67234, "sup": 0.0, "lr": 0.0005, "time": 1790980317.32315}
{"type": "train", "epoch": 483, "loss": 0.67268, "obj": 0.67268, "sup": 0.0, "lr": 0.0005, "time": 1790980317.58688}
{"type": "train", "epoch": 484, "loss": 0.67348, "obj": 0.67348, "sup": 0.0, "lr": 0.0005, "time": 1790980317.85003}
{"type": "train", "epoch": 485, "loss": 0.67148, "obj": 0.67148, "sup": 0.0, "lr": 0.0005, "time": 1790980318.1185}
{"type": "train", "epoch": 486, "loss": 0.67243, "obj": 0.67243, "sup": 0.0, "lr": 0.0005, "time": 1790980318.38522}
{"type": "train", "epoch": 487, "loss": 0.67099, "obj": 0.67099, "sup": 0.0, "lr": 0.0005, "time": 1790980318.65133}
{"type": "train", "epoch": 488, "loss": 0.67078, "obj": 0.67078, "sup": 0.0, "lr": 0.0005, "time": 1790980318.9184}
{"type": "train", "epoch": 489, "loss": 0.67193, "obj": 0.67193, "sup": 0.0, "lr": 0.0005, "time": 1790980319.1856}
{"type": "train", "epoch": 490, "loss": 0.67079, "obj": 0.67079, "sup": 0.0, "lr": 0.0005, "time": 1790980319.46171}
{"type": "train", "epoch": 491, "loss": 0.67413, "obj": 0.67413, "sup": 0.0, "lr": 0.0005, "time": 1790980319.78547}
{"type": "train", "epoch": 492, "loss": 0.67116, "obj": 0.67116, "sup": 0.0, "lr": 0.0005, "time": 1790980320.075}
{"type": "train", "epoch": 493, "loss": 0.67168, "obj": 0.67168, "sup": 0.0, "lr": 0.0005, "time": 1790980320.40956}
{"type": "train", "epoch": 494, "loss": 0.6713, "obj": 0.6713, "sup": 0.0, "lr": 0.0005, "time": 1790980320.68599}
{"type": "train", "epoch": 495, "loss": 0.67266, "obj": 0.67266, "sup": 0.0, "lr": 0.0005, "time": 1790980320.97514}
{"type": "train", "epoch": 496, "loss": 0.67184, "obj": 0.67184, "sup": 0.0, "lr": 0.0005, "time": 1790980321.31375}
{"type": "train", "epoch": 497, "loss": 0.67213, "obj": 0.67213, "sup": 0.0, "lr": 0.0005, "time": 1790980321.5889}
{"type": "train", "epoch": 498, "loss": 0.67125, "obj": 0.67125, "sup": 0.0, "lr": 0.0005, "time": 1790980321.86386}
{"type": "train", "epoch": 499, "loss": 0.67141, "obj": 0.67141, "sup": 0.0, "lr": 0.0005, "time": 1790980322.13973}
{"type": "train", "epoch": 500, "loss": 0.67073, "obj": 0.67073, "sup": 0.0, "lr": 0.0005, "time": 1790980323.41382, "train_resid_median": 0.82151, "train_resid_mean": 0.8166, "train_imag_median": 0.03353, "train_obj_median": 0.67625, "train_u_loss_to_label_median": 0.66723, "val_resid_median": 0.83035, "val_resid_mean": 0.82247, "val_imag_median": 0.03387, "val_obj_median": 0.69161, "val_u_loss_to_label_median": 0.68059}
{"type": "train", "epoch": 501, "loss": 0.67076, "obj": 0.67076, "sup": 0.0, "lr": 0.0005, "time": 1790980323.71491}
{"type": "train", "epoch": 502, "loss": 0.67042, "obj": 0.67042, "sup": 0.0, "lr": 0.0005, "time": 1790980324.01615}
{"type": "train", "epoch": 503, "loss": 0.67024, "obj": 0.67024, "sup": 0.0, "lr": 0.0005, "time": 1790980324.29481}
{"type": "train", "epoch": 504, "loss": 0.67029, "obj": 0.67029, "sup": 0.0, "lr": 0.0005, "time": 1790980324.55821}
{"type": "train", "epoch": 505, "loss": 0.67019, "obj": 0.67019, "sup": 0.0, "lr": 0.0005, "time": 1790980324.83706}
{"type": "train", "epoch": 506, "loss": 0.66973, "obj": 0.66973, "sup": 0.0, "lr": 0.0005, "time": 1790980325.11836}
{"type": "train", "epoch": 507, "loss": 0.67023, "obj": 0.67023, "sup": 0.0, "lr": 0.0005, "time": 1790980325.46882}
{"type": "train", "epoch": 508, "loss": 0.66919, "obj": 0.66919, "sup": 0.0, "lr": 0.0005, "time": 1790980325.74306}
{"type": "train", "epoch": 509, "loss": 0.67039, "obj": 0.67039, "sup": 0.0, "lr": 0.0005, "time": 1790980326.03378}
{"type": "train", "epoch": 510, "loss": 0.66934, "obj": 0.66934, "sup": 0.0, "lr": 0.0005, "time": 1790980326.30829}
{"type": "train", "epoch": 511, "loss": 0.67011, "obj": 0.67011, "sup": 0.0, "lr": 0.0005, "time": 1790980326.58308}
{"type": "train", "epoch": 512, "loss": 0.6694, "obj": 0.6694, "sup": 0.0, "lr": 0.0005, "time": 1790980326.86022}
{"type": "train", "epoch": 513, "loss": 0.66984, "obj": 0.66984, "sup": 0.0, "lr": 0.0005, "time": 1790980327.13827}
{"type": "train", "epoch": 514, "loss": 0.67031, "obj": 0.67031, "sup": 0.0, "lr": 0.0005, "time": 1790980327.44493}
{"type": "train", "epoch": 515, "loss": 0.66917, "obj": 0.66917, "sup": 0.0, "lr": 0.0005, "time": 1790980327.80084}
{"type": "train", "epoch": 516, "loss": 0.67071, "obj": 0.67071, "sup": 0.0, "lr": 0.0005, "time": 1790980328.12712}
{"type": "train", "epoch": 517, "loss": 0.67032, "obj": 0.67032, "sup": 0.0, "lr": 0.0005, "time": 1790980328.49506}
{"type": "train", "epoch": 518, "loss": 0.67026, "obj": 0.67026, "sup": 0.0, "lr": 0.0005, "time": 1790980328.80938}
{"type": "train", "epoch": 519, "loss": 0.66955, "obj": 0.66955, "sup": 0.0, "lr": 0.0005, "time": 1790980329.08868}
{"type": "train", "epoch": 520, "loss": 0.66884, "obj": 0.66884, "sup": 0.0, "lr": 0.0005, "time": 1790980329.44659}
{"type": "train", "epoch": 521, "loss": 0.66965, "obj": 0.66965, "sup": 0.0, "lr": 0.0005, "time": 1790980329.739}
{"type": "train", "epoch": 522, "loss": 0.66992, "obj": 0.66992, "sup": 0.0, "lr": 0.0005, "time": 1790980330.0322}
{"type": "train", "epoch": 523, "loss": 0.66945, "obj": 0.66945, "sup": 0.0, "lr": 0.0005, "time": 1790980330.38847}
{"type": "train", "epoch": 524, "loss": 0.66931, "obj": 0.66931, "sup": 0.0, "lr": 0.0005, "time": 1790980330.72778}
{"type": "train", "epoch": 525, "loss": 0.67209, "obj": 0.67209, "sup": 0.0, "lr": 0.0005, "time": 1790980331.03786}
{"type": "train", "epoch": 526, "loss": 0.67059, "obj": 0.67059, "sup": 0.0, "lr": 0.0005, "time": 1790980331.35307}
{"type": "train", "epoch": 527, "loss": 0.67256, "obj": 0.67256, "sup": 0.0, "lr": 0.0005, "time": 1790980331.64501}
{"type": "train", "epoch": 528, "loss": 0.67214, "obj": 0.67214, "sup": 0.0, "lr": 0.0005, "time": 1790980331.9481}
{"type": "train", "epoch": 529, "loss": 0.67158, "obj": 0.67158, "sup": 0.0, "lr": 0.0005, "time": 1790980332.25887}
{"type": "train", "epoch": 530, "loss": 0.67175, "obj": 0.67175, "sup": 0.0, "lr": 0.0005, "time": 1790980332.52738}
{"type": "train", "epoch": 531, "loss": 0.67096, "obj": 0.67096, "sup": 0.0, "lr": 0.0005, "time": 1790980332.83094}
{"type": "train", "epoch": 532, "loss": 0.67085, "obj": 0.67085, "sup": 0.0, "lr": 0.0005, "time": 1790980333.14297}
{"type": "train", "epoch": 533, "loss": 0.67038, "obj": 0.67038, "sup": 0.0, "lr": 0.0005, "time": 1790980333.45826}
{"type": "train", "epoch": 534, "loss": 0.6696, "obj": 0.6696, "sup": 0.0, "lr": 0.0005, "time": 1790980333.83312}
{"type": "train", "epoch": 535, "loss": 0.6688, "obj": 0.6688, "sup": 0.0, "lr": 0.0005, "time": 1790980334.11547}
{"type": "train", "epoch": 536, "loss": 0.67026, "obj": 0.67026, "sup": 0.0, "lr": 0.0005, "time": 1790980334.434}
{"type": "train", "epoch": 537, "loss": 0.67013, "obj": 0.67013, "sup": 0.0, "lr": 0.0005, "time": 1790980334.73096}
{"type": "train", "epoch": 538, "loss": 0.67023, "obj": 0.67023, "sup": 0.0, "lr": 0.0005, "time": 1790980335.03434}
{"type": "train", "epoch": 539, "loss": 0.66871, "obj": 0.66871, "sup": 0.0, "lr": 0.0005, "time": 1790980335.3123}
{"type": "train", "epoch": 540, "loss": 0.6693, "obj": 0.6693, "sup": 0.0, "lr": 0.0005, "time": 1790980335.61113}
{"type": "train", "epoch": 541, "loss": 0.66782, "obj": 0.66782, "sup": 0.0, "lr": 0.0005, "time": 1790980335.91022}
{"type": "train", "epoch": 542, "loss": 0.66848, "obj": 0.66848, "sup": 0.0, "lr": 0.0005, "time": 1790980336.23903}
{"type": "train", "epoch": 543, "loss": 0.6682, "obj": 0.6682, "sup": 0.0, "lr": 0.0005, "time": 1790980336.56606}
{"type": "train", "epoch": 544, "loss": 0.66855, "obj": 0.66855, "sup": 0.0, "lr": 0.0005, "time": 1790980336.84022}
{"type": "train", "epoch": 545, "loss": 0.66812, "obj": 0.66812, "sup": 0.0, "lr": 0.0005, "time": 1790980337.14305}
{"type": "train", "epoch": 546, "loss": 0.66824, "obj": 0.66824, "sup": 0.0, "lr": 0.0005, "time": 1790980337.46311}
{"type": "train", "epoch": 547, "loss": 0.66843, "obj": 0.66843, "sup": 0.0, "lr": 0.0005, "time": 1790980337.75029}
{"type": "train", "epoch": 548, "loss": 0.66823, "obj": 0.66823, "sup": 0.0, "lr": 0.0005, "time": 1790980338.0607}
{"type": "train", "epoch": 549, "loss": 0.66905, "obj": 0.66905, "sup": 0.0, "lr": 0.0005, "time": 1790980338.37106}
{"type": "train", "epoch": 550, "loss": 0.66813, "obj": 0.66813, "sup": 0.0, "lr": 0.0005, "time": 1790980339.55651, "train_resid_median": 0.81705, "train_resid_mean": 0.81477, "train_imag_median": 0.04085, "train_obj_median": 0.67053, "train_u_loss_to_label_median": 0.68089, "val_resid_median": 0.83067, "val_resid_mean": 0.82253, "val_imag_median": 0.04256, "val_obj_median": 0.69468, "val_u_loss_to_label_median": 0.69322}
{"type": "train", "epoch": 551, "loss": 0.66928, "obj": 0.66928, "sup": 0.0, "lr": 0.0005, "time": 1790980339.88464}
{"type": "train", "epoch": 552, "loss": 0.66923, "obj": 0.66923, "sup": 0.0, "lr": 0.0005, "time": 1790980340.15877}
{"type": "train", "epoch": 553, "loss": 0.66865, "obj": 0.66865, "sup": 0.0, "lr": 0.0005, "time": 1790980340.44651}
{"type": "train", "epoch": 554, "loss": 0.66776, "obj": 0.66776, "sup": 0.0, "lr": 0.0005, "time": 1790980340.70983}
{"type": "train", "epoch": 555, "loss": 0.66846, "obj": 0.66846, "sup": 0.0, "lr": 0.0005, "time": 1790980340.97268}
{"type": "train", "epoch": 556, "loss": 0.6687, "obj": 0.6687, "sup": 0.0, "lr": 0.0005, "time": 1790980341.24639}
{"type": "train", "epoch": 557, "loss": 0.66811, "obj": 0.66811, "sup": 0.0, "lr": 0.0005, "time": 1790980341.5799}
{"type": "train", "epoch": 558, "loss": 0.66809, "obj": 0.66809, "sup": 0.0, "lr": 0.0005, "time": 1790980341.92488}
{"type": "train", "epoch": 559, "loss": 0.66945, "obj": 0.66945, "sup": 0.0, "lr": 0.0005, "time": 1790980342.20348}
{"type": "train", "epoch": 560, "loss": 0.66861, "obj": 0.66861, "sup": 0.0, "lr": 0.0005, "time": 1790980342.50806}
{"type": "train", "epoch": 561, "loss": 0.66727, "obj": 0.66727, "sup": 0.0, "lr": 0.0005, "time": 1790980342.78494}
{"type": "train", "epoch": 562, "loss": 0.66772, "obj": 0.66772, "sup": 0.0, "lr": 0.0005, "time": 1790980343.04874}
{"type": "train", "epoch": 563, "loss": 0.66713, "obj": 0.66713, "sup": 0.0, "lr": 0.0005, "time": 1790980343.31353}
{"type": "train", "epoch": 564, "loss": 0.66818, "obj": 0.66818, "sup": 0.0, "lr": 0.0005, "time": 1790980343.62983}
{"type": "train", "epoch": 565, "loss": 0.66799, "obj": 0.66799, "sup": 0.0, "lr": 0.0005, "time": 1790980343.94168}
{"type": "train", "epoch": 566, "loss": 0.66811, "obj": 0.66811, "sup": 0.0, "lr": 0.0005, "time": 1790980344.2058}
{"type": "train", "epoch": 567, "loss": 0.66794, "obj": 0.66794, "sup": 0.0, "lr": 0.0005, "time": 1790980344.46856}
{"type": "train", "epoch": 568, "loss": 0.6676, "obj": 0.6676, "sup": 0.0, "lr": 0.0005, "time": 1790980344.73247}
{"type": "train", "epoch": 569, "loss": 0.66886, "obj": 0.66886, "sup": 0.0, "lr": 0.0005, "time": 1790980344.99611}
{"type": "train", "epoch": 570, "loss": 0.66962, "obj": 0.66962, "sup": 0.0, "lr": 0.0005, "time": 1790980345.31293}
{"type": "train", "epoch": 571, "loss": 0.66852, "obj": 0.66852, "sup": 0.0, "lr": 0.0005, "time": 1790980345.60624}
{"type": "train", "epoch": 572, "loss": 0.66721, "obj": 0.66721, "sup": 0.0, "lr": 0.0005, "time": 1790980345.87233}
{"type": "train", "epoch": 573, "loss": 0.66806, "obj": 0.66806, "sup": 0.0, "lr": 0.0005, "time": 1790980346.13842}
{"type": "train", "epoch": 574, "loss": 0.66739, "obj": 0.66739, "sup": 0.0, "lr": 0.0005, "time": 1790980346.40713}
{"type": "train", "epoch": 575, "loss": 0.66901, "obj": 0.66901, "sup": 0.0, "lr": 0.0005, "time": 1790980346.67815}
{"type": "train", "epoch": 576, "loss": 0.66888, "obj": 0.66888, "sup": 0.0, "lr": 0.0005, "time": 1790980347.03156}
{"type": "train", "epoch": 577, "loss": 0.66766, "obj": 0.66766, "sup": 0.0, "lr": 0.0005, "time": 1790980347.39417}
{"type": "train", "epoch": 578, "loss": 0.66801, "obj": 0.66801, "sup": 0.0, "lr": 0.0005, "time": 1790980347.69835}
{"type": "train", "epoch": 579, "loss": 0.66794, "obj": 0.66794, "sup": 0.0, "lr": 0.0005, "time": 1790980348.02565}
{"type": "train", "epoch": 580, "loss": 0.66772, "obj": 0.66772, "sup": 0.0, "lr": 0.0005, "time": 1790980348.32863}
{"type": "train", "epoch": 581, "loss": 0.66739, "obj": 0.66739, "sup": 0.0, "lr": 0.0005, "time": 1790980348.59438}
{"type": "train", "epoch": 582, "loss": 0.6674, "obj": 0.6674, "sup": 0.0, "lr": 0.0005, "time": 1790980348.86073}
{"type": "train", "epoch": 583, "loss": 0.66672, "obj": 0.66672, "sup": 0.0, "lr": 0.0005, "time": 1790980349.21786}
{"type": "train", "epoch": 584, "loss": 0.66768, "obj": 0.66768, "sup": 0.0, "lr": 0.0005, "time": 1790980349.52579}
{"type": "train", "epoch": 585, "loss": 0.66683, "obj": 0.66683, "sup": 0.0, "lr": 0.0005, "time": 1790980349.82079}
{"type": "train", "epoch": 586, "loss": 0.66676, "obj": 0.66676, "sup": 0.0, "lr": 0.0005, "time": 1790980350.08413}
{"type": "train", "epoch": 587, "loss": 0.66898, "obj": 0.66898, "sup": 0.0, "lr": 0.0005, "time": 1790980350.34699}
{"type": "train", "epoch": 588, "loss": 0.66722, "obj": 0.66722, "sup": 0.0, "lr": 0.0005, "time": 1790980350.61112}
{"type": "train", "epoch": 589, "loss": 0.66573, "obj": 0.66573, "sup": 0.0, "lr": 0.0005, "time": 1790980350.8772}
{"type": "train", "epoch": 590, "loss": 0.6666, "obj": 0.6666, "sup": 0.0, "lr": 0.0005, "time": 1790980351.14649}
{"type": "train", "epoch": 591, "loss": 0.66563, "obj": 0.66563, "sup": 0.0, "lr": 0.0005, "time": 1790980351.41039}
{"type": "train", "epoch": 592, "loss": 0.66564, "obj": 0.66564, "sup": 0.0, "lr": 0.0005, "time": 1790980351.69274}
{"type": "train", "epoch": 593, "loss": 0.6651, "obj": 0.6651, "sup": 0.0, "lr": 0.0005, "time": 1790980351.95814}
{"type": "train", "epoch": 594, "loss": 0.66585, "obj": 0.66585, "sup": 0.0, "lr": 0.0005, "time": 1790980352.22267}
{"type": "train", "epoch": 595, "loss": 0.66739, "obj": 0.66739, "sup": 0.0, "lr": 0.0005, "time": 1790980352.51395}
{"type": "train", "epoch": 596, "loss": 0.66799, "obj": 0.66799, "sup": 0.0, "lr": 0.0005, "time": 1790980352.85101}
{"type": "train", "epoch": 597, "loss": 0.66601, "obj": 0.66601, "sup": 0.0, "lr": 0.0005, "time": 1790980353.1698}
{"type": "train", "epoch": 598, "loss": 0.66958, "obj": 0.66958, "sup": 0.0, "lr": 0.0005, "time": 1790980353.47096}
{"type": "train", "epoch": 599, "loss": 0.66835, "obj": 0.66835, "sup": 0.0, "lr": 0.0005, "time": 1790980353.75436}
{"type": "train", "epoch": 600, "loss": 0.66749, "obj": 0.66749, "sup": 0.0, "lr": 0.0005, "time": 1790980354.92892, "train_resid_median": 0.81435, "train_resid_mean": 0.81237, "train_imag_median": 0.07342, "train_obj_median": 0.67045, "train_u_loss_to_label_median": 0.68863, "val_resid_median": 0.82989, "val_resid_mean": 0.82256, "val_imag_median": 0.07315, "val_obj_median": 0.69593, "val_u_loss_to_label_median": 0.71003}
{"type": "train", "epoch": 601, "loss": 0.66807, "obj": 0.66807, "sup": 0.0, "lr": 0.0005, "time": 1790980355.29933}
{"type": "train", "epoch": 602, "loss": 0.66968, "obj": 0.66968, "sup": 0.0, "lr": 0.0005, "time": 1790980355.63662}
{"type": "train", "epoch": 603, "loss": 0.66767, "obj": 0.66767, "sup": 0.0, "lr": 0.0005, "time": 1790980356.00303}
{"type": "train", "epoch": 604, "loss": 0.66982, "obj": 0.66982, "sup": 0.0, "lr": 0.0005, "time": 1790980356.31327}
{"type": "train", "epoch": 605, "loss": 0.66787, "obj": 0.66787, "sup": 0.0, "lr": 0.0005, "time": 1790980356.68785}
{"type": "train", "epoch": 606, "loss": 0.66838, "obj": 0.66838, "sup": 0.0, "lr": 0.0005, "time": 1790980356.99961}
{"type": "train", "epoch": 607, "loss": 0.66843, "obj": 0.66843, "sup": 0.0, "lr": 0.0005, "time": 1790980357.2808}
{"type": "train", "epoch": 608, "loss": 0.66761, "obj": 0.66761, "sup": 0.0, "lr": 0.0005, "time": 1790980357.5435}
{"type": "train", "epoch": 609, "loss": 0.66785, "obj": 0.66785, "sup": 0.0, "lr": 0.0005, "time": 1790980357.80548}
{"type": "train", "epoch": 610, "loss": 0.66568, "obj": 0.66568, "sup": 0.0, "lr": 0.0005, "time": 1790980358.06801}
{"type": "train", "epoch": 611, "loss": 0.66651, "obj": 0.66651, "sup": 0.0, "lr": 0.0005, "time": 1790980358.37798}
{"type": "train", "epoch": 612, "loss": 0.66656, "obj": 0.66656, "sup": 0.0, "lr": 0.0005, "time": 1790980358.68184}
{"type": "train", "epoch": 613, "loss": 0.66743, "obj": 0.66743, "sup": 0.0, "lr": 0.0005, "time": 1790980358.99106}
{"type": "train", "epoch": 614, "loss": 0.66652, "obj": 0.66652, "sup": 0.0, "lr": 0.0005, "time": 1790980359.28264}
{"type": "train", "epoch": 615, "loss": 0.66656, "obj": 0.66656, "sup": 0.0, "lr": 0.0005, "time": 1790980359.61509}
{"type": "train", "epoch": 616, "loss": 0.666, "obj": 0.666, "sup": 0.0, "lr": 0.0005, "time": 1790980359.96865}
{"type": "train", "epoch": 617, "loss": 0.66713, "obj": 0.66713, "sup": 0.0, "lr": 0.0005, "time": 1790980360.23303}
{"type": "train", "epoch": 618, "loss": 0.6675, "obj": 0.6675, "sup": 0.0, "lr": 0.0005, "time": 1790980360.50021}
{"type": "train", "epoch": 619, "loss": 0.67275, "obj": 0.67275, "sup": 0.0, "lr": 0.0005, "time": 1790980360.76548}
{"type": "train", "epoch": 620, "loss": 0.66983, "obj": 0.66983, "sup": 0.0, "lr": 0.0005, "time": 1790980361.04232}
{"type": "train", "epoch": 621, "loss": 0.67472, "obj": 0.67472, "sup": 0.0, "lr": 0.0005, "time": 1790980361.34067}
{"type": "train", "epoch": 622, "loss": 0.66882, "obj": 0.66882, "sup": 0.0, "lr": 0.0005, "time": 1790980361.65111}
{"type": "train", "epoch": 623, "loss": 0.67027, "obj": 0.67027, "sup": 0.0, "lr": 0.0005, "time": 1790980361.95793}
{"type": "train", "epoch": 624, "loss": 0.67001, "obj": 0.67001, "sup": 0.0, "lr": 0.0005, "time": 1790980362.25752}
{"type": "train", "epoch": 625, "loss": 0.66886, "obj": 0.66886, "sup": 0.0, "lr": 0.0005, "time": 1790980362.52607}
{"type": "train", "epoch": 626, "loss": 0.67466, "obj": 0.67466, "sup": 0.0, "lr": 0.0005, "time": 1790980362.78962}
{"type": "train", "epoch": 627, "loss": 0.67107, "obj": 0.67107, "sup": 0.0, "lr": 0.0005, "time": 1790980363.05226}
{"type": "train", "epoch": 628, "loss": 0.67581, "obj": 0.67581, "sup": 0.0, "lr": 0.0005, "time": 1790980363.31514}
{"type": "train", "epoch": 629, "loss": 0.67171, "obj": 0.67171, "sup": 0.0, "lr": 0.0005, "time": 1790980363.57718}
{"type": "train", "epoch": 630, "loss": 0.67155, "obj": 0.67155, "sup": 0.0, "lr": 0.0005, "time": 1790980363.84026}
{"type": "train", "epoch": 631, "loss": 0.66966, "obj": 0.66966, "sup": 0.0, "lr": 0.0005, "time": 1790980364.10314}
{"type": "train", "epoch": 632, "loss": 0.67224, "obj": 0.67224, "sup": 0.0, "lr": 0.0005, "time": 1790980364.36412}
{"type": "train", "epoch": 633, "loss": 0.66986, "obj": 0.66986, "sup": 0.0, "lr": 0.0005, "time": 1790980364.62672}
{"type": "train", "epoch": 634, "loss": 0.66946, "obj": 0.66946, "sup": 0.0, "lr": 0.0005, "time": 1790980364.89009}
{"type": "train", "epoch": 635, "loss": 0.66685, "obj": 0.66685, "sup": 0.0, "lr": 0.0005, "time": 1790980365.15203}
{"type": "train", "epoch": 636, "loss": 0.67188, "obj": 0.67188, "sup": 0.0, "lr": 0.0005, "time": 1790980365.41558}
{"type": "train", "epoch": 637, "loss": 0.66954, "obj": 0.66954, "sup": 0.0, "lr": 0.0005, "time": 1790980365.68142}
{"type": "train", "epoch": 638, "loss": 0.66843, "obj": 0.66843, "sup": 0.0, "lr": 0.0005, "time": 1790980365.94833}
{"type": "train", "epoch": 639, "loss": 0.6673, "obj": 0.6673, "sup": 0.0, "lr": 0.0005, "time": 1790980366.21263}
{"type": "train", "epoch": 640, "loss": 0.669, "obj": 0.669, "sup": 0.0, "lr": 0.0005, "time": 1790980366.48294}
{"type": "train", "epoch": 641, "loss": 0.66533, "obj": 0.66533, "sup": 0.0, "lr": 0.0005, "time": 1790980366.74578}
{"type": "train", "epoch": 642, "loss": 0.66996, "obj": 0.66996, "sup": 0.0, "lr": 0.0005, "time": 1790980367.00922}
{"type": "train", "epoch": 643, "loss": 0.66881, "obj": 0.66881, "sup": 0.0, "lr": 0.0005, "time": 1790980367.27094}
{"type": "train", "epoch": 644, "loss": 0.66578, "obj": 0.66578, "sup": 0.0, "lr": 0.0005, "time": 1790980367.5316}
{"type": "train", "epoch": 645, "loss": 0.66601, "obj": 0.66601, "sup": 0.0, "lr": 0.0005, "time": 1790980367.79322}
{"type": "train", "epoch": 646, "loss": 0.66472, "obj": 0.66472, "sup": 0.0, "lr": 0.0005, "time": 1790980368.05456}
{"type": "train", "epoch": 647, "loss": 0.66563, "obj": 0.66563, "sup": 0.0, "lr": 0.0005, "time": 1790980368.31935}
{"type": "train", "epoch": 648, "loss": 0.665, "obj": 0.665, "sup": 0.0, "lr": 0.0005, "time": 1790980368.58598}
{"type": "train", "epoch": 649, "loss": 0.66575, "obj": 0.66575, "sup": 0.0, "lr": 0.0005, "time": 1790980368.84995}
{"type": "train", "epoch": 650, "loss": 0.66523, "obj": 0.66523, "sup": 0.0, "lr": 0.0005, "time": 1790980370.07604, "train_resid_median": 0.81534, "train_resid_mean": 0.81187, "train_imag_median": 0.05003, "train_obj_median": 0.66783, "train_u_loss_to_label_median": 0.68368, "val_resid_median": 0.82751, "val_resid_mean": 0.81981, "val_imag_median": 0.05011, "val_obj_median": 0.68846, "val_u_loss_to_label_median": 0.70041}
{"type": "train", "epoch": 651, "loss": 0.66443, "obj": 0.66443, "sup": 0.0, "lr": 0.0005, "time": 1790980370.34764}
{"type": "train", "epoch": 652, "loss": 0.66457, "obj": 0.66457, "sup": 0.0, "lr": 0.0005, "time": 1790980370.60965}
{"type": "train", "epoch": 653, "loss": 0.66469, "obj": 0.66469, "sup": 0.0, "lr": 0.0005, "time": 1790980370.87169}
{"type": "train", "epoch": 654, "loss": 0.6665, "obj": 0.6665, "sup": 0.0, "lr": 0.0005, "time": 1790980371.13234}
{"type": "train", "epoch": 655, "loss": 0.66746, "obj": 0.66746, "sup": 0.0, "lr": 0.0005, "time": 1790980371.39447}
{"type": "train", "epoch": 656, "loss": 0.66865, "obj": 0.66865, "sup": 0.0, "lr": 0.0005, "time": 1790980371.65633}
{"type": "train", "epoch": 657, "loss": 0.6719, "obj": 0.6719, "sup": 0.0, "lr": 0.0005, "time": 1790980371.91832}
{"type": "train", "epoch": 658, "loss": 0.67182, "obj": 0.67182, "sup": 0.0, "lr": 0.0005, "time": 1790980372.18123}
{"type": "train", "epoch": 659, "loss": 0.67297, "obj": 0.67297, "sup": 0.0, "lr": 0.0005, "time": 1790980372.44603}
{"type": "train", "epoch": 660, "loss": 0.66971, "obj": 0.66971, "sup": 0.0, "lr": 0.0005, "time": 1790980372.71079}
{"type": "train", "epoch": 661, "loss": 0.66666, "obj": 0.66666, "sup": 0.0, "lr": 0.0005, "time": 1790980372.98429}
{"type": "train", "epoch": 662, "loss": 0.66605, "obj": 0.66605, "sup": 0.0, "lr": 0.0005, "time": 1790980373.28043}
{"type": "train", "epoch": 663, "loss": 0.66624, "obj": 0.66624, "sup": 0.0, "lr": 0.0005, "time": 1790980373.54592}
{"type": "train", "epoch": 664, "loss": 0.66595, "obj": 0.66595, "sup": 0.0, "lr": 0.0005, "time": 1790980373.81736}
{"type": "train", "epoch": 665, "loss": 0.66622, "obj": 0.66622, "sup": 0.0, "lr": 0.0005, "time": 1790980374.08966}
{"type": "train", "epoch": 666, "loss": 0.66592, "obj": 0.66592, "sup": 0.0, "lr": 0.0005, "time": 1790980374.36204}
{"type": "train", "epoch": 667, "loss": 0.66542, "obj": 0.66542, "sup": 0.0, "lr": 0.0005, "time": 1790980374.63373}
{"type": "train", "epoch": 668, "loss": 0.66443, "obj": 0.66443, "sup": 0.0, "lr": 0.0005, "time": 1790980374.9059}
{"type": "train", "epoch": 669, "loss": 0.66373, "obj": 0.66373, "sup": 0.0, "lr": 0.0005, "time": 1790980375.17827}
{"type": "train", "epoch": 670, "loss": 0.66362, "obj": 0.66362, "sup": 0.0, "lr": 0.0005, "time": 1790980375.4396}
{"type": "train", "epoch": 671, "loss": 0.66375, "obj": 0.66375, "sup": 0.0, "lr": 0.0005, "time": 1790980375.70198}
{"type": "train", "epoch": 672, "loss": 0.66349, "obj": 0.66349, "sup": 0.0, "lr": 0.0005, "time": 1790980376.00938}
{"type": "train", "epoch": 673, "loss": 0.66377, "obj": 0.66377, "sup": 0.0, "lr": 0.0005, "time": 1790980376.29826}
{"type": "train", "epoch": 674, "loss": 0.66433, "obj": 0.66433, "sup": 0.0, "lr": 0.0005, "time": 1790980376.61307}
{"type": "train", "epoch": 675, "loss": 0.66403, "obj": 0.66403, "sup": 0.0, "lr": 0.0005, "time": 1790980376.91037}
{"type": "train", "epoch": 676, "loss": 0.66306, "obj": 0.66306, "sup": 0.0, "lr": 0.0005, "time": 1790980377.19681}
{"type": "train", "epoch": 677, "loss": 0.66422, "obj": 0.66422, "sup": 0.0, "lr": 0.0005, "time": 1790980377.47154}
{"type": "train", "epoch": 678, "loss": 0.66423, "obj": 0.66423, "sup": 0.0, "lr": 0.0005, "time": 1790980377.74671}
{"type": "train", "epoch": 679, "loss": 0.66467, "obj": 0.66467, "sup": 0.0, "lr": 0.0005, "time": 1790980378.02082}
{"type": "train", "epoch": 680, "loss": 0.663, "obj": 0.663, "sup": 0.0, "lr": 0.0005, "time": 1790980378.29341}
{"type": "train", "epoch": 681, "loss": 0.66284, "obj": 0.66284, "sup": 0.0, "lr": 0.0005, "time": 1790980378.56659}
{"type": "train", "epoch": 682, "loss": 0.663, "obj": 0.663, "sup": 0.0, "lr": 0.0005, "time": 1790980378.84003}
{"type": "train", "epoch": 683, "loss": 0.66305, "obj": 0.66305, "sup": 0.0, "lr": 0.0005, "time": 1790980379.10969}
{"type": "train", "epoch": 684, "loss": 0.66318, "obj": 0.66318, "sup": 0.0, "lr": 0.0005, "time": 1790980379.38398}
{"type": "train", "epoch": 685, "loss": 0.66374, "obj": 0.66374, "sup": 0.0, "lr": 0.0005, "time": 1790980379.65786}
{"type": "train", "epoch": 686, "loss": 0.66383, "obj": 0.66383, "sup": 0.0, "lr": 0.0005, "time": 1790980379.93147}
{"type": "train", "epoch": 687, "loss": 0.66522, "obj": 0.66522, "sup": 0.0, "lr": 0.0005, "time": 1790980380.2052}
{"type": "train", "epoch": 688, "loss": 0.66428, "obj": 0.66428, "sup": 0.0, "lr": 0.0005, "time": 1790980380.48555}
{"type": "train", "epoch": 689, "loss": 0.66369, "obj": 0.66369, "sup": 0.0, "lr": 0.0005, "time": 1790980380.76209}
{"type": "train", "epoch": 690, "loss": 0.66384, "obj": 0.66384, "sup": 0.0, "lr": 0.0005, "time": 1790980381.02697}
{"type": "train", "epoch": 691, "loss": 0.66431, "obj": 0.66431, "sup": 0.0, "lr": 0.0005, "time": 1790980381.29196}
{"type": "train", "epoch": 692, "loss": 0.66374, "obj": 0.66374, "sup": 0.0, "lr": 0.0005, "time": 1790980381.55429}
{"type": "train", "epoch": 693, "loss": 0.66492, "obj": 0.66492, "sup": 0.0, "lr": 0.0005, "time": 1790980381.8167}
{"type": "train", "epoch": 694, "loss": 0.66596, "obj": 0.66596, "sup": 0.0, "lr": 0.0005, "time": 1790980382.08155}
{"type": "train", "epoch": 695, "loss": 0.66433, "obj": 0.66433, "sup": 0.0, "lr": 0.0005, "time": 1790980382.34845}
{"type": "train", "epoch": 696, "loss": 0.66478, "obj": 0.66478, "sup": 0.0, "lr": 0.0005, "time": 1790980382.61222}
{"type": "train", "epoch": 697, "loss": 0.66335, "obj": 0.66335, "sup": 0.0, "lr": 0.0005, "time": 1790980382.87932}
{"type": "train", "epoch": 698, "loss": 0.66437, "obj": 0.66437, "sup": 0.0, "lr": 0.0005, "time": 1790980383.14421}
{"type": "train", "epoch": 699, "loss": 0.66416, "obj": 0.66416, "sup": 0.0, "lr": 0.0005, "time": 1790980383.41819}
{"type": "train", "epoch": 700, "loss": 0.66481, "obj": 0.66481, "sup": 0.0, "lr": 0.0005, "time": 1790980384.68719, "train_resid_median": 0.81479, "train_resid_mean": 0.81013, "train_imag_median": 0.05055, "train_obj_median": 0.66768, "train_u_loss_to_label_median": 0.68419, "val_resid_median": 0.82742, "val_resid_mean": 0.82062, "val_imag_median": 0.0509, "val_obj_median": 0.69109, "val_u_loss_to_label_median": 0.70641}
{"type": "train", "epoch": 701, "loss": 0.66545, "obj": 0.66545, "sup": 0.0, "lr": 0.0005, "time": 1790980384.97762}
{"type": "train", "epoch": 702, "loss": 0.66797, "obj": 0.66797, "sup": 0.0, "lr": 0.0005, "time": 1790980385.23949}
{"type": "train", "epoch": 703, "loss": 0.66996, "obj": 0.66996, "sup": 0.0, "lr": 0.0005, "time": 1790980385.50437}
{"type": "train", "epoch": 704, "loss": 0.66944, "obj": 0.66944, "sup": 0.0, "lr": 0.0005, "time": 1790980385.76842}
{"type": "train", "epoch": 705, "loss": 0.66712, "obj": 0.66712, "sup": 0.0, "lr": 0.0005, "time": 1790980386.03085}
{"type": "train", "epoch": 706, "loss": 0.66547, "obj": 0.66547, "sup": 0.0, "lr": 0.0005, "time": 1790980386.29372}
{"type": "train", "epoch": 707, "loss": 0.66509, "obj": 0.66509, "sup": 0.0, "lr": 0.0005, "time": 1790980386.55748}
{"type": "train", "epoch": 708, "loss": 0.66451, "obj": 0.66451, "sup": 0.0, "lr": 0.0005, "time": 1790980386.81991}
{"type": "train", "epoch": 709, "loss": 0.66429, "obj": 0.66429, "sup": 0.0, "lr": 0.0005, "time": 1790980387.08413}
{"type": "train", "epoch": 710, "loss": 0.66371, "obj": 0.66371, "sup": 0.0, "lr": 0.0005, "time": 1790980387.34655}
{"type": "train", "epoch": 711, "loss": 0.66287, "obj": 0.66287, "sup": 0.0, "lr": 0.0005, "time": 1790980387.61002}
{"type": "train", "epoch": 712, "loss": 0.66412, "obj": 0.66412, "sup": 0.0, "lr": 0.0005, "time": 1790980387.87341}
{"type": "train", "epoch": 713, "loss": 0.66404, "obj": 0.66404, "sup": 0.0, "lr": 0.0005, "time": 1790980388.13724}
{"type": "train", "epoch": 714, "loss": 0.66266, "obj": 0.66266, "sup": 0.0, "lr": 0.0005, "time": 1790980388.40027}
{"type": "train", "epoch": 715, "loss": 0.66272, "obj": 0.66272, "sup": 0.0, "lr": 0.0005, "time": 1790980388.69759}
{"type": "train", "epoch": 716, "loss": 0.66411, "obj": 0.66411, "sup": 0.0, "lr": 0.0005, "time": 1790980388.96243}
{"type": "train", "epoch": 717, "loss": 0.66404, "obj": 0.66404, "sup": 0.0, "lr": 0.0005, "time": 1790980389.22449}
{"type": "train", "epoch": 718, "loss": 0.66444, "obj": 0.66444, "sup": 0.0, "lr": 0.0005, "time": 1790980389.48569}
{"type": "train", "epoch": 719, "loss": 0.66293, "obj": 0.66293, "sup": 0.0, "lr": 0.0005, "time": 1790980389.74673}
{"type": "train", "epoch": 720, "loss": 0.66351, "obj": 0.66351, "sup": 0.0, "lr": 0.0005, "time": 1790980390.00909}
{"type": "train", "epoch": 721, "loss": 0.66349, "obj": 0.66349, "sup": 0.0, "lr": 0.0005, "time": 1790980390.27197}
{"type": "train", "epoch": 722, "loss": 0.66286, "obj": 0.66286, "sup": 0.0, "lr": 0.0005, "time": 1790980390.5338}
{"type": "train", "epoch": 723, "loss": 0.66331, "obj": 0.66331, "sup": 0.0, "lr": 0.0005, "time": 1790980390.79721}
{"type": "train", "epoch": 724, "loss": 0.66488, "obj": 0.66488, "sup": 0.0, "lr": 0.0005, "time": 1790980391.06212}
{"type": "train", "epoch": 725, "loss": 0.6635, "obj": 0.6635, "sup": 0.0, "lr": 0.0005, "time": 1790980391.32497}
{"type": "train", "epoch": 726, "loss": 0.66394, "obj": 0.66394, "sup": 0.0, "lr": 0.0005, "time": 1790980391.58808}
{"type": "train", "epoch": 727, "loss": 0.66489, "obj": 0.66489, "sup": 0.0, "lr": 0.0005, "time": 1790980391.85107}
{"type": "train", "epoch": 728, "loss": 0.66308, "obj": 0.66308, "sup": 0.0, "lr": 0.0005, "time": 1790980392.1151}
{"type": "train", "epoch": 729, "loss": 0.66354, "obj": 0.66354, "sup": 0.0, "lr": 0.0005, "time": 1790980392.38044}
{"type": "train", "epoch": 730, "loss": 0.66232, "obj": 0.66232, "sup": 0.0, "lr": 0.0005, "time": 1790980392.65743}
{"type": "train", "epoch": 731, "loss": 0.66183, "obj": 0.66183, "sup": 0.0, "lr": 0.0005, "time": 1790980392.93657}
{"type": "train", "epoch": 732, "loss": 0.66134, "obj": 0.66134, "sup": 0.0, "lr": 0.0005, "time": 1790980393.19921}
{"type": "train", "epoch": 733, "loss": 0.66119, "obj": 0.66119, "sup": 0.0, "lr": 0.0005, "time": 1790980393.46087}
{"type": "train", "epoch": 734, "loss": 0.66167, "obj": 0.66167, "sup": 0.0, "lr": 0.0005, "time": 1790980393.72196}
{"type": "train", "epoch": 735, "loss": 0.66122, "obj": 0.66122, "sup": 0.0, "lr": 0.0005, "time": 1790980393.98404}
{"type": "train", "epoch": 736, "loss": 0.66206, "obj": 0.66206, "sup": 0.0, "lr": 0.0005, "time": 1790980394.24511}
{"type": "train", "epoch": 737, "loss": 0.66093, "obj": 0.66093, "sup": 0.0, "lr": 0.0005, "time": 1790980394.50595}
{"type": "train", "epoch": 738, "loss": 0.66076, "obj": 0.66076, "sup": 0.0, "lr": 0.0005, "time": 1790980394.76737}
{"type": "train", "epoch": 739, "loss": 0.66139, "obj": 0.66139, "sup": 0.0, "lr": 0.0005, "time": 1790980395.03152}
{"type": "train", "epoch": 740, "loss": 0.66081, "obj": 0.66081, "sup": 0.0, "lr": 0.0005, "time": 1790980395.35285}
{"type": "train", "epoch": 741, "loss": 0.66126, "obj": 0.66126, "sup": 0.0, "lr": 0.0005, "time": 1790980395.68296}
{"type": "train", "epoch": 742, "loss": 0.66143, "obj": 0.66143, "sup": 0.0, "lr": 0.0005, "time": 1790980396.00985}
{"type": "train", "epoch": 743, "loss": 0.66151, "obj": 0.66151, "sup": 0.0, "lr": 0.0005, "time": 1790980396.29027}
{"type": "train", "epoch": 744, "loss": 0.66475, "obj": 0.66475, "sup": 0.0, "lr": 0.0005, "time": 1790980396.57787}
{"type": "train", "epoch": 745, "loss": 0.66531, "obj": 0.66531, "sup": 0.0, "lr": 0.0005, "time": 1790980396.88298}
{"type": "train", "epoch": 746, "loss": 0.66516, "obj": 0.66516, "sup": 0.0, "lr": 0.0005, "time": 1790980397.17907}
{"type": "train", "epoch": 747, "loss": 0.66301, "obj": 0.66301, "sup": 0.0, "lr": 0.0005, "time": 1790980397.45551}
{"type": "train", "epoch": 748, "loss": 0.66216, "obj": 0.66216, "sup": 0.0, "lr": 0.0005, "time": 1790980397.71723}
{"type": "train", "epoch": 749, "loss": 0.66202, "obj": 0.66202, "sup": 0.0, "lr": 0.0005, "time": 1790980397.9804}
{"type": "train", "epoch": 750, "loss": 0.66157, "obj": 0.66157, "sup": 0.0, "lr": 0.0005, "time": 1790980399.10562, "train_resid_median": 0.81543, "train_resid_mean": 0.81048, "train_imag_median": 0.0462, "train_obj_median": 0.66791, "train_u_loss_to_label_median": 0.68053, "val_resid_median": 0.8276, "val_resid_mean": 0.82012, "val_imag_median": 0.04659, "val_obj_median": 0.68777, "val_u_loss_to_label_median": 0.70193}
{"type": "train", "epoch": 751, "loss": 0.66219, "obj": 0.66219, "sup": 0.0, "lr": 0.0005, "time": 1790980399.37389}
{"type": "train", "epoch": 752, "loss": 0.66131, "obj": 0.66131, "sup": 0.0, "lr": 0.0005, "time": 1790980399.63799}
{"type": "train", "epoch": 753, "loss": 0.66071, "obj": 0.66071, "sup": 0.0, "lr": 0.0005, "time": 1790980399.90224}
{"type": "train", "epoch": 754, "loss": 0.66053, "obj": 0.66053, "sup": 0.0, "lr": 0.0005, "time": 1790980400.16655}
{"type": "train", "epoch": 755, "loss": 0.66059, "obj": 0.66059, "sup": 0.0, "lr": 0.0005, "time": 1790980400.43138}
{"type": "train", "epoch": 756, "loss": 0.66142, "obj": 0.66142, "sup": 0.0, "lr": 0.0005, "time": 1790980400.6963}
{"type": "train", "epoch": 757, "loss": 0.66077, "obj": 0.66077, "sup": 0.0, "lr": 0.0005, "time": 1790980400.96202}
{"type": "train", "epoch": 758, "loss": 0.66118, "obj": 0.66118, "sup": 0.0, "lr": 0.0005, "time": 1790980401.22515}
{"type": "train", "epoch": 759, "loss": 0.66085, "obj": 0.66085, "sup": 0.0, "lr": 0.0005, "time": 1790980401.48872}
{"type": "train", "epoch": 760, "loss": 0.66025, "obj": 0.66025, "sup": 0.0, "lr": 0.0005, "time": 1790980401.76036}
{"type": "train", "epoch": 761, "loss": 0.6599, "obj": 0.6599, "sup": 0.0, "lr": 0.0005, "time": 1790980402.047}
{"type": "train", "epoch": 762, "loss": 0.66051, "obj": 0.66051, "sup": 0.0, "lr": 0.0005, "time": 1790980402.3533}
{"type": "train", "epoch": 763, "loss": 0.66016, "obj": 0.66016, "sup": 0.0, "lr": 0.0005, "time": 1790980402.63508}
{"type": "train", "epoch": 764, "loss": 0.66143, "obj": 0.66143, "sup": 0.0, "lr": 0.0005, "time": 1790980402.94834}
{"type": "train", "epoch": 765, "loss": 0.66096, "obj": 0.66096, "sup": 0.0, "lr": 0.0005, "time": 1790980403.21108}
{"type": "train", "epoch": 766, "loss": 0.66104, "obj": 0.66104, "sup": 0.0, "lr": 0.0005, "time": 1790980403.47372}
{"type": "train", "epoch": 767, "loss": 0.66086, "obj": 0.66086, "sup": 0.0, "lr": 0.0005, "time": 1790980403.73599}
{"type": "train", "epoch": 768, "loss": 0.66029, "obj": 0.66029, "sup": 0.0, "lr": 0.0005, "time": 1790980403.99767}
{"type": "train", "epoch": 769, "loss": 0.66042, "obj": 0.66042, "sup": 0.0, "lr": 0.0005, "time": 1790980404.26079}
{"type": "train", "epoch": 770, "loss": 0.6607, "obj": 0.6607, "sup": 0.0, "lr": 0.0005, "time": 1790980404.5233}
{"type": "train", "epoch": 771, "loss": 0.66001, "obj": 0.66001, "sup": 0.0, "lr": 0.0005, "time": 1790980404.78668}
{"type": "train", "epoch": 772, "loss": 0.65965, "obj": 0.65965, "sup": 0.0, "lr": 0.0005, "time": 1790980405.05222}
{"type": "train", "epoch": 773, "loss": 0.65969, "obj": 0.65969, "sup": 0.0, "lr": 0.0005, "time": 1790980405.35313}
{"type": "train", "epoch": 774, "loss": 0.65993, "obj": 0.65993, "sup": 0.0, "lr": 0.0005, "time": 1790980405.61836}
{"type": "train", "epoch": 775, "loss": 0.65954, "obj": 0.65954, "sup": 0.0, "lr": 0.0005, "time": 1790980405.89398}
{"type": "train", "epoch": 776, "loss": 0.65961, "obj": 0.65961, "sup": 0.0, "lr": 0.0005, "time": 1790980406.15825}
{"type": "train", "epoch": 777, "loss": 0.65981, "obj": 0.65981, "sup": 0.0, "lr": 0.0005, "time": 1790980406.42116}
{"type": "train", "epoch": 778, "loss": 0.65937, "obj": 0.65937, "sup": 0.0, "lr": 0.0005, "time": 1790980406.68263}
{"type": "train", "epoch": 779, "loss": 0.65937, "obj": 0.65937, "sup": 0.0, "lr": 0.0005, "time": 1790980406.94513}
{"type": "train", "epoch": 780, "loss": 0.65868, "obj": 0.65868, "sup": 0.0, "lr": 0.0005, "time": 1790980407.20592}
{"type": "train", "epoch": 781, "loss": 0.65888, "obj": 0.65888, "sup": 0.0, "lr": 0.0005, "time": 1790980407.467}
{"type": "train", "epoch": 782, "loss": 0.65888, "obj": 0.65888, "sup": 0.0, "lr": 0.0005, "time": 1790980407.73006}
{"type": "train", "epoch": 783, "loss": 0.66015, "obj": 0.66015, "sup": 0.0, "lr": 0.0005, "time": 1790980407.99301}
{"type": "train", "epoch": 784, "loss": 0.65896, "obj": 0.65896, "sup": 0.0, "lr": 0.0005, "time": 1790980408.25503}
{"type": "train", "epoch": 785, "loss": 0.65914, "obj": 0.65914, "sup": 0.0, "lr": 0.0005, "time": 1790980408.51614}
{"type": "train", "epoch": 786, "loss": 0.65892, "obj": 0.65892, "sup": 0.0, "lr": 0.0005, "time": 1790980408.77898}
{"type": "train", "epoch": 787, "loss": 0.65865, "obj": 0.65865, "sup": 0.0, "lr": 0.0005, "time": 1790980409.03993}
{"type": "train", "epoch": 788, "loss": 0.65993, "obj": 0.65993, "sup": 0.0, "lr": 0.0005, "time": 1790980409.30157}
{"type": "train", "epoch": 789, "loss": 0.66032, "obj": 0.66032, "sup": 0.0, "lr": 0.0005, "time": 1790980409.56724}
{"type": "train", "epoch": 790, "loss": 0.65966, "obj": 0.65966, "sup": 0.0, "lr": 0.0005, "time": 1790980409.86892}
{"type": "train", "epoch": 791, "loss": 0.6599, "obj": 0.6599, "sup": 0.0, "lr": 0.0005, "time": 1790980410.12874}
{"type": "train", "epoch": 792, "loss": 0.66071, "obj": 0.66071, "sup": 0.0, "lr": 0.0005, "time": 1790980410.38899}
{"type": "train", "epoch": 793, "loss": 0.65951, "obj": 0.65951, "sup": 0.0, "lr": 0.0005, "time": 1790980410.64826}
{"type": "train", "epoch": 794, "loss": 0.6593, "obj": 0.6593, "sup": 0.0, "lr": 0.0005, "time": 1790980410.90817}
{"type": "train", "epoch": 795, "loss": 0.65967, "obj": 0.65967, "sup": 0.0, "lr": 0.0005, "time": 1790980411.16799}
{"type": "train", "epoch": 796, "loss": 0.66165, "obj": 0.66165, "sup": 0.0, "lr": 0.0005, "time": 1790980411.43665}
{"type": "train", "epoch": 797, "loss": 0.65999, "obj": 0.65999, "sup": 0.0, "lr": 0.0005, "time": 1790980411.69662}
{"type": "train", "epoch": 798, "loss": 0.66099, "obj": 0.66099, "sup": 0.0, "lr": 0.0005, "time": 1790980411.95729}
{"type": "train", "epoch": 799, "loss": 0.66016, "obj": 0.66016, "sup": 0.0, "lr": 0.0005, "time": 1790980412.21776}
{"type": "train", "epoch": 800, "loss": 0.66009, "obj": 0.66009, "sup": 0.0, "lr": 0.0005, "time": 1790980413.32521, "train_resid_median": 0.8151, "train_resid_mean": 0.80904, "train_imag_median": 0.04123, "train_obj_median": 0.66688, "train_u_loss_to_label_median": 0.6783, "val_resid_median": 0.8283, "val_resid_mean": 0.82054, "val_imag_median": 0.04288, "val_obj_median": 0.68938, "val_u_loss_to_label_median": 0.70185}
{"type": "train", "epoch": 801, "loss": 0.66036, "obj": 0.66036, "sup": 0.0, "lr": 0.0005, "time": 1790980413.58622}
{"type": "train", "epoch": 802, "loss": 0.6598, "obj": 0.6598, "sup": 0.0, "lr": 0.0005, "time": 1790980413.84874}
{"type": "train", "epoch": 803, "loss": 0.6596, "obj": 0.6596, "sup": 0.0, "lr": 0.0005, "time": 1790980414.12068}
{"type": "train", "epoch": 804, "loss": 0.65891, "obj": 0.65891, "sup": 0.0, "lr": 0.0005, "time": 1790980414.38088}
{"type": "train", "epoch": 805, "loss": 0.65839, "obj": 0.65839, "sup": 0.0, "lr": 0.0005, "time": 1790980414.67753}
{"type": "train", "epoch": 806, "loss": 0.65858, "obj": 0.65858, "sup": 0.0, "lr": 0.0005, "time": 1790980414.94941}
{"type": "train", "epoch": 807, "loss": 0.65797, "obj": 0.65797, "sup": 0.0, "lr": 0.0005, "time": 1790980415.21389}
{"type": "train", "epoch": 808, "loss": 0.65917, "obj": 0.65917, "sup": 0.0, "lr": 0.0005, "time": 1790980415.47951}
{"type": "train", "epoch": 809, "loss": 0.65849, "obj": 0.65849, "sup": 0.0, "lr": 0.0005, "time": 1790980415.73953}
{"type": "train", "epoch": 810, "loss": 0.65865, "obj": 0.65865, "sup": 0.0, "lr": 0.0005, "time": 1790980416.00698}
{"type": "train", "epoch": 811, "loss": 0.65904, "obj": 0.65904, "sup": 0.0, "lr": 0.0005, "time": 1790980416.29893}
{"type": "train", "epoch": 812, "loss": 0.65832, "obj": 0.65832, "sup": 0.0, "lr": 0.0005, "time": 1790980416.59784}
{"type": "train", "epoch": 813, "loss": 0.65888, "obj": 0.65888, "sup": 0.0, "lr": 0.0005, "time": 1790980416.85992}
{"type": "train", "epoch": 814, "loss": 0.65883, "obj": 0.65883, "sup": 0.0, "lr": 0.0005, "time": 1790980417.1323}
{"type": "train", "epoch": 815, "loss": 0.65836, "obj": 0.65836, "sup": 0.0, "lr": 0.0005, "time": 1790980417.43096}
{"type": "train", "epoch": 816, "loss": 0.65775, "obj": 0.65775, "sup": 0.0, "lr": 0.0005, "time": 1790980417.73497}
{"type": "train", "epoch": 817, "loss": 0.65794, "obj": 0.65794, "sup": 0.0, "lr": 0.0005, "time": 1790980418.03096}
{"type": "train", "epoch": 818, "loss": 0.65851, "obj": 0.65851, "sup": 0.0, "lr": 0.0005, "time": 1790980418.37894}
{"type": "train", "epoch": 819, "loss": 0.65764, "obj": 0.65764, "sup": 0.0, "lr": 0.0005, "time": 1790980418.66595}
{"type": "train", "epoch": 820, "loss": 0.65759, "obj": 0.65759, "sup": 0.0, "lr": 0.0005, "time": 1790980418.95365}
{"type": "train", "epoch": 821, "loss": 0.65775, "obj": 0.65775, "sup": 0.0, "lr": 0.0005, "time": 1790980419.22991}
{"type": "train", "epoch": 822, "loss": 0.65732, "obj": 0.65732, "sup": 0.0, "lr": 0.0005, "time": 1790980419.51879}
{"type": "train", "epoch": 823, "loss": 0.65791, "obj": 0.65791, "sup": 0.0, "lr": 0.0005, "time": 1790980419.80244}
{"type": "train", "epoch": 824, "loss": 0.65755, "obj": 0.65755, "sup": 0.0, "lr": 0.0005, "time": 1790980420.10295}
{"type": "train", "epoch": 825, "loss": 0.65797, "obj": 0.65797, "sup": 0.0, "lr": 0.0005, "time": 1790980420.40526}
{"type": "train", "epoch": 826, "loss": 0.65743, "obj": 0.65743, "sup": 0.0, "lr": 0.0005, "time": 1790980420.70694}
{"type": "train", "epoch": 827, "loss": 0.65699, "obj": 0.65699, "sup": 0.0, "lr": 0.0005, "time": 1790980421.00013}
{"type": "train", "epoch": 828, "loss": 0.65758, "obj": 0.65758, "sup": 0.0, "lr": 0.0005, "time": 1790980421.28695}
{"type": "train", "epoch": 829, "loss": 0.65872, "obj": 0.65872, "sup": 0.0, "lr": 0.0005, "time": 1790980421.60911}
{"type": "train", "epoch": 830, "loss": 0.65763, "obj": 0.65763, "sup": 0.0, "lr": 0.0005, "time": 1790980421.89906}
{"type": "train", "epoch": 831, "loss": 0.65759, "obj": 0.65759, "sup": 0.0, "lr": 0.0005, "time": 1790980422.20983}
{"type": "train", "epoch": 832, "loss": 0.65725, "obj": 0.65725, "sup": 0.0, "lr": 0.0005, "time": 1790980422.52525}
{"type": "train", "epoch": 833, "loss": 0.65758, "obj": 0.65758, "sup": 0.0, "lr": 0.0005, "time": 1790980422.8033}
{"type": "train", "epoch": 834, "loss": 0.65758, "obj": 0.65758, "sup": 0.0, "lr": 0.0005, "time": 1790980423.12131}
{"type": "train", "epoch": 835, "loss": 0.65697, "obj": 0.65697, "sup": 0.0, "lr": 0.0005, "time": 1790980423.44239}
{"type": "train", "epoch": 836, "loss": 0.65753, "obj": 0.65753, "sup": 0.0, "lr": 0.0005, "time": 1790980423.73423}
{"type": "train", "epoch": 837, "loss": 0.65689, "obj": 0.65689, "sup": 0.0, "lr": 0.0005, "time": 1790980424.04519}
{"type": "train", "epoch": 838, "loss": 0.65756, "obj": 0.65756, "sup": 0.0, "lr": 0.0005, "time": 1790980424.35099}
{"type": "train", "epoch": 839, "loss": 0.65665, "obj": 0.65665, "sup": 0.0, "lr": 0.0005, "time": 1790980424.64229}
{"type": "train", "epoch": 840, "loss": 0.65791, "obj": 0.65791, "sup": 0.0, "lr": 0.0005, "time": 1790980424.92734}
{"type": "train", "epoch": 841, "loss": 0.65725, "obj": 0.65725, "sup": 0.0, "lr": 0.0005, "time": 1790980425.24171}
{"type": "train", "epoch": 842, "loss": 0.65778, "obj": 0.65778, "sup": 0.0, "lr": 0.0005, "time": 1790980425.51302}
{"type": "train", "epoch": 843, "loss": 0.65659, "obj": 0.65659, "sup": 0.0, "lr": 0.0005, "time": 1790980425.81106}
{"type": "train", "epoch": 844, "loss": 0.65786, "obj": 0.65786, "sup": 0.0, "lr": 0.0005, "time": 1790980426.09441}
{"type": "train", "epoch": 845, "loss": 0.65708, "obj": 0.65708, "sup": 0.0, "lr": 0.0005, "time": 1790980426.39091}
{"type": "train", "epoch": 846, "loss": 0.65734, "obj": 0.65734, "sup": 0.0, "lr": 0.0005, "time": 1790980426.66079}
{"type": "train", "epoch": 847, "loss": 0.65647, "obj": 0.65647, "sup": 0.0, "lr": 0.0005, "time": 1790980426.93278}
{"type": "train", "epoch": 848, "loss": 0.65698, "obj": 0.65698, "sup": 0.0, "lr": 0.0005, "time": 1790980427.23277}
{"type": "train", "epoch": 849, "loss": 0.65711, "obj": 0.65711, "sup": 0.0, "lr": 0.0005, "time": 1790980427.52026}
{"type": "train", "epoch": 850, "loss": 0.65716, "obj": 0.65716, "sup": 0.0, "lr": 0.0005, "time": 1790980428.72846, "train_resid_median": 0.81228, "train_resid_mean": 0.80723, "train_imag_median": 0.04889, "train_obj_median": 0.66238, "train_u_loss_to_label_median": 0.68877, "val_resid_median": 0.83044, "val_resid_mean": 0.82258, "val_imag_median": 0.05154, "val_obj_median": 0.69281, "val_u_loss_to_label_median": 0.71138}
{"type": "train", "epoch": 851, "loss": 0.65714, "obj": 0.65714, "sup": 0.0, "lr": 0.0005, "time": 1790980428.99595}
{"type": "train", "epoch": 852, "loss": 0.65698, "obj": 0.65698, "sup": 0.0, "lr": 0.0005, "time": 1790980429.27894}
{"type": "train", "epoch": 853, "loss": 0.65843, "obj": 0.65843, "sup": 0.0, "lr": 0.0005, "time": 1790980429.57894}
{"type": "train", "epoch": 854, "loss": 0.65829, "obj": 0.65829, "sup": 0.0, "lr": 0.0005, "time": 1790980429.88041}
{"type": "train", "epoch": 855, "loss": 0.65783, "obj": 0.65783, "sup": 0.0, "lr": 0.0005, "time": 1790980430.19496}
{"type": "train", "epoch": 856, "loss": 0.65642, "obj": 0.65642, "sup": 0.0, "lr": 0.0005, "time": 1790980430.50038}
{"type": "train", "epoch": 857, "loss": 0.65778, "obj": 0.65778, "sup": 0.0, "lr": 0.0005, "time": 1790980430.78569}
{"type": "train", "epoch": 858, "loss": 0.65645, "obj": 0.65645, "sup": 0.0, "lr": 0.0005, "time": 1790980431.04626}
{"type": "train", "epoch": 859, "loss": 0.65676, "obj": 0.65676, "sup": 0.0, "lr": 0.0005, "time": 1790980431.30806}
{"type": "train", "epoch": 860, "loss": 0.65706, "obj": 0.65706, "sup": 0.0, "lr": 0.0005, "time": 1790980431.56791}
{"type": "train", "epoch": 861, "loss": 0.65659, "obj": 0.65659, "sup": 0.0, "lr": 0.0005, "time": 1790980431.82747}
{"type": "train", "epoch": 862, "loss": 0.65861, "obj": 0.65861, "sup": 0.0, "lr": 0.0005, "time": 1790980432.08712}
{"type": "train", "epoch": 863, "loss": 0.65616, "obj": 0.65616, "sup": 0.0, "lr": 0.0005, "time": 1790980432.34708}
{"type": "train", "epoch": 864, "loss": 0.65684, "obj": 0.65684, "sup": 0.0, "lr": 0.0005, "time": 1790980432.60693}
{"type": "train", "epoch": 865, "loss": 0.65753, "obj": 0.65753, "sup": 0.0, "lr": 0.0005, "time": 1790980432.86665}
{"type": "train", "epoch": 866, "loss": 0.65863, "obj": 0.65863, "sup": 0.0, "lr": 0.0005, "time": 1790980433.12656}
{"type": "train", "epoch": 867, "loss": 0.65712, "obj": 0.65712, "sup": 0.0, "lr": 0.0005, "time": 1790980433.38688}
{"type": "train", "epoch": 868, "loss": 0.65626, "obj": 0.65626, "sup": 0.0, "lr": 0.0005, "time": 1790980433.64651}
{"type": "train", "epoch": 869, "loss": 0.65615, "obj": 0.65615, "sup": 0.0, "lr": 0.0005, "time": 1790980433.90744}
{"type": "train", "epoch": 870, "loss": 0.65636, "obj": 0.65636, "sup": 0.0, "lr": 0.0005, "time": 1790980434.20087}
{"type": "train", "epoch": 871, "loss": 0.65681, "obj": 0.65681, "sup": 0.0, "lr": 0.0005, "time": 1790980434.49218}
{"type": "train", "epoch": 872, "loss": 0.65618, "obj": 0.65618, "sup": 0.0, "lr": 0.0005, "time": 1790980434.79495}
{"type": "train", "epoch": 873, "loss": 0.65721, "obj": 0.65721, "sup": 0.0, "lr": 0.0005, "time": 1790980435.09037}
{"type": "train", "epoch": 874, "loss": 0.65732, "obj": 0.65732, "sup": 0.0, "lr": 0.0005, "time": 1790980435.38211}
{"type": "train", "epoch": 875, "loss": 0.65793, "obj": 0.65793, "sup": 0.0, "lr": 0.0005, "time": 1790980435.66197}
{"type": "train", "epoch": 876, "loss": 0.65797, "obj": 0.65797, "sup": 0.0, "lr": 0.0005, "time": 1790980435.94095}
{"type": "train", "epoch": 877, "loss": 0.65755, "obj": 0.65755, "sup": 0.0, "lr": 0.0005, "time": 1790980436.27496}
{"type": "train", "epoch": 878, "loss": 0.65658, "obj": 0.65658, "sup": 0.0, "lr": 0.0005, "time": 1790980436.58347}
{"type": "train", "epoch": 879, "loss": 0.65771, "obj": 0.65771, "sup": 0.0, "lr": 0.0005, "time": 1790980436.88978}
{"type": "train", "epoch": 880, "loss": 0.65686, "obj": 0.65686, "sup": 0.0, "lr": 0.0005, "time": 1790980437.17921}
{"type": "train", "epoch": 881, "loss": 0.6565, "obj": 0.6565, "sup": 0.0, "lr": 0.0005, "time": 1790980437.49766}
{"type": "train", "epoch": 882, "loss": 0.65641, "obj": 0.65641, "sup": 0.0, "lr": 0.0005, "time": 1790980437.81226}
{"type": "train", "epoch": 883, "loss": 0.65731, "obj": 0.65731, "sup": 0.0, "lr": 0.0005, "time": 1790980438.14828}
{"type": "train", "epoch": 884, "loss": 0.65691, "obj": 0.65691, "sup": 0.0, "lr": 0.0005, "time": 1790980438.4086}
{"type": "train", "epoch": 885, "loss": 0.65466, "obj": 0.65466, "sup": 0.0, "lr": 0.0005, "time": 1790980438.68694}
{"type": "train", "epoch": 886, "loss": 0.65602, "obj": 0.65602, "sup": 0.0, "lr": 0.0005, "time": 1790980438.98693}
{"type": "train", "epoch": 887, "loss": 0.65502, "obj": 0.65502, "sup": 0.0, "lr": 0.0005, "time": 1790980439.28597}
{"type": "train", "epoch": 888, "loss": 0.65737, "obj": 0.65737, "sup": 0.0, "lr": 0.0005, "time": 1790980439.59695}
{"type": "train", "epoch": 889, "loss": 0.65595, "obj": 0.65595, "sup": 0.0, "lr": 0.0005, "time": 1790980439.92294}
{"type": "train", "epoch": 890, "loss": 0.65572, "obj": 0.65572, "sup": 0.0, "lr": 0.0005, "time": 1790980440.21494}
{"type": "train", "epoch": 891, "loss": 0.65494, "obj": 0.65494, "sup": 0.0, "lr": 0.0005, "time": 1790980440.51465}
{"type": "train", "epoch": 892, "loss": 0.655, "obj": 0.655, "sup": 0.0, "lr": 0.0005, "time": 1790980440.81893}
{"type": "train", "epoch": 893, "loss": 0.65489, "obj": 0.65489, "sup": 0.0, "lr": 0.0005, "time": 1790980441.1117}
{"type": "train", "epoch": 894, "loss": 0.65451, "obj": 0.65451, "sup": 0.0, "lr": 0.0005, "time": 1790980441.40695}
{"type": "train", "epoch": 895, "loss": 0.65419, "obj": 0.65419, "sup": 0.0, "lr": 0.0005, "time": 1790980441.72623}
{"type": "train", "epoch": 896, "loss": 0.65554, "obj": 0.65554, "sup": 0.0, "lr": 0.0005, "time": 1790980442.03063}
{"type": "train", "epoch": 897, "loss": 0.6543, "obj": 0.6543, "sup": 0.0, "lr": 0.0005, "time": 1790980442.30077}
{"type": "train", "epoch": 898, "loss": 0.65386, "obj": 0.65386, "sup": 0.0, "lr": 0.0005, "time": 1790980442.56064}
{"type": "train", "epoch": 899, "loss": 0.65606, "obj": 0.65606, "sup": 0.0, "lr": 0.0005, "time": 1790980442.82083}
{"type": "train", "epoch": 900, "loss": 0.6569, "obj": 0.6569, "sup": 0.0, "lr": 0.0005, "time": 1790980443.93061, "train_resid_median": 0.80895, "train_resid_mean": 0.8053, "train_imag_median": 0.04614, "train_obj_median": 0.65728, "train_u_loss_to_label_median": 0.68845, "val_resid_median": 0.83114, "val_resid_mean": 0.8233, "val_imag_median": 0.04908, "val_obj_median": 0.69436, "val_u_loss_to_label_median": 0.70922}
{"type": "train", "epoch": 901, "loss": 0.65463, "obj": 0.65463, "sup": 0.0, "lr": 0.0005, "time": 1790980444.20846}
{"type": "train", "epoch": 902, "loss": 0.65386, "obj": 0.65386, "sup": 0.0, "lr": 0.0005, "time": 1790980444.48472}
{"type": "train", "epoch": 903, "loss": 0.65357, "obj": 0.65357, "sup": 0.0, "lr": 0.0005, "time": 1790980444.77093}
{"type": "train", "epoch": 904, "loss": 0.65265, "obj": 0.65265, "sup": 0.0, "lr": 0.0005, "time": 1790980445.06237}
{"type": "train", "epoch": 905, "loss": 0.65256, "obj": 0.65256, "sup": 0.0, "lr": 0.0005, "time": 1790980445.3627}
{"type": "train", "epoch": 906, "loss": 0.65327, "obj": 0.65327, "sup": 0.0, "lr": 0.0005, "time": 1790980445.64388}
{"type": "train", "epoch": 907, "loss": 0.65594, "obj": 0.65594, "sup": 0.0, "lr": 0.0005, "time": 1790980445.9497}
{"type": "train", "epoch": 908, "loss": 0.65587, "obj": 0.65587, "sup": 0.0, "lr": 0.0005, "time": 1790980446.25957}
{"type": "train", "epoch": 909, "loss": 0.65876, "obj": 0.65876, "sup": 0.0, "lr": 0.0005, "time": 1790980446.56457}
{"type": "train", "epoch": 910, "loss": 0.65581, "obj": 0.65581, "sup": 0.0, "lr": 0.0005, "time": 1790980446.84484}
{"type": "train", "epoch": 911, "loss": 0.65661, "obj": 0.65661, "sup": 0.0, "lr": 0.0005, "time": 1790980447.16294}
{"type": "train", "epoch": 912, "loss": 0.65646, "obj": 0.65646, "sup": 0.0, "lr": 0.0005, "time": 1790980447.4474}
{"type": "train", "epoch": 913, "loss": 0.65597, "obj": 0.65597, "sup": 0.0, "lr": 0.0005, "time": 1790980447.72693}
{"type": "train", "epoch": 914, "loss": 0.65439, "obj": 0.65439, "sup": 0.0, "lr": 0.0005, "time": 1790980448.02071}
{"type": "train", "epoch": 915, "loss": 0.65614, "obj": 0.65614, "sup": 0.0, "lr": 0.0005, "time": 1790980448.32199}
{"type": "train", "epoch": 916, "loss": 0.65715, "obj": 0.65715, "sup": 0.0, "lr": 0.0005, "time": 1790980448.60584}
{"type": "train", "epoch": 917, "loss": 0.65409, "obj": 0.65409, "sup": 0.0, "lr": 0.0005, "time": 1790980448.89779}
{"type": "train", "epoch": 918, "loss": 0.65475, "obj": 0.65475, "sup": 0.0, "lr": 0.0005, "time": 1790980449.18293}
{"type": "train", "epoch": 919, "loss": 0.65299, "obj": 0.65299, "sup": 0.0, "lr": 0.0005, "time": 1790980449.49093}
{"type": "train", "epoch": 920, "loss": 0.65273, "obj": 0.65273, "sup": 0.0, "lr": 0.0005, "time": 1790980449.79895}
{"type": "train", "epoch": 921, "loss": 0.65461, "obj": 0.65461, "sup": 0.0, "lr": 0.0005, "time": 1790980450.08724}
{"type": "train", "epoch": 922, "loss": 0.65413, "obj": 0.65413, "sup": 0.0, "lr": 0.0005, "time": 1790980450.34948}
{"type": "train", "epoch": 923, "loss": 0.65803, "obj": 0.65803, "sup": 0.0, "lr": 0.0005, "time": 1790980450.6251}
{"type": "train", "epoch": 924, "loss": 0.65543, "obj": 0.65543, "sup": 0.0, "lr": 0.0005, "time": 1790980450.90705}
{"type": "train", "epoch": 925, "loss": 0.65574, "obj": 0.65574, "sup": 0.0, "lr": 0.0005, "time": 1790980451.16689}
{"type": "train", "epoch": 926, "loss": 0.6555, "obj": 0.6555, "sup": 0.0, "lr": 0.0005, "time": 1790980451.4731}
{"type": "train", "epoch": 927, "loss": 0.65662, "obj": 0.65662, "sup": 0.0, "lr": 0.0005, "time": 1790980451.75097}
{"type": "train", "epoch": 928, "loss": 0.65419, "obj": 0.65419, "sup": 0.0, "lr": 0.0005, "time": 1790980452.02746}
{"type": "train", "epoch": 929, "loss": 0.65488, "obj": 0.65488, "sup": 0.0, "lr": 0.0005, "time": 1790980452.30445}
{"type": "train", "epoch": 930, "loss": 0.65491, "obj": 0.65491, "sup": 0.0, "lr": 0.0005, "time": 1790980452.63891}
{"type": "train", "epoch": 931, "loss": 0.65318, "obj": 0.65318, "sup": 0.0, "lr": 0.0005, "time": 1790980452.94542}
{"type": "train", "epoch": 932, "loss": 0.65176, "obj": 0.65176, "sup": 0.0, "lr": 0.0005, "time": 1790980453.2318}
{"type": "train", "epoch": 933, "loss": 0.6508, "obj": 0.6508, "sup": 0.0, "lr": 0.0005, "time": 1790980453.52605}
{"type": "train", "epoch": 934, "loss": 0.65052, "obj": 0.65052, "sup": 0.0, "lr": 0.0005, "time": 1790980453.83118}
{"type": "train", "epoch": 935, "loss": 0.65269, "obj": 0.65269, "sup": 0.0, "lr": 0.0005, "time": 1790980454.10295}
{"type": "train", "epoch": 936, "loss": 0.65156, "obj": 0.65156, "sup": 0.0, "lr": 0.0005, "time": 1790980454.383}
{"type": "train", "epoch": 937, "loss": 0.65312, "obj": 0.65312, "sup": 0.0, "lr": 0.0005, "time": 1790980454.69915}
{"type": "train", "epoch": 938, "loss": 0.65224, "obj": 0.65224, "sup": 0.0, "lr": 0.0005, "time": 1790980455.01232}
{"type": "train", "epoch": 939, "loss": 0.65242, "obj": 0.65242, "sup": 0.0, "lr": 0.0005, "time": 1790980455.32434}
{"type": "train", "epoch": 940, "loss": 0.65012, "obj": 0.65012, "sup": 0.0, "lr": 0.0005, "time": 1790980455.62}
{"type": "train", "epoch": 941, "loss": 0.65253, "obj": 0.65253, "sup": 0.0, "lr": 0.0005, "time": 1790980455.92828}
{"type": "train", "epoch": 942, "loss": 0.65094, "obj": 0.65094, "sup": 0.0, "lr": 0.0005, "time": 1790980456.22888}
{"type": "train", "epoch": 943, "loss": 0.65908, "obj": 0.65908, "sup": 0.0, "lr": 0.0005, "time": 1790980456.49434}
{"type": "train", "epoch": 944, "loss": 0.65301, "obj": 0.65301, "sup": 0.0, "lr": 0.0005, "time": 1790980456.79383}
{"type": "train", "epoch": 945, "loss": 0.65289, "obj": 0.65289, "sup": 0.0, "lr": 0.0005, "time": 1790980457.06557}
{"type": "train", "epoch": 946, "loss": 0.65356, "obj": 0.65356, "sup": 0.0, "lr": 0.0005, "time": 1790980457.35475}
{"type": "train", "epoch": 947, "loss": 0.65557, "obj": 0.65557, "sup": 0.0, "lr": 0.0005, "time": 1790980457.67291}
{"type": "train", "epoch": 948, "loss": 0.65584, "obj": 0.65584, "sup": 0.0, "lr": 0.0005, "time": 1790980457.93642}
{"type": "train", "epoch": 949, "loss": 0.6541, "obj": 0.6541, "sup": 0.0, "lr": 0.0005, "time": 1790980458.19654}
{"type": "train", "epoch": 950, "loss": 0.6548, "obj": 0.6548, "sup": 0.0, "lr": 0.0005, "time": 1790980459.31375, "train_resid_median": 0.80863, "train_resid_mean": 0.80385, "train_imag_median": 0.05457, "train_obj_median": 0.65705, "train_u_loss_to_label_median": 0.68677, "val_resid_median": 0.83207, "val_resid_mean": 0.82449, "val_imag_median": 0.05791, "val_obj_median": 0.69725, "val_u_loss_to_label_median": 0.70686}
{"type": "train", "epoch": 951, "loss": 0.65163, "obj": 0.65163, "sup": 0.0, "lr": 0.0005, "time": 1790980459.5911}
{"type": "train", "epoch": 952, "loss": 0.65169, "obj": 0.65169, "sup": 0.0, "lr": 0.0005, "time": 1790980459.85102}
{"type": "train", "epoch": 953, "loss": 0.65077, "obj": 0.65077, "sup": 0.0, "lr": 0.0005, "time": 1790980460.11065}
{"type": "train", "epoch": 954, "loss": 0.64901, "obj": 0.64901, "sup": 0.0, "lr": 0.0005, "time": 1790980460.37088}
{"type": "train", "epoch": 955, "loss": 0.64997, "obj": 0.64997, "sup": 0.0, "lr": 0.0005, "time": 1790980460.63098}
{"type": "train", "epoch": 956, "loss": 0.64871, "obj": 0.64871, "sup": 0.0, "lr": 0.0005, "time": 1790980460.8938}
{"type": "train", "epoch": 957, "loss": 0.64742, "obj": 0.64742, "sup": 0.0, "lr": 0.0005, "time": 1790980461.15599}
{"type": "train", "epoch": 958, "loss": 0.64753, "obj": 0.64753, "sup": 0.0, "lr": 0.0005, "time": 1790980461.41742}
{"type": "train", "epoch": 959, "loss": 0.64707, "obj": 0.64707, "sup": 0.0, "lr": 0.0005, "time": 1790980461.70299}
{"type": "train", "epoch": 960, "loss": 0.64876, "obj": 0.64876, "sup": 0.0, "lr": 0.0005, "time": 1790980462.01498}
{"type": "train", "epoch": 961, "loss": 0.64694, "obj": 0.64694, "sup": 0.0, "lr": 0.0005, "time": 1790980462.33308}
{"type": "train", "epoch": 962, "loss": 0.64623, "obj": 0.64623, "sup": 0.0, "lr": 0.0005, "time": 1790980462.66126}
{"type": "train", "epoch": 963, "loss": 0.64585, "obj": 0.64585, "sup": 0.0, "lr": 0.0005, "time": 1790980462.94893}
{"type": "train", "epoch": 964, "loss": 0.64963, "obj": 0.64963, "sup": 0.0, "lr": 0.0005, "time": 1790980463.24502}
{"type": "train", "epoch": 965, "loss": 0.64805, "obj": 0.64805, "sup": 0.0, "lr": 0.0005, "time": 1790980463.51242}
{"type": "train", "epoch": 966, "loss": 0.64859, "obj": 0.64859, "sup": 0.0, "lr": 0.0005, "time": 1790980463.79652}
{"type": "train", "epoch": 967, "loss": 0.64748, "obj": 0.64748, "sup": 0.0, "lr": 0.0005, "time": 1790980464.10295}
{"type": "train", "epoch": 968, "loss": 0.64333, "obj": 0.64333, "sup": 0.0, "lr": 0.0005, "time": 1790980464.38949}
{"type": "train", "epoch": 969, "loss": 0.64431, "obj": 0.64431, "sup": 0.0, "lr": 0.0005, "time": 1790980464.70294}
{"type": "train", "epoch": 970, "loss": 0.64561, "obj": 0.64561, "sup": 0.0, "lr": 0.0005, "time": 1790980464.9712}
{"type": "train", "epoch": 971, "loss": 0.64375, "obj": 0.64375, "sup": 0.0, "lr": 0.0005, "time": 1790980465.23573}
{"type": "train", "epoch": 972, "loss": 0.64331, "obj": 0.64331, "sup": 0.0, "lr": 0.0005, "time": 1790980465.4961}
{"type": "train", "epoch": 973, "loss": 0.64264, "obj": 0.64264, "sup": 0.0, "lr": 0.0005, "time": 1790980465.80142}
{"type": "train", "epoch": 974, "loss": 0.6423, "obj": 0.6423, "sup": 0.0, "lr": 0.0005, "time": 1790980466.07298}
{"type": "train", "epoch": 975, "loss": 0.64265, "obj": 0.64265, "sup": 0.0, "lr": 0.0005, "time": 1790980466.33416}
{"type": "train", "epoch": 976, "loss": 0.63941, "obj": 0.63941, "sup": 0.0, "lr": 0.0005, "time": 1790980466.59937}
{"type": "train", "epoch": 977, "loss": 0.64351, "obj": 0.64351, "sup": 0.0, "lr": 0.0005, "time": 1790980466.86113}
{"type": "train", "epoch": 978, "loss": 0.64262, "obj": 0.64262, "sup": 0.0, "lr": 0.0005, "time": 1790980467.12229}
{"type": "train", "epoch": 979, "loss": 0.64179, "obj": 0.64179, "sup": 0.0, "lr": 0.0005, "time": 1790980467.3849}
{"type": "train", "epoch": 980, "loss": 0.64026, "obj": 0.64026, "sup": 0.0, "lr": 0.0005, "time": 1790980467.64831}
{"type": "train", "epoch": 981, "loss": 0.64045, "obj": 0.64045, "sup": 0.0, "lr": 0.0005, "time": 1790980467.90901}
{"type": "train", "epoch": 982, "loss": 0.64371, "obj": 0.64371, "sup": 0.0, "lr": 0.0005, "time": 1790980468.17066}
{"type": "train", "epoch": 983, "loss": 0.63795, "obj": 0.63795, "sup": 0.0, "lr": 0.0005, "time": 1790980468.43309}
{"type": "train", "epoch": 984, "loss": 0.63905, "obj": 0.63905, "sup": 0.0, "lr": 0.0005, "time": 1790980468.69398}
{"type": "train", "epoch": 985, "loss": 0.64005, "obj": 0.64005, "sup": 0.0, "lr": 0.0005, "time": 1790980468.95479}
{"type": "train", "epoch": 986, "loss": 0.64011, "obj": 0.64011, "sup": 0.0, "lr": 0.0005, "time": 1790980469.21588}
{"type": "train", "epoch": 987, "loss": 0.63656, "obj": 0.63656, "sup": 0.0, "lr": 0.0005, "time": 1790980469.47675}
{"type": "train", "epoch": 988, "loss": 0.63667, "obj": 0.63667, "sup": 0.0, "lr": 0.0005, "time": 1790980469.73932}
{"type": "train", "epoch": 989, "loss": 0.6367, "obj": 0.6367, "sup": 0.0, "lr": 0.0005, "time": 1790980470.00018}
{"type": "train", "epoch": 990, "loss": 0.63397, "obj": 0.63397, "sup": 0.0, "lr": 0.0005, "time": 1790980470.26109}
{"type": "train", "epoch": 991, "loss": 0.63498, "obj": 0.63498, "sup": 0.0, "lr": 0.0005, "time": 1790980470.52138}
{"type": "train", "epoch": 992, "loss": 0.63199, "obj": 0.63199, "sup": 0.0, "lr": 0.0005, "time": 1790980470.78156}
{"type": "train", "epoch": 993, "loss": 0.63199, "obj": 0.63199, "sup": 0.0, "lr": 0.0005, "time": 1790980471.04127}
{"type": "train", "epoch": 994, "loss": 0.64027, "obj": 0.64027, "sup": 0.0, "lr": 0.0005, "time": 1790980471.31404}
{"type": "train", "epoch": 995, "loss": 0.65212, "obj": 0.65212, "sup": 0.0, "lr": 0.0005, "time": 1790980471.57531}
{"type": "train", "epoch": 996, "loss": 0.65875, "obj": 0.65875, "sup": 0.0, "lr": 0.0005, "time": 1790980471.84868}
{"type": "train", "epoch": 997, "loss": 0.6451, "obj": 0.6451, "sup": 0.0, "lr": 0.0005, "time": 1790980472.11013}
{"type": "train", "epoch": 998, "loss": 0.64232, "obj": 0.64232, "sup": 0.0, "lr": 0.0005, "time": 1790980472.37055}
{"type": "train", "epoch": 999, "loss": 0.64184, "obj": 0.64184, "sup": 0.0, "lr": 0.0005, "time": 1790980472.6594}
{"type": "train", "epoch": 1000, "loss": 0.6397, "obj": 0.6397, "sup": 0.0, "lr": 0.0005, "time": 1790980473.81817, "train_resid_median": 0.8034, "train_resid_mean": 0.79567, "train_imag_median": 0.04921, "train_obj_median": 0.6493, "train_u_loss_to_label_median": 0.67699, "val_resid_median": 0.83562, "val_resid_mean": 0.82911, "val_imag_median": 0.05521, "val_obj_median": 0.70258, "val_u_loss_to_label_median": 0.70974}
{"type": "train", "epoch": 1001, "loss": 0.63717, "obj": 0.63717, "sup": 0.0, "lr": 0.0005, "time": 1790980474.11895}
{"type": "train", "epoch": 1002, "loss": 0.64583, "obj": 0.64583, "sup": 0.0, "lr": 0.0005, "time": 1790980474.39949}
{"type": "train", "epoch": 1003, "loss": 0.65195, "obj": 0.65195, "sup": 0.0, "lr": 0.0005, "time": 1790980474.74704}
{"type": "train", "epoch": 1004, "loss": 0.64217, "obj": 0.64217, "sup": 0.0, "lr": 0.0005, "time": 1790980475.02295}
{"type": "train", "epoch": 1005, "loss": 0.64114, "obj": 0.64114, "sup": 0.0, "lr": 0.0005, "time": 1790980475.32127}
{"type": "train", "epoch": 1006, "loss": 0.6387, "obj": 0.6387, "sup": 0.0, "lr": 0.0005, "time": 1790980475.62921}
{"type": "train", "epoch": 1007, "loss": 0.63143, "obj": 0.63143, "sup": 0.0, "lr": 0.0005, "time": 1790980475.95096}
{"type": "train", "epoch": 1008, "loss": 0.63217, "obj": 0.63217, "sup": 0.0, "lr": 0.0005, "time": 1790980476.26766}
{"type": "train", "epoch": 1009, "loss": 0.63139, "obj": 0.63139, "sup": 0.0, "lr": 0.0005, "time": 1790980476.55494}
{"type": "train", "epoch": 1010, "loss": 0.63296, "obj": 0.63296, "sup": 0.0, "lr": 0.0005, "time": 1790980476.84294}
{"type": "train", "epoch": 1011, "loss": 0.62982, "obj": 0.62982, "sup": 0.0, "lr": 0.0005, "time": 1790980477.14863}
{"type": "train", "epoch": 1012, "loss": 0.62791, "obj": 0.62791, "sup": 0.0, "lr": 0.0005, "time": 1790980477.44295}
{"type": "train", "epoch": 1013, "loss": 0.62863, "obj": 0.62863, "sup": 0.0, "lr": 0.0005, "time": 1790980477.76695}
{"type": "train", "epoch": 1014, "loss": 0.624, "obj": 0.624, "sup": 0.0, "lr": 0.0005, "time": 1790980478.05893}
{"type": "train", "epoch": 1015, "loss": 0.62388, "obj": 0.62388, "sup": 0.0, "lr": 0.0005, "time": 1790980478.35763}
{"type": "train", "epoch": 1016, "loss": 0.62376, "obj": 0.62376, "sup": 0.0, "lr": 0.0005, "time": 1790980478.65123}
{"type": "train", "epoch": 1017, "loss": 0.62397, "obj": 0.62397, "sup": 0.0, "lr": 0.0005, "time": 1790980478.92939}
{"type": "train", "epoch": 1018, "loss": 0.62489, "obj": 0.62489, "sup": 0.0, "lr": 0.0005, "time": 1790980479.22567}
{"type": "train", "epoch": 1019, "loss": 0.63245, "obj": 0.63245, "sup": 0.0, "lr": 0.0005, "time": 1790980479.52838}
{"type": "train", "epoch": 1020, "loss": 0.63804, "obj": 0.63804, "sup": 0.0, "lr": 0.0005, "time": 1790980479.78792}
{"type": "train", "epoch": 1021, "loss": 0.6469, "obj": 0.6469, "sup": 0.0, "lr": 0.0005, "time": 1790980480.04753}
{"type": "train", "epoch": 1022, "loss": 0.65155, "obj": 0.65155, "sup": 0.0, "lr": 0.0005, "time": 1790980480.30707}
{"type": "train", "epoch": 1023, "loss": 0.64555, "obj": 0.64555, "sup": 0.0, "lr": 0.0005, "time": 1790980480.56654}
{"type": "train", "epoch": 1024, "loss": 0.66004, "obj": 0.66004, "sup": 0.0, "lr": 0.0005, "time": 1790980480.82634}
{"type": "train", "epoch": 1025, "loss": 0.65084, "obj": 0.65084, "sup": 0.0, "lr": 0.0005, "time": 1790980481.08636}
{"type": "train", "epoch": 1026, "loss": 0.64913, "obj": 0.64913, "sup": 0.0, "lr": 0.0005, "time": 1790980481.34691}
{"type": "train", "epoch": 1027, "loss": 0.64319, "obj": 0.64319, "sup": 0.0, "lr": 0.0005, "time": 1790980481.64161}
{"type": "train", "epoch": 1028, "loss": 0.6389, "obj": 0.6389, "sup": 0.0, "lr": 0.0005, "time": 1790980481.94106}
{"type": "train", "epoch": 1029, "loss": 0.63422, "obj": 0.63422, "sup": 0.0, "lr": 0.0005, "time": 1790980482.20146}
{"type": "train", "epoch": 1030, "loss": 0.6348, "obj": 0.6348, "sup": 0.0, "lr": 0.0005, "time": 1790980482.46111}
{"type": "train", "epoch": 1031, "loss": 0.63221, "obj": 0.63221, "sup": 0.0, "lr": 0.0005, "time": 1790980482.72061}
{"type": "train", "epoch": 1032, "loss": 0.64335, "obj": 0.64335, "sup": 0.0, "lr": 0.0005, "time": 1790980482.98066}
{"type": "train", "epoch": 1033, "loss": 0.63711, "obj": 0.63711, "sup": 0.0, "lr": 0.0005, "time": 1790980483.24082}
{"type": "train", "epoch": 1034, "loss": 0.62925, "obj": 0.62925, "sup": 0.0, "lr": 0.0005, "time": 1790980483.50068}
{"type": "train", "epoch": 1035, "loss": 0.62646, "obj": 0.62646, "sup": 0.0, "lr": 0.0005, "time": 1790980483.76068}
{"type": "train", "epoch": 1036, "loss": 0.62595, "obj": 0.62595, "sup": 0.0, "lr": 0.0005, "time": 1790980484.02201}
{"type": "train", "epoch": 1037, "loss": 0.61918, "obj": 0.61918, "sup": 0.0, "lr": 0.0005, "time": 1790980484.2826}
{"type": "train", "epoch": 1038, "loss": 0.61973, "obj": 0.61973, "sup": 0.0, "lr": 0.0005, "time": 1790980484.54302}
{"type": "train", "epoch": 1039, "loss": 0.61817, "obj": 0.61817, "sup": 0.0, "lr": 0.0005, "time": 1790980484.83407}
{"type": "train", "epoch": 1040, "loss": 0.61936, "obj": 0.61936, "sup": 0.0, "lr": 0.0005, "time": 1790980485.13118}
{"type": "train", "epoch": 1041, "loss": 0.61884, "obj": 0.61884, "sup": 0.0, "lr": 0.0005, "time": 1790980485.40892}
{"type": "train", "epoch": 1042, "loss": 0.62389, "obj": 0.62389, "sup": 0.0, "lr": 0.0005, "time": 1790980485.71013}
{"type": "train", "epoch": 1043, "loss": 0.62379, "obj": 0.62379, "sup": 0.0, "lr": 0.0005, "time": 1790980486.01108}
{"type": "train", "epoch": 1044, "loss": 0.63357, "obj": 0.63357, "sup": 0.0, "lr": 0.0005, "time": 1790980486.30294}
{"type": "train", "epoch": 1045, "loss": 0.64393, "obj": 0.64393, "sup": 0.0, "lr": 0.0005, "time": 1790980486.57648}
{"type": "train", "epoch": 1046, "loss": 0.62199, "obj": 0.62199, "sup": 0.0, "lr": 0.0005, "time": 1790980486.86693}
{"type": "train", "epoch": 1047, "loss": 0.61698, "obj": 0.61698, "sup": 0.0, "lr": 0.0005, "time": 1790980487.17499}
{"type": "train", "epoch": 1048, "loss": 0.61486, "obj": 0.61486, "sup": 0.0, "lr": 0.0005, "time": 1790980487.45659}
{"type": "train", "epoch": 1049, "loss": 0.61337, "obj": 0.61337, "sup": 0.0, "lr": 0.0005, "time": 1790980487.74678}
{"type": "train", "epoch": 1050, "loss": 0.6265, "obj": 0.6265, "sup": 0.0, "lr": 0.0005, "time": 1790980488.95704, "train_resid_median": 0.78294, "train_resid_mean": 0.78073, "train_imag_median": 0.04467, "train_obj_median": 0.61883, "train_u_loss_to_label_median": 0.67487, "val_resid_median": 0.84896, "val_resid_mean": 0.8388, "val_imag_median": 0.04768, "val_obj_median": 0.7278, "val_u_loss_to_label_median": 0.69715}
{"type": "train", "epoch": 1051, "loss": 0.61759, "obj": 0.61759, "sup": 0.0, "lr": 0.0005, "time": 1790980489.26574}
{"type": "train", "epoch": 1052, "loss": 0.61323, "obj": 0.61323, "sup": 0.0, "lr": 0.0005, "time": 1790980489.552}
{"type": "train", "epoch": 1053, "loss": 0.61494, "obj": 0.61494, "sup": 0.0, "lr": 0.0005, "time": 1790980489.83616}
{"type": "train", "epoch": 1054, "loss": 0.61948, "obj": 0.61948, "sup": 0.0, "lr": 0.0005, "time": 1790980490.14696}
{"type": "train", "epoch": 1055, "loss": 0.61477, "obj": 0.61477, "sup": 0.0, "lr": 0.0005, "time": 1790980490.45896}
{"type": "train", "epoch": 1056, "loss": 0.61765, "obj": 0.61765, "sup": 0.0, "lr": 0.0005, "time": 1790980490.77898}
{"type": "train", "epoch": 1057, "loss": 0.61738, "obj": 0.61738, "sup": 0.0, "lr": 0.0005, "time": 1790980491.10765}
{"type": "train", "epoch": 1058, "loss": 0.61342, "obj": 0.61342, "sup": 0.0, "lr": 0.0005, "time": 1790980491.39097}
{"type": "train", "epoch": 1059, "loss": 0.60813, "obj": 0.60813, "sup": 0.0, "lr": 0.0005, "time": 1790980491.71864}
{"type": "train", "epoch": 1060, "loss": 0.60907, "obj": 0.60907, "sup": 0.0, "lr": 0.0005, "time": 1790980492.01038}
{"type": "train", "epoch": 1061, "loss": 0.60747, "obj": 0.60747, "sup": 0.0, "lr": 0.0005, "time": 1790980492.30695}
{"type": "train", "epoch": 1062, "loss": 0.60513, "obj": 0.60513, "sup": 0.0, "lr": 0.0005, "time": 1790980492.5889}
{"type": "train", "epoch": 1063, "loss": 0.60563, "obj": 0.60563, "sup": 0.0, "lr": 0.0005, "time": 1790980492.88435}
{"type": "train", "epoch": 1064, "loss": 0.60741, "obj": 0.60741, "sup": 0.0, "lr": 0.0005, "time": 1790980493.1813}
{"type": "train", "epoch": 1065, "loss": 0.6036, "obj": 0.6036, "sup": 0.0, "lr": 0.0005, "time": 1790980493.51373}
{"type": "train", "epoch": 1066, "loss": 0.60522, "obj": 0.60522, "sup": 0.0, "lr": 0.0005, "time": 1790980493.83386}
{"type": "train", "epoch": 1067, "loss": 0.61331, "obj": 0.61331, "sup": 0.0, "lr": 0.0005, "time": 1790980494.14296}
{"type": "train", "epoch": 1068, "loss": 0.61247, "obj": 0.61247, "sup": 0.0, "lr": 0.0005, "time": 1790980494.45494}
{"type": "train", "epoch": 1069, "loss": 0.6072, "obj": 0.6072, "sup": 0.0, "lr": 0.0005, "time": 1790980494.76699}
{"type": "train", "epoch": 1070, "loss": 0.60262, "obj": 0.60262, "sup": 0.0, "lr": 0.0005, "time": 1790980495.04835}
{"type": "train", "epoch": 1071, "loss": 0.60159, "obj": 0.60159, "sup": 0.0, "lr": 0.0005, "time": 1790980495.36385}
{"type": "train", "epoch": 1072, "loss": 0.61189, "obj": 0.61189, "sup": 0.0, "lr": 0.0005, "time": 1790980495.65943}
{"type": "train", "epoch": 1073, "loss": 0.607, "obj": 0.607, "sup": 0.0, "lr": 0.0005, "time": 1790980495.96293}
{"type": "train", "epoch": 1074, "loss": 0.60776, "obj": 0.60776, "sup": 0.0, "lr": 0.0005, "time": 1790980496.26941}
{"type": "train", "epoch": 1075, "loss": 0.59877, "obj": 0.59877, "sup": 0.0, "lr": 0.0005, "time": 1790980496.58703}
{"type": "train", "epoch": 1076, "loss": 0.59906, "obj": 0.59906, "sup": 0.0, "lr": 0.0005, "time": 1790980496.89298}
{"type": "train", "epoch": 1077, "loss": 0.59687, "obj": 0.59687, "sup": 0.0, "lr": 0.0005, "time": 1790980497.17029}
{"type": "train", "epoch": 1078, "loss": 0.59037, "obj": 0.59037, "sup": 0.0, "lr": 0.0005, "time": 1790980497.43898}
{"type": "train", "epoch": 1079, "loss": 0.58985, "obj": 0.58985, "sup": 0.0, "lr": 0.0005, "time": 1790980497.74227}
{"type": "train", "epoch": 1080, "loss": 0.58649, "obj": 0.58649, "sup": 0.0, "lr": 0.0005, "time": 1790980498.05316}
{"type": "train", "epoch": 1081, "loss": 0.58627, "obj": 0.58627, "sup": 0.0, "lr": 0.0005, "time": 1790980498.33514}
{"type": "train", "epoch": 1082, "loss": 0.58696, "obj": 0.58696, "sup": 0.0, "lr": 0.0005, "time": 1790980498.62522}
{"type": "train", "epoch": 1083, "loss": 0.58589, "obj": 0.58589, "sup": 0.0, "lr": 0.0005, "time": 1790980498.92175}
{"type": "train", "epoch": 1084, "loss": 0.58433, "obj": 0.58433, "sup": 0.0, "lr": 0.0005, "time": 1790980499.23427}
{"type": "train", "epoch": 1085, "loss": 0.58333, "obj": 0.58333, "sup": 0.0, "lr": 0.0005, "time": 1790980499.52691}
{"type": "train", "epoch": 1086, "loss": 0.58357, "obj": 0.58357, "sup": 0.0, "lr": 0.0005, "time": 1790980499.79636}
{"type": "train", "epoch": 1087, "loss": 0.58592, "obj": 0.58592, "sup": 0.0, "lr": 0.0005, "time": 1790980500.05567}
{"type": "train", "epoch": 1088, "loss": 0.6168, "obj": 0.6168, "sup": 0.0, "lr": 0.0005, "time": 1790980500.35245}
{"type": "train", "epoch": 1089, "loss": 0.5982, "obj": 0.5982, "sup": 0.0, "lr": 0.0005, "time": 1790980500.63173}
{"type": "train", "epoch": 1090, "loss": 0.5916, "obj": 0.5916, "sup": 0.0, "lr": 0.0005, "time": 1790980500.89155}
{"type": "train", "epoch": 1091, "loss": 0.59033, "obj": 0.59033, "sup": 0.0, "lr": 0.0005, "time": 1790980501.15112}
{"type": "train", "epoch": 1092, "loss": 0.59232, "obj": 0.59232, "sup": 0.0, "lr": 0.0005, "time": 1790980501.41097}
{"type": "train", "epoch": 1093, "loss": 0.58716, "obj": 0.58716, "sup": 0.0, "lr": 0.0005, "time": 1790980501.67058}
{"type": "train", "epoch": 1094, "loss": 0.58452, "obj": 0.58452, "sup": 0.0, "lr": 0.0005, "time": 1790980501.94344}
{"type": "train", "epoch": 1095, "loss": 0.57945, "obj": 0.57945, "sup": 0.0, "lr": 0.0005, "time": 1790980502.203}
{"type": "train", "epoch": 1096, "loss": 0.57539, "obj": 0.57539, "sup": 0.0, "lr": 0.0005, "time": 1790980502.46238}
{"type": "train", "epoch": 1097, "loss": 0.57293, "obj": 0.57293, "sup": 0.0, "lr": 0.0005, "time": 1790980502.72221}
{"type": "train", "epoch": 1098, "loss": 0.57025, "obj": 0.57025, "sup": 0.0, "lr": 0.0005, "time": 1790980502.98782}
{"type": "train", "epoch": 1099, "loss": 0.57411, "obj": 0.57411, "sup": 0.0, "lr": 0.0005, "time": 1790980503.24743}
{"type": "train", "epoch": 1100, "loss": 0.57798, "obj": 0.57798, "sup": 0.0, "lr": 0.0005, "time": 1790980504.35632, "train_resid_median": 0.75057, "train_resid_mean": 0.74895, "train_imag_median": 0.05097, "train_obj_median": 0.5707, "train_u_loss_to_label_median": 0.67947, "val_resid_median": 0.85974, "val_resid_mean": 0.85153, "val_imag_median": 0.05415, "val_obj_median": 0.74838, "val_u_loss_to_label_median": 0.70401}
{"type": "train", "epoch": 1101, "loss": 0.58279, "obj": 0.58279, "sup": 0.0, "lr": 0.0005, "time": 1790980504.617}
{"type": "train", "epoch": 1102, "loss": 0.59204, "obj": 0.59204, "sup": 0.0, "lr": 0.0005, "time": 1790980504.87724}
{"type": "train", "epoch": 1103, "loss": 0.59763, "obj": 0.59763, "sup": 0.0, "lr": 0.0005, "time": 1790980505.1392}
{"type": "train", "epoch": 1104, "loss": 0.58904, "obj": 0.58904, "sup": 0.0, "lr": 0.0005, "time": 1790980505.40072}
{"type": "train", "epoch": 1105, "loss": 0.59853, "obj": 0.59853, "sup": 0.0, "lr": 0.0005, "time": 1790980505.66081}
{"type": "train", "epoch": 1106, "loss": 0.59978, "obj": 0.59978, "sup": 0.0, "lr": 0.0005, "time": 1790980505.92066}
{"type": "train", "epoch": 1107, "loss": 0.59266, "obj": 0.59266, "sup": 0.0, "lr": 0.0005, "time": 1790980506.18169}
{"type": "train", "epoch": 1108, "loss": 0.5966, "obj": 0.5966, "sup": 0.0, "lr": 0.0005, "time": 1790980506.44194}
{"type": "train", "epoch": 1109, "loss": 0.59828, "obj": 0.59828, "sup": 0.0, "lr": 0.0005, "time": 1790980506.70129}
{"type": "train", "epoch": 1110, "loss": 0.58749, "obj": 0.58749, "sup": 0.0, "lr": 0.0005, "time": 1790980506.96037}
{"type": "train", "epoch": 1111, "loss": 0.58342, "obj": 0.58342, "sup": 0.0, "lr": 0.0005, "time": 1790980507.22089}
{"type": "train", "epoch": 1112, "loss": 0.57717, "obj": 0.57717, "sup": 0.0, "lr": 0.0005, "time": 1790980507.48022}
{"type": "train", "epoch": 1113, "loss": 0.5743, "obj": 0.5743, "sup": 0.0, "lr": 0.0005, "time": 1790980507.74002}
{"type": "train", "epoch": 1114, "loss": 0.57276, "obj": 0.57276, "sup": 0.0, "lr": 0.0005, "time": 1790980508.00027}
{"type": "train", "epoch": 1115, "loss": 0.56325, "obj": 0.56325, "sup": 0.0, "lr": 0.0005, "time": 1790980508.26034}
{"type": "train", "epoch": 1116, "loss": 0.56282, "obj": 0.56282, "sup": 0.0, "lr": 0.0005, "time": 1790980508.52033}
{"type": "train", "epoch": 1117, "loss": 0.56109, "obj": 0.56109, "sup": 0.0, "lr": 0.0005, "time": 1790980508.78006}
{"type": "train", "epoch": 1118, "loss": 0.55967, "obj": 0.55967, "sup": 0.0, "lr": 0.0005, "time": 1790980509.04759}
{"type": "train", "epoch": 1119, "loss": 0.56095, "obj": 0.56095, "sup": 0.0, "lr": 0.0005, "time": 1790980509.3494}
{"type": "train", "epoch": 1120, "loss": 0.57348, "obj": 0.57348, "sup": 0.0, "lr": 0.0005, "time": 1790980509.65951}
{"type": "train", "epoch": 1121, "loss": 0.57229, "obj": 0.57229, "sup": 0.0, "lr": 0.0005, "time": 1790980509.96114}
{"type": "train", "epoch": 1122, "loss": 0.56554, "obj": 0.56554, "sup": 0.0, "lr": 0.0005, "time": 1790980510.28311}
{"type": "train", "epoch": 1123, "loss": 0.56308, "obj": 0.56308, "sup": 0.0, "lr": 0.0005, "time": 1790980510.58702}
{"type": "train", "epoch": 1124, "loss": 0.55661, "obj": 0.55661, "sup": 0.0, "lr": 0.0005, "time": 1790980510.89495}
{"type": "train", "epoch": 1125, "loss": 0.55823, "obj": 0.55823, "sup": 0.0, "lr": 0.0005, "time": 1790980511.21363}
{"type": "train", "epoch": 1126, "loss": 0.55869, "obj": 0.55869, "sup": 0.0, "lr": 0.0005, "time": 1790980511.52785}
{"type": "train", "epoch": 1127, "loss": 0.55955, "obj": 0.55955, "sup": 0.0, "lr": 0.0005, "time": 1790980511.81723}
{"type": "train", "epoch": 1128, "loss": 0.55547, "obj": 0.55547, "sup": 0.0, "lr": 0.0005, "time": 1790980512.10695}
{"type": "train", "epoch": 1129, "loss": 0.54849, "obj": 0.54849, "sup": 0.0, "lr": 0.0005, "time": 1790980512.37495}
{"type": "train", "epoch": 1130, "loss": 0.54949, "obj": 0.54949, "sup": 0.0, "lr": 0.0005, "time": 1790980512.68703}
{"type": "train", "epoch": 1131, "loss": 0.54626, "obj": 0.54626, "sup": 0.0, "lr": 0.0005, "time": 1790980512.97124}
{"type": "train", "epoch": 1132, "loss": 0.54799, "obj": 0.54799, "sup": 0.0, "lr": 0.0005, "time": 1790980513.27699}
{"type": "train", "epoch": 1133, "loss": 0.54207, "obj": 0.54207, "sup": 0.0, "lr": 0.0005, "time": 1790980513.55689}
{"type": "train", "epoch": 1134, "loss": 0.54037, "obj": 0.54037, "sup": 0.0, "lr": 0.0005, "time": 1790980513.83351}
{"type": "train", "epoch": 1135, "loss": 0.5405, "obj": 0.5405, "sup": 0.0, "lr": 0.0005, "time": 1790980514.13096}
{"type": "train", "epoch": 1136, "loss": 0.54751, "obj": 0.54751, "sup": 0.0, "lr": 0.0005, "time": 1790980514.44585}
{"type": "train", "epoch": 1137, "loss": 0.53824, "obj": 0.53824, "sup": 0.0, "lr": 0.0005, "time": 1790980514.72493}
{"type": "train", "epoch": 1138, "loss": 0.54584, "obj": 0.54584, "sup": 0.0, "lr": 0.0005, "time": 1790980515.02317}
{"type": "train", "epoch": 1139, "loss": 0.53709, "obj": 0.53709, "sup": 0.0, "lr": 0.0005, "time": 1790980515.339}
{"type": "train", "epoch": 1140, "loss": 0.53272, "obj": 0.53272, "sup": 0.0, "lr": 0.0005, "time": 1790980515.65126}
{"type": "train", "epoch": 1141, "loss": 0.53002, "obj": 0.53002, "sup": 0.0, "lr": 0.0005, "time": 1790980515.91124}
{"type": "train", "epoch": 1142, "loss": 0.53454, "obj": 0.53454, "sup": 0.0, "lr": 0.0005, "time": 1790980516.17051}
{"type": "train", "epoch": 1143, "loss": 0.52836, "obj": 0.52836, "sup": 0.0, "lr": 0.0005, "time": 1790980516.43004}
{"type": "train", "epoch": 1144, "loss": 0.52509, "obj": 0.52509, "sup": 0.0, "lr": 0.0005, "time": 1790980516.68982}
{"type": "train", "epoch": 1145, "loss": 0.52715, "obj": 0.52715, "sup": 0.0, "lr": 0.0005, "time": 1790980516.94945}
{"type": "train", "epoch": 1146, "loss": 0.52486, "obj": 0.52486, "sup": 0.0, "lr": 0.0005, "time": 1790980517.20855}
{"type": "train", "epoch": 1147, "loss": 0.52368, "obj": 0.52368, "sup": 0.0, "lr": 0.0005, "time": 1790980517.46826}
{"type": "train", "epoch": 1148, "loss": 0.52165, "obj": 0.52165, "sup": 0.0, "lr": 0.0005, "time": 1790980517.7279}
{"type": "train", "epoch": 1149, "loss": 0.51808, "obj": 0.51808, "sup": 0.0, "lr": 0.0005, "time": 1790980517.98766}
{"type": "train", "epoch": 1150, "loss": 0.51628, "obj": 0.51628, "sup": 0.0, "lr": 0.0005, "time": 1790980519.10936, "train_resid_median": 0.68952, "train_resid_mean": 0.70029, "train_imag_median": 0.06073, "train_obj_median": 0.49488, "train_u_loss_to_label_median": 0.67601, "val_resid_median": 0.87839, "val_resid_mean": 0.87018, "val_imag_median": 0.0666, "val_obj_median": 0.78372, "val_u_loss_to_label_median": 0.71715}
{"type": "train", "epoch": 1151, "loss": 0.51312, "obj": 0.51312, "sup": 0.0, "lr": 0.0005, "time": 1790980519.39897}
{"type": "train", "epoch": 1152, "loss": 0.51735, "obj": 0.51735, "sup": 0.0, "lr": 0.0005, "time": 1790980519.70293}
{"type": "train", "epoch": 1153, "loss": 0.51156, "obj": 0.51156, "sup": 0.0, "lr": 0.0005, "time": 1790980520.01254}
{"type": "train", "epoch": 1154, "loss": 0.50787, "obj": 0.50787, "sup": 0.0, "lr": 0.0005, "time": 1790980520.32294}
{"type": "train", "epoch": 1155, "loss": 0.51276, "obj": 0.51276, "sup": 0.0, "lr": 0.0005, "time": 1790980520.6045}
{"type": "train", "epoch": 1156, "loss": 0.52465, "obj": 0.52465, "sup": 0.0, "lr": 0.0005, "time": 1790980520.88308}
{"type": "train", "epoch": 1157, "loss": 0.51787, "obj": 0.51787, "sup": 0.0, "lr": 0.0005, "time": 1790980521.20698}
{"type": "train", "epoch": 1158, "loss": 0.51353, "obj": 0.51353, "sup": 0.0, "lr": 0.0005, "time": 1790980521.48781}
{"type": "train", "epoch": 1159, "loss": 0.51299, "obj": 0.51299, "sup": 0.0, "lr": 0.0005, "time": 1790980521.78345}
{"type": "train", "epoch": 1160, "loss": 0.51222, "obj": 0.51222, "sup": 0.0, "lr": 0.0005, "time": 1790980522.09092}
{"type": "train", "epoch": 1161, "loss": 0.51626, "obj": 0.51626, "sup": 0.0, "lr": 0.0005, "time": 1790980522.37894}
{"type": "train", "epoch": 1162, "loss": 0.53015, "obj": 0.53015, "sup": 0.0, "lr": 0.0005, "time": 1790980522.66041}
{"type": "train", "epoch": 1163, "loss": 0.54735, "obj": 0.54735, "sup": 0.0, "lr": 0.0005, "time": 1790980522.95282}
{"type": "train", "epoch": 1164, "loss": 0.54737, "obj": 0.54737, "sup": 0.0, "lr": 0.0005, "time": 1790980523.24498}
{"type": "train", "epoch": 1165, "loss": 0.54392, "obj": 0.54392, "sup": 0.0, "lr": 0.0005, "time": 1790980523.55495}
{"type": "train", "epoch": 1166, "loss": 0.52672, "obj": 0.52672, "sup": 0.0, "lr": 0.0005, "time": 1790980523.83339}
{"type": "train", "epoch": 1167, "loss": 0.52827, "obj": 0.52827, "sup": 0.0, "lr": 0.0005, "time": 1790980524.13676}
{"type": "train", "epoch": 1168, "loss": 0.51912, "obj": 0.51912, "sup": 0.0, "lr": 0.0005, "time": 1790980524.39924}
{"type": "train", "epoch": 1169, "loss": 0.5586, "obj": 0.5586, "sup": 0.0, "lr": 0.0005, "time": 1790980524.66002}
{"type": "train", "epoch": 1170, "loss": 0.536, "obj": 0.536, "sup": 0.0, "lr": 0.0005, "time": 1790980524.92094}
{"type": "train", "epoch": 1171, "loss": 0.52426, "obj": 0.52426, "sup": 0.0, "lr": 0.0005, "time": 1790980525.18183}
{"type": "train", "epoch": 1172, "loss": 0.51598, "obj": 0.51598, "sup": 0.0, "lr": 0.0005, "time": 1790980525.44212}
{"type": "train", "epoch": 1173, "loss": 0.52012, "obj": 0.52012, "sup": 0.0, "lr": 0.0005, "time": 1790980525.70225}
{"type": "train", "epoch": 1174, "loss": 0.51197, "obj": 0.51197, "sup": 0.0, "lr": 0.0005, "time": 1790980525.96233}
{"type": "train", "epoch": 1175, "loss": 0.5044, "obj": 0.5044, "sup": 0.0, "lr": 0.0005, "time": 1790980526.22196}
{"type": "train", "epoch": 1176, "loss": 0.50239, "obj": 0.50239, "sup": 0.0, "lr": 0.0005, "time": 1790980526.48124}
{"type": "train", "epoch": 1177, "loss": 0.49434, "obj": 0.49434, "sup": 0.0, "lr": 0.0005, "time": 1790980526.7406}
{"type": "train", "epoch": 1178, "loss": 0.49762, "obj": 0.49762, "sup": 0.0, "lr": 0.0005, "time": 1790980527.00102}
{"type": "train", "epoch": 1179, "loss": 0.49238, "obj": 0.49238, "sup": 0.0, "lr": 0.0005, "time": 1790980527.26094}
{"type": "train", "epoch": 1180, "loss": 0.48678, "obj": 0.48678, "sup": 0.0, "lr": 0.0005, "time": 1790980527.52116}
{"type": "train", "epoch": 1181, "loss": 0.48547, "obj": 0.48547, "sup": 0.0, "lr": 0.0005, "time": 1790980527.78398}
{"type": "train", "epoch": 1182, "loss": 0.48133, "obj": 0.48133, "sup": 0.0, "lr": 0.0005, "time": 1790980528.04454}
{"type": "train", "epoch": 1183, "loss": 0.4783, "obj": 0.4783, "sup": 0.0, "lr": 0.0005, "time": 1790980528.30433}
{"type": "train", "epoch": 1184, "loss": 0.48016, "obj": 0.48016, "sup": 0.0, "lr": 0.0005, "time": 1790980528.56411}
{"type": "train", "epoch": 1185, "loss": 0.4758, "obj": 0.4758, "sup": 0.0, "lr": 0.0005, "time": 1790980528.82361}
{"type": "train", "epoch": 1186, "loss": 0.48324, "obj": 0.48324, "sup": 0.0, "lr": 0.0005, "time": 1790980529.08279}
{"type": "train", "epoch": 1187, "loss": 0.50094, "obj": 0.50094, "sup": 0.0, "lr": 0.0005, "time": 1790980529.34254}
{"type": "train", "epoch": 1188, "loss": 0.49354, "obj": 0.49354, "sup": 0.0, "lr": 0.0005, "time": 1790980529.63104}
{"type": "train", "epoch": 1189, "loss": 0.49184, "obj": 0.49184, "sup": 0.0, "lr": 0.0005, "time": 1790980529.93714}
{"type": "train", "epoch": 1190, "loss": 0.48119, "obj": 0.48119, "sup": 0.0, "lr": 0.0005, "time": 1790980530.22653}
{"type": "train", "epoch": 1191, "loss": 0.48864, "obj": 0.48864, "sup": 0.0, "lr": 0.0005, "time": 1790980530.52297}
{"type": "train", "epoch": 1192, "loss": 0.49609, "obj": 0.49609, "sup": 0.0, "lr": 0.0005, "time": 1790980530.83494}
{"type": "train", "epoch": 1193, "loss": 0.49612, "obj": 0.49612, "sup": 0.0, "lr": 0.0005, "time": 1790980531.14033}
{"type": "train", "epoch": 1194, "loss": 0.49175, "obj": 0.49175, "sup": 0.0, "lr": 0.0005, "time": 1790980531.41356}
{"type": "train", "epoch": 1195, "loss": 0.48948, "obj": 0.48948, "sup": 0.0, "lr": 0.0005, "time": 1790980531.67378}
{"type": "train", "epoch": 1196, "loss": 0.49475, "obj": 0.49475, "sup": 0.0, "lr": 0.0005, "time": 1790980531.93691}
{"type": "train", "epoch": 1197, "loss": 0.50205, "obj": 0.50205, "sup": 0.0, "lr": 0.0005, "time": 1790980532.24185}
{"type": "train", "epoch": 1198, "loss": 0.49158, "obj": 0.49158, "sup": 0.0, "lr": 0.0005, "time": 1790980532.52235}
{"type": "train", "epoch": 1199, "loss": 0.48205, "obj": 0.48205, "sup": 0.0, "lr": 0.0005, "time": 1790980532.88294}
{"type": "train", "epoch": 1200, "loss": 0.47847, "obj": 0.47847, "sup": 0.0, "lr": 0.0005, "time": 1790980534.15648, "train_resid_median": 0.66813, "train_resid_mean": 0.68325, "train_imag_median": 0.07497, "train_obj_median": 0.47405, "train_u_loss_to_label_median": 0.68112, "val_resid_median": 0.90175, "val_resid_mean": 0.88807, "val_imag_median": 0.07908, "val_obj_median": 0.83164, "val_u_loss_to_label_median": 0.72588}
{"type": "train", "epoch": 1201, "loss": 0.48414, "obj": 0.48414, "sup": 0.0, "lr": 0.0005, "time": 1790980534.43674}
{"type": "train", "epoch": 1202, "loss": 0.48217, "obj": 0.48217, "sup": 0.0, "lr": 0.0005, "time": 1790980534.70822}
{"type": "train", "epoch": 1203, "loss": 0.48379, "obj": 0.48379, "sup": 0.0, "lr": 0.0005, "time": 1790980535.01058}
{"type": "train", "epoch": 1204, "loss": 0.48089, "obj": 0.48089, "sup": 0.0, "lr": 0.0005, "time": 1790980535.28382}
{"type": "train", "epoch": 1205, "loss": 0.49964, "obj": 0.49964, "sup": 0.0, "lr": 0.0005, "time": 1790980535.5545}
{"type": "train", "epoch": 1206, "loss": 0.4783, "obj": 0.4783, "sup": 0.0, "lr": 0.0005, "time": 1790980535.82589}
{"type": "train", "epoch": 1207, "loss": 0.46654, "obj": 0.46654, "sup": 0.0, "lr": 0.0005, "time": 1790980536.09985}
{"type": "train", "epoch": 1208, "loss": 0.45971, "obj": 0.45971, "sup": 0.0, "lr": 0.0005, "time": 1790980536.37324}
{"type": "train", "epoch": 1209, "loss": 0.4583, "obj": 0.4583, "sup": 0.0, "lr": 0.0005, "time": 1790980536.64432}
{"type": "train", "epoch": 1210, "loss": 0.47133, "obj": 0.47133, "sup": 0.0, "lr": 0.0005, "time": 1790980536.9152}
{"type": "train", "epoch": 1211, "loss": 0.46223, "obj": 0.46223, "sup": 0.0, "lr": 0.0005, "time": 1790980537.18618}
{"type": "train", "epoch": 1212, "loss": 0.45719, "obj": 0.45719, "sup": 0.0, "lr": 0.0005, "time": 1790980537.45718}
{"type": "train", "epoch": 1213, "loss": 0.46271, "obj": 0.46271, "sup": 0.0, "lr": 0.0005, "time": 1790980538.01147}
{"type": "train", "epoch": 1214, "loss": 0.45635, "obj": 0.45635, "sup": 0.0, "lr": 0.0005, "time": 1790980538.28578}
{"type": "train", "epoch": 1215, "loss": 0.44757, "obj": 0.44757, "sup": 0.0, "lr": 0.0005, "time": 1790980538.55615}
{"type": "train", "epoch": 1216, "loss": 0.44746, "obj": 0.44746, "sup": 0.0, "lr": 0.0005, "time": 1790980538.82744}
{"type": "train", "epoch": 1217, "loss": 0.44278, "obj": 0.44278, "sup": 0.0, "lr": 0.0005, "time": 1790980539.10006}
{"type": "train", "epoch": 1218, "loss": 0.44166, "obj": 0.44166, "sup": 0.0, "lr": 0.0005, "time": 1790980539.37397}
{"type": "train", "epoch": 1219, "loss": 0.44168, "obj": 0.44168, "sup": 0.0, "lr": 0.0005, "time": 1790980539.65743}
{"type": "train", "epoch": 1220, "loss": 0.44952, "obj": 0.44952, "sup": 0.0, "lr": 0.0005, "time": 1790980539.9317}
{"type": "train", "epoch": 1221, "loss": 0.44298, "obj": 0.44298, "sup": 0.0, "lr": 0.0005, "time": 1790980540.20511}
{"type": "train", "epoch": 1222, "loss": 0.44819, "obj": 0.44819, "sup": 0.0, "lr": 0.0005, "time": 1790980540.47808}
{"type": "train", "epoch": 1223, "loss": 0.45433, "obj": 0.45433, "sup": 0.0, "lr": 0.0005, "time": 1790980540.75106}
{"type": "train", "epoch": 1224, "loss": 0.44616, "obj": 0.44616, "sup": 0.0, "lr": 0.0005, "time": 1790980541.0243}
{"type": "train", "epoch": 1225, "loss": 0.44928, "obj": 0.44928, "sup": 0.0, "lr": 0.0005, "time": 1790980541.29704}
{"type": "train", "epoch": 1226, "loss": 0.44049, "obj": 0.44049, "sup": 0.0, "lr": 0.0005, "time": 1790980541.58323}
{"type": "train", "epoch": 1227, "loss": 0.43681, "obj": 0.43681, "sup": 0.0, "lr": 0.0005, "time": 1790980541.85722}
{"type": "train", "epoch": 1228, "loss": 0.45239, "obj": 0.45239, "sup": 0.0, "lr": 0.0005, "time": 1790980542.15342}
{"type": "train", "epoch": 1229, "loss": 0.46623, "obj": 0.46623, "sup": 0.0, "lr": 0.0005, "time": 1790980542.42661}
{"type": "train", "epoch": 1230, "loss": 0.44801, "obj": 0.44801, "sup": 0.0, "lr": 0.0005, "time": 1790980542.69941}
{"type": "train", "epoch": 1231, "loss": 0.44199, "obj": 0.44199, "sup": 0.0, "lr": 0.0005, "time": 1790980542.97178}
{"type": "train", "epoch": 1232, "loss": 0.44427, "obj": 0.44427, "sup": 0.0, "lr": 0.0005, "time": 1790980543.26298}
{"type": "train", "epoch": 1233, "loss": 0.43851, "obj": 0.43851, "sup": 0.0, "lr": 0.0005, "time": 1790980543.61498}
{"type": "train", "epoch": 1234, "loss": 0.46012, "obj": 0.46012, "sup": 0.0, "lr": 0.0005, "time": 1790980543.95898}
{"type": "train", "epoch": 1235, "loss": 0.44383, "obj": 0.44383, "sup": 0.0, "lr": 0.0005, "time": 1790980544.27497}
{"type": "train", "epoch": 1236, "loss": 0.43374, "obj": 0.43374, "sup": 0.0, "lr": 0.0005, "time": 1790980544.60296}
{"type": "train", "epoch": 1237, "loss": 0.42966, "obj": 0.42966, "sup": 0.0, "lr": 0.0005, "time": 1790980544.91974}
{"type": "train", "epoch": 1238, "loss": 0.43006, "obj": 0.43006, "sup": 0.0, "lr": 0.0005, "time": 1790980545.18009}
{"type": "train", "epoch": 1239, "loss": 0.43756, "obj": 0.43756, "sup": 0.0, "lr": 0.0005, "time": 1790980545.4403}
{"type": "train", "epoch": 1240, "loss": 0.42824, "obj": 0.42824, "sup": 0.0, "lr": 0.0005, "time": 1790980545.70055}
{"type": "train", "epoch": 1241, "loss": 0.43478, "obj": 0.43478, "sup": 0.0, "lr": 0.0005, "time": 1790980545.96733}
{"type": "train", "epoch": 1242, "loss": 0.42363, "obj": 0.42363, "sup": 0.0, "lr": 0.0005, "time": 1790980546.22921}
{"type": "train", "epoch": 1243, "loss": 0.42369, "obj": 0.42369, "sup": 0.0, "lr": 0.0005, "time": 1790980546.48995}
{"type": "train", "epoch": 1244, "loss": 0.41488, "obj": 0.41488, "sup": 0.0, "lr": 0.0005, "time": 1790980546.75248}
{"type": "train", "epoch": 1245, "loss": 0.41275, "obj": 0.41275, "sup": 0.0, "lr": 0.0005, "time": 1790980547.02014}
{"type": "train", "epoch": 1246, "loss": 0.40675, "obj": 0.40675, "sup": 0.0, "lr": 0.0005, "time": 1790980547.2893}
{"type": "train", "epoch": 1247, "loss": 0.41367, "obj": 0.41367, "sup": 0.0, "lr": 0.0005, "time": 1790980547.57815}
{"type": "train", "epoch": 1248, "loss": 0.41444, "obj": 0.41444, "sup": 0.0, "lr": 0.0005, "time": 1790980547.85078}
{"type": "train", "epoch": 1249, "loss": 0.4394, "obj": 0.4394, "sup": 0.0, "lr": 0.0005, "time": 1790980548.1111}
{"type": "train", "epoch": 1250, "loss": 0.4676, "obj": 0.4676, "sup": 0.0, "lr": 0.0005, "time": 1790980549.22212, "train_resid_median": 0.63637, "train_resid_mean": 0.64442, "train_imag_median": 0.07208, "train_obj_median": 0.43434, "train_u_loss_to_label_median": 0.66034, "val_resid_median": 0.91208, "val_resid_mean": 0.90083, "val_imag_median": 0.08447, "val_obj_median": 0.85461, "val_u_loss_to_label_median": 0.72042}
{"type": "train", "epoch": 1251, "loss": 0.48338, "obj": 0.48338, "sup": 0.0, "lr": 0.0005, "time": 1790980549.49093}
{"type": "train", "epoch": 1252, "loss": 0.49951, "obj": 0.49951, "sup": 0.0, "lr": 0.0005, "time": 1790980549.7992}
{"type": "train", "epoch": 1253, "loss": 0.48029, "obj": 0.48029, "sup": 0.0, "lr": 0.0005, "time": 1790980550.10695}
{"type": "train", "epoch": 1254, "loss": 0.45248, "obj": 0.45248, "sup": 0.0, "lr": 0.0005, "time": 1790980550.39896}
{"type": "train", "epoch": 1255, "loss": 0.45322, "obj": 0.45322, "sup": 0.0, "lr": 0.0005, "time": 1790980550.65886}
{"type": "train", "epoch": 1256, "loss": 0.47345, "obj": 0.47345, "sup": 0.0, "lr": 0.0005, "time": 1790980550.91939}
{"type": "train", "epoch": 1257, "loss": 0.44643, "obj": 0.44643, "sup": 0.0, "lr": 0.0005, "time": 1790980551.18795}
{"type": "train", "epoch": 1258, "loss": 0.44956, "obj": 0.44956, "sup": 0.0, "lr": 0.0005, "time": 1790980551.45939}
{"type": "train", "epoch": 1259, "loss": 0.44264, "obj": 0.44264, "sup": 0.0, "lr": 0.0005, "time": 1790980551.72715}
{"type": "train", "epoch": 1260, "loss": 0.42792, "obj": 0.42792, "sup": 0.0, "lr": 0.0005, "time": 1790980552.0366}
{"type": "train", "epoch": 1261, "loss": 0.42141, "obj": 0.42141, "sup": 0.0, "lr": 0.0005, "time": 1790980552.29706}
{"type": "train", "epoch": 1262, "loss": 0.41725, "obj": 0.41725, "sup": 0.0, "lr": 0.0005, "time": 1790980552.55706}
{"type": "train", "epoch": 1263, "loss": 0.41318, "obj": 0.41318, "sup": 0.0, "lr": 0.0005, "time": 1790980552.81714}
{"type": "train", "epoch": 1264, "loss": 0.40588, "obj": 0.40588, "sup": 0.0, "lr": 0.0005, "time": 1790980553.07826}
{"type": "train", "epoch": 1265, "loss": 0.41312, "obj": 0.41312, "sup": 0.0, "lr": 0.0005, "time": 1790980553.35226}
{"type": "train", "epoch": 1266, "loss": 0.40166, "obj": 0.40166, "sup": 0.0, "lr": 0.0005, "time": 1790980553.61252}
{"type": "train", "epoch": 1267, "loss": 0.40594, "obj": 0.40594, "sup": 0.0, "lr": 0.0005, "time": 1790980553.87285}
{"type": "train", "epoch": 1268, "loss": 0.40146, "obj": 0.40146, "sup": 0.0, "lr": 0.0005, "time": 1790980554.13294}
{"type": "train", "epoch": 1269, "loss": 0.3983, "obj": 0.3983, "sup": 0.0, "lr": 0.0005, "time": 1790980554.39318}
{"type": "train", "epoch": 1270, "loss": 0.40413, "obj": 0.40413, "sup": 0.0, "lr": 0.0005, "time": 1790980554.65315}
{"type": "train", "epoch": 1271, "loss": 0.39514, "obj": 0.39514, "sup": 0.0, "lr": 0.0005, "time": 1790980554.91476}
{"type": "train", "epoch": 1272, "loss": 0.39268, "obj": 0.39268, "sup": 0.0, "lr": 0.0005, "time": 1790980555.17504}
{"type": "train", "epoch": 1273, "loss": 0.42404, "obj": 0.42404, "sup": 0.0, "lr": 0.0005, "time": 1790980555.4352}
{"type": "train", "epoch": 1274, "loss": 0.40171, "obj": 0.40171, "sup": 0.0, "lr": 0.0005, "time": 1790980555.69598}
{"type": "train", "epoch": 1275, "loss": 0.41171, "obj": 0.41171, "sup": 0.0, "lr": 0.0005, "time": 1790980555.95703}
{"type": "train", "epoch": 1276, "loss": 0.41387, "obj": 0.41387, "sup": 0.0, "lr": 0.0005, "time": 1790980556.21765}
{"type": "train", "epoch": 1277, "loss": 0.40392, "obj": 0.40392, "sup": 0.0, "lr": 0.0005, "time": 1790980556.47875}
{"type": "train", "epoch": 1278, "loss": 0.40364, "obj": 0.40364, "sup": 0.0, "lr": 0.0005, "time": 1790980556.73968}
{"type": "train", "epoch": 1279, "loss": 0.39939, "obj": 0.39939, "sup": 0.0, "lr": 0.0005, "time": 1790980557.01534}
{"type": "train", "epoch": 1280, "loss": 0.39732, "obj": 0.39732, "sup": 0.0, "lr": 0.0005, "time": 1790980557.31888}
{"type": "train", "epoch": 1281, "loss": 0.40162, "obj": 0.40162, "sup": 0.0, "lr": 0.0005, "time": 1790980557.61094}
{"type": "train", "epoch": 1282, "loss": 0.39698, "obj": 0.39698, "sup": 0.0, "lr": 0.0005, "time": 1790980557.89235}
{"type": "train", "epoch": 1283, "loss": 0.38824, "obj": 0.38824, "sup": 0.0, "lr": 0.0005, "time": 1790980558.167}
{"type": "train", "epoch": 1284, "loss": 0.38267, "obj": 0.38267, "sup": 0.0, "lr": 0.0005, "time": 1790980558.46693}
{"type": "train", "epoch": 1285, "loss": 0.38558, "obj": 0.38558, "sup": 0.0, "lr": 0.0005, "time": 1790980558.75494}
{"type": "train", "epoch": 1286, "loss": 0.38153, "obj": 0.38153, "sup": 0.0, "lr": 0.0005, "time": 1790980559.05116}
{"type": "train", "epoch": 1287, "loss": 0.382, "obj": 0.382, "sup": 0.0, "lr": 0.0005, "time": 1790980559.34689}
{"type": "train", "epoch": 1288, "loss": 0.38335, "obj": 0.38335, "sup": 0.0, "lr": 0.0005, "time": 1790980559.64293}
{"type": "train", "epoch": 1289, "loss": 0.378, "obj": 0.378, "sup": 0.0, "lr": 0.0005, "time": 1790980559.94325}
{"type": "train", "epoch": 1290, "loss": 0.37325, "obj": 0.37325, "sup": 0.0, "lr": 0.0005, "time": 1790980560.21893}
{"type": "train", "epoch": 1291, "loss": 0.38171, "obj": 0.38171, "sup": 0.0, "lr": 0.0005, "time": 1790980560.50193}
{"type": "train", "epoch": 1292, "loss": 0.38294, "obj": 0.38294, "sup": 0.0, "lr": 0.0005, "time": 1790980560.79493}
{"type": "train", "epoch": 1293, "loss": 0.39368, "obj": 0.39368, "sup": 0.0, "lr": 0.0005, "time": 1790980561.11894}
{"type": "train", "epoch": 1294, "loss": 0.39444, "obj": 0.39444, "sup": 0.0, "lr": 0.0005, "time": 1790980561.41461}
{"type": "train", "epoch": 1295, "loss": 0.3953, "obj": 0.3953, "sup": 0.0, "lr": 0.0005, "time": 1790980561.67427}
{"type": "train", "epoch": 1296, "loss": 0.39684, "obj": 0.39684, "sup": 0.0, "lr": 0.0005, "time": 1790980561.93484}
{"type": "train", "epoch": 1297, "loss": 0.39987, "obj": 0.39987, "sup": 0.0, "lr": 0.0005, "time": 1790980562.19569}
{"type": "train", "epoch": 1298, "loss": 0.41075, "obj": 0.41075, "sup": 0.0, "lr": 0.0005, "time": 1790980562.45621}
{"type": "train", "epoch": 1299, "loss": 0.41923, "obj": 0.41923, "sup": 0.0, "lr": 0.0005, "time": 1790980562.71675}
{"type": "train", "epoch": 1300, "loss": 0.41976, "obj": 0.41976, "sup": 0.0, "lr": 0.0005, "time": 1790980563.83014, "train_resid_median": 0.66891, "train_resid_mean": 0.69089, "train_imag_median": 0.08559, "train_obj_median": 0.47736, "train_u_loss_to_label_median": 0.67048, "val_resid_median": 0.92491, "val_resid_mean": 0.91572, "val_imag_median": 0.10065, "val_obj_median": 0.88857, "val_u_loss_to_label_median": 0.73987}
{"type": "train", "epoch": 1301, "loss": 0.50302, "obj": 0.50302, "sup": 0.0, "lr": 0.0005, "time": 1790980564.09137}
{"type": "train", "epoch": 1302, "loss": 0.41911, "obj": 0.41911, "sup": 0.0, "lr": 0.0005, "time": 1790980564.3512}
{"type": "train", "epoch": 1303, "loss": 0.41874, "obj": 0.41874, "sup": 0.0, "lr": 0.0005, "time": 1790980564.61138}
{"type": "train", "epoch": 1304, "loss": 0.39581, "obj": 0.39581, "sup": 0.0, "lr": 0.0005, "time": 1790980564.87219}
{"type": "train", "epoch": 1305, "loss": 0.39562, "obj": 0.39562, "sup": 0.0, "lr": 0.0005, "time": 1790980565.13282}
{"type": "train", "epoch": 1306, "loss": 0.38748, "obj": 0.38748, "sup": 0.0, "lr": 0.0005, "time": 1790980565.39337}
{"type": "train", "epoch": 1307, "loss": 0.38944, "obj": 0.38944, "sup": 0.0, "lr": 0.0005, "time": 1790980565.65324}
{"type": "train", "epoch": 1308, "loss": 0.37809, "obj": 0.37809, "sup": 0.0, "lr": 0.0005, "time": 1790980565.91317}
{"type": "train", "epoch": 1309, "loss": 0.37629, "obj": 0.37629, "sup": 0.0, "lr": 0.0005, "time": 1790980566.17342}
{"type": "train", "epoch": 1310, "loss": 0.37439, "obj": 0.37439, "sup": 0.0, "lr": 0.0005, "time": 1790980566.43353}
{"type": "train", "epoch": 1311, "loss": 0.36762, "obj": 0.36762, "sup": 0.0, "lr": 0.0005, "time": 1790980566.69424}
{"type": "train", "epoch": 1312, "loss": 0.36908, "obj": 0.36908, "sup": 0.0, "lr": 0.0005, "time": 1790980566.95473}
{"type": "train", "epoch": 1313, "loss": 0.37077, "obj": 0.37077, "sup": 0.0, "lr": 0.0005, "time": 1790980567.21607}
{"type": "train", "epoch": 1314, "loss": 0.36915, "obj": 0.36915, "sup": 0.0, "lr": 0.0005, "time": 1790980567.47722}
{"type": "train", "epoch": 1315, "loss": 0.37446, "obj": 0.37446, "sup": 0.0, "lr": 0.0005, "time": 1790980567.73829}
{"type": "train", "epoch": 1316, "loss": 0.36607, "obj": 0.36607, "sup": 0.0, "lr": 0.0005, "time": 1790980567.99914}
{"type": "train", "epoch": 1317, "loss": 0.36881, "obj": 0.36881, "sup": 0.0, "lr": 0.0005, "time": 1790980568.26001}
{"type": "train", "epoch": 1318, "loss": 0.36078, "obj": 0.36078, "sup": 0.0, "lr": 0.0005, "time": 1790980568.54558}
{"type": "train", "epoch": 1319, "loss": 0.35909, "obj": 0.35909, "sup": 0.0, "lr": 0.0005, "time": 1790980568.80598}
{"type": "train", "epoch": 1320, "loss": 0.35597, "obj": 0.35597, "sup": 0.0, "lr": 0.0005, "time": 1790980569.0667}
{"type": "train", "epoch": 1321, "loss": 0.35464, "obj": 0.35464, "sup": 0.0, "lr": 0.0005, "time": 1790980569.32775}
{"type": "train", "epoch": 1322, "loss": 0.35556, "obj": 0.35556, "sup": 0.0, "lr": 0.0005, "time": 1790980569.58815}
{"type": "train", "epoch": 1323, "loss": 0.36793, "obj": 0.36793, "sup": 0.0, "lr": 0.0005, "time": 1790980569.84914}
{"type": "train", "epoch": 1324, "loss": 0.37153, "obj": 0.37153, "sup": 0.0, "lr": 0.0005, "time": 1790980570.10965}
{"type": "train", "epoch": 1325, "loss": 0.36279, "obj": 0.36279, "sup": 0.0, "lr": 0.0005, "time": 1790980570.3712}
{"type": "train", "epoch": 1326, "loss": 0.3678, "obj": 0.3678, "sup": 0.0, "lr": 0.0005, "time": 1790980570.63146}
{"type": "train", "epoch": 1327, "loss": 0.35877, "obj": 0.35877, "sup": 0.0, "lr": 0.0005, "time": 1790980570.89137}
{"type": "train", "epoch": 1328, "loss": 0.36394, "obj": 0.36394, "sup": 0.0, "lr": 0.0005, "time": 1790980571.1514}
{"type": "train", "epoch": 1329, "loss": 0.36513, "obj": 0.36513, "sup": 0.0, "lr": 0.0005, "time": 1790980571.41181}
{"type": "train", "epoch": 1330, "loss": 0.35735, "obj": 0.35735, "sup": 0.0, "lr": 0.0005, "time": 1790980571.67188}
{"type": "train", "epoch": 1331, "loss": 0.35904, "obj": 0.35904, "sup": 0.0, "lr": 0.0005, "time": 1790980571.93346}
{"type": "train", "epoch": 1332, "loss": 0.35432, "obj": 0.35432, "sup": 0.0, "lr": 0.0005, "time": 1790980572.19493}
{"type": "train", "epoch": 1333, "loss": 0.3737, "obj": 0.3737, "sup": 0.0, "lr": 0.0005, "time": 1790980572.4554}
{"type": "train", "epoch": 1334, "loss": 0.36815, "obj": 0.36815, "sup": 0.0, "lr": 0.0005, "time": 1790980572.71617}
{"type": "train", "epoch": 1335, "loss": 0.3734, "obj": 0.3734, "sup": 0.0, "lr": 0.0005, "time": 1790980572.97715}
{"type": "train", "epoch": 1336, "loss": 0.365, "obj": 0.365, "sup": 0.0, "lr": 0.0005, "time": 1790980573.23782}
{"type": "train", "epoch": 1337, "loss": 0.37268, "obj": 0.37268, "sup": 0.0, "lr": 0.0005, "time": 1790980573.49771}
{"type": "train", "epoch": 1338, "loss": 0.36572, "obj": 0.36572, "sup": 0.0, "lr": 0.0005, "time": 1790980573.75822}
{"type": "train", "epoch": 1339, "loss": 0.36858, "obj": 0.36858, "sup": 0.0, "lr": 0.0005, "time": 1790980574.01815}
{"type": "train", "epoch": 1340, "loss": 0.37327, "obj": 0.37327, "sup": 0.0, "lr": 0.0005, "time": 1790980574.27843}
{"type": "train", "epoch": 1341, "loss": 0.37486, "obj": 0.37486, "sup": 0.0, "lr": 0.0005, "time": 1790980574.53941}
{"type": "train", "epoch": 1342, "loss": 0.36754, "obj": 0.36754, "sup": 0.0, "lr": 0.0005, "time": 1790980574.80024}
{"type": "train", "epoch": 1343, "loss": 0.3731, "obj": 0.3731, "sup": 0.0, "lr": 0.0005, "time": 1790980575.06073}
{"type": "train", "epoch": 1344, "loss": 0.38339, "obj": 0.38339, "sup": 0.0, "lr": 0.0005, "time": 1790980575.32408}
{"type": "train", "epoch": 1345, "loss": 0.37437, "obj": 0.37437, "sup": 0.0, "lr": 0.0005, "time": 1790980575.64483}
{"type": "train", "epoch": 1346, "loss": 0.39942, "obj": 0.39942, "sup": 0.0, "lr": 0.0005, "time": 1790980575.95094}
{"type": "train", "epoch": 1347, "loss": 0.39436, "obj": 0.39436, "sup": 0.0, "lr": 0.0005, "time": 1790980576.27926}
{"type": "train", "epoch": 1348, "loss": 0.39328, "obj": 0.39328, "sup": 0.0, "lr": 0.0005, "time": 1790980576.55679}
{"type": "train", "epoch": 1349, "loss": 0.38294, "obj": 0.38294, "sup": 0.0, "lr": 0.0005, "time": 1790980576.87093}
{"type": "train", "epoch": 1350, "loss": 0.37028, "obj": 0.37028, "sup": 0.0, "lr": 0.0005, "time": 1790980578.00592, "train_resid_median": 0.56695, "train_resid_mean": 0.57272, "train_imag_median": 0.07465, "train_obj_median": 0.35683, "train_u_loss_to_label_median": 0.64258, "val_resid_median": 0.92896, "val_resid_mean": 0.91735, "val_imag_median": 0.09451, "val_obj_median": 0.89615, "val_u_loss_to_label_median": 0.72748}
{"type": "train", "epoch": 1351, "loss": 0.3662, "obj": 0.3662, "sup": 0.0, "lr": 0.0005, "time": 1790980578.31035}
{"type": "train", "epoch": 1352, "loss": 0.35356, "obj": 0.35356, "sup": 0.0, "lr": 0.0005, "time": 1790980578.60255}
{"type": "train", "epoch": 1353, "loss": 0.35239, "obj": 0.35239, "sup": 0.0, "lr": 0.0005, "time": 1790980578.86284}
{"type": "train", "epoch": 1354, "loss": 0.35445, "obj": 0.35445, "sup": 0.0, "lr": 0.0005, "time": 1790980579.12248}
{"type": "train", "epoch": 1355, "loss": 0.34461, "obj": 0.34461, "sup": 0.0, "lr": 0.0005, "time": 1790980579.3822}
{"type": "train", "epoch": 1356, "loss": 0.34599, "obj": 0.34599, "sup": 0.0, "lr": 0.0005, "time": 1790980579.64209}
{"type": "train", "epoch": 1357, "loss": 0.35255, "obj": 0.35255, "sup": 0.0, "lr": 0.0005, "time": 1790980579.90243}
{"type": "train", "epoch": 1358, "loss": 0.35892, "obj": 0.35892, "sup": 0.0, "lr": 0.0005, "time": 1790980580.16301}
{"type": "train", "epoch": 1359, "loss": 0.35877, "obj": 0.35877, "sup": 0.0, "lr": 0.0005, "time": 1790980580.43657}
{"type": "train", "epoch": 1360, "loss": 0.35186, "obj": 0.35186, "sup": 0.0, "lr": 0.0005, "time": 1790980580.73686}
{"type": "train", "epoch": 1361, "loss": 0.34583, "obj": 0.34583, "sup": 0.0, "lr": 0.0005, "time": 1790980580.99801}
{"type": "train", "epoch": 1362, "loss": 0.3555, "obj": 0.3555, "sup": 0.0, "lr": 0.0005, "time": 1790980581.25841}
{"type": "train", "epoch": 1363, "loss": 0.35448, "obj": 0.35448, "sup": 0.0, "lr": 0.0005, "time": 1790980581.52011}
{"type": "train", "epoch": 1364, "loss": 0.35938, "obj": 0.35938, "sup": 0.0, "lr": 0.0005, "time": 1790980581.78176}
{"type": "train", "epoch": 1365, "loss": 0.3466, "obj": 0.3466, "sup": 0.0, "lr": 0.0005, "time": 1790980582.04235}
{"type": "train", "epoch": 1366, "loss": 0.36316, "obj": 0.36316, "sup": 0.0, "lr": 0.0005, "time": 1790980582.30284}
{"type": "train", "epoch": 1367, "loss": 0.3547, "obj": 0.3547, "sup": 0.0, "lr": 0.0005, "time": 1790980582.56377}
{"type": "train", "epoch": 1368, "loss": 0.38502, "obj": 0.38502, "sup": 0.0, "lr": 0.0005, "time": 1790980582.82445}
{"type": "train", "epoch": 1369, "loss": 0.38206, "obj": 0.38206, "sup": 0.0, "lr": 0.0005, "time": 1790980583.09772}
{"type": "train", "epoch": 1370, "loss": 0.42218, "obj": 0.42218, "sup": 0.0, "lr": 0.0005, "time": 1790980583.35854}
{"type": "train", "epoch": 1371, "loss": 0.38769, "obj": 0.38769, "sup": 0.0, "lr": 0.0005, "time": 1790980583.62205}
{"type": "train", "epoch": 1372, "loss": 0.38087, "obj": 0.38087, "sup": 0.0, "lr": 0.0005, "time": 1790980583.88319}
{"type": "train", "epoch": 1373, "loss": 0.36784, "obj": 0.36784, "sup": 0.0, "lr": 0.0005, "time": 1790980584.14536}
{"type": "train", "epoch": 1374, "loss": 0.36435, "obj": 0.36435, "sup": 0.0, "lr": 0.0005, "time": 1790980584.40589}
{"type": "train", "epoch": 1375, "loss": 0.36255, "obj": 0.36255, "sup": 0.0, "lr": 0.0005, "time": 1790980584.66661}
{"type": "train", "epoch": 1376, "loss": 0.35009, "obj": 0.35009, "sup": 0.0, "lr": 0.0005, "time": 1790980584.92668}
{"type": "train", "epoch": 1377, "loss": 0.34359, "obj": 0.34359, "sup": 0.0, "lr": 0.0005, "time": 1790980585.18724}
{"type": "train", "epoch": 1378, "loss": 0.34084, "obj": 0.34084, "sup": 0.0, "lr": 0.0005, "time": 1790980585.44758}
{"type": "train", "epoch": 1379, "loss": 0.3371, "obj": 0.3371, "sup": 0.0, "lr": 0.0005, "time": 1790980585.70818}
{"type": "train", "epoch": 1380, "loss": 0.33127, "obj": 0.33127, "sup": 0.0, "lr": 0.0005, "time": 1790980585.96852}
{"type": "train", "epoch": 1381, "loss": 0.33394, "obj": 0.33394, "sup": 0.0, "lr": 0.0005, "time": 1790980586.22926}
{"type": "train", "epoch": 1382, "loss": 0.33241, "obj": 0.33241, "sup": 0.0, "lr": 0.0005, "time": 1790980586.49024}
{"type": "train", "epoch": 1383, "loss": 0.33431, "obj": 0.33431, "sup": 0.0, "lr": 0.0005, "time": 1790980586.75024}
{"type": "train", "epoch": 1384, "loss": 0.33393, "obj": 0.33393, "sup": 0.0, "lr": 0.0005, "time": 1790980587.01048}
{"type": "train", "epoch": 1385, "loss": 0.32971, "obj": 0.32971, "sup": 0.0, "lr": 0.0005, "time": 1790980587.27091}
{"type": "train", "epoch": 1386, "loss": 0.33139, "obj": 0.33139, "sup": 0.0, "lr": 0.0005, "time": 1790980587.53098}
{"type": "train", "epoch": 1387, "loss": 0.33566, "obj": 0.33566, "sup": 0.0, "lr": 0.0005, "time": 1790980587.79059}
{"type": "train", "epoch": 1388, "loss": 0.32918, "obj": 0.32918, "sup": 0.0, "lr": 0.0005, "time": 1790980588.04988}
{"type": "train", "epoch": 1389, "loss": 0.33277, "obj": 0.33277, "sup": 0.0, "lr": 0.0005, "time": 1790980588.31001}
{"type": "train", "epoch": 1390, "loss": 0.33077, "obj": 0.33077, "sup": 0.0, "lr": 0.0005, "time": 1790980588.57058}
{"type": "train", "epoch": 1391, "loss": 0.33059, "obj": 0.33059, "sup": 0.0, "lr": 0.0005, "time": 1790980588.84467}
{"type": "train", "epoch": 1392, "loss": 0.3267, "obj": 0.3267, "sup": 0.0, "lr": 0.0005, "time": 1790980589.10485}
{"type": "train", "epoch": 1393, "loss": 0.32572, "obj": 0.32572, "sup": 0.0, "lr": 0.0005, "time": 1790980589.36508}
{"type": "train", "epoch": 1394, "loss": 0.32713, "obj": 0.32713, "sup": 0.0, "lr": 0.0005, "time": 1790980589.64965}
{"type": "train", "epoch": 1395, "loss": 0.32165, "obj": 0.32165, "sup": 0.0, "lr": 0.0005, "time": 1790980589.93036}
{"type": "train", "epoch": 1396, "loss": 0.32115, "obj": 0.32115, "sup": 0.0, "lr": 0.0005, "time": 1790980590.19064}
{"type": "train", "epoch": 1397, "loss": 0.32423, "obj": 0.32423, "sup": 0.0, "lr": 0.0005, "time": 1790980590.45059}
{"type": "train", "epoch": 1398, "loss": 0.32639, "obj": 0.32639, "sup": 0.0, "lr": 0.0005, "time": 1790980590.71393}
{"type": "train", "epoch": 1399, "loss": 0.32692, "obj": 0.32692, "sup": 0.0, "lr": 0.0005, "time": 1790980590.97509}
{"type": "train", "epoch": 1400, "loss": 0.3218, "obj": 0.3218, "sup": 0.0, "lr": 0.0005, "time": 1790980592.08817, "train_resid_median": 0.52176, "train_resid_mean": 0.52504, "train_imag_median": 0.07422, "train_obj_median": 0.30713, "train_u_loss_to_label_median": 0.64771, "val_resid_median": 0.94447, "val_resid_mean": 0.92697, "val_imag_median": 0.10602, "val_obj_median": 0.93079, "val_u_loss_to_label_median": 0.73298}
{"type": "train", "epoch": 1401, "loss": 0.31884, "obj": 0.31884, "sup": 0.0, "lr": 0.0005, "time": 1790980592.34996}
{"type": "train", "epoch": 1402, "loss": 0.31617, "obj": 0.31617, "sup": 0.0, "lr": 0.0005, "time": 1790980592.60992}
{"type": "train", "epoch": 1403, "loss": 0.31394, "obj": 0.31394, "sup": 0.0, "lr": 0.0005, "time": 1790980592.87002}
{"type": "train", "epoch": 1404, "loss": 0.31288, "obj": 0.31288, "sup": 0.0, "lr": 0.0005, "time": 1790980593.16114}
{"type": "train", "epoch": 1405, "loss": 0.36123, "obj": 0.36123, "sup": 0.0, "lr": 0.0005, "time": 1790980593.46172}
{"type": "train", "epoch": 1406, "loss": 0.35275, "obj": 0.35275, "sup": 0.0, "lr": 0.0005, "time": 1790980593.74491}
{"type": "train", "epoch": 1407, "loss": 0.38566, "obj": 0.38566, "sup": 0.0, "lr": 0.0005, "time": 1790980594.02351}
{"type": "train", "epoch": 1408, "loss": 0.3515, "obj": 0.3515, "sup": 0.0, "lr": 0.0005, "time": 1790980594.35476}
{"type": "train", "epoch": 1409, "loss": 0.3667, "obj": 0.3667, "sup": 0.0, "lr": 0.0005, "time": 1790980594.63764}
{"type": "train", "epoch": 1410, "loss": 0.34655, "obj": 0.34655, "sup": 0.0, "lr": 0.0005, "time": 1790980594.92694}
{"type": "train", "epoch": 1411, "loss": 0.33563, "obj": 0.33563, "sup": 0.0, "lr": 0.0005, "time": 1790980595.23325}
{"type": "train", "epoch": 1412, "loss": 0.32833, "obj": 0.32833, "sup": 0.0, "lr": 0.0005, "time": 1790980595.52123}
{"type": "train", "epoch": 1413, "loss": 0.32988, "obj": 0.32988, "sup": 0.0, "lr": 0.0005, "time": 1790980595.81736}
{"type": "train", "epoch": 1414, "loss": 0.32869, "obj": 0.32869, "sup": 0.0, "lr": 0.0005, "time": 1790980596.09493}
{"type": "train", "epoch": 1415, "loss": 0.32455, "obj": 0.32455, "sup": 0.0, "lr": 0.0005, "time": 1790980596.38823}
{"type": "train", "epoch": 1416, "loss": 0.31759, "obj": 0.31759, "sup": 0.0, "lr": 0.0005, "time": 1790980596.67737}
{"type": "train", "epoch": 1417, "loss": 0.31944, "obj": 0.31944, "sup": 0.0, "lr": 0.0005, "time": 1790980596.97473}
{"type": "train", "epoch": 1418, "loss": 0.31218, "obj": 0.31218, "sup": 0.0, "lr": 0.0005, "time": 1790980597.27495}
{"type": "train", "epoch": 1419, "loss": 0.31541, "obj": 0.31541, "sup": 0.0, "lr": 0.0005, "time": 1790980597.55893}
{"type": "train", "epoch": 1420, "loss": 0.31301, "obj": 0.31301, "sup": 0.0, "lr": 0.0005, "time": 1790980597.83093}
{"type": "train", "epoch": 1421, "loss": 0.31496, "obj": 0.31496, "sup": 0.0, "lr": 0.0005, "time": 1790980598.116}
{"type": "train", "epoch": 1422, "loss": 0.31795, "obj": 0.31795, "sup": 0.0, "lr": 0.0005, "time": 1790980598.42509}
{"type": "train", "epoch": 1423, "loss": 0.31795, "obj": 0.31795, "sup": 0.0, "lr": 0.0005, "time": 1790980598.75893}
{"type": "train", "epoch": 1424, "loss": 0.31239, "obj": 0.31239, "sup": 0.0, "lr": 0.0005, "time": 1790980599.0786}
{"type": "train", "epoch": 1425, "loss": 0.31792, "obj": 0.31792, "sup": 0.0, "lr": 0.0005, "time": 1790980599.39096}
{"type": "train", "epoch": 1426, "loss": 0.31155, "obj": 0.31155, "sup": 0.0, "lr": 0.0005, "time": 1790980599.71103}
{"type": "train", "epoch": 1427, "loss": 0.32172, "obj": 0.32172, "sup": 0.0, "lr": 0.0005, "time": 1790980600.01165}
{"type": "train", "epoch": 1428, "loss": 0.31127, "obj": 0.31127, "sup": 0.0, "lr": 0.0005, "time": 1790980600.34662}
{"type": "train", "epoch": 1429, "loss": 0.31232, "obj": 0.31232, "sup": 0.0, "lr": 0.0005, "time": 1790980600.64796}
{"type": "train", "epoch": 1430, "loss": 0.30822, "obj": 0.30822, "sup": 0.0, "lr": 0.0005, "time": 1790980600.93253}
{"type": "train", "epoch": 1431, "loss": 0.30706, "obj": 0.30706, "sup": 0.0, "lr": 0.0005, "time": 1790980601.20942}
{"type": "train", "epoch": 1432, "loss": 0.30729, "obj": 0.30729, "sup": 0.0, "lr": 0.0005, "time": 1790980601.47774}
{"type": "train", "epoch": 1433, "loss": 0.31673, "obj": 0.31673, "sup": 0.0, "lr": 0.0005, "time": 1790980601.7383}
{"type": "train", "epoch": 1434, "loss": 0.3191, "obj": 0.3191, "sup": 0.0, "lr": 0.0005, "time": 1790980601.9989}
{"type": "train", "epoch": 1435, "loss": 0.32094, "obj": 0.32094, "sup": 0.0, "lr": 0.0005, "time": 1790980602.25914}
{"type": "train", "epoch": 1436, "loss": 0.33699, "obj": 0.33699, "sup": 0.0, "lr": 0.0005, "time": 1790980602.51943}
{"type": "train", "epoch": 1437, "loss": 0.32704, "obj": 0.32704, "sup": 0.0, "lr": 0.0005, "time": 1790980602.77908}
{"type": "train", "epoch": 1438, "loss": 0.32861, "obj": 0.32861, "sup": 0.0, "lr": 0.0005, "time": 1790980603.03861}
{"type": "train", "epoch": 1439, "loss": 0.32464, "obj": 0.32464, "sup": 0.0, "lr": 0.0005, "time": 1790980603.29906}
{"type": "train", "epoch": 1440, "loss": 0.32151, "obj": 0.32151, "sup": 0.0, "lr": 0.0005, "time": 1790980603.55963}
{"type": "train", "epoch": 1441, "loss": 0.32696, "obj": 0.32696, "sup": 0.0, "lr": 0.0005, "time": 1790980603.82007}
{"type": "train", "epoch": 1442, "loss": 0.31971, "obj": 0.31971, "sup": 0.0, "lr": 0.0005, "time": 1790980604.08558}
{"type": "train", "epoch": 1443, "loss": 0.31438, "obj": 0.31438, "sup": 0.0, "lr": 0.0005, "time": 1790980604.34602}
{"type": "train", "epoch": 1444, "loss": 0.31436, "obj": 0.31436, "sup": 0.0, "lr": 0.0005, "time": 1790980604.60593}
{"type": "train", "epoch": 1445, "loss": 0.31945, "obj": 0.31945, "sup": 0.0, "lr": 0.0005, "time": 1790980604.8655}
{"type": "train", "epoch": 1446, "loss": 0.31327, "obj": 0.31327, "sup": 0.0, "lr": 0.0005, "time": 1790980605.14336}
{"type": "train", "epoch": 1447, "loss": 0.30741, "obj": 0.30741, "sup": 0.0, "lr": 0.0005, "time": 1790980605.40356}
{"type": "train", "epoch": 1448, "loss": 0.30536, "obj": 0.30536, "sup": 0.0, "lr": 0.0005, "time": 1790980605.67173}
{"type": "train", "epoch": 1449, "loss": 0.31059, "obj": 0.31059, "sup": 0.0, "lr": 0.0005, "time": 1790980605.95574}
{"type": "train", "epoch": 1450, "loss": 0.3071, "obj": 0.3071, "sup": 0.0, "lr": 0.0005, "time": 1790980607.11881, "train_resid_median": 0.52472, "train_resid_mean": 0.52936, "train_imag_median": 0.07669, "train_obj_median": 0.31756, "train_u_loss_to_label_median": 0.64481, "val_resid_median": 0.94545, "val_resid_mean": 0.92953, "val_imag_median": 0.11003, "val_obj_median": 0.93262, "val_u_loss_to_label_median": 0.73547}
{"type": "train", "epoch": 1451, "loss": 0.3165, "obj": 0.3165, "sup": 0.0, "lr": 0.0005, "time": 1790980607.40633}
{"type": "train", "epoch": 1452, "loss": 0.31632, "obj": 0.31632, "sup": 0.0, "lr": 0.0005, "time": 1790980607.71286}
{"type": "train", "epoch": 1453, "loss": 0.327, "obj": 0.327, "sup": 0.0, "lr": 0.0005, "time": 1790980608.00198}
{"type": "train", "epoch": 1454, "loss": 0.31538, "obj": 0.31538, "sup": 0.0, "lr": 0.0005, "time": 1790980608.29897}
{"type": "train", "epoch": 1455, "loss": 0.31934, "obj": 0.31934, "sup": 0.0, "lr": 0.0005, "time": 1790980608.61496}
{"type": "train", "epoch": 1456, "loss": 0.36153, "obj": 0.36153, "sup": 0.0, "lr": 0.0005, "time": 1790980608.93404}
{"type": "train", "epoch": 1457, "loss": 0.35583, "obj": 0.35583, "sup": 0.0, "lr": 0.0005, "time": 1790980609.24499}
{"type": "train", "epoch": 1458, "loss": 0.33599, "obj": 0.33599, "sup": 0.0, "lr": 0.0005, "time": 1790980609.55936}
{"type": "train", "epoch": 1459, "loss": 0.34411, "obj": 0.34411, "sup": 0.0, "lr": 0.0005, "time": 1790980609.83094}
{"type": "train", "epoch": 1460, "loss": 0.32415, "obj": 0.32415, "sup": 0.0, "lr": 0.0005, "time": 1790980610.13902}
{"type": "train", "epoch": 1461, "loss": 0.31504, "obj": 0.31504, "sup": 0.0, "lr": 0.0005, "time": 1790980610.47497}
{"type": "train", "epoch": 1462, "loss": 0.30806, "obj": 0.30806, "sup": 0.0, "lr": 0.0005, "time": 1790980610.77325}
{"type": "train", "epoch": 1463, "loss": 0.30775, "obj": 0.30775, "sup": 0.0, "lr": 0.0005, "time": 1790980611.03398}
{"type": "train", "epoch": 1464, "loss": 0.30897, "obj": 0.30897, "sup": 0.0, "lr": 0.0005, "time": 1790980611.29491}
{"type": "train", "epoch": 1465, "loss": 0.31661, "obj": 0.31661, "sup": 0.0, "lr": 0.0005, "time": 1790980611.55535}
{"type": "train", "epoch": 1466, "loss": 0.31068, "obj": 0.31068, "sup": 0.0, "lr": 0.0005, "time": 1790980611.81535}
{"type": "train", "epoch": 1467, "loss": 0.3073, "obj": 0.3073, "sup": 0.0, "lr": 0.0005, "time": 1790980612.07546}
{"type": "train", "epoch": 1468, "loss": 0.30221, "obj": 0.30221, "sup": 0.0, "lr": 0.0005, "time": 1790980612.33618}
{"type": "train", "epoch": 1469, "loss": 0.30094, "obj": 0.30094, "sup": 0.0, "lr": 0.0005, "time": 1790980612.59808}
{"type": "train", "epoch": 1470, "loss": 0.29939, "obj": 0.29939, "sup": 0.0, "lr": 0.0005, "time": 1790980612.8591}
{"type": "train", "epoch": 1471, "loss": 0.29911, "obj": 0.29911, "sup": 0.0, "lr": 0.0005, "time": 1790980613.11946}
{"type": "train", "epoch": 1472, "loss": 0.29886, "obj": 0.29886, "sup": 0.0, "lr": 0.0005, "time": 1790980613.38026}
{"type": "train", "epoch": 1473, "loss": 0.29794, "obj": 0.29794, "sup": 0.0, "lr": 0.0005, "time": 1790980613.64036}
{"type": "train", "epoch": 1474, "loss": 0.30286, "obj": 0.30286, "sup": 0.0, "lr": 0.0005, "time": 1790980613.9011}
{"type": "train", "epoch": 1475, "loss": 0.29475, "obj": 0.29475, "sup": 0.0, "lr": 0.0005, "time": 1790980614.16693}
{"type": "train", "epoch": 1476, "loss": 0.29838, "obj": 0.29838, "sup": 0.0, "lr": 0.0005, "time": 1790980614.44773}
{"type": "train", "epoch": 1477, "loss": 0.29673, "obj": 0.29673, "sup": 0.0, "lr": 0.0005, "time": 1790980614.71289}
{"type": "train", "epoch": 1478, "loss": 0.29443, "obj": 0.29443, "sup": 0.0, "lr": 0.0005, "time": 1790980614.97688}
{"type": "train", "epoch": 1479, "loss": 0.29022, "obj": 0.29022, "sup": 0.0, "lr": 0.0005, "time": 1790980615.24885}
{"type": "train", "epoch": 1480, "loss": 0.29225, "obj": 0.29225, "sup": 0.0, "lr": 0.0005, "time": 1790980615.52206}
{"type": "train", "epoch": 1481, "loss": 0.28861, "obj": 0.28861, "sup": 0.0, "lr": 0.0005, "time": 1790980615.79514}
{"type": "train", "epoch": 1482, "loss": 0.28649, "obj": 0.28649, "sup": 0.0, "lr": 0.0005, "time": 1790980616.06832}
{"type": "train", "epoch": 1483, "loss": 0.2866, "obj": 0.2866, "sup": 0.0, "lr": 0.0005, "time": 1790980616.33524}
{"type": "train", "epoch": 1484, "loss": 0.28659, "obj": 0.28659, "sup": 0.0, "lr": 0.0005, "time": 1790980616.5969}
{"type": "train", "epoch": 1485, "loss": 0.28267, "obj": 0.28267, "sup": 0.0, "lr": 0.0005, "time": 1790980616.857}
{"type": "train", "epoch": 1486, "loss": 0.28109, "obj": 0.28109, "sup": 0.0, "lr": 0.0005, "time": 1790980617.11735}
{"type": "train", "epoch": 1487, "loss": 0.28266, "obj": 0.28266, "sup": 0.0, "lr": 0.0005, "time": 1790980617.37776}
{"type": "train", "epoch": 1488, "loss": 0.28915, "obj": 0.28915, "sup": 0.0, "lr": 0.0005, "time": 1790980617.63774}
{"type": "train", "epoch": 1489, "loss": 0.31918, "obj": 0.31918, "sup": 0.0, "lr": 0.0005, "time": 1790980617.89759}
{"type": "train", "epoch": 1490, "loss": 0.30359, "obj": 0.30359, "sup": 0.0, "lr": 0.0005, "time": 1790980618.15784}
{"type": "train", "epoch": 1491, "loss": 0.30735, "obj": 0.30735, "sup": 0.0, "lr": 0.0005, "time": 1790980618.41737}
{"type": "train", "epoch": 1492, "loss": 0.29856, "obj": 0.29856, "sup": 0.0, "lr": 0.0005, "time": 1790980618.67807}
{"type": "train", "epoch": 1493, "loss": 0.2959, "obj": 0.2959, "sup": 0.0, "lr": 0.0005, "time": 1790980618.93891}
{"type": "train", "epoch": 1494, "loss": 0.30351, "obj": 0.30351, "sup": 0.0, "lr": 0.0005, "time": 1790980619.19897}
{"type": "train", "epoch": 1495, "loss": 0.30021, "obj": 0.30021, "sup": 0.0, "lr": 0.0005, "time": 1790980619.45847}
{"type": "train", "epoch": 1496, "loss": 0.29315, "obj": 0.29315, "sup": 0.0, "lr": 0.0005, "time": 1790980619.71914}
{"type": "train", "epoch": 1497, "loss": 0.29814, "obj": 0.29814, "sup": 0.0, "lr": 0.0005, "time": 1790980619.97956}
{"type": "train", "epoch": 1498, "loss": 0.29168, "obj": 0.29168, "sup": 0.0, "lr": 0.0005, "time": 1790980620.27179}
{"type": "train", "epoch": 1499, "loss": 0.29282, "obj": 0.29282, "sup": 0.0, "lr": 0.0005, "time": 1790980620.56899}
{"type": "train", "epoch": 1500, "loss": 0.2899, "obj": 0.2899, "sup": 0.0, "lr": 0.0005, "time": 1790980621.73287, "train_resid_median": 0.48438, "train_resid_mean": 0.49141, "train_imag_median": 0.08026, "train_obj_median": 0.27795, "train_u_loss_to_label_median": 0.64354, "val_resid_median": 0.94921, "val_resid_mean": 0.93452, "val_imag_median": 0.12124, "val_obj_median": 0.94968, "val_u_loss_to_label_median": 0.7395}
{"type": "done", "best_val_resid_median": 0.82742, "time": 1790980621.82523}
