{"type": "start", "n_params": 3248757, "n_train": 16, "n_val": 141, "steps": 3000, "time": 1790986481.33419}
{"type": "eval", "epoch": 0, "train_resid_median": 0.9165, "train_resid_mean": 0.91621, "train_imag_median": 0.0, "train_obj_median": 0.85804, "train_u_loss_to_label_median": 0.64708, "val_resid_median": 0.91945, "val_resid_mean": 0.91359, "val_imag_median": 0.0, "val_obj_median": 0.8634, "val_u_loss_to_label_median": 0.66176, "time": 1790986482.53094}
{"type": "train", "epoch": 1, "loss": 1.52151, "obj": 0.0, "sup": 1.52151, "lr": 1e-05, "time": 1790986482.87235}
{"type": "train", "epoch": 2, "loss": 1.51713, "obj": 0.0, "sup": 1.51713, "lr": 1e-05, "time": 1790986483.12434}
{"type": "train", "epoch": 3, "loss": 1.50829, "obj": 0.0, "sup": 1.50829, "lr": 2e-05, "time": 1790986483.37348}
{"type": "train", "epoch": 4, "loss": 1.49479, "obj": 0.0, "sup": 1.49479, "lr": 2e-05, "time": 1790986483.62487}
{"type": "train", "epoch": 5, "loss": 1.47527, "obj": 0.0, "sup": 1.47527, "lr": 3e-05, "time": 1790986483.87759}
{"type": "train", "epoch": 6, "loss": 1.45024, "obj": 0.0, "sup": 1.45024, "lr": 3e-05, "time": 1790986484.13089}
{"type": "train", "epoch": 7, "loss": 1.41939, "obj": 0.0, "sup": 1.41939, "lr": 4e-05, "time": 1790986484.38546}
{"type": "train", "epoch": 8, "loss": 1.38185, "obj": 0.0, "sup": 1.38185, "lr": 4e-05, "time": 1790986484.63977}
{"type": "train", "epoch": 9, "loss": 1.34032, "obj": 0.0, "sup": 1.34032, "lr": 5e-05, "time": 1790986484.89446}
{"type": "train", "epoch": 10, "loss": 1.29479, "obj": 0.0, "sup": 1.29479, "lr": 5e-05, "time": 1790986485.14967}
{"type": "train", "epoch": 11, "loss": 1.25176, "obj": 0.0, "sup": 1.25176, "lr": 6e-05, "time": 1790986485.4045}
{"type": "train", "epoch": 12, "loss": 1.21617, "obj": 0.0, "sup": 1.21617, "lr": 6e-05, "time": 1790986485.65878}
{"type": "train", "epoch": 13, "loss": 1.18904, "obj": 0.0, "sup": 1.18904, "lr": 7e-05, "time": 1790986485.9134}
{"type": "train", "epoch": 14, "loss": 1.16667, "obj": 0.0, "sup": 1.16667, "lr": 7e-05, "time": 1790986486.16808}
{"type": "train", "epoch": 15, "loss": 1.14114, "obj": 0.0, "sup": 1.14114, "lr": 8e-05, "time": 1790986486.42789}
{"type": "train", "epoch": 16, "loss": 1.12053, "obj": 0.0, "sup": 1.12053, "lr": 8e-05, "time": 1790986486.68166}
{"type": "train", "epoch": 17, "loss": 1.10744, "obj": 0.0, "sup": 1.10744, "lr": 9e-05, "time": 1790986486.93643}
{"type": "train", "epoch": 18, "loss": 1.09594, "obj": 0.0, "sup": 1.09594, "lr": 9e-05, "time": 1790986487.19049}
{"type": "train", "epoch": 19, "loss": 1.09158, "obj": 0.0, "sup": 1.09158, "lr": 0.0001, "time": 1790986487.44464}
{"type": "train", "epoch": 20, "loss": 1.09031, "obj": 0.0, "sup": 1.09031, "lr": 0.0001, "time": 1790986487.69887}
{"type": "train", "epoch": 21, "loss": 1.09148, "obj": 0.0, "sup": 1.09148, "lr": 0.00011, "time": 1790986487.95334}
{"type": "train", "epoch": 22, "loss": 1.09008, "obj": 0.0, "sup": 1.09008, "lr": 0.00011, "time": 1790986488.20748}
{"type": "train", "epoch": 23, "loss": 1.08451, "obj": 0.0, "sup": 1.08451, "lr": 0.00012, "time": 1790986488.46136}
{"type": "train", "epoch": 24, "loss": 1.08063, "obj": 0.0, "sup": 1.08063, "lr": 0.00012, "time": 1790986488.7156}
{"type": "train", "epoch": 25, "loss": 1.07695, "obj": 0.0, "sup": 1.07695, "lr": 0.00013, "time": 1790986488.97081}
{"type": "train", "epoch": 26, "loss": 1.07424, "obj": 0.0, "sup": 1.07424, "lr": 0.00013, "time": 1790986489.22472}
{"type": "train", "epoch": 27, "loss": 1.07249, "obj": 0.0, "sup": 1.07249, "lr": 0.00014, "time": 1790986489.47945}
{"type": "train", "epoch": 28, "loss": 1.06703, "obj": 0.0, "sup": 1.06703, "lr": 0.00014, "time": 1790986489.73396}
{"type": "train", "epoch": 29, "loss": 1.05535, "obj": 0.0, "sup": 1.05535, "lr": 0.00015, "time": 1790986489.98868}
{"type": "train", "epoch": 30, "loss": 1.04404, "obj": 0.0, "sup": 1.04404, "lr": 0.00015, "time": 1790986490.23391}
{"type": "train", "epoch": 31, "loss": 1.02954, "obj": 0.0, "sup": 1.02954, "lr": 0.00016, "time": 1790986490.48005}
{"type": "train", "epoch": 32, "loss": 1.01377, "obj": 0.0, "sup": 1.01377, "lr": 0.00016, "time": 1790986490.72491}
{"type": "train", "epoch": 33, "loss": 1.00569, "obj": 0.0, "sup": 1.00569, "lr": 0.00017, "time": 1790986490.97082}
{"type": "train", "epoch": 34, "loss": 1.00624, "obj": 0.0, "sup": 1.00624, "lr": 0.00017, "time": 1790986491.21678}
{"type": "train", "epoch": 35, "loss": 0.99435, "obj": 0.0, "sup": 0.99435, "lr": 0.00018, "time": 1790986491.46252}
{"type": "train", "epoch": 36, "loss": 0.98832, "obj": 0.0, "sup": 0.98832, "lr": 0.00018, "time": 1790986491.70759}
{"type": "train", "epoch": 37, "loss": 0.97101, "obj": 0.0, "sup": 0.97101, "lr": 0.00019, "time": 1790986491.95401}
{"type": "train", "epoch": 38, "loss": 0.96689, "obj": 0.0, "sup": 0.96689, "lr": 0.00019, "time": 1790986492.19964}
{"type": "train", "epoch": 39, "loss": 0.96167, "obj": 0.0, "sup": 0.96167, "lr": 0.0002, "time": 1790986492.44538}
{"type": "train", "epoch": 40, "loss": 0.95696, "obj": 0.0, "sup": 0.95696, "lr": 0.0002, "time": 1790986492.69062}
{"type": "train", "epoch": 41, "loss": 0.95316, "obj": 0.0, "sup": 0.95316, "lr": 0.00021, "time": 1790986492.9357}
{"type": "train", "epoch": 42, "loss": 0.95152, "obj": 0.0, "sup": 0.95152, "lr": 0.00021, "time": 1790986493.18119}
{"type": "train", "epoch": 43, "loss": 0.95118, "obj": 0.0, "sup": 0.95118, "lr": 0.00022, "time": 1790986493.42753}
{"type": "train", "epoch": 44, "loss": 0.95202, "obj": 0.0, "sup": 0.95202, "lr": 0.00022, "time": 1790986493.67291}
{"type": "train", "epoch": 45, "loss": 0.94903, "obj": 0.0, "sup": 0.94903, "lr": 0.00023, "time": 1790986493.91844}
{"type": "train", "epoch": 46, "loss": 0.94706, "obj": 0.0, "sup": 0.94706, "lr": 0.00023, "time": 1790986494.16368}
{"type": "train", "epoch": 47, "loss": 0.94588, "obj": 0.0, "sup": 0.94588, "lr": 0.00024, "time": 1790986494.40961}
{"type": "train", "epoch": 48, "loss": 0.94517, "obj": 0.0, "sup": 0.94517, "lr": 0.00024, "time": 1790986494.65472}
{"type": "train", "epoch": 49, "loss": 0.94481, "obj": 0.0, "sup": 0.94481, "lr": 0.00025, "time": 1790986494.9003}
{"type": "train", "epoch": 50, "loss": 0.94266, "obj": 0.0, "sup": 0.94266, "lr": 0.00025, "time": 1790986495.14537}
{"type": "train", "epoch": 51, "loss": 0.94229, "obj": 0.0, "sup": 0.94229, "lr": 0.00026, "time": 1790986495.39191}
{"type": "train", "epoch": 52, "loss": 0.94162, "obj": 0.0, "sup": 0.94162, "lr": 0.00026, "time": 1790986495.63728}
{"type": "train", "epoch": 53, "loss": 0.94135, "obj": 0.0, "sup": 0.94135, "lr": 0.00027, "time": 1790986495.88249}
{"type": "train", "epoch": 54, "loss": 0.93771, "obj": 0.0, "sup": 0.93771, "lr": 0.00027, "time": 1790986496.12774}
{"type": "train", "epoch": 55, "loss": 0.9375, "obj": 0.0, "sup": 0.9375, "lr": 0.00028, "time": 1790986496.37293}
{"type": "train", "epoch": 56, "loss": 0.93588, "obj": 0.0, "sup": 0.93588, "lr": 0.00028, "time": 1790986496.6182}
{"type": "train", "epoch": 57, "loss": 0.93442, "obj": 0.0, "sup": 0.93442, "lr": 0.00029, "time": 1790986496.86364}
{"type": "train", "epoch": 58, "loss": 0.93902, "obj": 0.0, "sup": 0.93902, "lr": 0.00029, "time": 1790986497.10991}
{"type": "train", "epoch": 59, "loss": 0.935, "obj": 0.0, "sup": 0.935, "lr": 0.0003, "time": 1790986497.35532}
{"type": "train", "epoch": 60, "loss": 0.9344, "obj": 0.0, "sup": 0.9344, "lr": 0.0003, "time": 1790986497.60156}
{"type": "train", "epoch": 61, "loss": 0.93477, "obj": 0.0, "sup": 0.93477, "lr": 0.00031, "time": 1790986497.84694}
{"type": "train", "epoch": 62, "loss": 0.93178, "obj": 0.0, "sup": 0.93178, "lr": 0.00031, "time": 1790986498.0927}
{"type": "train", "epoch": 63, "loss": 0.9297, "obj": 0.0, "sup": 0.9297, "lr": 0.00032, "time": 1790986498.33817}
{"type": "train", "epoch": 64, "loss": 0.93175, "obj": 0.0, "sup": 0.93175, "lr": 0.00032, "time": 1790986498.58355}
{"type": "train", "epoch": 65, "loss": 0.92971, "obj": 0.0, "sup": 0.92971, "lr": 0.00033, "time": 1790986498.82872}
{"type": "train", "epoch": 66, "loss": 0.92935, "obj": 0.0, "sup": 0.92935, "lr": 0.00033, "time": 1790986499.07471}
{"type": "train", "epoch": 67, "loss": 0.9315, "obj": 0.0, "sup": 0.9315, "lr": 0.00034, "time": 1790986499.32075}
{"type": "train", "epoch": 68, "loss": 0.92626, "obj": 0.0, "sup": 0.92626, "lr": 0.00034, "time": 1790986499.56706}
{"type": "train", "epoch": 69, "loss": 0.92488, "obj": 0.0, "sup": 0.92488, "lr": 0.00035, "time": 1790986499.81259}
{"type": "train", "epoch": 70, "loss": 0.92319, "obj": 0.0, "sup": 0.92319, "lr": 0.00035, "time": 1790986500.05831}
{"type": "train", "epoch": 71, "loss": 0.93627, "obj": 0.0, "sup": 0.93627, "lr": 0.00036, "time": 1790986500.30381}
{"type": "train", "epoch": 72, "loss": 0.92859, "obj": 0.0, "sup": 0.92859, "lr": 0.00036, "time": 1790986500.55041}
{"type": "train", "epoch": 73, "loss": 0.93719, "obj": 0.0, "sup": 0.93719, "lr": 0.00037, "time": 1790986500.79688}
{"type": "train", "epoch": 74, "loss": 0.92928, "obj": 0.0, "sup": 0.92928, "lr": 0.00037, "time": 1790986501.0427}
{"type": "train", "epoch": 75, "loss": 0.92597, "obj": 0.0, "sup": 0.92597, "lr": 0.00038, "time": 1790986501.28901}
{"type": "train", "epoch": 76, "loss": 0.92029, "obj": 0.0, "sup": 0.92029, "lr": 0.00038, "time": 1790986501.53572}
{"type": "train", "epoch": 77, "loss": 0.91926, "obj": 0.0, "sup": 0.91926, "lr": 0.00039, "time": 1790986501.78202}
{"type": "train", "epoch": 78, "loss": 0.92632, "obj": 0.0, "sup": 0.92632, "lr": 0.00039, "time": 1790986502.02854}
{"type": "train", "epoch": 79, "loss": 0.92244, "obj": 0.0, "sup": 0.92244, "lr": 0.0004, "time": 1790986502.27497}
{"type": "train", "epoch": 80, "loss": 0.92388, "obj": 0.0, "sup": 0.92388, "lr": 0.0004, "time": 1790986502.52197}
{"type": "train", "epoch": 81, "loss": 0.91446, "obj": 0.0, "sup": 0.91446, "lr": 0.00041, "time": 1790986502.76792}
{"type": "train", "epoch": 82, "loss": 0.91755, "obj": 0.0, "sup": 0.91755, "lr": 0.00041, "time": 1790986503.01375}
{"type": "train", "epoch": 83, "loss": 0.91544, "obj": 0.0, "sup": 0.91544, "lr": 0.00042, "time": 1790986503.25998}
{"type": "train", "epoch": 84, "loss": 0.90944, "obj": 0.0, "sup": 0.90944, "lr": 0.00042, "time": 1790986503.50614}
{"type": "train", "epoch": 85, "loss": 0.91271, "obj": 0.0, "sup": 0.91271, "lr": 0.00043, "time": 1790986503.75203}
{"type": "train", "epoch": 86, "loss": 0.91218, "obj": 0.0, "sup": 0.91218, "lr": 0.00043, "time": 1790986503.99801}
{"type": "train", "epoch": 87, "loss": 0.90573, "obj": 0.0, "sup": 0.90573, "lr": 0.00044, "time": 1790986504.24526}
{"type": "train", "epoch": 88, "loss": 0.9034, "obj": 0.0, "sup": 0.9034, "lr": 0.00044, "time": 1790986504.49164}
{"type": "train", "epoch": 89, "loss": 0.90374, "obj": 0.0, "sup": 0.90374, "lr": 0.00045, "time": 1790986504.73788}
{"type": "train", "epoch": 90, "loss": 0.89937, "obj": 0.0, "sup": 0.89937, "lr": 0.00045, "time": 1790986504.98447}
{"type": "train", "epoch": 91, "loss": 0.90927, "obj": 0.0, "sup": 0.90927, "lr": 0.00046, "time": 1790986505.23112}
{"type": "train", "epoch": 92, "loss": 0.89995, "obj": 0.0, "sup": 0.89995, "lr": 0.00046, "time": 1790986505.4771}
{"type": "train", "epoch": 93, "loss": 0.89973, "obj": 0.0, "sup": 0.89973, "lr": 0.00047, "time": 1790986505.7229}
{"type": "train", "epoch": 94, "loss": 0.89269, "obj": 0.0, "sup": 0.89269, "lr": 0.00047, "time": 1790986505.96886}
{"type": "train", "epoch": 95, "loss": 0.89795, "obj": 0.0, "sup": 0.89795, "lr": 0.00048, "time": 1790986506.21552}
{"type": "train", "epoch": 96, "loss": 0.89105, "obj": 0.0, "sup": 0.89105, "lr": 0.00048, "time": 1790986506.4613}
{"type": "train", "epoch": 97, "loss": 0.88509, "obj": 0.0, "sup": 0.88509, "lr": 0.00049, "time": 1790986506.70698}
{"type": "train", "epoch": 98, "loss": 0.89097, "obj": 0.0, "sup": 0.89097, "lr": 0.00049, "time": 1790986506.9535}
{"type": "train", "epoch": 99, "loss": 0.88796, "obj": 0.0, "sup": 0.88796, "lr": 0.0005, "time": 1790986507.20132}
{"type": "train", "epoch": 100, "loss": 0.88067, "obj": 0.0, "sup": 0.88067, "lr": 0.0005, "time": 1790986508.33942, "train_resid_median": 1.01313, "train_resid_mean": 1.00802, "train_imag_median": 0.048, "train_obj_median": 1.06108, "train_u_loss_to_label_median": 0.64486, "val_resid_median": 1.06123, "val_resid_mean": 1.04729, "val_imag_median": 0.04912, "val_obj_median": 1.16299, "val_u_loss_to_label_median": 0.66932}
{"type": "train", "epoch": 101, "loss": 0.88472, "obj": 0.0, "sup": 0.88472, "lr": 0.0005, "time": 1790986508.58596}
{"type": "train", "epoch": 102, "loss": 0.88247, "obj": 0.0, "sup": 0.88247, "lr": 0.0005, "time": 1790986508.83147}
{"type": "train", "epoch": 103, "loss": 0.88044, "obj": 0.0, "sup": 0.88044, "lr": 0.0005, "time": 1790986509.0772}
{"type": "train", "epoch": 104, "loss": 0.87715, "obj": 0.0, "sup": 0.87715, "lr": 0.0005, "time": 1790986509.32413}
{"type": "train", "epoch": 105, "loss": 0.86932, "obj": 0.0, "sup": 0.86932, "lr": 0.0005, "time": 1790986509.57102}
{"type": "train", "epoch": 106, "loss": 0.86448, "obj": 0.0, "sup": 0.86448, "lr": 0.0005, "time": 1790986509.81727}
{"type": "train", "epoch": 107, "loss": 0.86365, "obj": 0.0, "sup": 0.86365, "lr": 0.0005, "time": 1790986510.06373}
{"type": "train", "epoch": 108, "loss": 0.86295, "obj": 0.0, "sup": 0.86295, "lr": 0.0005, "time": 1790986510.31043}
{"type": "train", "epoch": 109, "loss": 0.85912, "obj": 0.0, "sup": 0.85912, "lr": 0.0005, "time": 1790986510.55657}
{"type": "train", "epoch": 110, "loss": 0.87014, "obj": 0.0, "sup": 0.87014, "lr": 0.0005, "time": 1790986510.80322}
{"type": "train", "epoch": 111, "loss": 0.8672, "obj": 0.0, "sup": 0.8672, "lr": 0.0005, "time": 1790986511.05031}
{"type": "train", "epoch": 112, "loss": 0.85991, "obj": 0.0, "sup": 0.85991, "lr": 0.0005, "time": 1790986511.29739}
{"type": "train", "epoch": 113, "loss": 0.8515, "obj": 0.0, "sup": 0.8515, "lr": 0.0005, "time": 1790986511.54447}
{"type": "train", "epoch": 114, "loss": 0.85445, "obj": 0.0, "sup": 0.85445, "lr": 0.0005, "time": 1790986511.79142}
{"type": "train", "epoch": 115, "loss": 0.84298, "obj": 0.0, "sup": 0.84298, "lr": 0.0005, "time": 1790986512.03846}
{"type": "train", "epoch": 116, "loss": 0.84801, "obj": 0.0, "sup": 0.84801, "lr": 0.0005, "time": 1790986512.28536}
{"type": "train", "epoch": 117, "loss": 0.84482, "obj": 0.0, "sup": 0.84482, "lr": 0.0005, "time": 1790986512.53353}
{"type": "train", "epoch": 118, "loss": 0.84578, "obj": 0.0, "sup": 0.84578, "lr": 0.0005, "time": 1790986512.78066}
{"type": "train", "epoch": 119, "loss": 0.83347, "obj": 0.0, "sup": 0.83347, "lr": 0.0005, "time": 1790986513.0276}
{"type": "train", "epoch": 120, "loss": 0.83591, "obj": 0.0, "sup": 0.83591, "lr": 0.0005, "time": 1790986513.27564}
{"type": "train", "epoch": 121, "loss": 0.84278, "obj": 0.0, "sup": 0.84278, "lr": 0.0005, "time": 1790986513.52239}
{"type": "train", "epoch": 122, "loss": 0.83314, "obj": 0.0, "sup": 0.83314, "lr": 0.0005, "time": 1790986513.76915}
{"type": "train", "epoch": 123, "loss": 0.82862, "obj": 0.0, "sup": 0.82862, "lr": 0.0005, "time": 1790986514.01627}
{"type": "train", "epoch": 124, "loss": 0.8211, "obj": 0.0, "sup": 0.8211, "lr": 0.0005, "time": 1790986514.26311}
{"type": "train", "epoch": 125, "loss": 0.8171, "obj": 0.0, "sup": 0.8171, "lr": 0.0005, "time": 1790986514.51047}
{"type": "train", "epoch": 126, "loss": 0.81368, "obj": 0.0, "sup": 0.81368, "lr": 0.0005, "time": 1790986514.75862}
{"type": "train", "epoch": 127, "loss": 0.81875, "obj": 0.0, "sup": 0.81875, "lr": 0.0005, "time": 1790986515.00583}
{"type": "train", "epoch": 128, "loss": 0.80638, "obj": 0.0, "sup": 0.80638, "lr": 0.0005, "time": 1790986515.25302}
{"type": "train", "epoch": 129, "loss": 0.80101, "obj": 0.0, "sup": 0.80101, "lr": 0.0005, "time": 1790986515.50037}
{"type": "train", "epoch": 130, "loss": 0.79873, "obj": 0.0, "sup": 0.79873, "lr": 0.0005, "time": 1790986515.74744}
{"type": "train", "epoch": 131, "loss": 0.80084, "obj": 0.0, "sup": 0.80084, "lr": 0.0005, "time": 1790986515.99453}
{"type": "train", "epoch": 132, "loss": 0.8019, "obj": 0.0, "sup": 0.8019, "lr": 0.0005, "time": 1790986516.24158}
{"type": "train", "epoch": 133, "loss": 0.80701, "obj": 0.0, "sup": 0.80701, "lr": 0.0005, "time": 1790986516.48858}
{"type": "train", "epoch": 134, "loss": 0.81771, "obj": 0.0, "sup": 0.81771, "lr": 0.0005, "time": 1790986516.7355}
{"type": "train", "epoch": 135, "loss": 0.79758, "obj": 0.0, "sup": 0.79758, "lr": 0.0005, "time": 1790986516.98322}
{"type": "train", "epoch": 136, "loss": 0.80903, "obj": 0.0, "sup": 0.80903, "lr": 0.0005, "time": 1790986517.23032}
{"type": "train", "epoch": 137, "loss": 0.79528, "obj": 0.0, "sup": 0.79528, "lr": 0.0005, "time": 1790986517.47754}
{"type": "train", "epoch": 138, "loss": 0.78441, "obj": 0.0, "sup": 0.78441, "lr": 0.0005, "time": 1790986517.72569}
{"type": "train", "epoch": 139, "loss": 0.77459, "obj": 0.0, "sup": 0.77459, "lr": 0.0005, "time": 1790986517.97324}
{"type": "train", "epoch": 140, "loss": 0.77397, "obj": 0.0, "sup": 0.77397, "lr": 0.0005, "time": 1790986518.22055}
{"type": "train", "epoch": 141, "loss": 0.77381, "obj": 0.0, "sup": 0.77381, "lr": 0.0005, "time": 1790986518.46876}
{"type": "train", "epoch": 142, "loss": 0.76297, "obj": 0.0, "sup": 0.76297, "lr": 0.0005, "time": 1790986518.71636}
{"type": "train", "epoch": 143, "loss": 0.76184, "obj": 0.0, "sup": 0.76184, "lr": 0.0005, "time": 1790986518.9635}
{"type": "train", "epoch": 144, "loss": 0.76371, "obj": 0.0, "sup": 0.76371, "lr": 0.0005, "time": 1790986519.2118}
{"type": "train", "epoch": 145, "loss": 0.76554, "obj": 0.0, "sup": 0.76554, "lr": 0.0005, "time": 1790986519.4589}
{"type": "train", "epoch": 146, "loss": 0.75372, "obj": 0.0, "sup": 0.75372, "lr": 0.0005, "time": 1790986519.70585}
{"type": "train", "epoch": 147, "loss": 0.75293, "obj": 0.0, "sup": 0.75293, "lr": 0.0005, "time": 1790986519.95379}
{"type": "train", "epoch": 148, "loss": 0.74942, "obj": 0.0, "sup": 0.74942, "lr": 0.0005, "time": 1790986520.20161}
{"type": "train", "epoch": 149, "loss": 0.73657, "obj": 0.0, "sup": 0.73657, "lr": 0.0005, "time": 1790986520.44931}
{"type": "train", "epoch": 150, "loss": 0.73768, "obj": 0.0, "sup": 0.73768, "lr": 0.0005, "time": 1790986520.69638}
{"type": "train", "epoch": 151, "loss": 0.73147, "obj": 0.0, "sup": 0.73147, "lr": 0.0005, "time": 1790986520.9438}
{"type": "train", "epoch": 152, "loss": 0.72547, "obj": 0.0, "sup": 0.72547, "lr": 0.0005, "time": 1790986521.20267}
{"type": "train", "epoch": 153, "loss": 0.73657, "obj": 0.0, "sup": 0.73657, "lr": 0.0005, "time": 1790986521.46337}
{"type": "train", "epoch": 154, "loss": 0.71957, "obj": 0.0, "sup": 0.71957, "lr": 0.0005, "time": 1790986521.72426}
{"type": "train", "epoch": 155, "loss": 0.72418, "obj": 0.0, "sup": 0.72418, "lr": 0.0005, "time": 1790986521.98402}
{"type": "train", "epoch": 156, "loss": 0.7149, "obj": 0.0, "sup": 0.7149, "lr": 0.0005, "time": 1790986522.24351}
{"type": "train", "epoch": 157, "loss": 0.71129, "obj": 0.0, "sup": 0.71129, "lr": 0.0005, "time": 1790986522.50258}
{"type": "train", "epoch": 158, "loss": 0.70812, "obj": 0.0, "sup": 0.70812, "lr": 0.0005, "time": 1790986522.76155}
{"type": "train", "epoch": 159, "loss": 0.70321, "obj": 0.0, "sup": 0.70321, "lr": 0.0005, "time": 1790986523.022}
{"type": "train", "epoch": 160, "loss": 0.70448, "obj": 0.0, "sup": 0.70448, "lr": 0.0005, "time": 1790986523.28207}
{"type": "train", "epoch": 161, "loss": 0.70556, "obj": 0.0, "sup": 0.70556, "lr": 0.0005, "time": 1790986523.54165}
{"type": "train", "epoch": 162, "loss": 0.70517, "obj": 0.0, "sup": 0.70517, "lr": 0.0005, "time": 1790986523.80192}
{"type": "train", "epoch": 163, "loss": 0.71582, "obj": 0.0, "sup": 0.71582, "lr": 0.0005, "time": 1790986524.06319}
{"type": "train", "epoch": 164, "loss": 0.70589, "obj": 0.0, "sup": 0.70589, "lr": 0.0005, "time": 1790986524.32446}
{"type": "train", "epoch": 165, "loss": 0.70639, "obj": 0.0, "sup": 0.70639, "lr": 0.0005, "time": 1790986524.58649}
{"type": "train", "epoch": 166, "loss": 0.69954, "obj": 0.0, "sup": 0.69954, "lr": 0.0005, "time": 1790986524.84834}
{"type": "train", "epoch": 167, "loss": 0.68872, "obj": 0.0, "sup": 0.68872, "lr": 0.0005, "time": 1790986525.10873}
{"type": "train", "epoch": 168, "loss": 0.69533, "obj": 0.0, "sup": 0.69533, "lr": 0.0005, "time": 1790986525.37123}
{"type": "train", "epoch": 169, "loss": 0.68006, "obj": 0.0, "sup": 0.68006, "lr": 0.0005, "time": 1790986525.63233}
{"type": "train", "epoch": 170, "loss": 0.67557, "obj": 0.0, "sup": 0.67557, "lr": 0.0005, "time": 1790986525.89181}
{"type": "train", "epoch": 171, "loss": 0.66801, "obj": 0.0, "sup": 0.66801, "lr": 0.0005, "time": 1790986526.15064}
{"type": "train", "epoch": 172, "loss": 0.67113, "obj": 0.0, "sup": 0.67113, "lr": 0.0005, "time": 1790986526.41054}
{"type": "train", "epoch": 173, "loss": 0.66649, "obj": 0.0, "sup": 0.66649, "lr": 0.0005, "time": 1790986526.6693}
{"type": "train", "epoch": 174, "loss": 0.66144, "obj": 0.0, "sup": 0.66144, "lr": 0.0005, "time": 1790986526.92897}
{"type": "train", "epoch": 175, "loss": 0.66269, "obj": 0.0, "sup": 0.66269, "lr": 0.0005, "time": 1790986527.18821}
{"type": "train", "epoch": 176, "loss": 0.65287, "obj": 0.0, "sup": 0.65287, "lr": 0.0005, "time": 1790986527.44774}
{"type": "train", "epoch": 177, "loss": 0.6499, "obj": 0.0, "sup": 0.6499, "lr": 0.0005, "time": 1790986527.70597}
{"type": "train", "epoch": 178, "loss": 0.64592, "obj": 0.0, "sup": 0.64592, "lr": 0.0005, "time": 1790986527.96605}
{"type": "train", "epoch": 179, "loss": 0.64772, "obj": 0.0, "sup": 0.64772, "lr": 0.0005, "time": 1790986528.22547}
{"type": "train", "epoch": 180, "loss": 0.6488, "obj": 0.0, "sup": 0.6488, "lr": 0.0005, "time": 1790986528.48368}
{"type": "train", "epoch": 181, "loss": 0.64361, "obj": 0.0, "sup": 0.64361, "lr": 0.0005, "time": 1790986528.74155}
{"type": "train", "epoch": 182, "loss": 0.63141, "obj": 0.0, "sup": 0.63141, "lr": 0.0005, "time": 1790986528.99988}
{"type": "train", "epoch": 183, "loss": 0.63743, "obj": 0.0, "sup": 0.63743, "lr": 0.0005, "time": 1790986529.25799}
{"type": "train", "epoch": 184, "loss": 0.62525, "obj": 0.0, "sup": 0.62525, "lr": 0.0005, "time": 1790986529.51519}
{"type": "train", "epoch": 185, "loss": 0.6159, "obj": 0.0, "sup": 0.6159, "lr": 0.0005, "time": 1790986529.77218}
{"type": "train", "epoch": 186, "loss": 0.61173, "obj": 0.0, "sup": 0.61173, "lr": 0.0005, "time": 1790986530.02934}
{"type": "train", "epoch": 187, "loss": 0.62776, "obj": 0.0, "sup": 0.62776, "lr": 0.0005, "time": 1790986530.28624}
{"type": "train", "epoch": 188, "loss": 0.63361, "obj": 0.0, "sup": 0.63361, "lr": 0.0005, "time": 1790986530.54431}
{"type": "train", "epoch": 189, "loss": 0.65216, "obj": 0.0, "sup": 0.65216, "lr": 0.0005, "time": 1790986530.8031}
{"type": "train", "epoch": 190, "loss": 0.65459, "obj": 0.0, "sup": 0.65459, "lr": 0.0005, "time": 1790986531.06173}
{"type": "train", "epoch": 191, "loss": 0.64711, "obj": 0.0, "sup": 0.64711, "lr": 0.0005, "time": 1790986531.32048}
{"type": "train", "epoch": 192, "loss": 0.64019, "obj": 0.0, "sup": 0.64019, "lr": 0.0005, "time": 1790986531.5793}
{"type": "train", "epoch": 193, "loss": 0.66281, "obj": 0.0, "sup": 0.66281, "lr": 0.0005, "time": 1790986531.83722}
{"type": "train", "epoch": 194, "loss": 0.64148, "obj": 0.0, "sup": 0.64148, "lr": 0.0005, "time": 1790986532.09509}
{"type": "train", "epoch": 195, "loss": 0.63073, "obj": 0.0, "sup": 0.63073, "lr": 0.0005, "time": 1790986532.35344}
{"type": "train", "epoch": 196, "loss": 0.64251, "obj": 0.0, "sup": 0.64251, "lr": 0.0005, "time": 1790986532.61175}
{"type": "train", "epoch": 197, "loss": 0.63102, "obj": 0.0, "sup": 0.63102, "lr": 0.0005, "time": 1790986532.8699}
{"type": "train", "epoch": 198, "loss": 0.65743, "obj": 0.0, "sup": 0.65743, "lr": 0.0005, "time": 1790986533.12822}
{"type": "train", "epoch": 199, "loss": 0.63981, "obj": 0.0, "sup": 0.63981, "lr": 0.0005, "time": 1790986533.38501}
{"type": "train", "epoch": 200, "loss": 0.62107, "obj": 0.0, "sup": 0.62107, "lr": 0.0005, "time": 1790986534.5966, "train_resid_median": 0.86989, "train_resid_mean": 0.88462, "train_imag_median": 0.1601, "train_obj_median": 0.82327, "train_u_loss_to_label_median": 0.54679, "val_resid_median": 1.01686, "val_resid_mean": 1.00684, "val_imag_median": 0.16889, "val_obj_median": 1.11969, "val_u_loss_to_label_median": 0.71713}
{"type": "train", "epoch": 201, "loss": 0.61509, "obj": 0.0, "sup": 0.61509, "lr": 0.0005, "time": 1790986534.85959}
{"type": "train", "epoch": 202, "loss": 0.59342, "obj": 0.0, "sup": 0.59342, "lr": 0.0005, "time": 1790986535.11848}
{"type": "train", "epoch": 203, "loss": 0.58263, "obj": 0.0, "sup": 0.58263, "lr": 0.0005, "time": 1790986535.37649}
{"type": "train", "epoch": 204, "loss": 0.57738, "obj": 0.0, "sup": 0.57738, "lr": 0.0005, "time": 1790986535.63494}
{"type": "train", "epoch": 205, "loss": 0.57342, "obj": 0.0, "sup": 0.57342, "lr": 0.0005, "time": 1790986535.89166}
{"type": "train", "epoch": 206, "loss": 0.56872, "obj": 0.0, "sup": 0.56872, "lr": 0.0005, "time": 1790986536.14827}
{"type": "train", "epoch": 207, "loss": 0.57076, "obj": 0.0, "sup": 0.57076, "lr": 0.0005, "time": 1790986536.40503}
{"type": "train", "epoch": 208, "loss": 0.56048, "obj": 0.0, "sup": 0.56048, "lr": 0.0005, "time": 1790986536.66463}
{"type": "train", "epoch": 209, "loss": 0.56208, "obj": 0.0, "sup": 0.56208, "lr": 0.0005, "time": 1790986536.92462}
{"type": "train", "epoch": 210, "loss": 0.55593, "obj": 0.0, "sup": 0.55593, "lr": 0.0005, "time": 1790986537.18602}
{"type": "train", "epoch": 211, "loss": 0.57096, "obj": 0.0, "sup": 0.57096, "lr": 0.0005, "time": 1790986537.44809}
{"type": "train", "epoch": 212, "loss": 0.57017, "obj": 0.0, "sup": 0.57017, "lr": 0.0005, "time": 1790986537.70959}
{"type": "train", "epoch": 213, "loss": 0.58959, "obj": 0.0, "sup": 0.58959, "lr": 0.0005, "time": 1790986537.97061}
{"type": "train", "epoch": 214, "loss": 0.56005, "obj": 0.0, "sup": 0.56005, "lr": 0.0005, "time": 1790986538.23249}
{"type": "train", "epoch": 215, "loss": 0.54878, "obj": 0.0, "sup": 0.54878, "lr": 0.0005, "time": 1790986538.49346}
{"type": "train", "epoch": 216, "loss": 0.54941, "obj": 0.0, "sup": 0.54941, "lr": 0.0005, "time": 1790986538.75483}
{"type": "train", "epoch": 217, "loss": 0.58373, "obj": 0.0, "sup": 0.58373, "lr": 0.0005, "time": 1790986539.01579}
{"type": "train", "epoch": 218, "loss": 0.56361, "obj": 0.0, "sup": 0.56361, "lr": 0.0005, "time": 1790986539.27702}
{"type": "train", "epoch": 219, "loss": 0.55387, "obj": 0.0, "sup": 0.55387, "lr": 0.0005, "time": 1790986539.53916}
{"type": "train", "epoch": 220, "loss": 0.55316, "obj": 0.0, "sup": 0.55316, "lr": 0.0005, "time": 1790986539.8023}
{"type": "train", "epoch": 221, "loss": 0.57244, "obj": 0.0, "sup": 0.57244, "lr": 0.0005, "time": 1790986540.06309}
{"type": "train", "epoch": 222, "loss": 0.58656, "obj": 0.0, "sup": 0.58656, "lr": 0.0005, "time": 1790986540.32283}
{"type": "train", "epoch": 223, "loss": 0.57187, "obj": 0.0, "sup": 0.57187, "lr": 0.0005, "time": 1790986540.5824}
{"type": "train", "epoch": 224, "loss": 0.54667, "obj": 0.0, "sup": 0.54667, "lr": 0.0005, "time": 1790986540.84285}
{"type": "train", "epoch": 225, "loss": 0.52832, "obj": 0.0, "sup": 0.52832, "lr": 0.0005, "time": 1790986541.10383}
{"type": "train", "epoch": 226, "loss": 0.52083, "obj": 0.0, "sup": 0.52083, "lr": 0.0005, "time": 1790986541.36432}
{"type": "train", "epoch": 227, "loss": 0.52404, "obj": 0.0, "sup": 0.52404, "lr": 0.0005, "time": 1790986541.62503}
{"type": "train", "epoch": 228, "loss": 0.52114, "obj": 0.0, "sup": 0.52114, "lr": 0.0005, "time": 1790986541.8847}
{"type": "train", "epoch": 229, "loss": 0.50057, "obj": 0.0, "sup": 0.50057, "lr": 0.0005, "time": 1790986542.14323}
{"type": "train", "epoch": 230, "loss": 0.49495, "obj": 0.0, "sup": 0.49495, "lr": 0.0005, "time": 1790986542.40177}
{"type": "train", "epoch": 231, "loss": 0.48803, "obj": 0.0, "sup": 0.48803, "lr": 0.0005, "time": 1790986542.66031}
{"type": "train", "epoch": 232, "loss": 0.48579, "obj": 0.0, "sup": 0.48579, "lr": 0.0005, "time": 1790986542.91928}
{"type": "train", "epoch": 233, "loss": 0.47684, "obj": 0.0, "sup": 0.47684, "lr": 0.0005, "time": 1790986543.17873}
{"type": "train", "epoch": 234, "loss": 0.47558, "obj": 0.0, "sup": 0.47558, "lr": 0.0005, "time": 1790986543.43749}
{"type": "train", "epoch": 235, "loss": 0.50122, "obj": 0.0, "sup": 0.50122, "lr": 0.0005, "time": 1790986543.69677}
{"type": "train", "epoch": 236, "loss": 0.53432, "obj": 0.0, "sup": 0.53432, "lr": 0.0005, "time": 1790986543.9553}
{"type": "train", "epoch": 237, "loss": 0.5338, "obj": 0.0, "sup": 0.5338, "lr": 0.0005, "time": 1790986544.21374}
{"type": "train", "epoch": 238, "loss": 0.52145, "obj": 0.0, "sup": 0.52145, "lr": 0.0005, "time": 1790986544.47047}
{"type": "train", "epoch": 239, "loss": 0.48507, "obj": 0.0, "sup": 0.48507, "lr": 0.0005, "time": 1790986544.72907}
{"type": "train", "epoch": 240, "loss": 0.50597, "obj": 0.0, "sup": 0.50597, "lr": 0.0005, "time": 1790986544.98778}
{"type": "train", "epoch": 241, "loss": 0.47876, "obj": 0.0, "sup": 0.47876, "lr": 0.0005, "time": 1790986545.24657}
{"type": "train", "epoch": 242, "loss": 0.46546, "obj": 0.0, "sup": 0.46546, "lr": 0.0005, "time": 1790986545.50537}
{"type": "train", "epoch": 243, "loss": 0.45212, "obj": 0.0, "sup": 0.45212, "lr": 0.0005, "time": 1790986545.76407}
{"type": "train", "epoch": 244, "loss": 0.48307, "obj": 0.0, "sup": 0.48307, "lr": 0.0005, "time": 1790986546.02279}
{"type": "train", "epoch": 245, "loss": 0.46501, "obj": 0.0, "sup": 0.46501, "lr": 0.0005, "time": 1790986546.28118}
{"type": "train", "epoch": 246, "loss": 0.47664, "obj": 0.0, "sup": 0.47664, "lr": 0.0005, "time": 1790986546.54197}
{"type": "train", "epoch": 247, "loss": 0.4567, "obj": 0.0, "sup": 0.4567, "lr": 0.0005, "time": 1790986546.80422}
{"type": "train", "epoch": 248, "loss": 0.45842, "obj": 0.0, "sup": 0.45842, "lr": 0.0005, "time": 1790986547.06599}
{"type": "train", "epoch": 249, "loss": 0.45713, "obj": 0.0, "sup": 0.45713, "lr": 0.0005, "time": 1790986547.32797}
{"type": "train", "epoch": 250, "loss": 0.4416, "obj": 0.0, "sup": 0.4416, "lr": 0.0005, "time": 1790986547.58975}
{"type": "train", "epoch": 251, "loss": 0.43291, "obj": 0.0, "sup": 0.43291, "lr": 0.0005, "time": 1790986547.85156}
{"type": "train", "epoch": 252, "loss": 0.42026, "obj": 0.0, "sup": 0.42026, "lr": 0.0005, "time": 1790986548.11468}
{"type": "train", "epoch": 253, "loss": 0.42543, "obj": 0.0, "sup": 0.42543, "lr": 0.0005, "time": 1790986548.37858}
{"type": "train", "epoch": 254, "loss": 0.41686, "obj": 0.0, "sup": 0.41686, "lr": 0.0005, "time": 1790986548.63961}
{"type": "train", "epoch": 255, "loss": 0.40184, "obj": 0.0, "sup": 0.40184, "lr": 0.0005, "time": 1790986548.90086}
{"type": "train", "epoch": 256, "loss": 0.40722, "obj": 0.0, "sup": 0.40722, "lr": 0.0005, "time": 1790986549.16322}
{"type": "train", "epoch": 257, "loss": 0.40013, "obj": 0.0, "sup": 0.40013, "lr": 0.0005, "time": 1790986549.42556}
{"type": "train", "epoch": 258, "loss": 0.40442, "obj": 0.0, "sup": 0.40442, "lr": 0.0005, "time": 1790986549.68651}
{"type": "train", "epoch": 259, "loss": 0.39636, "obj": 0.0, "sup": 0.39636, "lr": 0.0005, "time": 1790986549.94734}
{"type": "train", "epoch": 260, "loss": 0.39665, "obj": 0.0, "sup": 0.39665, "lr": 0.0005, "time": 1790986550.20681}
{"type": "train", "epoch": 261, "loss": 0.38899, "obj": 0.0, "sup": 0.38899, "lr": 0.0005, "time": 1790986550.46487}
{"type": "train", "epoch": 262, "loss": 0.40087, "obj": 0.0, "sup": 0.40087, "lr": 0.0005, "time": 1790986550.72285}
{"type": "train", "epoch": 263, "loss": 0.38351, "obj": 0.0, "sup": 0.38351, "lr": 0.0005, "time": 1790986550.9816}
{"type": "train", "epoch": 264, "loss": 0.39882, "obj": 0.0, "sup": 0.39882, "lr": 0.0005, "time": 1790986551.24042}
{"type": "train", "epoch": 265, "loss": 0.42102, "obj": 0.0, "sup": 0.42102, "lr": 0.0005, "time": 1790986551.49879}
{"type": "train", "epoch": 266, "loss": 0.43793, "obj": 0.0, "sup": 0.43793, "lr": 0.0005, "time": 1790986551.7572}
{"type": "train", "epoch": 267, "loss": 0.40188, "obj": 0.0, "sup": 0.40188, "lr": 0.0005, "time": 1790986552.01627}
{"type": "train", "epoch": 268, "loss": 0.40127, "obj": 0.0, "sup": 0.40127, "lr": 0.0005, "time": 1790986552.27641}
{"type": "train", "epoch": 269, "loss": 0.40848, "obj": 0.0, "sup": 0.40848, "lr": 0.0005, "time": 1790986552.5363}
{"type": "train", "epoch": 270, "loss": 0.39845, "obj": 0.0, "sup": 0.39845, "lr": 0.0005, "time": 1790986552.79631}
{"type": "train", "epoch": 271, "loss": 0.41331, "obj": 0.0, "sup": 0.41331, "lr": 0.0005, "time": 1790986553.05646}
{"type": "train", "epoch": 272, "loss": 0.39883, "obj": 0.0, "sup": 0.39883, "lr": 0.0005, "time": 1790986553.31752}
{"type": "train", "epoch": 273, "loss": 0.36842, "obj": 0.0, "sup": 0.36842, "lr": 0.0005, "time": 1790986553.57725}
{"type": "train", "epoch": 274, "loss": 0.35722, "obj": 0.0, "sup": 0.35722, "lr": 0.0005, "time": 1790986553.83715}
{"type": "train", "epoch": 275, "loss": 0.37012, "obj": 0.0, "sup": 0.37012, "lr": 0.0005, "time": 1790986554.09698}
{"type": "train", "epoch": 276, "loss": 0.34806, "obj": 0.0, "sup": 0.34806, "lr": 0.0005, "time": 1790986554.35727}
{"type": "train", "epoch": 277, "loss": 0.3387, "obj": 0.0, "sup": 0.3387, "lr": 0.0005, "time": 1790986554.61751}
{"type": "train", "epoch": 278, "loss": 0.34536, "obj": 0.0, "sup": 0.34536, "lr": 0.0005, "time": 1790986554.87994}
{"type": "train", "epoch": 279, "loss": 0.32781, "obj": 0.0, "sup": 0.32781, "lr": 0.0005, "time": 1790986555.14137}
{"type": "train", "epoch": 280, "loss": 0.30803, "obj": 0.0, "sup": 0.30803, "lr": 0.0005, "time": 1790986555.40304}
{"type": "train", "epoch": 281, "loss": 0.30687, "obj": 0.0, "sup": 0.30687, "lr": 0.0005, "time": 1790986555.66475}
{"type": "train", "epoch": 282, "loss": 0.30306, "obj": 0.0, "sup": 0.30306, "lr": 0.0005, "time": 1790986555.92619}
{"type": "train", "epoch": 283, "loss": 0.29746, "obj": 0.0, "sup": 0.29746, "lr": 0.0005, "time": 1790986556.18973}
{"type": "train", "epoch": 284, "loss": 0.29482, "obj": 0.0, "sup": 0.29482, "lr": 0.0005, "time": 1790986556.45286}
{"type": "train", "epoch": 285, "loss": 0.28609, "obj": 0.0, "sup": 0.28609, "lr": 0.0005, "time": 1790986556.71597}
{"type": "train", "epoch": 286, "loss": 0.29166, "obj": 0.0, "sup": 0.29166, "lr": 0.0005, "time": 1790986556.98031}
{"type": "train", "epoch": 287, "loss": 0.28332, "obj": 0.0, "sup": 0.28332, "lr": 0.0005, "time": 1790986557.24104}
{"type": "train", "epoch": 288, "loss": 0.27858, "obj": 0.0, "sup": 0.27858, "lr": 0.0005, "time": 1790986557.50084}
{"type": "train", "epoch": 289, "loss": 0.28171, "obj": 0.0, "sup": 0.28171, "lr": 0.0005, "time": 1790986557.76117}
{"type": "train", "epoch": 290, "loss": 0.32199, "obj": 0.0, "sup": 0.32199, "lr": 0.0005, "time": 1790986558.02115}
{"type": "train", "epoch": 291, "loss": 0.2993, "obj": 0.0, "sup": 0.2993, "lr": 0.0005, "time": 1790986558.2821}
{"type": "train", "epoch": 292, "loss": 0.34048, "obj": 0.0, "sup": 0.34048, "lr": 0.0005, "time": 1790986558.54194}
{"type": "train", "epoch": 293, "loss": 0.28966, "obj": 0.0, "sup": 0.28966, "lr": 0.0005, "time": 1790986558.80188}
{"type": "train", "epoch": 294, "loss": 0.31872, "obj": 0.0, "sup": 0.31872, "lr": 0.0005, "time": 1790986559.06142}
{"type": "train", "epoch": 295, "loss": 0.30074, "obj": 0.0, "sup": 0.30074, "lr": 0.0005, "time": 1790986559.3211}
{"type": "train", "epoch": 296, "loss": 0.28882, "obj": 0.0, "sup": 0.28882, "lr": 0.0005, "time": 1790986559.58138}
{"type": "train", "epoch": 297, "loss": 0.28334, "obj": 0.0, "sup": 0.28334, "lr": 0.0005, "time": 1790986559.84142}
{"type": "train", "epoch": 298, "loss": 0.28653, "obj": 0.0, "sup": 0.28653, "lr": 0.0005, "time": 1790986560.10104}
{"type": "train", "epoch": 299, "loss": 0.2794, "obj": 0.0, "sup": 0.2794, "lr": 0.0005, "time": 1790986560.36168}
{"type": "train", "epoch": 300, "loss": 0.25992, "obj": 0.0, "sup": 0.25992, "lr": 0.0005, "time": 1790986561.59681, "train_resid_median": 0.62455, "train_resid_mean": 0.63345, "train_imag_median": 0.19392, "train_obj_median": 0.47026, "train_u_loss_to_label_median": 0.25372, "val_resid_median": 0.94673, "val_resid_mean": 0.9332, "val_imag_median": 0.28423, "val_obj_median": 1.02824, "val_u_loss_to_label_median": 0.80478}
{"type": "train", "epoch": 301, "loss": 0.26561, "obj": 0.0, "sup": 0.26561, "lr": 0.0005, "time": 1790986561.86097}
{"type": "train", "epoch": 302, "loss": 0.26379, "obj": 0.0, "sup": 0.26379, "lr": 0.0005, "time": 1790986562.12098}
{"type": "train", "epoch": 303, "loss": 0.24918, "obj": 0.0, "sup": 0.24918, "lr": 0.0005, "time": 1790986562.38123}
{"type": "train", "epoch": 304, "loss": 0.24873, "obj": 0.0, "sup": 0.24873, "lr": 0.0005, "time": 1790986562.64097}
{"type": "train", "epoch": 305, "loss": 0.24415, "obj": 0.0, "sup": 0.24415, "lr": 0.0005, "time": 1790986562.90099}
{"type": "train", "epoch": 306, "loss": 0.2287, "obj": 0.0, "sup": 0.2287, "lr": 0.0005, "time": 1790986563.16057}
{"type": "train", "epoch": 307, "loss": 0.22903, "obj": 0.0, "sup": 0.22903, "lr": 0.0005, "time": 1790986563.42006}
{"type": "train", "epoch": 308, "loss": 0.23876, "obj": 0.0, "sup": 0.23876, "lr": 0.0005, "time": 1790986563.67856}
{"type": "train", "epoch": 309, "loss": 0.22664, "obj": 0.0, "sup": 0.22664, "lr": 0.0005, "time": 1790986563.93759}
{"type": "train", "epoch": 310, "loss": 0.21679, "obj": 0.0, "sup": 0.21679, "lr": 0.0005, "time": 1790986564.19706}
{"type": "train", "epoch": 311, "loss": 0.22932, "obj": 0.0, "sup": 0.22932, "lr": 0.0005, "time": 1790986564.45616}
{"type": "train", "epoch": 312, "loss": 0.22426, "obj": 0.0, "sup": 0.22426, "lr": 0.0005, "time": 1790986564.71627}
{"type": "train", "epoch": 313, "loss": 0.20588, "obj": 0.0, "sup": 0.20588, "lr": 0.0005, "time": 1790986564.97574}
{"type": "train", "epoch": 314, "loss": 0.22314, "obj": 0.0, "sup": 0.22314, "lr": 0.0005, "time": 1790986565.23535}
{"type": "train", "epoch": 315, "loss": 0.20592, "obj": 0.0, "sup": 0.20592, "lr": 0.0005, "time": 1790986565.49401}
{"type": "train", "epoch": 316, "loss": 0.19206, "obj": 0.0, "sup": 0.19206, "lr": 0.0005, "time": 1790986565.75302}
{"type": "train", "epoch": 317, "loss": 0.18699, "obj": 0.0, "sup": 0.18699, "lr": 0.0005, "time": 1790986566.01186}
{"type": "train", "epoch": 318, "loss": 0.1865, "obj": 0.0, "sup": 0.1865, "lr": 0.0005, "time": 1790986566.27163}
{"type": "train", "epoch": 319, "loss": 0.1817, "obj": 0.0, "sup": 0.1817, "lr": 0.0005, "time": 1790986566.53134}
{"type": "train", "epoch": 320, "loss": 0.1805, "obj": 0.0, "sup": 0.1805, "lr": 0.0005, "time": 1790986566.79123}
{"type": "train", "epoch": 321, "loss": 0.17025, "obj": 0.0, "sup": 0.17025, "lr": 0.0005, "time": 1790986567.05056}
{"type": "train", "epoch": 322, "loss": 0.16984, "obj": 0.0, "sup": 0.16984, "lr": 0.0005, "time": 1790986567.31096}
{"type": "train", "epoch": 323, "loss": 0.16649, "obj": 0.0, "sup": 0.16649, "lr": 0.0005, "time": 1790986567.57092}
{"type": "train", "epoch": 324, "loss": 0.15855, "obj": 0.0, "sup": 0.15855, "lr": 0.0005, "time": 1790986567.8306}
{"type": "train", "epoch": 325, "loss": 0.15653, "obj": 0.0, "sup": 0.15653, "lr": 0.0005, "time": 1790986568.08948}
{"type": "train", "epoch": 326, "loss": 0.15272, "obj": 0.0, "sup": 0.15272, "lr": 0.0005, "time": 1790986568.34872}
{"type": "train", "epoch": 327, "loss": 0.15053, "obj": 0.0, "sup": 0.15053, "lr": 0.0005, "time": 1790986568.60871}
{"type": "train", "epoch": 328, "loss": 0.1533, "obj": 0.0, "sup": 0.1533, "lr": 0.0005, "time": 1790986568.86929}
{"type": "train", "epoch": 329, "loss": 0.14717, "obj": 0.0, "sup": 0.14717, "lr": 0.0005, "time": 1790986569.13034}
{"type": "train", "epoch": 330, "loss": 0.1431, "obj": 0.0, "sup": 0.1431, "lr": 0.0005, "time": 1790986569.3904}
{"type": "train", "epoch": 331, "loss": 0.13718, "obj": 0.0, "sup": 0.13718, "lr": 0.0005, "time": 1790986569.64971}
{"type": "train", "epoch": 332, "loss": 0.14543, "obj": 0.0, "sup": 0.14543, "lr": 0.0005, "time": 1790986569.90916}
{"type": "train", "epoch": 333, "loss": 0.13515, "obj": 0.0, "sup": 0.13515, "lr": 0.0005, "time": 1790986570.1701}
{"type": "train", "epoch": 334, "loss": 0.13354, "obj": 0.0, "sup": 0.13354, "lr": 0.0005, "time": 1790986570.42969}
{"type": "train", "epoch": 335, "loss": 0.1335, "obj": 0.0, "sup": 0.1335, "lr": 0.0005, "time": 1790986570.69129}
{"type": "train", "epoch": 336, "loss": 0.13229, "obj": 0.0, "sup": 0.13229, "lr": 0.0005, "time": 1790986570.95199}
{"type": "train", "epoch": 337, "loss": 0.14534, "obj": 0.0, "sup": 0.14534, "lr": 0.0005, "time": 1790986571.21241}
{"type": "train", "epoch": 338, "loss": 0.14566, "obj": 0.0, "sup": 0.14566, "lr": 0.0005, "time": 1790986571.47229}
{"type": "train", "epoch": 339, "loss": 0.21123, "obj": 0.0, "sup": 0.21123, "lr": 0.0005, "time": 1790986571.73265}
{"type": "train", "epoch": 340, "loss": 0.1693, "obj": 0.0, "sup": 0.1693, "lr": 0.0005, "time": 1790986571.99344}
{"type": "train", "epoch": 341, "loss": 0.20389, "obj": 0.0, "sup": 0.20389, "lr": 0.0005, "time": 1790986572.25421}
{"type": "train", "epoch": 342, "loss": 0.16388, "obj": 0.0, "sup": 0.16388, "lr": 0.0005, "time": 1790986572.51404}
{"type": "train", "epoch": 343, "loss": 0.16035, "obj": 0.0, "sup": 0.16035, "lr": 0.0005, "time": 1790986572.77455}
{"type": "train", "epoch": 344, "loss": 0.15804, "obj": 0.0, "sup": 0.15804, "lr": 0.0005, "time": 1790986573.03595}
{"type": "train", "epoch": 345, "loss": 0.19819, "obj": 0.0, "sup": 0.19819, "lr": 0.0005, "time": 1790986573.29734}
{"type": "train", "epoch": 346, "loss": 0.15597, "obj": 0.0, "sup": 0.15597, "lr": 0.0005, "time": 1790986573.55815}
{"type": "train", "epoch": 347, "loss": 0.19417, "obj": 0.0, "sup": 0.19417, "lr": 0.0005, "time": 1790986573.82077}
{"type": "train", "epoch": 348, "loss": 0.17076, "obj": 0.0, "sup": 0.17076, "lr": 0.0005, "time": 1790986574.08105}
{"type": "train", "epoch": 349, "loss": 0.20454, "obj": 0.0, "sup": 0.20454, "lr": 0.0005, "time": 1790986574.34203}
{"type": "train", "epoch": 350, "loss": 0.20987, "obj": 0.0, "sup": 0.20987, "lr": 0.0005, "time": 1790986574.60291}
{"type": "train", "epoch": 351, "loss": 0.17096, "obj": 0.0, "sup": 0.17096, "lr": 0.0005, "time": 1790986574.86425}
{"type": "train", "epoch": 352, "loss": 0.19145, "obj": 0.0, "sup": 0.19145, "lr": 0.0005, "time": 1790986575.12635}
{"type": "train", "epoch": 353, "loss": 0.17891, "obj": 0.0, "sup": 0.17891, "lr": 0.0005, "time": 1790986575.38581}
{"type": "train", "epoch": 354, "loss": 0.17242, "obj": 0.0, "sup": 0.17242, "lr": 0.0005, "time": 1790986575.64581}
{"type": "train", "epoch": 355, "loss": 0.18459, "obj": 0.0, "sup": 0.18459, "lr": 0.0005, "time": 1790986575.90643}
{"type": "train", "epoch": 356, "loss": 0.15882, "obj": 0.0, "sup": 0.15882, "lr": 0.0005, "time": 1790986576.16744}
{"type": "train", "epoch": 357, "loss": 0.15451, "obj": 0.0, "sup": 0.15451, "lr": 0.0005, "time": 1790986576.42934}
{"type": "train", "epoch": 358, "loss": 0.1731, "obj": 0.0, "sup": 0.1731, "lr": 0.0005, "time": 1790986576.69067}
{"type": "train", "epoch": 359, "loss": 0.15066, "obj": 0.0, "sup": 0.15066, "lr": 0.0005, "time": 1790986576.95268}
{"type": "train", "epoch": 360, "loss": 0.14781, "obj": 0.0, "sup": 0.14781, "lr": 0.0005, "time": 1790986577.21541}
{"type": "train", "epoch": 361, "loss": 0.15656, "obj": 0.0, "sup": 0.15656, "lr": 0.0005, "time": 1790986577.47588}
{"type": "train", "epoch": 362, "loss": 0.14432, "obj": 0.0, "sup": 0.14432, "lr": 0.0005, "time": 1790986577.73883}
{"type": "train", "epoch": 363, "loss": 0.12912, "obj": 0.0, "sup": 0.12912, "lr": 0.0005, "time": 1790986578.00063}
{"type": "train", "epoch": 364, "loss": 0.12527, "obj": 0.0, "sup": 0.12527, "lr": 0.0005, "time": 1790986578.26391}
{"type": "train", "epoch": 365, "loss": 0.13075, "obj": 0.0, "sup": 0.13075, "lr": 0.0005, "time": 1790986578.52724}
{"type": "train", "epoch": 366, "loss": 0.15082, "obj": 0.0, "sup": 0.15082, "lr": 0.0005, "time": 1790986578.79034}
{"type": "train", "epoch": 367, "loss": 0.13882, "obj": 0.0, "sup": 0.13882, "lr": 0.0005, "time": 1790986579.05275}
{"type": "train", "epoch": 368, "loss": 0.12652, "obj": 0.0, "sup": 0.12652, "lr": 0.0005, "time": 1790986579.3156}
{"type": "train", "epoch": 369, "loss": 0.11952, "obj": 0.0, "sup": 0.11952, "lr": 0.0005, "time": 1790986579.57852}
{"type": "train", "epoch": 370, "loss": 0.13124, "obj": 0.0, "sup": 0.13124, "lr": 0.0005, "time": 1790986579.83962}
{"type": "train", "epoch": 371, "loss": 0.1175, "obj": 0.0, "sup": 0.1175, "lr": 0.0005, "time": 1790986580.10045}
{"type": "train", "epoch": 372, "loss": 0.11898, "obj": 0.0, "sup": 0.11898, "lr": 0.0005, "time": 1790986580.3615}
{"type": "train", "epoch": 373, "loss": 0.1087, "obj": 0.0, "sup": 0.1087, "lr": 0.0005, "time": 1790986580.6242}
{"type": "train", "epoch": 374, "loss": 0.10202, "obj": 0.0, "sup": 0.10202, "lr": 0.0005, "time": 1790986580.88505}
{"type": "train", "epoch": 375, "loss": 0.09564, "obj": 0.0, "sup": 0.09564, "lr": 0.0005, "time": 1790986581.14701}
{"type": "train", "epoch": 376, "loss": 0.08808, "obj": 0.0, "sup": 0.08808, "lr": 0.0005, "time": 1790986581.4084}
{"type": "train", "epoch": 377, "loss": 0.09563, "obj": 0.0, "sup": 0.09563, "lr": 0.0005, "time": 1790986581.66954}
{"type": "train", "epoch": 378, "loss": 0.08734, "obj": 0.0, "sup": 0.08734, "lr": 0.0005, "time": 1790986581.93312}
{"type": "train", "epoch": 379, "loss": 0.08233, "obj": 0.0, "sup": 0.08233, "lr": 0.0005, "time": 1790986582.19574}
{"type": "train", "epoch": 380, "loss": 0.07863, "obj": 0.0, "sup": 0.07863, "lr": 0.0005, "time": 1790986582.45847}
{"type": "train", "epoch": 381, "loss": 0.07805, "obj": 0.0, "sup": 0.07805, "lr": 0.0005, "time": 1790986582.71957}
{"type": "train", "epoch": 382, "loss": 0.08422, "obj": 0.0, "sup": 0.08422, "lr": 0.0005, "time": 1790986582.98018}
{"type": "train", "epoch": 383, "loss": 0.07291, "obj": 0.0, "sup": 0.07291, "lr": 0.0005, "time": 1790986583.24112}
{"type": "train", "epoch": 384, "loss": 0.08949, "obj": 0.0, "sup": 0.08949, "lr": 0.0005, "time": 1790986583.50381}
{"type": "train", "epoch": 385, "loss": 0.07726, "obj": 0.0, "sup": 0.07726, "lr": 0.0005, "time": 1790986583.76462}
{"type": "train", "epoch": 386, "loss": 0.08017, "obj": 0.0, "sup": 0.08017, "lr": 0.0005, "time": 1790986584.02677}
{"type": "train", "epoch": 387, "loss": 0.0769, "obj": 0.0, "sup": 0.0769, "lr": 0.0005, "time": 1790986584.2884}
{"type": "train", "epoch": 388, "loss": 0.07101, "obj": 0.0, "sup": 0.07101, "lr": 0.0005, "time": 1790986584.55012}
{"type": "train", "epoch": 389, "loss": 0.07378, "obj": 0.0, "sup": 0.07378, "lr": 0.0005, "time": 1790986584.81098}
{"type": "train", "epoch": 390, "loss": 0.07313, "obj": 0.0, "sup": 0.07313, "lr": 0.0005, "time": 1790986585.07293}
{"type": "train", "epoch": 391, "loss": 0.06998, "obj": 0.0, "sup": 0.06998, "lr": 0.0005, "time": 1790986585.33481}
{"type": "train", "epoch": 392, "loss": 0.0778, "obj": 0.0, "sup": 0.0778, "lr": 0.0005, "time": 1790986585.5974}
{"type": "train", "epoch": 393, "loss": 0.07714, "obj": 0.0, "sup": 0.07714, "lr": 0.0005, "time": 1790986585.85956}
{"type": "train", "epoch": 394, "loss": 0.07321, "obj": 0.0, "sup": 0.07321, "lr": 0.0005, "time": 1790986586.12699}
{"type": "train", "epoch": 395, "loss": 0.14541, "obj": 0.0, "sup": 0.14541, "lr": 0.0005, "time": 1790986586.39348}
{"type": "train", "epoch": 396, "loss": 0.10715, "obj": 0.0, "sup": 0.10715, "lr": 0.0005, "time": 1790986586.66269}
{"type": "train", "epoch": 397, "loss": 0.1016, "obj": 0.0, "sup": 0.1016, "lr": 0.0005, "time": 1790986586.92081}
{"type": "train", "epoch": 398, "loss": 0.09772, "obj": 0.0, "sup": 0.09772, "lr": 0.0005, "time": 1790986587.18027}
{"type": "train", "epoch": 399, "loss": 0.10453, "obj": 0.0, "sup": 0.10453, "lr": 0.0005, "time": 1790986587.43887}
{"type": "train", "epoch": 400, "loss": 0.09324, "obj": 0.0, "sup": 0.09324, "lr": 0.0005, "time": 1790986588.6716, "train_resid_median": 0.42075, "train_resid_mean": 0.43562, "train_imag_median": 0.15102, "train_obj_median": 0.25152, "train_u_loss_to_label_median": 0.06173, "val_resid_median": 0.94434, "val_resid_mean": 0.92689, "val_imag_median": 0.30881, "val_obj_median": 1.03364, "val_u_loss_to_label_median": 0.80363}
{"type": "train", "epoch": 401, "loss": 0.081, "obj": 0.0, "sup": 0.081, "lr": 0.0005, "time": 1790986588.93328}
{"type": "train", "epoch": 402, "loss": 0.0779, "obj": 0.0, "sup": 0.0779, "lr": 0.0005, "time": 1790986589.19485}
{"type": "train", "epoch": 403, "loss": 0.07457, "obj": 0.0, "sup": 0.07457, "lr": 0.0005, "time": 1790986589.45623}
{"type": "train", "epoch": 404, "loss": 0.06738, "obj": 0.0, "sup": 0.06738, "lr": 0.0005, "time": 1790986589.71864}
{"type": "train", "epoch": 405, "loss": 0.07293, "obj": 0.0, "sup": 0.07293, "lr": 0.0005, "time": 1790986589.97959}
{"type": "train", "epoch": 406, "loss": 0.07324, "obj": 0.0, "sup": 0.07324, "lr": 0.0005, "time": 1790986590.24241}
{"type": "train", "epoch": 407, "loss": 0.06313, "obj": 0.0, "sup": 0.06313, "lr": 0.0005, "time": 1790986590.50405}
{"type": "train", "epoch": 408, "loss": 0.06298, "obj": 0.0, "sup": 0.06298, "lr": 0.0005, "time": 1790986590.76489}
{"type": "train", "epoch": 409, "loss": 0.06131, "obj": 0.0, "sup": 0.06131, "lr": 0.0005, "time": 1790986591.0258}
{"type": "train", "epoch": 410, "loss": 0.05372, "obj": 0.0, "sup": 0.05372, "lr": 0.0005, "time": 1790986591.28865}
{"type": "train", "epoch": 411, "loss": 0.0585, "obj": 0.0, "sup": 0.0585, "lr": 0.0005, "time": 1790986591.55092}
{"type": "train", "epoch": 412, "loss": 0.05529, "obj": 0.0, "sup": 0.05529, "lr": 0.0005, "time": 1790986591.81279}
{"type": "train", "epoch": 413, "loss": 0.0504, "obj": 0.0, "sup": 0.0504, "lr": 0.0005, "time": 1790986592.0746}
{"type": "train", "epoch": 414, "loss": 0.05284, "obj": 0.0, "sup": 0.05284, "lr": 0.0005, "time": 1790986592.33719}
{"type": "train", "epoch": 415, "loss": 0.04687, "obj": 0.0, "sup": 0.04687, "lr": 0.0005, "time": 1790986592.59974}
{"type": "train", "epoch": 416, "loss": 0.04844, "obj": 0.0, "sup": 0.04844, "lr": 0.0005, "time": 1790986592.8625}
{"type": "train", "epoch": 417, "loss": 0.04736, "obj": 0.0, "sup": 0.04736, "lr": 0.0005, "time": 1790986593.12346}
{"type": "train", "epoch": 418, "loss": 0.0449, "obj": 0.0, "sup": 0.0449, "lr": 0.0005, "time": 1790986593.38429}
{"type": "train", "epoch": 419, "loss": 0.04342, "obj": 0.0, "sup": 0.04342, "lr": 0.0005, "time": 1790986593.64623}
{"type": "train", "epoch": 420, "loss": 0.04387, "obj": 0.0, "sup": 0.04387, "lr": 0.0005, "time": 1790986593.90807}
{"type": "train", "epoch": 421, "loss": 0.04138, "obj": 0.0, "sup": 0.04138, "lr": 0.0005, "time": 1790986594.17104}
{"type": "train", "epoch": 422, "loss": 0.04161, "obj": 0.0, "sup": 0.04161, "lr": 0.0005, "time": 1790986594.43247}
{"type": "train", "epoch": 423, "loss": 0.04591, "obj": 0.0, "sup": 0.04591, "lr": 0.0005, "time": 1790986594.69439}
{"type": "train", "epoch": 424, "loss": 0.04197, "obj": 0.0, "sup": 0.04197, "lr": 0.0005, "time": 1790986594.95827}
{"type": "train", "epoch": 425, "loss": 0.04094, "obj": 0.0, "sup": 0.04094, "lr": 0.0005, "time": 1790986595.22041}
{"type": "train", "epoch": 426, "loss": 0.04598, "obj": 0.0, "sup": 0.04598, "lr": 0.0005, "time": 1790986595.48345}
{"type": "train", "epoch": 427, "loss": 0.04174, "obj": 0.0, "sup": 0.04174, "lr": 0.0005, "time": 1790986595.74568}
{"type": "train", "epoch": 428, "loss": 0.04159, "obj": 0.0, "sup": 0.04159, "lr": 0.0005, "time": 1790986596.00689}
{"type": "train", "epoch": 429, "loss": 0.04221, "obj": 0.0, "sup": 0.04221, "lr": 0.0005, "time": 1790986596.26914}
{"type": "train", "epoch": 430, "loss": 0.04833, "obj": 0.0, "sup": 0.04833, "lr": 0.0005, "time": 1790986596.53086}
{"type": "train", "epoch": 431, "loss": 0.05736, "obj": 0.0, "sup": 0.05736, "lr": 0.0005, "time": 1790986596.79267}
{"type": "train", "epoch": 432, "loss": 0.05448, "obj": 0.0, "sup": 0.05448, "lr": 0.0005, "time": 1790986597.05551}
{"type": "train", "epoch": 433, "loss": 0.05039, "obj": 0.0, "sup": 0.05039, "lr": 0.0005, "time": 1790986597.31827}
{"type": "train", "epoch": 434, "loss": 0.0762, "obj": 0.0, "sup": 0.0762, "lr": 0.0005, "time": 1790986597.58062}
{"type": "train", "epoch": 435, "loss": 0.06273, "obj": 0.0, "sup": 0.06273, "lr": 0.0005, "time": 1790986597.84282}
{"type": "train", "epoch": 436, "loss": 0.06011, "obj": 0.0, "sup": 0.06011, "lr": 0.0005, "time": 1790986598.10436}
{"type": "train", "epoch": 437, "loss": 0.0502, "obj": 0.0, "sup": 0.0502, "lr": 0.0005, "time": 1790986598.3661}
{"type": "train", "epoch": 438, "loss": 0.0457, "obj": 0.0, "sup": 0.0457, "lr": 0.0005, "time": 1790986598.628}
{"type": "train", "epoch": 439, "loss": 0.05388, "obj": 0.0, "sup": 0.05388, "lr": 0.0005, "time": 1790986598.89021}
{"type": "train", "epoch": 440, "loss": 0.05613, "obj": 0.0, "sup": 0.05613, "lr": 0.0005, "time": 1790986599.1524}
{"type": "train", "epoch": 441, "loss": 0.05193, "obj": 0.0, "sup": 0.05193, "lr": 0.0005, "time": 1790986599.41367}
{"type": "train", "epoch": 442, "loss": 0.04692, "obj": 0.0, "sup": 0.04692, "lr": 0.0005, "time": 1790986599.67644}
{"type": "train", "epoch": 443, "loss": 0.04925, "obj": 0.0, "sup": 0.04925, "lr": 0.0005, "time": 1790986599.93846}
{"type": "train", "epoch": 444, "loss": 0.04141, "obj": 0.0, "sup": 0.04141, "lr": 0.0005, "time": 1790986600.19957}
{"type": "train", "epoch": 445, "loss": 0.04004, "obj": 0.0, "sup": 0.04004, "lr": 0.0005, "time": 1790986600.46074}
{"type": "train", "epoch": 446, "loss": 0.03861, "obj": 0.0, "sup": 0.03861, "lr": 0.0005, "time": 1790986600.72163}
{"type": "train", "epoch": 447, "loss": 0.03361, "obj": 0.0, "sup": 0.03361, "lr": 0.0005, "time": 1790986600.98375}
{"type": "train", "epoch": 448, "loss": 0.04054, "obj": 0.0, "sup": 0.04054, "lr": 0.0005, "time": 1790986601.2456}
{"type": "train", "epoch": 449, "loss": 0.03292, "obj": 0.0, "sup": 0.03292, "lr": 0.0005, "time": 1790986601.50743}
{"type": "train", "epoch": 450, "loss": 0.03357, "obj": 0.0, "sup": 0.03357, "lr": 0.0005, "time": 1790986601.76949}
{"type": "train", "epoch": 451, "loss": 0.03014, "obj": 0.0, "sup": 0.03014, "lr": 0.0005, "time": 1790986602.03082}
{"type": "train", "epoch": 452, "loss": 0.03119, "obj": 0.0, "sup": 0.03119, "lr": 0.0005, "time": 1790986602.29239}
{"type": "train", "epoch": 453, "loss": 0.03049, "obj": 0.0, "sup": 0.03049, "lr": 0.0005, "time": 1790986602.55438}
{"type": "train", "epoch": 454, "loss": 0.03034, "obj": 0.0, "sup": 0.03034, "lr": 0.0005, "time": 1790986602.81579}
{"type": "train", "epoch": 455, "loss": 0.02694, "obj": 0.0, "sup": 0.02694, "lr": 0.0005, "time": 1790986603.07747}
{"type": "train", "epoch": 456, "loss": 0.02787, "obj": 0.0, "sup": 0.02787, "lr": 0.0005, "time": 1790986603.34029}
{"type": "train", "epoch": 457, "loss": 0.03955, "obj": 0.0, "sup": 0.03955, "lr": 0.0005, "time": 1790986603.60407}
{"type": "train", "epoch": 458, "loss": 0.07244, "obj": 0.0, "sup": 0.07244, "lr": 0.0005, "time": 1790986603.86782}
{"type": "train", "epoch": 459, "loss": 0.06424, "obj": 0.0, "sup": 0.06424, "lr": 0.0005, "time": 1790986604.12908}
{"type": "train", "epoch": 460, "loss": 0.07639, "obj": 0.0, "sup": 0.07639, "lr": 0.0005, "time": 1790986604.39048}
{"type": "train", "epoch": 461, "loss": 0.06994, "obj": 0.0, "sup": 0.06994, "lr": 0.0005, "time": 1790986604.65196}
{"type": "train", "epoch": 462, "loss": 0.07881, "obj": 0.0, "sup": 0.07881, "lr": 0.0005, "time": 1790986604.91442}
{"type": "train", "epoch": 463, "loss": 0.05686, "obj": 0.0, "sup": 0.05686, "lr": 0.0005, "time": 1790986605.17734}
{"type": "train", "epoch": 464, "loss": 0.05539, "obj": 0.0, "sup": 0.05539, "lr": 0.0005, "time": 1790986605.43941}
{"type": "train", "epoch": 465, "loss": 0.04663, "obj": 0.0, "sup": 0.04663, "lr": 0.0005, "time": 1790986605.70077}
{"type": "train", "epoch": 466, "loss": 0.05343, "obj": 0.0, "sup": 0.05343, "lr": 0.0005, "time": 1790986605.96297}
{"type": "train", "epoch": 467, "loss": 0.06093, "obj": 0.0, "sup": 0.06093, "lr": 0.0005, "time": 1790986606.22563}
{"type": "train", "epoch": 468, "loss": 0.05088, "obj": 0.0, "sup": 0.05088, "lr": 0.0005, "time": 1790986606.48795}
{"type": "train", "epoch": 469, "loss": 0.05448, "obj": 0.0, "sup": 0.05448, "lr": 0.0005, "time": 1790986606.75119}
{"type": "train", "epoch": 470, "loss": 0.05059, "obj": 0.0, "sup": 0.05059, "lr": 0.0005, "time": 1790986607.01311}
{"type": "train", "epoch": 471, "loss": 0.05564, "obj": 0.0, "sup": 0.05564, "lr": 0.0005, "time": 1790986607.27441}
{"type": "train", "epoch": 472, "loss": 0.08022, "obj": 0.0, "sup": 0.08022, "lr": 0.0005, "time": 1790986607.53673}
{"type": "train", "epoch": 473, "loss": 0.072, "obj": 0.0, "sup": 0.072, "lr": 0.0005, "time": 1790986607.79835}
{"type": "train", "epoch": 474, "loss": 0.06082, "obj": 0.0, "sup": 0.06082, "lr": 0.0005, "time": 1790986608.06039}
{"type": "train", "epoch": 475, "loss": 0.05956, "obj": 0.0, "sup": 0.05956, "lr": 0.0005, "time": 1790986608.32266}
{"type": "train", "epoch": 476, "loss": 0.07821, "obj": 0.0, "sup": 0.07821, "lr": 0.0005, "time": 1790986608.58493}
{"type": "train", "epoch": 477, "loss": 0.05805, "obj": 0.0, "sup": 0.05805, "lr": 0.0005, "time": 1790986608.84591}
{"type": "train", "epoch": 478, "loss": 0.06387, "obj": 0.0, "sup": 0.06387, "lr": 0.0005, "time": 1790986609.10744}
{"type": "train", "epoch": 479, "loss": 0.05139, "obj": 0.0, "sup": 0.05139, "lr": 0.0005, "time": 1790986609.36845}
{"type": "train", "epoch": 480, "loss": 0.06522, "obj": 0.0, "sup": 0.06522, "lr": 0.0005, "time": 1790986609.63155}
{"type": "train", "epoch": 481, "loss": 0.05372, "obj": 0.0, "sup": 0.05372, "lr": 0.0005, "time": 1790986609.89379}
{"type": "train", "epoch": 482, "loss": 0.07613, "obj": 0.0, "sup": 0.07613, "lr": 0.0005, "time": 1790986610.15574}
{"type": "train", "epoch": 483, "loss": 0.0804, "obj": 0.0, "sup": 0.0804, "lr": 0.0005, "time": 1790986610.41781}
{"type": "train", "epoch": 484, "loss": 0.06608, "obj": 0.0, "sup": 0.06608, "lr": 0.0005, "time": 1790986610.68073}
{"type": "train", "epoch": 485, "loss": 0.06442, "obj": 0.0, "sup": 0.06442, "lr": 0.0005, "time": 1790986610.94148}
{"type": "train", "epoch": 486, "loss": 0.06173, "obj": 0.0, "sup": 0.06173, "lr": 0.0005, "time": 1790986611.20381}
{"type": "train", "epoch": 487, "loss": 0.05258, "obj": 0.0, "sup": 0.05258, "lr": 0.0005, "time": 1790986611.46486}
{"type": "train", "epoch": 488, "loss": 0.05343, "obj": 0.0, "sup": 0.05343, "lr": 0.0005, "time": 1790986611.72666}
{"type": "train", "epoch": 489, "loss": 0.04198, "obj": 0.0, "sup": 0.04198, "lr": 0.0005, "time": 1790986611.98878}
{"type": "train", "epoch": 490, "loss": 0.0435, "obj": 0.0, "sup": 0.0435, "lr": 0.0005, "time": 1790986612.25918}
{"type": "train", "epoch": 491, "loss": 0.04419, "obj": 0.0, "sup": 0.04419, "lr": 0.0005, "time": 1790986612.53034}
{"type": "train", "epoch": 492, "loss": 0.03893, "obj": 0.0, "sup": 0.03893, "lr": 0.0005, "time": 1790986612.80003}
{"type": "train", "epoch": 493, "loss": 0.0328, "obj": 0.0, "sup": 0.0328, "lr": 0.0005, "time": 1790986613.05837}
{"type": "train", "epoch": 494, "loss": 0.02962, "obj": 0.0, "sup": 0.02962, "lr": 0.0005, "time": 1790986613.31778}
{"type": "train", "epoch": 495, "loss": 0.03057, "obj": 0.0, "sup": 0.03057, "lr": 0.0005, "time": 1790986613.58012}
{"type": "train", "epoch": 496, "loss": 0.02861, "obj": 0.0, "sup": 0.02861, "lr": 0.0005, "time": 1790986613.84223}
{"type": "train", "epoch": 497, "loss": 0.02622, "obj": 0.0, "sup": 0.02622, "lr": 0.0005, "time": 1790986614.10478}
{"type": "train", "epoch": 498, "loss": 0.0251, "obj": 0.0, "sup": 0.0251, "lr": 0.0005, "time": 1790986614.36738}
{"type": "train", "epoch": 499, "loss": 0.02235, "obj": 0.0, "sup": 0.02235, "lr": 0.0005, "time": 1790986614.63857}
{"type": "train", "epoch": 500, "loss": 0.02364, "obj": 0.0, "sup": 0.02364, "lr": 0.0005, "time": 1790986615.8117, "train_resid_median": 0.34963, "train_resid_mean": 0.35254, "train_imag_median": 0.11849, "train_obj_median": 0.17915, "train_u_loss_to_label_median": 0.01976, "val_resid_median": 0.9366, "val_resid_mean": 0.91925, "val_imag_median": 0.29935, "val_obj_median": 1.00871, "val_u_loss_to_label_median": 0.79056}
{"type": "train", "epoch": 501, "loss": 0.02195, "obj": 0.0, "sup": 0.02195, "lr": 0.0005, "time": 1790986616.06946}
{"type": "train", "epoch": 502, "loss": 0.01915, "obj": 0.0, "sup": 0.01915, "lr": 0.0005, "time": 1790986616.32709}
{"type": "train", "epoch": 503, "loss": 0.02135, "obj": 0.0, "sup": 0.02135, "lr": 0.0005, "time": 1790986616.58685}
{"type": "train", "epoch": 504, "loss": 0.01773, "obj": 0.0, "sup": 0.01773, "lr": 0.0005, "time": 1790986616.84639}
{"type": "train", "epoch": 505, "loss": 0.02032, "obj": 0.0, "sup": 0.02032, "lr": 0.0005, "time": 1790986617.10603}
{"type": "train", "epoch": 506, "loss": 0.01714, "obj": 0.0, "sup": 0.01714, "lr": 0.0005, "time": 1790986617.36575}
{"type": "train", "epoch": 507, "loss": 0.01742, "obj": 0.0, "sup": 0.01742, "lr": 0.0005, "time": 1790986617.62586}
{"type": "train", "epoch": 508, "loss": 0.01697, "obj": 0.0, "sup": 0.01697, "lr": 0.0005, "time": 1790986617.88498}
{"type": "train", "epoch": 509, "loss": 0.017, "obj": 0.0, "sup": 0.017, "lr": 0.0005, "time": 1790986618.14435}
{"type": "train", "epoch": 510, "loss": 0.01619, "obj": 0.0, "sup": 0.01619, "lr": 0.0005, "time": 1790986618.40384}
{"type": "train", "epoch": 511, "loss": 0.016, "obj": 0.0, "sup": 0.016, "lr": 0.0005, "time": 1790986618.66329}
{"type": "train", "epoch": 512, "loss": 0.01543, "obj": 0.0, "sup": 0.01543, "lr": 0.0005, "time": 1790986618.92336}
{"type": "train", "epoch": 513, "loss": 0.01493, "obj": 0.0, "sup": 0.01493, "lr": 0.0005, "time": 1790986619.18375}
{"type": "train", "epoch": 514, "loss": 0.01541, "obj": 0.0, "sup": 0.01541, "lr": 0.0005, "time": 1790986619.44372}
{"type": "train", "epoch": 515, "loss": 0.01411, "obj": 0.0, "sup": 0.01411, "lr": 0.0005, "time": 1790986619.70302}
{"type": "train", "epoch": 516, "loss": 0.0147, "obj": 0.0, "sup": 0.0147, "lr": 0.0005, "time": 1790986619.96356}
{"type": "train", "epoch": 517, "loss": 0.01485, "obj": 0.0, "sup": 0.01485, "lr": 0.0005, "time": 1790986620.2264}
{"type": "train", "epoch": 518, "loss": 0.01378, "obj": 0.0, "sup": 0.01378, "lr": 0.0005, "time": 1790986620.49157}
{"type": "train", "epoch": 519, "loss": 0.0157, "obj": 0.0, "sup": 0.0157, "lr": 0.0005, "time": 1790986620.75395}
{"type": "train", "epoch": 520, "loss": 0.01344, "obj": 0.0, "sup": 0.01344, "lr": 0.0005, "time": 1790986621.0149}
{"type": "train", "epoch": 521, "loss": 0.01409, "obj": 0.0, "sup": 0.01409, "lr": 0.0005, "time": 1790986621.27666}
{"type": "train", "epoch": 522, "loss": 0.01395, "obj": 0.0, "sup": 0.01395, "lr": 0.0005, "time": 1790986621.53774}
{"type": "train", "epoch": 523, "loss": 0.01313, "obj": 0.0, "sup": 0.01313, "lr": 0.0005, "time": 1790986621.8027}
{"type": "train", "epoch": 524, "loss": 0.01312, "obj": 0.0, "sup": 0.01312, "lr": 0.0005, "time": 1790986622.06544}
{"type": "train", "epoch": 525, "loss": 0.01328, "obj": 0.0, "sup": 0.01328, "lr": 0.0005, "time": 1790986622.32623}
{"type": "train", "epoch": 526, "loss": 0.01226, "obj": 0.0, "sup": 0.01226, "lr": 0.0005, "time": 1790986622.58644}
{"type": "train", "epoch": 527, "loss": 0.01272, "obj": 0.0, "sup": 0.01272, "lr": 0.0005, "time": 1790986622.84781}
{"type": "train", "epoch": 528, "loss": 0.01208, "obj": 0.0, "sup": 0.01208, "lr": 0.0005, "time": 1790986623.10877}
{"type": "train", "epoch": 529, "loss": 0.01336, "obj": 0.0, "sup": 0.01336, "lr": 0.0005, "time": 1790986623.37016}
{"type": "train", "epoch": 530, "loss": 0.01166, "obj": 0.0, "sup": 0.01166, "lr": 0.0005, "time": 1790986623.63337}
{"type": "train", "epoch": 531, "loss": 0.01274, "obj": 0.0, "sup": 0.01274, "lr": 0.0005, "time": 1790986623.89593}
{"type": "train", "epoch": 532, "loss": 0.01108, "obj": 0.0, "sup": 0.01108, "lr": 0.0005, "time": 1790986624.1573}
{"type": "train", "epoch": 533, "loss": 0.01438, "obj": 0.0, "sup": 0.01438, "lr": 0.0005, "time": 1790986624.41793}
{"type": "train", "epoch": 534, "loss": 0.0117, "obj": 0.0, "sup": 0.0117, "lr": 0.0005, "time": 1790986624.67875}
{"type": "train", "epoch": 535, "loss": 0.01258, "obj": 0.0, "sup": 0.01258, "lr": 0.0005, "time": 1790986624.94305}
{"type": "train", "epoch": 536, "loss": 0.01297, "obj": 0.0, "sup": 0.01297, "lr": 0.0005, "time": 1790986625.21244}
{"type": "train", "epoch": 537, "loss": 0.01285, "obj": 0.0, "sup": 0.01285, "lr": 0.0005, "time": 1790986625.48493}
{"type": "train", "epoch": 538, "loss": 0.01582, "obj": 0.0, "sup": 0.01582, "lr": 0.0005, "time": 1790986625.75462}
{"type": "train", "epoch": 539, "loss": 0.01256, "obj": 0.0, "sup": 0.01256, "lr": 0.0005, "time": 1790986626.02169}
{"type": "train", "epoch": 540, "loss": 0.01323, "obj": 0.0, "sup": 0.01323, "lr": 0.0005, "time": 1790986626.28869}
{"type": "train", "epoch": 541, "loss": 0.01499, "obj": 0.0, "sup": 0.01499, "lr": 0.0005, "time": 1790986626.55231}
{"type": "train", "epoch": 542, "loss": 0.01297, "obj": 0.0, "sup": 0.01297, "lr": 0.0005, "time": 1790986626.81256}
{"type": "train", "epoch": 543, "loss": 0.01287, "obj": 0.0, "sup": 0.01287, "lr": 0.0005, "time": 1790986627.07417}
{"type": "train", "epoch": 544, "loss": 0.01269, "obj": 0.0, "sup": 0.01269, "lr": 0.0005, "time": 1790986627.33634}
{"type": "train", "epoch": 545, "loss": 0.01302, "obj": 0.0, "sup": 0.01302, "lr": 0.0005, "time": 1790986627.5986}
{"type": "train", "epoch": 546, "loss": 0.01146, "obj": 0.0, "sup": 0.01146, "lr": 0.0005, "time": 1790986627.86076}
{"type": "train", "epoch": 547, "loss": 0.01079, "obj": 0.0, "sup": 0.01079, "lr": 0.0005, "time": 1790986628.12045}
{"type": "train", "epoch": 548, "loss": 0.01344, "obj": 0.0, "sup": 0.01344, "lr": 0.0005, "time": 1790986628.37995}
{"type": "train", "epoch": 549, "loss": 0.01803, "obj": 0.0, "sup": 0.01803, "lr": 0.0005, "time": 1790986628.6392}
{"type": "train", "epoch": 550, "loss": 0.01504, "obj": 0.0, "sup": 0.01504, "lr": 0.0005, "time": 1790986628.89905}
{"type": "train", "epoch": 551, "loss": 0.02859, "obj": 0.0, "sup": 0.02859, "lr": 0.0005, "time": 1790986629.15838}
{"type": "train", "epoch": 552, "loss": 0.05404, "obj": 0.0, "sup": 0.05404, "lr": 0.0005, "time": 1790986629.41782}
{"type": "train", "epoch": 553, "loss": 0.05794, "obj": 0.0, "sup": 0.05794, "lr": 0.0005, "time": 1790986629.67737}
{"type": "train", "epoch": 554, "loss": 0.04248, "obj": 0.0, "sup": 0.04248, "lr": 0.0005, "time": 1790986629.93811}
{"type": "train", "epoch": 555, "loss": 0.05416, "obj": 0.0, "sup": 0.05416, "lr": 0.0005, "time": 1790986630.19788}
{"type": "train", "epoch": 556, "loss": 0.05863, "obj": 0.0, "sup": 0.05863, "lr": 0.0005, "time": 1790986630.45732}
{"type": "train", "epoch": 557, "loss": 0.04829, "obj": 0.0, "sup": 0.04829, "lr": 0.0005, "time": 1790986630.71764}
{"type": "train", "epoch": 558, "loss": 0.04158, "obj": 0.0, "sup": 0.04158, "lr": 0.0005, "time": 1790986630.97952}
{"type": "train", "epoch": 559, "loss": 0.05447, "obj": 0.0, "sup": 0.05447, "lr": 0.0005, "time": 1790986631.24078}
{"type": "train", "epoch": 560, "loss": 0.04404, "obj": 0.0, "sup": 0.04404, "lr": 0.0005, "time": 1790986631.50183}
{"type": "train", "epoch": 561, "loss": 0.04045, "obj": 0.0, "sup": 0.04045, "lr": 0.0005, "time": 1790986631.7628}
{"type": "train", "epoch": 562, "loss": 0.03844, "obj": 0.0, "sup": 0.03844, "lr": 0.0005, "time": 1790986632.02373}
{"type": "train", "epoch": 563, "loss": 0.0304, "obj": 0.0, "sup": 0.0304, "lr": 0.0005, "time": 1790986632.28506}
{"type": "train", "epoch": 564, "loss": 0.02971, "obj": 0.0, "sup": 0.02971, "lr": 0.0005, "time": 1790986632.54638}
{"type": "train", "epoch": 565, "loss": 0.02891, "obj": 0.0, "sup": 0.02891, "lr": 0.0005, "time": 1790986632.80746}
{"type": "train", "epoch": 566, "loss": 0.03783, "obj": 0.0, "sup": 0.03783, "lr": 0.0005, "time": 1790986633.06855}
{"type": "train", "epoch": 567, "loss": 0.04056, "obj": 0.0, "sup": 0.04056, "lr": 0.0005, "time": 1790986633.33032}
{"type": "train", "epoch": 568, "loss": 0.03579, "obj": 0.0, "sup": 0.03579, "lr": 0.0005, "time": 1790986633.59119}
{"type": "train", "epoch": 569, "loss": 0.04546, "obj": 0.0, "sup": 0.04546, "lr": 0.0005, "time": 1790986633.85248}
{"type": "train", "epoch": 570, "loss": 0.03265, "obj": 0.0, "sup": 0.03265, "lr": 0.0005, "time": 1790986634.11359}
{"type": "train", "epoch": 571, "loss": 0.03262, "obj": 0.0, "sup": 0.03262, "lr": 0.0005, "time": 1790986634.37511}
{"type": "train", "epoch": 572, "loss": 0.02923, "obj": 0.0, "sup": 0.02923, "lr": 0.0005, "time": 1790986634.63564}
{"type": "train", "epoch": 573, "loss": 0.04225, "obj": 0.0, "sup": 0.04225, "lr": 0.0005, "time": 1790986634.89548}
{"type": "train", "epoch": 574, "loss": 0.02909, "obj": 0.0, "sup": 0.02909, "lr": 0.0005, "time": 1790986635.15524}
{"type": "train", "epoch": 575, "loss": 0.03499, "obj": 0.0, "sup": 0.03499, "lr": 0.0005, "time": 1790986635.4147}
{"type": "train", "epoch": 576, "loss": 0.02994, "obj": 0.0, "sup": 0.02994, "lr": 0.0005, "time": 1790986635.67524}
{"type": "train", "epoch": 577, "loss": 0.02718, "obj": 0.0, "sup": 0.02718, "lr": 0.0005, "time": 1790986635.93579}
{"type": "train", "epoch": 578, "loss": 0.02534, "obj": 0.0, "sup": 0.02534, "lr": 0.0005, "time": 1790986636.19501}
{"type": "train", "epoch": 579, "loss": 0.02504, "obj": 0.0, "sup": 0.02504, "lr": 0.0005, "time": 1790986636.45476}
{"type": "train", "epoch": 580, "loss": 0.02127, "obj": 0.0, "sup": 0.02127, "lr": 0.0005, "time": 1790986636.71462}
{"type": "train", "epoch": 581, "loss": 0.02683, "obj": 0.0, "sup": 0.02683, "lr": 0.0005, "time": 1790986636.97485}
{"type": "train", "epoch": 582, "loss": 0.02365, "obj": 0.0, "sup": 0.02365, "lr": 0.0005, "time": 1790986637.23554}
{"type": "train", "epoch": 583, "loss": 0.01897, "obj": 0.0, "sup": 0.01897, "lr": 0.0005, "time": 1790986637.49566}
{"type": "train", "epoch": 584, "loss": 0.01819, "obj": 0.0, "sup": 0.01819, "lr": 0.0005, "time": 1790986637.75584}
{"type": "train", "epoch": 585, "loss": 0.02395, "obj": 0.0, "sup": 0.02395, "lr": 0.0005, "time": 1790986638.01624}
{"type": "train", "epoch": 586, "loss": 0.01935, "obj": 0.0, "sup": 0.01935, "lr": 0.0005, "time": 1790986638.2764}
{"type": "train", "epoch": 587, "loss": 0.01664, "obj": 0.0, "sup": 0.01664, "lr": 0.0005, "time": 1790986638.53583}
{"type": "train", "epoch": 588, "loss": 0.03036, "obj": 0.0, "sup": 0.03036, "lr": 0.0005, "time": 1790986638.79582}
{"type": "train", "epoch": 589, "loss": 0.03582, "obj": 0.0, "sup": 0.03582, "lr": 0.0005, "time": 1790986639.05567}
{"type": "train", "epoch": 590, "loss": 0.02755, "obj": 0.0, "sup": 0.02755, "lr": 0.0005, "time": 1790986639.31558}
{"type": "train", "epoch": 591, "loss": 0.02757, "obj": 0.0, "sup": 0.02757, "lr": 0.0005, "time": 1790986639.57508}
{"type": "train", "epoch": 592, "loss": 0.02227, "obj": 0.0, "sup": 0.02227, "lr": 0.0005, "time": 1790986639.83461}
{"type": "train", "epoch": 593, "loss": 0.02267, "obj": 0.0, "sup": 0.02267, "lr": 0.0005, "time": 1790986640.09482}
{"type": "train", "epoch": 594, "loss": 0.02842, "obj": 0.0, "sup": 0.02842, "lr": 0.0005, "time": 1790986640.3551}
{"type": "train", "epoch": 595, "loss": 0.03117, "obj": 0.0, "sup": 0.03117, "lr": 0.0005, "time": 1790986640.61524}
{"type": "train", "epoch": 596, "loss": 0.03078, "obj": 0.0, "sup": 0.03078, "lr": 0.0005, "time": 1790986640.87532}
{"type": "train", "epoch": 597, "loss": 0.02646, "obj": 0.0, "sup": 0.02646, "lr": 0.0005, "time": 1790986641.13482}
{"type": "train", "epoch": 598, "loss": 0.02116, "obj": 0.0, "sup": 0.02116, "lr": 0.0005, "time": 1790986641.39522}
{"type": "train", "epoch": 599, "loss": 0.02268, "obj": 0.0, "sup": 0.02268, "lr": 0.0005, "time": 1790986641.65454}
{"type": "train", "epoch": 600, "loss": 0.0331, "obj": 0.0, "sup": 0.0331, "lr": 0.0005, "time": 1790986642.75601, "train_resid_median": 0.35914, "train_resid_mean": 0.36152, "train_imag_median": 0.10076, "train_obj_median": 0.18555, "train_u_loss_to_label_median": 0.02132, "val_resid_median": 0.93936, "val_resid_mean": 0.92029, "val_imag_median": 0.29493, "val_obj_median": 1.0096, "val_u_loss_to_label_median": 0.77382}
{"type": "train", "epoch": 601, "loss": 0.02652, "obj": 0.0, "sup": 0.02652, "lr": 0.0005, "time": 1790986643.018}
{"type": "train", "epoch": 602, "loss": 0.0259, "obj": 0.0, "sup": 0.0259, "lr": 0.0005, "time": 1790986643.27919}
{"type": "train", "epoch": 603, "loss": 0.03691, "obj": 0.0, "sup": 0.03691, "lr": 0.0005, "time": 1790986643.53939}
{"type": "train", "epoch": 604, "loss": 0.02958, "obj": 0.0, "sup": 0.02958, "lr": 0.0005, "time": 1790986643.79914}
{"type": "train", "epoch": 605, "loss": 0.03053, "obj": 0.0, "sup": 0.03053, "lr": 0.0005, "time": 1790986644.06032}
{"type": "train", "epoch": 606, "loss": 0.02506, "obj": 0.0, "sup": 0.02506, "lr": 0.0005, "time": 1790986644.32164}
{"type": "train", "epoch": 607, "loss": 0.02145, "obj": 0.0, "sup": 0.02145, "lr": 0.0005, "time": 1790986644.58262}
{"type": "train", "epoch": 608, "loss": 0.02696, "obj": 0.0, "sup": 0.02696, "lr": 0.0005, "time": 1790986644.84353}
{"type": "train", "epoch": 609, "loss": 0.0262, "obj": 0.0, "sup": 0.0262, "lr": 0.0005, "time": 1790986645.10427}
{"type": "train", "epoch": 610, "loss": 0.02245, "obj": 0.0, "sup": 0.02245, "lr": 0.0005, "time": 1790986645.36569}
{"type": "train", "epoch": 611, "loss": 0.01818, "obj": 0.0, "sup": 0.01818, "lr": 0.0005, "time": 1790986645.62233}
{"type": "train", "epoch": 612, "loss": 0.02602, "obj": 0.0, "sup": 0.02602, "lr": 0.0005, "time": 1790986645.88228}
{"type": "train", "epoch": 613, "loss": 0.02099, "obj": 0.0, "sup": 0.02099, "lr": 0.0005, "time": 1790986646.14182}
{"type": "train", "epoch": 614, "loss": 0.0232, "obj": 0.0, "sup": 0.0232, "lr": 0.0005, "time": 1790986646.40184}
{"type": "train", "epoch": 615, "loss": 0.0171, "obj": 0.0, "sup": 0.0171, "lr": 0.0005, "time": 1790986646.66244}
{"type": "train", "epoch": 616, "loss": 0.01725, "obj": 0.0, "sup": 0.01725, "lr": 0.0005, "time": 1790986646.92206}
{"type": "train", "epoch": 617, "loss": 0.01626, "obj": 0.0, "sup": 0.01626, "lr": 0.0005, "time": 1790986647.18224}
{"type": "train", "epoch": 618, "loss": 0.01248, "obj": 0.0, "sup": 0.01248, "lr": 0.0005, "time": 1790986647.44269}
{"type": "train", "epoch": 619, "loss": 0.01418, "obj": 0.0, "sup": 0.01418, "lr": 0.0005, "time": 1790986647.70289}
{"type": "train", "epoch": 620, "loss": 0.01536, "obj": 0.0, "sup": 0.01536, "lr": 0.0005, "time": 1790986647.96348}
{"type": "train", "epoch": 621, "loss": 0.01326, "obj": 0.0, "sup": 0.01326, "lr": 0.0005, "time": 1790986648.22393}
{"type": "train", "epoch": 622, "loss": 0.01222, "obj": 0.0, "sup": 0.01222, "lr": 0.0005, "time": 1790986648.4854}
{"type": "train", "epoch": 623, "loss": 0.01299, "obj": 0.0, "sup": 0.01299, "lr": 0.0005, "time": 1790986648.74585}
{"type": "train", "epoch": 624, "loss": 0.01275, "obj": 0.0, "sup": 0.01275, "lr": 0.0005, "time": 1790986649.00616}
{"type": "train", "epoch": 625, "loss": 0.0119, "obj": 0.0, "sup": 0.0119, "lr": 0.0005, "time": 1790986649.26609}
{"type": "train", "epoch": 626, "loss": 0.01024, "obj": 0.0, "sup": 0.01024, "lr": 0.0005, "time": 1790986649.52573}
{"type": "train", "epoch": 627, "loss": 0.00974, "obj": 0.0, "sup": 0.00974, "lr": 0.0005, "time": 1790986649.78578}
{"type": "train", "epoch": 628, "loss": 0.01415, "obj": 0.0, "sup": 0.01415, "lr": 0.0005, "time": 1790986650.04544}
{"type": "train", "epoch": 629, "loss": 0.02381, "obj": 0.0, "sup": 0.02381, "lr": 0.0005, "time": 1790986650.30482}
{"type": "train", "epoch": 630, "loss": 0.01617, "obj": 0.0, "sup": 0.01617, "lr": 0.0005, "time": 1790986650.56435}
{"type": "train", "epoch": 631, "loss": 0.01624, "obj": 0.0, "sup": 0.01624, "lr": 0.0005, "time": 1790986650.82373}
{"type": "train", "epoch": 632, "loss": 0.01475, "obj": 0.0, "sup": 0.01475, "lr": 0.0005, "time": 1790986651.08401}
{"type": "train", "epoch": 633, "loss": 0.01612, "obj": 0.0, "sup": 0.01612, "lr": 0.0005, "time": 1790986651.34464}
{"type": "train", "epoch": 634, "loss": 0.01732, "obj": 0.0, "sup": 0.01732, "lr": 0.0005, "time": 1790986651.60456}
{"type": "train", "epoch": 635, "loss": 0.01635, "obj": 0.0, "sup": 0.01635, "lr": 0.0005, "time": 1790986651.8645}
{"type": "train", "epoch": 636, "loss": 0.01707, "obj": 0.0, "sup": 0.01707, "lr": 0.0005, "time": 1790986652.12404}
{"type": "train", "epoch": 637, "loss": 0.01276, "obj": 0.0, "sup": 0.01276, "lr": 0.0005, "time": 1790986652.38356}
{"type": "train", "epoch": 638, "loss": 0.01288, "obj": 0.0, "sup": 0.01288, "lr": 0.0005, "time": 1790986652.64302}
{"type": "train", "epoch": 639, "loss": 0.01099, "obj": 0.0, "sup": 0.01099, "lr": 0.0005, "time": 1790986652.90313}
{"type": "train", "epoch": 640, "loss": 0.01407, "obj": 0.0, "sup": 0.01407, "lr": 0.0005, "time": 1790986653.16361}
{"type": "train", "epoch": 641, "loss": 0.01289, "obj": 0.0, "sup": 0.01289, "lr": 0.0005, "time": 1790986653.42372}
{"type": "train", "epoch": 642, "loss": 0.01294, "obj": 0.0, "sup": 0.01294, "lr": 0.0005, "time": 1790986653.68351}
{"type": "train", "epoch": 643, "loss": 0.01209, "obj": 0.0, "sup": 0.01209, "lr": 0.0005, "time": 1790986653.94308}
{"type": "train", "epoch": 644, "loss": 0.00988, "obj": 0.0, "sup": 0.00988, "lr": 0.0005, "time": 1790986654.20399}
{"type": "train", "epoch": 645, "loss": 0.01227, "obj": 0.0, "sup": 0.01227, "lr": 0.0005, "time": 1790986654.46568}
{"type": "train", "epoch": 646, "loss": 0.01231, "obj": 0.0, "sup": 0.01231, "lr": 0.0005, "time": 1790986654.72662}
{"type": "train", "epoch": 647, "loss": 0.01147, "obj": 0.0, "sup": 0.01147, "lr": 0.0005, "time": 1790986654.98801}
{"type": "train", "epoch": 648, "loss": 0.01011, "obj": 0.0, "sup": 0.01011, "lr": 0.0005, "time": 1790986655.24786}
{"type": "train", "epoch": 649, "loss": 0.00908, "obj": 0.0, "sup": 0.00908, "lr": 0.0005, "time": 1790986655.50748}
{"type": "train", "epoch": 650, "loss": 0.00858, "obj": 0.0, "sup": 0.00858, "lr": 0.0005, "time": 1790986655.76733}
{"type": "train", "epoch": 651, "loss": 0.00742, "obj": 0.0, "sup": 0.00742, "lr": 0.0005, "time": 1790986656.02736}
{"type": "train", "epoch": 652, "loss": 0.00787, "obj": 0.0, "sup": 0.00787, "lr": 0.0005, "time": 1790986656.28713}
{"type": "train", "epoch": 653, "loss": 0.00772, "obj": 0.0, "sup": 0.00772, "lr": 0.0005, "time": 1790986656.54759}
{"type": "train", "epoch": 654, "loss": 0.00814, "obj": 0.0, "sup": 0.00814, "lr": 0.0005, "time": 1790986656.80804}
{"type": "train", "epoch": 655, "loss": 0.00826, "obj": 0.0, "sup": 0.00826, "lr": 0.0005, "time": 1790986657.06834}
{"type": "train", "epoch": 656, "loss": 0.00669, "obj": 0.0, "sup": 0.00669, "lr": 0.0005, "time": 1790986657.32771}
{"type": "train", "epoch": 657, "loss": 0.00762, "obj": 0.0, "sup": 0.00762, "lr": 0.0005, "time": 1790986657.58808}
{"type": "train", "epoch": 658, "loss": 0.00667, "obj": 0.0, "sup": 0.00667, "lr": 0.0005, "time": 1790986657.84752}
{"type": "train", "epoch": 659, "loss": 0.00646, "obj": 0.0, "sup": 0.00646, "lr": 0.0005, "time": 1790986658.10738}
{"type": "train", "epoch": 660, "loss": 0.00737, "obj": 0.0, "sup": 0.00737, "lr": 0.0005, "time": 1790986658.3668}
{"type": "train", "epoch": 661, "loss": 0.00753, "obj": 0.0, "sup": 0.00753, "lr": 0.0005, "time": 1790986658.62641}
{"type": "train", "epoch": 662, "loss": 0.00726, "obj": 0.0, "sup": 0.00726, "lr": 0.0005, "time": 1790986658.88611}
{"type": "train", "epoch": 663, "loss": 0.00745, "obj": 0.0, "sup": 0.00745, "lr": 0.0005, "time": 1790986659.14679}
{"type": "train", "epoch": 664, "loss": 0.00613, "obj": 0.0, "sup": 0.00613, "lr": 0.0005, "time": 1790986659.40748}
{"type": "train", "epoch": 665, "loss": 0.00586, "obj": 0.0, "sup": 0.00586, "lr": 0.0005, "time": 1790986659.6677}
{"type": "train", "epoch": 666, "loss": 0.00615, "obj": 0.0, "sup": 0.00615, "lr": 0.0005, "time": 1790986659.92747}
{"type": "train", "epoch": 667, "loss": 0.00549, "obj": 0.0, "sup": 0.00549, "lr": 0.0005, "time": 1790986660.18706}
{"type": "train", "epoch": 668, "loss": 0.00614, "obj": 0.0, "sup": 0.00614, "lr": 0.0005, "time": 1790986660.44725}
{"type": "train", "epoch": 669, "loss": 0.00649, "obj": 0.0, "sup": 0.00649, "lr": 0.0005, "time": 1790986660.7069}
{"type": "train", "epoch": 670, "loss": 0.00679, "obj": 0.0, "sup": 0.00679, "lr": 0.0005, "time": 1790986660.96693}
{"type": "train", "epoch": 671, "loss": 0.0073, "obj": 0.0, "sup": 0.0073, "lr": 0.0005, "time": 1790986661.22687}
{"type": "train", "epoch": 672, "loss": 0.00672, "obj": 0.0, "sup": 0.00672, "lr": 0.0005, "time": 1790986661.48664}
{"type": "train", "epoch": 673, "loss": 0.00793, "obj": 0.0, "sup": 0.00793, "lr": 0.0005, "time": 1790986661.74721}
{"type": "train", "epoch": 674, "loss": 0.00992, "obj": 0.0, "sup": 0.00992, "lr": 0.0005, "time": 1790986662.00738}
{"type": "train", "epoch": 675, "loss": 0.00965, "obj": 0.0, "sup": 0.00965, "lr": 0.0005, "time": 1790986662.26759}
{"type": "train", "epoch": 676, "loss": 0.00811, "obj": 0.0, "sup": 0.00811, "lr": 0.0005, "time": 1790986662.52728}
{"type": "train", "epoch": 677, "loss": 0.00915, "obj": 0.0, "sup": 0.00915, "lr": 0.0005, "time": 1790986662.78783}
{"type": "train", "epoch": 678, "loss": 0.01087, "obj": 0.0, "sup": 0.01087, "lr": 0.0005, "time": 1790986663.04758}
{"type": "train", "epoch": 679, "loss": 0.01018, "obj": 0.0, "sup": 0.01018, "lr": 0.0005, "time": 1790986663.3078}
{"type": "train", "epoch": 680, "loss": 0.01673, "obj": 0.0, "sup": 0.01673, "lr": 0.0005, "time": 1790986663.56776}
{"type": "train", "epoch": 681, "loss": 0.01208, "obj": 0.0, "sup": 0.01208, "lr": 0.0005, "time": 1790986663.82723}
{"type": "train", "epoch": 682, "loss": 0.0184, "obj": 0.0, "sup": 0.0184, "lr": 0.0005, "time": 1790986664.08695}
{"type": "train", "epoch": 683, "loss": 0.02345, "obj": 0.0, "sup": 0.02345, "lr": 0.0005, "time": 1790986664.34708}
{"type": "train", "epoch": 684, "loss": 0.02228, "obj": 0.0, "sup": 0.02228, "lr": 0.0005, "time": 1790986664.60685}
{"type": "train", "epoch": 685, "loss": 0.01975, "obj": 0.0, "sup": 0.01975, "lr": 0.0005, "time": 1790986664.86799}
{"type": "train", "epoch": 686, "loss": 0.01867, "obj": 0.0, "sup": 0.01867, "lr": 0.0005, "time": 1790986665.12753}
{"type": "train", "epoch": 687, "loss": 0.01601, "obj": 0.0, "sup": 0.01601, "lr": 0.0005, "time": 1790986665.38764}
{"type": "train", "epoch": 688, "loss": 0.01542, "obj": 0.0, "sup": 0.01542, "lr": 0.0005, "time": 1790986665.64708}
{"type": "train", "epoch": 689, "loss": 0.01819, "obj": 0.0, "sup": 0.01819, "lr": 0.0005, "time": 1790986665.9082}
{"type": "train", "epoch": 690, "loss": 0.01847, "obj": 0.0, "sup": 0.01847, "lr": 0.0005, "time": 1790986666.1694}
{"type": "train", "epoch": 691, "loss": 0.03523, "obj": 0.0, "sup": 0.03523, "lr": 0.0005, "time": 1790986666.43049}
{"type": "train", "epoch": 692, "loss": 0.02822, "obj": 0.0, "sup": 0.02822, "lr": 0.0005, "time": 1790986666.69191}
{"type": "train", "epoch": 693, "loss": 0.02384, "obj": 0.0, "sup": 0.02384, "lr": 0.0005, "time": 1790986666.95328}
{"type": "train", "epoch": 694, "loss": 0.02076, "obj": 0.0, "sup": 0.02076, "lr": 0.0005, "time": 1790986667.21533}
{"type": "train", "epoch": 695, "loss": 0.02237, "obj": 0.0, "sup": 0.02237, "lr": 0.0005, "time": 1790986667.47739}
{"type": "train", "epoch": 696, "loss": 0.01846, "obj": 0.0, "sup": 0.01846, "lr": 0.0005, "time": 1790986667.73924}
{"type": "train", "epoch": 697, "loss": 0.01665, "obj": 0.0, "sup": 0.01665, "lr": 0.0005, "time": 1790986668.0008}
{"type": "train", "epoch": 698, "loss": 0.01573, "obj": 0.0, "sup": 0.01573, "lr": 0.0005, "time": 1790986668.26205}
{"type": "train", "epoch": 699, "loss": 0.01695, "obj": 0.0, "sup": 0.01695, "lr": 0.0005, "time": 1790986668.52305}
{"type": "train", "epoch": 700, "loss": 0.0164, "obj": 0.0, "sup": 0.0164, "lr": 0.0005, "time": 1790986669.69693, "train_resid_median": 0.34066, "train_resid_mean": 0.33988, "train_imag_median": 0.08118, "train_obj_median": 0.16875, "train_u_loss_to_label_median": 0.01031, "val_resid_median": 0.93508, "val_resid_mean": 0.91582, "val_imag_median": 0.29173, "val_obj_median": 1.00343, "val_u_loss_to_label_median": 0.77106}
{"type": "train", "epoch": 701, "loss": 0.01314, "obj": 0.0, "sup": 0.01314, "lr": 0.0005, "time": 1790986669.95911}
{"type": "train", "epoch": 702, "loss": 0.01216, "obj": 0.0, "sup": 0.01216, "lr": 0.0005, "time": 1790986670.2209}
{"type": "train", "epoch": 703, "loss": 0.01654, "obj": 0.0, "sup": 0.01654, "lr": 0.0005, "time": 1790986670.48252}
{"type": "train", "epoch": 704, "loss": 0.01354, "obj": 0.0, "sup": 0.01354, "lr": 0.0005, "time": 1790986670.74443}
{"type": "train", "epoch": 705, "loss": 0.01251, "obj": 0.0, "sup": 0.01251, "lr": 0.0005, "time": 1790986671.00651}
{"type": "train", "epoch": 706, "loss": 0.01248, "obj": 0.0, "sup": 0.01248, "lr": 0.0005, "time": 1790986671.67472}
{"type": "train", "epoch": 707, "loss": 0.01027, "obj": 0.0, "sup": 0.01027, "lr": 0.0005, "time": 1790986671.93602}
{"type": "train", "epoch": 708, "loss": 0.00943, "obj": 0.0, "sup": 0.00943, "lr": 0.0005, "time": 1790986672.19586}
{"type": "train", "epoch": 709, "loss": 0.00948, "obj": 0.0, "sup": 0.00948, "lr": 0.0005, "time": 1790986672.45534}
{"type": "train", "epoch": 710, "loss": 0.01004, "obj": 0.0, "sup": 0.01004, "lr": 0.0005, "time": 1790986672.71509}
{"type": "train", "epoch": 711, "loss": 0.00972, "obj": 0.0, "sup": 0.00972, "lr": 0.0005, "time": 1790986672.97521}
{"type": "train", "epoch": 712, "loss": 0.00745, "obj": 0.0, "sup": 0.00745, "lr": 0.0005, "time": 1790986673.2361}
{"type": "train", "epoch": 713, "loss": 0.00772, "obj": 0.0, "sup": 0.00772, "lr": 0.0005, "time": 1790986673.4957}
{"type": "train", "epoch": 714, "loss": 0.00938, "obj": 0.0, "sup": 0.00938, "lr": 0.0005, "time": 1790986673.7551}
{"type": "train", "epoch": 715, "loss": 0.00837, "obj": 0.0, "sup": 0.00837, "lr": 0.0005, "time": 1790986674.01489}
{"type": "train", "epoch": 716, "loss": 0.00964, "obj": 0.0, "sup": 0.00964, "lr": 0.0005, "time": 1790986674.27495}
{"type": "train", "epoch": 717, "loss": 0.00766, "obj": 0.0, "sup": 0.00766, "lr": 0.0005, "time": 1790986674.53464}
{"type": "train", "epoch": 718, "loss": 0.00926, "obj": 0.0, "sup": 0.00926, "lr": 0.0005, "time": 1790986674.79431}
{"type": "train", "epoch": 719, "loss": 0.01351, "obj": 0.0, "sup": 0.01351, "lr": 0.0005, "time": 1790986675.05453}
{"type": "train", "epoch": 720, "loss": 0.01091, "obj": 0.0, "sup": 0.01091, "lr": 0.0005, "time": 1790986675.31429}
{"type": "train", "epoch": 721, "loss": 0.00946, "obj": 0.0, "sup": 0.00946, "lr": 0.0005, "time": 1790986675.57514}
{"type": "train", "epoch": 722, "loss": 0.01104, "obj": 0.0, "sup": 0.01104, "lr": 0.0005, "time": 1790986675.83731}
{"type": "train", "epoch": 723, "loss": 0.01135, "obj": 0.0, "sup": 0.01135, "lr": 0.0005, "time": 1790986676.0987}
{"type": "train", "epoch": 724, "loss": 0.01259, "obj": 0.0, "sup": 0.01259, "lr": 0.0005, "time": 1790986676.3596}
{"type": "train", "epoch": 725, "loss": 0.01608, "obj": 0.0, "sup": 0.01608, "lr": 0.0005, "time": 1790986676.61929}
{"type": "train", "epoch": 726, "loss": 0.01363, "obj": 0.0, "sup": 0.01363, "lr": 0.0005, "time": 1790986676.87888}
{"type": "train", "epoch": 727, "loss": 0.01188, "obj": 0.0, "sup": 0.01188, "lr": 0.0005, "time": 1790986677.13898}
{"type": "train", "epoch": 728, "loss": 0.01743, "obj": 0.0, "sup": 0.01743, "lr": 0.0005, "time": 1790986677.3988}
{"type": "train", "epoch": 729, "loss": 0.0135, "obj": 0.0, "sup": 0.0135, "lr": 0.0005, "time": 1790986677.65862}
{"type": "train", "epoch": 730, "loss": 0.01378, "obj": 0.0, "sup": 0.01378, "lr": 0.0005, "time": 1790986678.32956}
{"type": "train", "epoch": 731, "loss": 0.01124, "obj": 0.0, "sup": 0.01124, "lr": 0.0005, "time": 1790986678.59112}
{"type": "train", "epoch": 732, "loss": 0.01685, "obj": 0.0, "sup": 0.01685, "lr": 0.0005, "time": 1790986678.85186}
{"type": "train", "epoch": 733, "loss": 0.01569, "obj": 0.0, "sup": 0.01569, "lr": 0.0005, "time": 1790986679.11169}
{"type": "train", "epoch": 734, "loss": 0.01341, "obj": 0.0, "sup": 0.01341, "lr": 0.0005, "time": 1790986679.37137}
{"type": "train", "epoch": 735, "loss": 0.013, "obj": 0.0, "sup": 0.013, "lr": 0.0005, "time": 1790986679.63204}
{"type": "train", "epoch": 736, "loss": 0.01103, "obj": 0.0, "sup": 0.01103, "lr": 0.0005, "time": 1790986679.89187}
{"type": "train", "epoch": 737, "loss": 0.0085, "obj": 0.0, "sup": 0.0085, "lr": 0.0005, "time": 1790986680.15166}
{"type": "train", "epoch": 738, "loss": 0.01066, "obj": 0.0, "sup": 0.01066, "lr": 0.0005, "time": 1790986680.41092}
{"type": "train", "epoch": 739, "loss": 0.00884, "obj": 0.0, "sup": 0.00884, "lr": 0.0005, "time": 1790986680.6718}
{"type": "train", "epoch": 740, "loss": 0.00787, "obj": 0.0, "sup": 0.00787, "lr": 0.0005, "time": 1790986680.93259}
{"type": "train", "epoch": 741, "loss": 0.00632, "obj": 0.0, "sup": 0.00632, "lr": 0.0005, "time": 1790986681.19337}
{"type": "train", "epoch": 742, "loss": 0.00606, "obj": 0.0, "sup": 0.00606, "lr": 0.0005, "time": 1790986681.45456}
{"type": "train", "epoch": 743, "loss": 0.00672, "obj": 0.0, "sup": 0.00672, "lr": 0.0005, "time": 1790986681.71558}
{"type": "train", "epoch": 744, "loss": 0.00575, "obj": 0.0, "sup": 0.00575, "lr": 0.0005, "time": 1790986681.97676}
{"type": "train", "epoch": 745, "loss": 0.00551, "obj": 0.0, "sup": 0.00551, "lr": 0.0005, "time": 1790986682.23809}
{"type": "train", "epoch": 746, "loss": 0.00505, "obj": 0.0, "sup": 0.00505, "lr": 0.0005, "time": 1790986682.49955}
{"type": "train", "epoch": 747, "loss": 0.00582, "obj": 0.0, "sup": 0.00582, "lr": 0.0005, "time": 1790986682.76131}
{"type": "train", "epoch": 748, "loss": 0.00695, "obj": 0.0, "sup": 0.00695, "lr": 0.0005, "time": 1790986683.02311}
{"type": "train", "epoch": 749, "loss": 0.00656, "obj": 0.0, "sup": 0.00656, "lr": 0.0005, "time": 1790986683.2833}
{"type": "train", "epoch": 750, "loss": 0.0079, "obj": 0.0, "sup": 0.0079, "lr": 0.0005, "time": 1790986683.54511}
{"type": "train", "epoch": 751, "loss": 0.01219, "obj": 0.0, "sup": 0.01219, "lr": 0.0005, "time": 1790986683.80705}
{"type": "train", "epoch": 752, "loss": 0.01472, "obj": 0.0, "sup": 0.01472, "lr": 0.0005, "time": 1790986684.0676}
{"type": "train", "epoch": 753, "loss": 0.0116, "obj": 0.0, "sup": 0.0116, "lr": 0.0005, "time": 1790986684.32752}
{"type": "train", "epoch": 754, "loss": 0.01564, "obj": 0.0, "sup": 0.01564, "lr": 0.0005, "time": 1790986684.58732}
{"type": "train", "epoch": 755, "loss": 0.01778, "obj": 0.0, "sup": 0.01778, "lr": 0.0005, "time": 1790986685.24693}
{"type": "train", "epoch": 756, "loss": 0.02079, "obj": 0.0, "sup": 0.02079, "lr": 0.0005, "time": 1790986685.50823}
{"type": "train", "epoch": 757, "loss": 0.01641, "obj": 0.0, "sup": 0.01641, "lr": 0.0005, "time": 1790986685.76897}
{"type": "train", "epoch": 758, "loss": 0.01569, "obj": 0.0, "sup": 0.01569, "lr": 0.0005, "time": 1790986686.03029}
{"type": "train", "epoch": 759, "loss": 0.01405, "obj": 0.0, "sup": 0.01405, "lr": 0.0005, "time": 1790986686.29169}
{"type": "train", "epoch": 760, "loss": 0.01405, "obj": 0.0, "sup": 0.01405, "lr": 0.0005, "time": 1790986686.55376}
{"type": "train", "epoch": 761, "loss": 0.01273, "obj": 0.0, "sup": 0.01273, "lr": 0.0005, "time": 1790986686.81423}
{"type": "train", "epoch": 762, "loss": 0.01423, "obj": 0.0, "sup": 0.01423, "lr": 0.0005, "time": 1790986687.07422}
{"type": "train", "epoch": 763, "loss": 0.01693, "obj": 0.0, "sup": 0.01693, "lr": 0.0005, "time": 1790986687.33361}
{"type": "train", "epoch": 764, "loss": 0.02002, "obj": 0.0, "sup": 0.02002, "lr": 0.0005, "time": 1790986687.59312}
{"type": "train", "epoch": 765, "loss": 0.01335, "obj": 0.0, "sup": 0.01335, "lr": 0.0005, "time": 1790986687.85275}
{"type": "train", "epoch": 766, "loss": 0.0208, "obj": 0.0, "sup": 0.0208, "lr": 0.0005, "time": 1790986688.11339}
{"type": "train", "epoch": 767, "loss": 0.01686, "obj": 0.0, "sup": 0.01686, "lr": 0.0005, "time": 1790986688.37305}
{"type": "train", "epoch": 768, "loss": 0.01501, "obj": 0.0, "sup": 0.01501, "lr": 0.0005, "time": 1790986688.63378}
{"type": "train", "epoch": 769, "loss": 0.01206, "obj": 0.0, "sup": 0.01206, "lr": 0.0005, "time": 1790986688.89349}
{"type": "train", "epoch": 770, "loss": 0.01427, "obj": 0.0, "sup": 0.01427, "lr": 0.0005, "time": 1790986689.15315}
{"type": "train", "epoch": 771, "loss": 0.01184, "obj": 0.0, "sup": 0.01184, "lr": 0.0005, "time": 1790986689.41352}
{"type": "train", "epoch": 772, "loss": 0.01316, "obj": 0.0, "sup": 0.01316, "lr": 0.0005, "time": 1790986689.67399}
{"type": "train", "epoch": 773, "loss": 0.00938, "obj": 0.0, "sup": 0.00938, "lr": 0.0005, "time": 1790986689.93389}
{"type": "train", "epoch": 774, "loss": 0.01052, "obj": 0.0, "sup": 0.01052, "lr": 0.0005, "time": 1790986690.1936}
{"type": "train", "epoch": 775, "loss": 0.01842, "obj": 0.0, "sup": 0.01842, "lr": 0.0005, "time": 1790986690.45388}
{"type": "train", "epoch": 776, "loss": 0.0151, "obj": 0.0, "sup": 0.0151, "lr": 0.0005, "time": 1790986690.71381}
{"type": "train", "epoch": 777, "loss": 0.01449, "obj": 0.0, "sup": 0.01449, "lr": 0.0005, "time": 1790986690.97364}
{"type": "train", "epoch": 778, "loss": 0.01272, "obj": 0.0, "sup": 0.01272, "lr": 0.0005, "time": 1790986691.23331}
{"type": "train", "epoch": 779, "loss": 0.02399, "obj": 0.0, "sup": 0.02399, "lr": 0.0005, "time": 1790986691.49308}
{"type": "train", "epoch": 780, "loss": 0.021, "obj": 0.0, "sup": 0.021, "lr": 0.0005, "time": 1790986691.7526}
{"type": "train", "epoch": 781, "loss": 0.0175, "obj": 0.0, "sup": 0.0175, "lr": 0.0005, "time": 1790986692.01276}
{"type": "train", "epoch": 782, "loss": 0.01708, "obj": 0.0, "sup": 0.01708, "lr": 0.0005, "time": 1790986692.27235}
{"type": "train", "epoch": 783, "loss": 0.01633, "obj": 0.0, "sup": 0.01633, "lr": 0.0005, "time": 1790986692.53228}
{"type": "train", "epoch": 784, "loss": 0.01845, "obj": 0.0, "sup": 0.01845, "lr": 0.0005, "time": 1790986692.79359}
{"type": "train", "epoch": 785, "loss": 0.01407, "obj": 0.0, "sup": 0.01407, "lr": 0.0005, "time": 1790986693.05499}
{"type": "train", "epoch": 786, "loss": 0.01268, "obj": 0.0, "sup": 0.01268, "lr": 0.0005, "time": 1790986693.31675}
{"type": "train", "epoch": 787, "loss": 0.01006, "obj": 0.0, "sup": 0.01006, "lr": 0.0005, "time": 1790986693.57767}
{"type": "train", "epoch": 788, "loss": 0.01151, "obj": 0.0, "sup": 0.01151, "lr": 0.0005, "time": 1790986693.83908}
{"type": "train", "epoch": 789, "loss": 0.01348, "obj": 0.0, "sup": 0.01348, "lr": 0.0005, "time": 1790986694.10026}
{"type": "train", "epoch": 790, "loss": 0.01491, "obj": 0.0, "sup": 0.01491, "lr": 0.0005, "time": 1790986694.71004}
{"type": "train", "epoch": 791, "loss": 0.01277, "obj": 0.0, "sup": 0.01277, "lr": 0.0005, "time": 1790986694.97073}
{"type": "train", "epoch": 792, "loss": 0.01232, "obj": 0.0, "sup": 0.01232, "lr": 0.0005, "time": 1790986695.23031}
{"type": "train", "epoch": 793, "loss": 0.01035, "obj": 0.0, "sup": 0.01035, "lr": 0.0005, "time": 1790986695.49035}
{"type": "train", "epoch": 794, "loss": 0.00902, "obj": 0.0, "sup": 0.00902, "lr": 0.0005, "time": 1790986695.75034}
{"type": "train", "epoch": 795, "loss": 0.00832, "obj": 0.0, "sup": 0.00832, "lr": 0.0005, "time": 1790986696.01067}
{"type": "train", "epoch": 796, "loss": 0.01052, "obj": 0.0, "sup": 0.01052, "lr": 0.0005, "time": 1790986696.27211}
{"type": "train", "epoch": 797, "loss": 0.01176, "obj": 0.0, "sup": 0.01176, "lr": 0.0005, "time": 1790986696.53499}
{"type": "train", "epoch": 798, "loss": 0.01314, "obj": 0.0, "sup": 0.01314, "lr": 0.0005, "time": 1790986696.79534}
{"type": "train", "epoch": 799, "loss": 0.00902, "obj": 0.0, "sup": 0.00902, "lr": 0.0005, "time": 1790986697.05567}
{"type": "train", "epoch": 800, "loss": 0.01022, "obj": 0.0, "sup": 0.01022, "lr": 0.0005, "time": 1790986698.23372, "train_resid_median": 0.33501, "train_resid_mean": 0.33793, "train_imag_median": 0.06002, "train_obj_median": 0.15877, "train_u_loss_to_label_median": 0.00682, "val_resid_median": 0.92456, "val_resid_mean": 0.90834, "val_imag_median": 0.27903, "val_obj_median": 0.97592, "val_u_loss_to_label_median": 0.76061}
{"type": "train", "epoch": 801, "loss": 0.00862, "obj": 0.0, "sup": 0.00862, "lr": 0.0005, "time": 1790986698.49538}
{"type": "train", "epoch": 802, "loss": 0.00901, "obj": 0.0, "sup": 0.00901, "lr": 0.0005, "time": 1790986698.75633}
{"type": "train", "epoch": 803, "loss": 0.01357, "obj": 0.0, "sup": 0.01357, "lr": 0.0005, "time": 1790986699.01704}
{"type": "train", "epoch": 804, "loss": 0.00988, "obj": 0.0, "sup": 0.00988, "lr": 0.0005, "time": 1790986699.27658}
{"type": "train", "epoch": 805, "loss": 0.00999, "obj": 0.0, "sup": 0.00999, "lr": 0.0005, "time": 1790986699.53653}
{"type": "train", "epoch": 806, "loss": 0.00801, "obj": 0.0, "sup": 0.00801, "lr": 0.0005, "time": 1790986699.79593}
{"type": "train", "epoch": 807, "loss": 0.00747, "obj": 0.0, "sup": 0.00747, "lr": 0.0005, "time": 1790986700.05627}
{"type": "train", "epoch": 808, "loss": 0.00764, "obj": 0.0, "sup": 0.00764, "lr": 0.0005, "time": 1790986700.3167}
{"type": "train", "epoch": 809, "loss": 0.01048, "obj": 0.0, "sup": 0.01048, "lr": 0.0005, "time": 1790986700.5763}
{"type": "train", "epoch": 810, "loss": 0.00745, "obj": 0.0, "sup": 0.00745, "lr": 0.0005, "time": 1790986700.83593}
{"type": "train", "epoch": 811, "loss": 0.00534, "obj": 0.0, "sup": 0.00534, "lr": 0.0005, "time": 1790986701.40111}
{"type": "train", "epoch": 812, "loss": 0.00514, "obj": 0.0, "sup": 0.00514, "lr": 0.0005, "time": 1790986701.66182}
{"type": "train", "epoch": 813, "loss": 0.00722, "obj": 0.0, "sup": 0.00722, "lr": 0.0005, "time": 1790986701.92294}
{"type": "train", "epoch": 814, "loss": 0.00622, "obj": 0.0, "sup": 0.00622, "lr": 0.0005, "time": 1790986702.18393}
{"type": "train", "epoch": 815, "loss": 0.0052, "obj": 0.0, "sup": 0.0052, "lr": 0.0005, "time": 1790986702.44482}
{"type": "train", "epoch": 816, "loss": 0.00916, "obj": 0.0, "sup": 0.00916, "lr": 0.0005, "time": 1790986702.70563}
{"type": "train", "epoch": 817, "loss": 0.00722, "obj": 0.0, "sup": 0.00722, "lr": 0.0005, "time": 1790986702.96509}
{"type": "train", "epoch": 818, "loss": 0.00783, "obj": 0.0, "sup": 0.00783, "lr": 0.0005, "time": 1790986703.22491}
{"type": "train", "epoch": 819, "loss": 0.00629, "obj": 0.0, "sup": 0.00629, "lr": 0.0005, "time": 1790986703.4841}
{"type": "train", "epoch": 820, "loss": 0.00535, "obj": 0.0, "sup": 0.00535, "lr": 0.0005, "time": 1790986703.74424}
{"type": "train", "epoch": 821, "loss": 0.00551, "obj": 0.0, "sup": 0.00551, "lr": 0.0005, "time": 1790986704.00409}
{"type": "train", "epoch": 822, "loss": 0.00398, "obj": 0.0, "sup": 0.00398, "lr": 0.0005, "time": 1790986704.26401}
{"type": "train", "epoch": 823, "loss": 0.00441, "obj": 0.0, "sup": 0.00441, "lr": 0.0005, "time": 1790986704.52152}
{"type": "train", "epoch": 824, "loss": 0.00406, "obj": 0.0, "sup": 0.00406, "lr": 0.0005, "time": 1790986704.78213}
{"type": "train", "epoch": 825, "loss": 0.00321, "obj": 0.0, "sup": 0.00321, "lr": 0.0005, "time": 1790986705.04343}
{"type": "train", "epoch": 826, "loss": 0.00377, "obj": 0.0, "sup": 0.00377, "lr": 0.0005, "time": 1790986705.30436}
{"type": "train", "epoch": 827, "loss": 0.00325, "obj": 0.0, "sup": 0.00325, "lr": 0.0005, "time": 1790986705.56444}
{"type": "train", "epoch": 828, "loss": 0.00374, "obj": 0.0, "sup": 0.00374, "lr": 0.0005, "time": 1790986705.82377}
{"type": "train", "epoch": 829, "loss": 0.00269, "obj": 0.0, "sup": 0.00269, "lr": 0.0005, "time": 1790986706.08317}
{"type": "train", "epoch": 830, "loss": 0.00259, "obj": 0.0, "sup": 0.00259, "lr": 0.0005, "time": 1790986706.34365}
{"type": "train", "epoch": 831, "loss": 0.00262, "obj": 0.0, "sup": 0.00262, "lr": 0.0005, "time": 1790986706.60405}
{"type": "train", "epoch": 832, "loss": 0.00276, "obj": 0.0, "sup": 0.00276, "lr": 0.0005, "time": 1790986706.86473}
{"type": "train", "epoch": 833, "loss": 0.00245, "obj": 0.0, "sup": 0.00245, "lr": 0.0005, "time": 1790986707.12522}
{"type": "train", "epoch": 834, "loss": 0.00279, "obj": 0.0, "sup": 0.00279, "lr": 0.0005, "time": 1790986707.38529}
{"type": "train", "epoch": 835, "loss": 0.00241, "obj": 0.0, "sup": 0.00241, "lr": 0.0005, "time": 1790986707.64588}
{"type": "train", "epoch": 836, "loss": 0.00241, "obj": 0.0, "sup": 0.00241, "lr": 0.0005, "time": 1790986707.9061}
{"type": "train", "epoch": 837, "loss": 0.00283, "obj": 0.0, "sup": 0.00283, "lr": 0.0005, "time": 1790986708.16594}
{"type": "train", "epoch": 838, "loss": 0.00203, "obj": 0.0, "sup": 0.00203, "lr": 0.0005, "time": 1790986708.42577}
{"type": "train", "epoch": 839, "loss": 0.00271, "obj": 0.0, "sup": 0.00271, "lr": 0.0005, "time": 1790986708.68562}
{"type": "train", "epoch": 840, "loss": 0.00289, "obj": 0.0, "sup": 0.00289, "lr": 0.0005, "time": 1790986708.94573}
{"type": "train", "epoch": 841, "loss": 0.00206, "obj": 0.0, "sup": 0.00206, "lr": 0.0005, "time": 1790986709.20538}
{"type": "train", "epoch": 842, "loss": 0.00208, "obj": 0.0, "sup": 0.00208, "lr": 0.0005, "time": 1790986709.46524}
{"type": "train", "epoch": 843, "loss": 0.00226, "obj": 0.0, "sup": 0.00226, "lr": 0.0005, "time": 1790986709.72551}
{"type": "train", "epoch": 844, "loss": 0.00397, "obj": 0.0, "sup": 0.00397, "lr": 0.0005, "time": 1790986709.98579}
{"type": "train", "epoch": 845, "loss": 0.00582, "obj": 0.0, "sup": 0.00582, "lr": 0.0005, "time": 1790986710.2458}
{"type": "train", "epoch": 846, "loss": 0.01905, "obj": 0.0, "sup": 0.01905, "lr": 0.0005, "time": 1790986710.50609}
{"type": "train", "epoch": 847, "loss": 0.00906, "obj": 0.0, "sup": 0.00906, "lr": 0.0005, "time": 1790986710.76649}
{"type": "train", "epoch": 848, "loss": 0.01529, "obj": 0.0, "sup": 0.01529, "lr": 0.0005, "time": 1790986711.0272}
{"type": "train", "epoch": 849, "loss": 0.01378, "obj": 0.0, "sup": 0.01378, "lr": 0.0005, "time": 1790986711.28768}
{"type": "train", "epoch": 850, "loss": 0.01096, "obj": 0.0, "sup": 0.01096, "lr": 0.0005, "time": 1790986711.54865}
{"type": "train", "epoch": 851, "loss": 0.02471, "obj": 0.0, "sup": 0.02471, "lr": 0.0005, "time": 1790986711.8087}
{"type": "train", "epoch": 852, "loss": 0.01093, "obj": 0.0, "sup": 0.01093, "lr": 0.0005, "time": 1790986712.06914}
{"type": "train", "epoch": 853, "loss": 0.0132, "obj": 0.0, "sup": 0.0132, "lr": 0.0005, "time": 1790986712.3297}
{"type": "train", "epoch": 854, "loss": 0.01171, "obj": 0.0, "sup": 0.01171, "lr": 0.0005, "time": 1790986712.59004}
{"type": "train", "epoch": 855, "loss": 0.0176, "obj": 0.0, "sup": 0.0176, "lr": 0.0005, "time": 1790986712.85012}
{"type": "train", "epoch": 856, "loss": 0.01187, "obj": 0.0, "sup": 0.01187, "lr": 0.0005, "time": 1790986713.1105}
{"type": "train", "epoch": 857, "loss": 0.02979, "obj": 0.0, "sup": 0.02979, "lr": 0.0005, "time": 1790986713.37268}
{"type": "train", "epoch": 858, "loss": 0.02743, "obj": 0.0, "sup": 0.02743, "lr": 0.0005, "time": 1790986713.64123}
{"type": "train", "epoch": 859, "loss": 0.0281, "obj": 0.0, "sup": 0.0281, "lr": 0.0005, "time": 1790986713.89909}
{"type": "train", "epoch": 860, "loss": 0.01998, "obj": 0.0, "sup": 0.01998, "lr": 0.0005, "time": 1790986714.15893}
{"type": "train", "epoch": 861, "loss": 0.01873, "obj": 0.0, "sup": 0.01873, "lr": 0.0005, "time": 1790986714.42356}
{"type": "train", "epoch": 862, "loss": 0.02014, "obj": 0.0, "sup": 0.02014, "lr": 0.0005, "time": 1790986714.68347}
{"type": "train", "epoch": 863, "loss": 0.01659, "obj": 0.0, "sup": 0.01659, "lr": 0.0005, "time": 1790986714.94165}
{"type": "train", "epoch": 864, "loss": 0.01308, "obj": 0.0, "sup": 0.01308, "lr": 0.0005, "time": 1790986715.20171}
{"type": "train", "epoch": 865, "loss": 0.01216, "obj": 0.0, "sup": 0.01216, "lr": 0.0005, "time": 1790986715.46132}
{"type": "train", "epoch": 866, "loss": 0.01177, "obj": 0.0, "sup": 0.01177, "lr": 0.0005, "time": 1790986715.72557}
{"type": "train", "epoch": 867, "loss": 0.00957, "obj": 0.0, "sup": 0.00957, "lr": 0.0005, "time": 1790986715.98221}
{"type": "train", "epoch": 868, "loss": 0.009, "obj": 0.0, "sup": 0.009, "lr": 0.0005, "time": 1790986716.25687}
{"type": "train", "epoch": 869, "loss": 0.00727, "obj": 0.0, "sup": 0.00727, "lr": 0.0005, "time": 1790986716.52643}
{"type": "train", "epoch": 870, "loss": 0.00712, "obj": 0.0, "sup": 0.00712, "lr": 0.0005, "time": 1790986716.78445}
{"type": "train", "epoch": 871, "loss": 0.00568, "obj": 0.0, "sup": 0.00568, "lr": 0.0005, "time": 1790986717.041}
{"type": "train", "epoch": 872, "loss": 0.00586, "obj": 0.0, "sup": 0.00586, "lr": 0.0005, "time": 1790986717.2991}
{"type": "train", "epoch": 873, "loss": 0.00497, "obj": 0.0, "sup": 0.00497, "lr": 0.0005, "time": 1790986717.57722}
{"type": "train", "epoch": 874, "loss": 0.01009, "obj": 0.0, "sup": 0.01009, "lr": 0.0005, "time": 1790986717.90459}
{"type": "train", "epoch": 875, "loss": 0.00981, "obj": 0.0, "sup": 0.00981, "lr": 0.0005, "time": 1790986718.21268}
{"type": "train", "epoch": 876, "loss": 0.00743, "obj": 0.0, "sup": 0.00743, "lr": 0.0005, "time": 1790986718.7137}
{"type": "train", "epoch": 877, "loss": 0.00675, "obj": 0.0, "sup": 0.00675, "lr": 0.0005, "time": 1790986718.97963}
{"type": "train", "epoch": 878, "loss": 0.0067, "obj": 0.0, "sup": 0.0067, "lr": 0.0005, "time": 1790986719.25437}
{"type": "train", "epoch": 879, "loss": 0.00671, "obj": 0.0, "sup": 0.00671, "lr": 0.0005, "time": 1790986719.52626}
{"type": "train", "epoch": 880, "loss": 0.00507, "obj": 0.0, "sup": 0.00507, "lr": 0.0005, "time": 1790986719.80359}
{"type": "train", "epoch": 881, "loss": 0.00584, "obj": 0.0, "sup": 0.00584, "lr": 0.0005, "time": 1790986720.07175}
{"type": "train", "epoch": 882, "loss": 0.00505, "obj": 0.0, "sup": 0.00505, "lr": 0.0005, "time": 1790986720.34339}
{"type": "train", "epoch": 883, "loss": 0.00572, "obj": 0.0, "sup": 0.00572, "lr": 0.0005, "time": 1790986720.61593}
{"type": "train", "epoch": 884, "loss": 0.00557, "obj": 0.0, "sup": 0.00557, "lr": 0.0005, "time": 1790986720.89369}
{"type": "train", "epoch": 885, "loss": 0.0074, "obj": 0.0, "sup": 0.0074, "lr": 0.0005, "time": 1790986721.17562}
{"type": "train", "epoch": 886, "loss": 0.00638, "obj": 0.0, "sup": 0.00638, "lr": 0.0005, "time": 1790986721.45894}
{"type": "train", "epoch": 887, "loss": 0.00692, "obj": 0.0, "sup": 0.00692, "lr": 0.0005, "time": 1790986721.74711}
{"type": "train", "epoch": 888, "loss": 0.00678, "obj": 0.0, "sup": 0.00678, "lr": 0.0005, "time": 1790986722.02911}
{"type": "train", "epoch": 889, "loss": 0.01015, "obj": 0.0, "sup": 0.01015, "lr": 0.0005, "time": 1790986722.30357}
{"type": "train", "epoch": 890, "loss": 0.01121, "obj": 0.0, "sup": 0.01121, "lr": 0.0005, "time": 1790986722.57604}
{"type": "train", "epoch": 891, "loss": 0.01016, "obj": 0.0, "sup": 0.01016, "lr": 0.0005, "time": 1790986722.8407}
{"type": "train", "epoch": 892, "loss": 0.01, "obj": 0.0, "sup": 0.01, "lr": 0.0005, "time": 1790986723.1067}
{"type": "train", "epoch": 893, "loss": 0.00747, "obj": 0.0, "sup": 0.00747, "lr": 0.0005, "time": 1790986723.37087}
{"type": "train", "epoch": 894, "loss": 0.00848, "obj": 0.0, "sup": 0.00848, "lr": 0.0005, "time": 1790986723.63547}
{"type": "train", "epoch": 895, "loss": 0.01306, "obj": 0.0, "sup": 0.01306, "lr": 0.0005, "time": 1790986723.90255}
{"type": "train", "epoch": 896, "loss": 0.01459, "obj": 0.0, "sup": 0.01459, "lr": 0.0005, "time": 1790986724.2184}
{"type": "train", "epoch": 897, "loss": 0.01053, "obj": 0.0, "sup": 0.01053, "lr": 0.0005, "time": 1790986724.49062}
{"type": "train", "epoch": 898, "loss": 0.00823, "obj": 0.0, "sup": 0.00823, "lr": 0.0005, "time": 1790986724.79999}
{"type": "train", "epoch": 899, "loss": 0.01054, "obj": 0.0, "sup": 0.01054, "lr": 0.0005, "time": 1790986725.10188}
{"type": "train", "epoch": 900, "loss": 0.00764, "obj": 0.0, "sup": 0.00764, "lr": 0.0005, "time": 1790986726.32695, "train_resid_median": 0.33036, "train_resid_mean": 0.33362, "train_imag_median": 0.0609, "train_obj_median": 0.16167, "train_u_loss_to_label_median": 0.00607, "val_resid_median": 0.92886, "val_resid_mean": 0.91177, "val_imag_median": 0.28436, "val_obj_median": 0.98029, "val_u_loss_to_label_median": 0.76032}
{"type": "train", "epoch": 901, "loss": 0.00828, "obj": 0.0, "sup": 0.00828, "lr": 0.0005, "time": 1790986726.76983}
{"type": "train", "epoch": 902, "loss": 0.00763, "obj": 0.0, "sup": 0.00763, "lr": 0.0005, "time": 1790986727.05396}
{"type": "train", "epoch": 903, "loss": 0.00637, "obj": 0.0, "sup": 0.00637, "lr": 0.0005, "time": 1790986727.36352}
{"type": "train", "epoch": 904, "loss": 0.00639, "obj": 0.0, "sup": 0.00639, "lr": 0.0005, "time": 1790986727.66752}
{"type": "train", "epoch": 905, "loss": 0.00741, "obj": 0.0, "sup": 0.00741, "lr": 0.0005, "time": 1790986727.93717}
{"type": "train", "epoch": 906, "loss": 0.00626, "obj": 0.0, "sup": 0.00626, "lr": 0.0005, "time": 1790986728.20522}
{"type": "train", "epoch": 907, "loss": 0.00504, "obj": 0.0, "sup": 0.00504, "lr": 0.0005, "time": 1790986728.48414}
{"type": "train", "epoch": 908, "loss": 0.00611, "obj": 0.0, "sup": 0.00611, "lr": 0.0005, "time": 1790986728.75854}
{"type": "train", "epoch": 909, "loss": 0.00462, "obj": 0.0, "sup": 0.00462, "lr": 0.0005, "time": 1790986729.02865}
{"type": "train", "epoch": 910, "loss": 0.00493, "obj": 0.0, "sup": 0.00493, "lr": 0.0005, "time": 1790986729.30133}
{"type": "train", "epoch": 911, "loss": 0.00453, "obj": 0.0, "sup": 0.00453, "lr": 0.0005, "time": 1790986729.56305}
{"type": "train", "epoch": 912, "loss": 0.00476, "obj": 0.0, "sup": 0.00476, "lr": 0.0005, "time": 1790986729.8253}
{"type": "train", "epoch": 913, "loss": 0.00397, "obj": 0.0, "sup": 0.00397, "lr": 0.0005, "time": 1790986730.08967}
{"type": "train", "epoch": 914, "loss": 0.00519, "obj": 0.0, "sup": 0.00519, "lr": 0.0005, "time": 1790986730.35138}
{"type": "train", "epoch": 915, "loss": 0.00375, "obj": 0.0, "sup": 0.00375, "lr": 0.0005, "time": 1790986730.61164}
{"type": "train", "epoch": 916, "loss": 0.00496, "obj": 0.0, "sup": 0.00496, "lr": 0.0005, "time": 1790986730.87545}
{"type": "train", "epoch": 917, "loss": 0.0035, "obj": 0.0, "sup": 0.0035, "lr": 0.0005, "time": 1790986731.13533}
{"type": "train", "epoch": 918, "loss": 0.00455, "obj": 0.0, "sup": 0.00455, "lr": 0.0005, "time": 1790986731.3962}
{"type": "train", "epoch": 919, "loss": 0.00332, "obj": 0.0, "sup": 0.00332, "lr": 0.0005, "time": 1790986731.6572}
{"type": "train", "epoch": 920, "loss": 0.00446, "obj": 0.0, "sup": 0.00446, "lr": 0.0005, "time": 1790986731.91891}
{"type": "train", "epoch": 921, "loss": 0.00326, "obj": 0.0, "sup": 0.00326, "lr": 0.0005, "time": 1790986732.18041}
{"type": "train", "epoch": 922, "loss": 0.0036, "obj": 0.0, "sup": 0.0036, "lr": 0.0005, "time": 1790986732.4411}
{"type": "train", "epoch": 923, "loss": 0.00555, "obj": 0.0, "sup": 0.00555, "lr": 0.0005, "time": 1790986732.70173}
{"type": "train", "epoch": 924, "loss": 0.00342, "obj": 0.0, "sup": 0.00342, "lr": 0.0005, "time": 1790986733.26988}
{"type": "train", "epoch": 925, "loss": 0.00407, "obj": 0.0, "sup": 0.00407, "lr": 0.0005, "time": 1790986733.5301}
{"type": "train", "epoch": 926, "loss": 0.00892, "obj": 0.0, "sup": 0.00892, "lr": 0.0005, "time": 1790986733.79141}
{"type": "train", "epoch": 927, "loss": 0.00522, "obj": 0.0, "sup": 0.00522, "lr": 0.0005, "time": 1790986734.05137}
{"type": "train", "epoch": 928, "loss": 0.00677, "obj": 0.0, "sup": 0.00677, "lr": 0.0005, "time": 1790986734.31181}
{"type": "train", "epoch": 929, "loss": 0.0065, "obj": 0.0, "sup": 0.0065, "lr": 0.0005, "time": 1790986734.57325}
{"type": "train", "epoch": 930, "loss": 0.00749, "obj": 0.0, "sup": 0.00749, "lr": 0.0005, "time": 1790986734.83276}
{"type": "train", "epoch": 931, "loss": 0.0067, "obj": 0.0, "sup": 0.0067, "lr": 0.0005, "time": 1790986735.09391}
{"type": "train", "epoch": 932, "loss": 0.00678, "obj": 0.0, "sup": 0.00678, "lr": 0.0005, "time": 1790986735.35399}
{"type": "train", "epoch": 933, "loss": 0.00555, "obj": 0.0, "sup": 0.00555, "lr": 0.0005, "time": 1790986735.61488}
{"type": "train", "epoch": 934, "loss": 0.00779, "obj": 0.0, "sup": 0.00779, "lr": 0.0005, "time": 1790986735.8745}
{"type": "train", "epoch": 935, "loss": 0.0071, "obj": 0.0, "sup": 0.0071, "lr": 0.0005, "time": 1790986736.13506}
{"type": "train", "epoch": 936, "loss": 0.0079, "obj": 0.0, "sup": 0.0079, "lr": 0.0005, "time": 1790986736.39513}
{"type": "train", "epoch": 937, "loss": 0.00686, "obj": 0.0, "sup": 0.00686, "lr": 0.0005, "time": 1790986736.65542}
{"type": "train", "epoch": 938, "loss": 0.01041, "obj": 0.0, "sup": 0.01041, "lr": 0.0005, "time": 1790986736.9156}
{"type": "train", "epoch": 939, "loss": 0.00919, "obj": 0.0, "sup": 0.00919, "lr": 0.0005, "time": 1790986737.17692}
{"type": "train", "epoch": 940, "loss": 0.00793, "obj": 0.0, "sup": 0.00793, "lr": 0.0005, "time": 1790986737.43809}
{"type": "train", "epoch": 941, "loss": 0.01151, "obj": 0.0, "sup": 0.01151, "lr": 0.0005, "time": 1790986737.70184}
{"type": "train", "epoch": 942, "loss": 0.00761, "obj": 0.0, "sup": 0.00761, "lr": 0.0005, "time": 1790986737.96355}
{"type": "train", "epoch": 943, "loss": 0.00799, "obj": 0.0, "sup": 0.00799, "lr": 0.0005, "time": 1790986738.22661}
{"type": "train", "epoch": 944, "loss": 0.00822, "obj": 0.0, "sup": 0.00822, "lr": 0.0005, "time": 1790986738.48716}
{"type": "train", "epoch": 945, "loss": 0.00635, "obj": 0.0, "sup": 0.00635, "lr": 0.0005, "time": 1790986738.74895}
{"type": "train", "epoch": 946, "loss": 0.00574, "obj": 0.0, "sup": 0.00574, "lr": 0.0005, "time": 1790986739.01059}
{"type": "train", "epoch": 947, "loss": 0.00573, "obj": 0.0, "sup": 0.00573, "lr": 0.0005, "time": 1790986739.27198}
{"type": "train", "epoch": 948, "loss": 0.00425, "obj": 0.0, "sup": 0.00425, "lr": 0.0005, "time": 1790986739.91827}
{"type": "train", "epoch": 949, "loss": 0.0055, "obj": 0.0, "sup": 0.0055, "lr": 0.0005, "time": 1790986740.17792}
{"type": "train", "epoch": 950, "loss": 0.00449, "obj": 0.0, "sup": 0.00449, "lr": 0.0005, "time": 1790986740.43752}
{"type": "train", "epoch": 951, "loss": 0.00415, "obj": 0.0, "sup": 0.00415, "lr": 0.0005, "time": 1790986740.69837}
{"type": "train", "epoch": 952, "loss": 0.00349, "obj": 0.0, "sup": 0.00349, "lr": 0.0005, "time": 1790986740.9582}
{"type": "train", "epoch": 953, "loss": 0.00328, "obj": 0.0, "sup": 0.00328, "lr": 0.0005, "time": 1790986741.21833}
{"type": "train", "epoch": 954, "loss": 0.00324, "obj": 0.0, "sup": 0.00324, "lr": 0.0005, "time": 1790986741.47931}
{"type": "train", "epoch": 955, "loss": 0.00293, "obj": 0.0, "sup": 0.00293, "lr": 0.0005, "time": 1790986741.73944}
{"type": "train", "epoch": 956, "loss": 0.00375, "obj": 0.0, "sup": 0.00375, "lr": 0.0005, "time": 1790986742.00032}
{"type": "train", "epoch": 957, "loss": 0.00344, "obj": 0.0, "sup": 0.00344, "lr": 0.0005, "time": 1790986742.26106}
{"type": "train", "epoch": 958, "loss": 0.00316, "obj": 0.0, "sup": 0.00316, "lr": 0.0005, "time": 1790986742.52168}
{"type": "train", "epoch": 959, "loss": 0.00347, "obj": 0.0, "sup": 0.00347, "lr": 0.0005, "time": 1790986742.78326}
{"type": "train", "epoch": 960, "loss": 0.00291, "obj": 0.0, "sup": 0.00291, "lr": 0.0005, "time": 1790986743.04486}
{"type": "train", "epoch": 961, "loss": 0.00527, "obj": 0.0, "sup": 0.00527, "lr": 0.0005, "time": 1790986743.30684}
{"type": "train", "epoch": 962, "loss": 0.0033, "obj": 0.0, "sup": 0.0033, "lr": 0.0005, "time": 1790986743.56731}
{"type": "train", "epoch": 963, "loss": 0.00471, "obj": 0.0, "sup": 0.00471, "lr": 0.0005, "time": 1790986743.82933}
{"type": "train", "epoch": 964, "loss": 0.00827, "obj": 0.0, "sup": 0.00827, "lr": 0.0005, "time": 1790986744.09002}
{"type": "train", "epoch": 965, "loss": 0.00743, "obj": 0.0, "sup": 0.00743, "lr": 0.0005, "time": 1790986744.35155}
{"type": "train", "epoch": 966, "loss": 0.00767, "obj": 0.0, "sup": 0.00767, "lr": 0.0005, "time": 1790986744.61243}
{"type": "train", "epoch": 967, "loss": 0.01269, "obj": 0.0, "sup": 0.01269, "lr": 0.0005, "time": 1790986744.87271}
{"type": "train", "epoch": 968, "loss": 0.01079, "obj": 0.0, "sup": 0.01079, "lr": 0.0005, "time": 1790986745.134}
{"type": "train", "epoch": 969, "loss": 0.01038, "obj": 0.0, "sup": 0.01038, "lr": 0.0005, "time": 1790986745.39418}
{"type": "train", "epoch": 970, "loss": 0.01182, "obj": 0.0, "sup": 0.01182, "lr": 0.0005, "time": 1790986745.65514}
{"type": "train", "epoch": 971, "loss": 0.00945, "obj": 0.0, "sup": 0.00945, "lr": 0.0005, "time": 1790986745.91517}
{"type": "train", "epoch": 972, "loss": 0.01231, "obj": 0.0, "sup": 0.01231, "lr": 0.0005, "time": 1790986746.17644}
{"type": "train", "epoch": 973, "loss": 0.00881, "obj": 0.0, "sup": 0.00881, "lr": 0.0005, "time": 1790986746.43792}
{"type": "train", "epoch": 974, "loss": 0.01231, "obj": 0.0, "sup": 0.01231, "lr": 0.0005, "time": 1790986746.69809}
{"type": "train", "epoch": 975, "loss": 0.01146, "obj": 0.0, "sup": 0.01146, "lr": 0.0005, "time": 1790986746.95782}
{"type": "train", "epoch": 976, "loss": 0.00985, "obj": 0.0, "sup": 0.00985, "lr": 0.0005, "time": 1790986747.21808}
{"type": "train", "epoch": 977, "loss": 0.01073, "obj": 0.0, "sup": 0.01073, "lr": 0.0005, "time": 1790986747.47929}
{"type": "train", "epoch": 978, "loss": 0.00841, "obj": 0.0, "sup": 0.00841, "lr": 0.0005, "time": 1790986747.7394}
{"type": "train", "epoch": 979, "loss": 0.00901, "obj": 0.0, "sup": 0.00901, "lr": 0.0005, "time": 1790986747.99993}
{"type": "train", "epoch": 980, "loss": 0.0081, "obj": 0.0, "sup": 0.0081, "lr": 0.0005, "time": 1790986748.26023}
{"type": "train", "epoch": 981, "loss": 0.00703, "obj": 0.0, "sup": 0.00703, "lr": 0.0005, "time": 1790986748.52159}
{"type": "train", "epoch": 982, "loss": 0.00854, "obj": 0.0, "sup": 0.00854, "lr": 0.0005, "time": 1790986748.78198}
{"type": "train", "epoch": 983, "loss": 0.00813, "obj": 0.0, "sup": 0.00813, "lr": 0.0005, "time": 1790986749.04215}
{"type": "train", "epoch": 984, "loss": 0.00601, "obj": 0.0, "sup": 0.00601, "lr": 0.0005, "time": 1790986749.30249}
{"type": "train", "epoch": 985, "loss": 0.00535, "obj": 0.0, "sup": 0.00535, "lr": 0.0005, "time": 1790986749.56304}
{"type": "train", "epoch": 986, "loss": 0.00993, "obj": 0.0, "sup": 0.00993, "lr": 0.0005, "time": 1790986749.82379}
{"type": "train", "epoch": 987, "loss": 0.00639, "obj": 0.0, "sup": 0.00639, "lr": 0.0005, "time": 1790986750.08442}
{"type": "train", "epoch": 988, "loss": 0.00689, "obj": 0.0, "sup": 0.00689, "lr": 0.0005, "time": 1790986750.34424}
{"type": "train", "epoch": 989, "loss": 0.00935, "obj": 0.0, "sup": 0.00935, "lr": 0.0005, "time": 1790986750.60451}
{"type": "train", "epoch": 990, "loss": 0.00858, "obj": 0.0, "sup": 0.00858, "lr": 0.0005, "time": 1790986750.86479}
{"type": "train", "epoch": 991, "loss": 0.00681, "obj": 0.0, "sup": 0.00681, "lr": 0.0005, "time": 1790986751.12554}
{"type": "train", "epoch": 992, "loss": 0.00844, "obj": 0.0, "sup": 0.00844, "lr": 0.0005, "time": 1790986751.38578}
{"type": "train", "epoch": 993, "loss": 0.00823, "obj": 0.0, "sup": 0.00823, "lr": 0.0005, "time": 1790986751.64634}
{"type": "train", "epoch": 994, "loss": 0.00867, "obj": 0.0, "sup": 0.00867, "lr": 0.0005, "time": 1790986751.90792}
{"type": "train", "epoch": 995, "loss": 0.00726, "obj": 0.0, "sup": 0.00726, "lr": 0.0005, "time": 1790986752.16829}
{"type": "train", "epoch": 996, "loss": 0.00661, "obj": 0.0, "sup": 0.00661, "lr": 0.0005, "time": 1790986752.4288}
{"type": "train", "epoch": 997, "loss": 0.00632, "obj": 0.0, "sup": 0.00632, "lr": 0.0005, "time": 1790986752.68912}
{"type": "train", "epoch": 998, "loss": 0.00666, "obj": 0.0, "sup": 0.00666, "lr": 0.0005, "time": 1790986752.94952}
{"type": "train", "epoch": 999, "loss": 0.0073, "obj": 0.0, "sup": 0.0073, "lr": 0.0005, "time": 1790986753.21204}
{"type": "train", "epoch": 1000, "loss": 0.00628, "obj": 0.0, "sup": 0.00628, "lr": 0.0005, "time": 1790986754.42129, "train_resid_median": 0.33335, "train_resid_mean": 0.33665, "train_imag_median": 0.05044, "train_obj_median": 0.15508, "train_u_loss_to_label_median": 0.00384, "val_resid_median": 0.92228, "val_resid_mean": 0.90282, "val_imag_median": 0.26175, "val_obj_median": 0.94888, "val_u_loss_to_label_median": 0.75143}
{"type": "train", "epoch": 1001, "loss": 0.00611, "obj": 0.0, "sup": 0.00611, "lr": 0.0005, "time": 1790986754.68513}
{"type": "train", "epoch": 1002, "loss": 0.00828, "obj": 0.0, "sup": 0.00828, "lr": 0.0005, "time": 1790986754.94698}
{"type": "train", "epoch": 1003, "loss": 0.00586, "obj": 0.0, "sup": 0.00586, "lr": 0.0005, "time": 1790986755.20787}
{"type": "train", "epoch": 1004, "loss": 0.00498, "obj": 0.0, "sup": 0.00498, "lr": 0.0005, "time": 1790986755.46891}
{"type": "train", "epoch": 1005, "loss": 0.00426, "obj": 0.0, "sup": 0.00426, "lr": 0.0005, "time": 1790986755.73014}
{"type": "train", "epoch": 1006, "loss": 0.00507, "obj": 0.0, "sup": 0.00507, "lr": 0.0005, "time": 1790986755.99101}
{"type": "train", "epoch": 1007, "loss": 0.00427, "obj": 0.0, "sup": 0.00427, "lr": 0.0005, "time": 1790986756.25189}
{"type": "train", "epoch": 1008, "loss": 0.0037, "obj": 0.0, "sup": 0.0037, "lr": 0.0005, "time": 1790986756.51226}
{"type": "train", "epoch": 1009, "loss": 0.00582, "obj": 0.0, "sup": 0.00582, "lr": 0.0005, "time": 1790986756.77264}
{"type": "train", "epoch": 1010, "loss": 0.00509, "obj": 0.0, "sup": 0.00509, "lr": 0.0005, "time": 1790986757.03444}
{"type": "train", "epoch": 1011, "loss": 0.00521, "obj": 0.0, "sup": 0.00521, "lr": 0.0005, "time": 1790986757.29542}
{"type": "train", "epoch": 1012, "loss": 0.00473, "obj": 0.0, "sup": 0.00473, "lr": 0.0005, "time": 1790986757.55656}
{"type": "train", "epoch": 1013, "loss": 0.01352, "obj": 0.0, "sup": 0.01352, "lr": 0.0005, "time": 1790986757.81712}
{"type": "train", "epoch": 1014, "loss": 0.00933, "obj": 0.0, "sup": 0.00933, "lr": 0.0005, "time": 1790986758.07763}
{"type": "train", "epoch": 1015, "loss": 0.00805, "obj": 0.0, "sup": 0.00805, "lr": 0.0005, "time": 1790986758.33877}
{"type": "train", "epoch": 1016, "loss": 0.00984, "obj": 0.0, "sup": 0.00984, "lr": 0.0005, "time": 1790986758.60081}
{"type": "train", "epoch": 1017, "loss": 0.0134, "obj": 0.0, "sup": 0.0134, "lr": 0.0005, "time": 1790986758.86205}
{"type": "train", "epoch": 1018, "loss": 0.01475, "obj": 0.0, "sup": 0.01475, "lr": 0.0005, "time": 1790986759.12146}
{"type": "train", "epoch": 1019, "loss": 0.00993, "obj": 0.0, "sup": 0.00993, "lr": 0.0005, "time": 1790986759.38164}
{"type": "train", "epoch": 1020, "loss": 0.00998, "obj": 0.0, "sup": 0.00998, "lr": 0.0005, "time": 1790986759.64235}
{"type": "train", "epoch": 1021, "loss": 0.01315, "obj": 0.0, "sup": 0.01315, "lr": 0.0005, "time": 1790986759.90271}
{"type": "train", "epoch": 1022, "loss": 0.01174, "obj": 0.0, "sup": 0.01174, "lr": 0.0005, "time": 1790986760.1639}
{"type": "train", "epoch": 1023, "loss": 0.00999, "obj": 0.0, "sup": 0.00999, "lr": 0.0005, "time": 1790986760.42435}
{"type": "train", "epoch": 1024, "loss": 0.0131, "obj": 0.0, "sup": 0.0131, "lr": 0.0005, "time": 1790986760.68619}
{"type": "train", "epoch": 1025, "loss": 0.00855, "obj": 0.0, "sup": 0.00855, "lr": 0.0005, "time": 1790986760.94731}
{"type": "train", "epoch": 1026, "loss": 0.00917, "obj": 0.0, "sup": 0.00917, "lr": 0.0005, "time": 1790986761.20783}
{"type": "train", "epoch": 1027, "loss": 0.01029, "obj": 0.0, "sup": 0.01029, "lr": 0.0005, "time": 1790986761.46877}
{"type": "train", "epoch": 1028, "loss": 0.00761, "obj": 0.0, "sup": 0.00761, "lr": 0.0005, "time": 1790986761.73062}
{"type": "train", "epoch": 1029, "loss": 0.00838, "obj": 0.0, "sup": 0.00838, "lr": 0.0005, "time": 1790986761.99177}
{"type": "train", "epoch": 1030, "loss": 0.00713, "obj": 0.0, "sup": 0.00713, "lr": 0.0005, "time": 1790986762.25261}
{"type": "train", "epoch": 1031, "loss": 0.0061, "obj": 0.0, "sup": 0.0061, "lr": 0.0005, "time": 1790986762.51324}
{"type": "train", "epoch": 1032, "loss": 0.00572, "obj": 0.0, "sup": 0.00572, "lr": 0.0005, "time": 1790986762.77407}
{"type": "train", "epoch": 1033, "loss": 0.00607, "obj": 0.0, "sup": 0.00607, "lr": 0.0005, "time": 1790986763.03494}
{"type": "train", "epoch": 1034, "loss": 0.00483, "obj": 0.0, "sup": 0.00483, "lr": 0.0005, "time": 1790986763.29485}
{"type": "train", "epoch": 1035, "loss": 0.00513, "obj": 0.0, "sup": 0.00513, "lr": 0.0005, "time": 1790986763.55623}
{"type": "train", "epoch": 1036, "loss": 0.00401, "obj": 0.0, "sup": 0.00401, "lr": 0.0005, "time": 1790986763.8178}
{"type": "train", "epoch": 1037, "loss": 0.00358, "obj": 0.0, "sup": 0.00358, "lr": 0.0005, "time": 1790986764.07956}
{"type": "train", "epoch": 1038, "loss": 0.00341, "obj": 0.0, "sup": 0.00341, "lr": 0.0005, "time": 1790986764.34063}
{"type": "train", "epoch": 1039, "loss": 0.00336, "obj": 0.0, "sup": 0.00336, "lr": 0.0005, "time": 1790986764.60088}
{"type": "train", "epoch": 1040, "loss": 0.0028, "obj": 0.0, "sup": 0.0028, "lr": 0.0005, "time": 1790986764.86135}
{"type": "train", "epoch": 1041, "loss": 0.00274, "obj": 0.0, "sup": 0.00274, "lr": 0.0005, "time": 1790986765.1225}
{"type": "train", "epoch": 1042, "loss": 0.00267, "obj": 0.0, "sup": 0.00267, "lr": 0.0005, "time": 1790986765.38234}
{"type": "train", "epoch": 1043, "loss": 0.00244, "obj": 0.0, "sup": 0.00244, "lr": 0.0005, "time": 1790986765.6441}
{"type": "train", "epoch": 1044, "loss": 0.00238, "obj": 0.0, "sup": 0.00238, "lr": 0.0005, "time": 1790986765.90425}
{"type": "train", "epoch": 1045, "loss": 0.00236, "obj": 0.0, "sup": 0.00236, "lr": 0.0005, "time": 1790986766.165}
{"type": "train", "epoch": 1046, "loss": 0.00199, "obj": 0.0, "sup": 0.00199, "lr": 0.0005, "time": 1790986766.42517}
{"type": "train", "epoch": 1047, "loss": 0.00184, "obj": 0.0, "sup": 0.00184, "lr": 0.0005, "time": 1790986766.68624}
{"type": "train", "epoch": 1048, "loss": 0.00167, "obj": 0.0, "sup": 0.00167, "lr": 0.0005, "time": 1790986766.94681}
{"type": "train", "epoch": 1049, "loss": 0.00184, "obj": 0.0, "sup": 0.00184, "lr": 0.0005, "time": 1790986767.20764}
{"type": "train", "epoch": 1050, "loss": 0.00141, "obj": 0.0, "sup": 0.00141, "lr": 0.0005, "time": 1790986767.46868}
{"type": "train", "epoch": 1051, "loss": 0.00189, "obj": 0.0, "sup": 0.00189, "lr": 0.0005, "time": 1790986767.72863}
{"type": "train", "epoch": 1052, "loss": 0.00113, "obj": 0.0, "sup": 0.00113, "lr": 0.0005, "time": 1790986767.989}
{"type": "train", "epoch": 1053, "loss": 0.00155, "obj": 0.0, "sup": 0.00155, "lr": 0.0005, "time": 1790986768.24918}
{"type": "train", "epoch": 1054, "loss": 0.00122, "obj": 0.0, "sup": 0.00122, "lr": 0.0005, "time": 1790986768.5097}
{"type": "train", "epoch": 1055, "loss": 0.00142, "obj": 0.0, "sup": 0.00142, "lr": 0.0005, "time": 1790986768.77026}
{"type": "train", "epoch": 1056, "loss": 0.00139, "obj": 0.0, "sup": 0.00139, "lr": 0.0005, "time": 1790986769.0338}
{"type": "train", "epoch": 1057, "loss": 0.00102, "obj": 0.0, "sup": 0.00102, "lr": 0.0005, "time": 1790986769.29036}
{"type": "train", "epoch": 1058, "loss": 0.00143, "obj": 0.0, "sup": 0.00143, "lr": 0.0005, "time": 1790986769.54593}
{"type": "train", "epoch": 1059, "loss": 0.0009, "obj": 0.0, "sup": 0.0009, "lr": 0.0005, "time": 1790986769.80323}
{"type": "train", "epoch": 1060, "loss": 0.00143, "obj": 0.0, "sup": 0.00143, "lr": 0.0005, "time": 1790986770.06244}
{"type": "train", "epoch": 1061, "loss": 0.001, "obj": 0.0, "sup": 0.001, "lr": 0.0005, "time": 1790986770.32244}
{"type": "train", "epoch": 1062, "loss": 0.0013, "obj": 0.0, "sup": 0.0013, "lr": 0.0005, "time": 1790986770.58287}
{"type": "train", "epoch": 1063, "loss": 0.00108, "obj": 0.0, "sup": 0.00108, "lr": 0.0005, "time": 1790986770.84281}
{"type": "train", "epoch": 1064, "loss": 0.00108, "obj": 0.0, "sup": 0.00108, "lr": 0.0005, "time": 1790986771.10257}
{"type": "train", "epoch": 1065, "loss": 0.00126, "obj": 0.0, "sup": 0.00126, "lr": 0.0005, "time": 1790986771.36258}
{"type": "train", "epoch": 1066, "loss": 0.00098, "obj": 0.0, "sup": 0.00098, "lr": 0.0005, "time": 1790986771.62279}
{"type": "train", "epoch": 1067, "loss": 0.00116, "obj": 0.0, "sup": 0.00116, "lr": 0.0005, "time": 1790986771.88285}
{"type": "train", "epoch": 1068, "loss": 0.00102, "obj": 0.0, "sup": 0.00102, "lr": 0.0005, "time": 1790986772.14328}
{"type": "train", "epoch": 1069, "loss": 0.00101, "obj": 0.0, "sup": 0.00101, "lr": 0.0005, "time": 1790986772.40368}
{"type": "train", "epoch": 1070, "loss": 0.00113, "obj": 0.0, "sup": 0.00113, "lr": 0.0005, "time": 1790986772.66388}
{"type": "train", "epoch": 1071, "loss": 0.00095, "obj": 0.0, "sup": 0.00095, "lr": 0.0005, "time": 1790986772.92518}
{"type": "train", "epoch": 1072, "loss": 0.00107, "obj": 0.0, "sup": 0.00107, "lr": 0.0005, "time": 1790986773.18577}
{"type": "train", "epoch": 1073, "loss": 0.00094, "obj": 0.0, "sup": 0.00094, "lr": 0.0005, "time": 1790986773.4468}
{"type": "train", "epoch": 1074, "loss": 0.0011, "obj": 0.0, "sup": 0.0011, "lr": 0.0005, "time": 1790986773.70772}
{"type": "train", "epoch": 1075, "loss": 0.00099, "obj": 0.0, "sup": 0.00099, "lr": 0.0005, "time": 1790986773.96858}
{"type": "train", "epoch": 1076, "loss": 0.00097, "obj": 0.0, "sup": 0.00097, "lr": 0.0005, "time": 1790986774.2291}
{"type": "train", "epoch": 1077, "loss": 0.00115, "obj": 0.0, "sup": 0.00115, "lr": 0.0005, "time": 1790986774.49064}
{"type": "train", "epoch": 1078, "loss": 0.00083, "obj": 0.0, "sup": 0.00083, "lr": 0.0005, "time": 1790986774.75192}
{"type": "train", "epoch": 1079, "loss": 0.00136, "obj": 0.0, "sup": 0.00136, "lr": 0.0005, "time": 1790986775.01306}
{"type": "train", "epoch": 1080, "loss": 0.00092, "obj": 0.0, "sup": 0.00092, "lr": 0.0005, "time": 1790986775.27399}
{"type": "train", "epoch": 1081, "loss": 0.00115, "obj": 0.0, "sup": 0.00115, "lr": 0.0005, "time": 1790986775.53515}
{"type": "train", "epoch": 1082, "loss": 0.00098, "obj": 0.0, "sup": 0.00098, "lr": 0.0005, "time": 1790986775.79643}
{"type": "train", "epoch": 1083, "loss": 0.00101, "obj": 0.0, "sup": 0.00101, "lr": 0.0005, "time": 1790986776.05695}
{"type": "train", "epoch": 1084, "loss": 0.0011, "obj": 0.0, "sup": 0.0011, "lr": 0.0005, "time": 1790986776.31816}
{"type": "train", "epoch": 1085, "loss": 0.00101, "obj": 0.0, "sup": 0.00101, "lr": 0.0005, "time": 1790986776.57914}
{"type": "train", "epoch": 1086, "loss": 0.00117, "obj": 0.0, "sup": 0.00117, "lr": 0.0005, "time": 1790986776.84004}
{"type": "train", "epoch": 1087, "loss": 0.00097, "obj": 0.0, "sup": 0.00097, "lr": 0.0005, "time": 1790986777.10206}
{"type": "train", "epoch": 1088, "loss": 0.00101, "obj": 0.0, "sup": 0.00101, "lr": 0.0005, "time": 1790986777.36232}
{"type": "train", "epoch": 1089, "loss": 0.00136, "obj": 0.0, "sup": 0.00136, "lr": 0.0005, "time": 1790986777.62331}
{"type": "train", "epoch": 1090, "loss": 0.00112, "obj": 0.0, "sup": 0.00112, "lr": 0.0005, "time": 1790986777.88339}
{"type": "train", "epoch": 1091, "loss": 0.00146, "obj": 0.0, "sup": 0.00146, "lr": 0.0005, "time": 1790986778.14357}
{"type": "train", "epoch": 1092, "loss": 0.00121, "obj": 0.0, "sup": 0.00121, "lr": 0.0005, "time": 1790986778.40324}
{"type": "train", "epoch": 1093, "loss": 0.00174, "obj": 0.0, "sup": 0.00174, "lr": 0.0005, "time": 1790986778.66333}
{"type": "train", "epoch": 1094, "loss": 0.00179, "obj": 0.0, "sup": 0.00179, "lr": 0.0005, "time": 1790986778.92358}
{"type": "train", "epoch": 1095, "loss": 0.00154, "obj": 0.0, "sup": 0.00154, "lr": 0.0005, "time": 1790986779.18449}
{"type": "train", "epoch": 1096, "loss": 0.00213, "obj": 0.0, "sup": 0.00213, "lr": 0.0005, "time": 1790986779.44429}
{"type": "train", "epoch": 1097, "loss": 0.00313, "obj": 0.0, "sup": 0.00313, "lr": 0.0005, "time": 1790986779.70446}
{"type": "train", "epoch": 1098, "loss": 0.00256, "obj": 0.0, "sup": 0.00256, "lr": 0.0005, "time": 1790986779.96464}
{"type": "train", "epoch": 1099, "loss": 0.00279, "obj": 0.0, "sup": 0.00279, "lr": 0.0005, "time": 1790986780.22499}
{"type": "train", "epoch": 1100, "loss": 0.00437, "obj": 0.0, "sup": 0.00437, "lr": 0.0005, "time": 1790986781.42218, "train_resid_median": 0.32951, "train_resid_mean": 0.32998, "train_imag_median": 0.04035, "train_obj_median": 0.15368, "train_u_loss_to_label_median": 0.00307, "val_resid_median": 0.9219, "val_resid_mean": 0.90533, "val_imag_median": 0.26691, "val_obj_median": 0.95417, "val_u_loss_to_label_median": 0.75167}
{"type": "train", "epoch": 1101, "loss": 0.00335, "obj": 0.0, "sup": 0.00335, "lr": 0.0005, "time": 1790986781.68588}
{"type": "train", "epoch": 1102, "loss": 0.00395, "obj": 0.0, "sup": 0.00395, "lr": 0.0005, "time": 1790986781.94855}
{"type": "train", "epoch": 1103, "loss": 0.00363, "obj": 0.0, "sup": 0.00363, "lr": 0.0005, "time": 1790986782.2106}
{"type": "train", "epoch": 1104, "loss": 0.00424, "obj": 0.0, "sup": 0.00424, "lr": 0.0005, "time": 1790986782.47278}
{"type": "train", "epoch": 1105, "loss": 0.00405, "obj": 0.0, "sup": 0.00405, "lr": 0.0005, "time": 1790986782.73413}
{"type": "train", "epoch": 1106, "loss": 0.0042, "obj": 0.0, "sup": 0.0042, "lr": 0.0005, "time": 1790986782.99643}
{"type": "train", "epoch": 1107, "loss": 0.00321, "obj": 0.0, "sup": 0.00321, "lr": 0.0005, "time": 1790986783.25871}
{"type": "train", "epoch": 1108, "loss": 0.00498, "obj": 0.0, "sup": 0.00498, "lr": 0.0005, "time": 1790986783.51876}
{"type": "train", "epoch": 1109, "loss": 0.00507, "obj": 0.0, "sup": 0.00507, "lr": 0.0005, "time": 1790986783.77886}
{"type": "train", "epoch": 1110, "loss": 0.00444, "obj": 0.0, "sup": 0.00444, "lr": 0.0005, "time": 1790986784.04056}
{"type": "train", "epoch": 1111, "loss": 0.00641, "obj": 0.0, "sup": 0.00641, "lr": 0.0005, "time": 1790986784.30267}
{"type": "train", "epoch": 1112, "loss": 0.00597, "obj": 0.0, "sup": 0.00597, "lr": 0.0005, "time": 1790986784.56316}
{"type": "train", "epoch": 1113, "loss": 0.00555, "obj": 0.0, "sup": 0.00555, "lr": 0.0005, "time": 1790986784.82534}
{"type": "train", "epoch": 1114, "loss": 0.00716, "obj": 0.0, "sup": 0.00716, "lr": 0.0005, "time": 1790986785.08728}
{"type": "train", "epoch": 1115, "loss": 0.00642, "obj": 0.0, "sup": 0.00642, "lr": 0.0005, "time": 1790986785.3495}
{"type": "train", "epoch": 1116, "loss": 0.00726, "obj": 0.0, "sup": 0.00726, "lr": 0.0005, "time": 1790986785.61138}
{"type": "train", "epoch": 1117, "loss": 0.00572, "obj": 0.0, "sup": 0.00572, "lr": 0.0005, "time": 1790986785.8744}
{"type": "train", "epoch": 1118, "loss": 0.00512, "obj": 0.0, "sup": 0.00512, "lr": 0.0005, "time": 1790986786.13462}
{"type": "train", "epoch": 1119, "loss": 0.00596, "obj": 0.0, "sup": 0.00596, "lr": 0.0005, "time": 1790986786.3952}
{"type": "train", "epoch": 1120, "loss": 0.00551, "obj": 0.0, "sup": 0.00551, "lr": 0.0005, "time": 1790986786.65762}
{"type": "train", "epoch": 1121, "loss": 0.00468, "obj": 0.0, "sup": 0.00468, "lr": 0.0005, "time": 1790986786.91977}
{"type": "train", "epoch": 1122, "loss": 0.00451, "obj": 0.0, "sup": 0.00451, "lr": 0.0005, "time": 1790986787.18263}
{"type": "train", "epoch": 1123, "loss": 0.0078, "obj": 0.0, "sup": 0.0078, "lr": 0.0005, "time": 1790986787.44346}
{"type": "train", "epoch": 1124, "loss": 0.00893, "obj": 0.0, "sup": 0.00893, "lr": 0.0005, "time": 1790986787.70425}
{"type": "train", "epoch": 1125, "loss": 0.00846, "obj": 0.0, "sup": 0.00846, "lr": 0.0005, "time": 1790986787.96471}
{"type": "train", "epoch": 1126, "loss": 0.00774, "obj": 0.0, "sup": 0.00774, "lr": 0.0005, "time": 1790986788.2257}
{"type": "train", "epoch": 1127, "loss": 0.00764, "obj": 0.0, "sup": 0.00764, "lr": 0.0005, "time": 1790986788.48658}
{"type": "train", "epoch": 1128, "loss": 0.00495, "obj": 0.0, "sup": 0.00495, "lr": 0.0005, "time": 1790986788.74617}
{"type": "train", "epoch": 1129, "loss": 0.00649, "obj": 0.0, "sup": 0.00649, "lr": 0.0005, "time": 1790986789.00593}
{"type": "train", "epoch": 1130, "loss": 0.00716, "obj": 0.0, "sup": 0.00716, "lr": 0.0005, "time": 1790986789.26668}
{"type": "train", "epoch": 1131, "loss": 0.00695, "obj": 0.0, "sup": 0.00695, "lr": 0.0005, "time": 1790986789.52706}
{"type": "train", "epoch": 1132, "loss": 0.00694, "obj": 0.0, "sup": 0.00694, "lr": 0.0005, "time": 1790986789.78844}
{"type": "train", "epoch": 1133, "loss": 0.00606, "obj": 0.0, "sup": 0.00606, "lr": 0.0005, "time": 1790986790.049}
{"type": "train", "epoch": 1134, "loss": 0.00684, "obj": 0.0, "sup": 0.00684, "lr": 0.0005, "time": 1790986790.30947}
{"type": "train", "epoch": 1135, "loss": 0.00572, "obj": 0.0, "sup": 0.00572, "lr": 0.0005, "time": 1790986790.57081}
{"type": "train", "epoch": 1136, "loss": 0.00543, "obj": 0.0, "sup": 0.00543, "lr": 0.0005, "time": 1790986790.83246}
{"type": "train", "epoch": 1137, "loss": 0.00497, "obj": 0.0, "sup": 0.00497, "lr": 0.0005, "time": 1790986791.09444}
{"type": "train", "epoch": 1138, "loss": 0.00396, "obj": 0.0, "sup": 0.00396, "lr": 0.0005, "time": 1790986791.35519}
{"type": "train", "epoch": 1139, "loss": 0.0031, "obj": 0.0, "sup": 0.0031, "lr": 0.0005, "time": 1790986791.61581}
{"type": "train", "epoch": 1140, "loss": 0.00295, "obj": 0.0, "sup": 0.00295, "lr": 0.0005, "time": 1790986791.87642}
{"type": "train", "epoch": 1141, "loss": 0.0058, "obj": 0.0, "sup": 0.0058, "lr": 0.0005, "time": 1790986792.13754}
{"type": "train", "epoch": 1142, "loss": 0.00346, "obj": 0.0, "sup": 0.00346, "lr": 0.0005, "time": 1790986792.39892}
{"type": "train", "epoch": 1143, "loss": 0.00521, "obj": 0.0, "sup": 0.00521, "lr": 0.0005, "time": 1790986792.65991}
{"type": "train", "epoch": 1144, "loss": 0.0041, "obj": 0.0, "sup": 0.0041, "lr": 0.0005, "time": 1790986792.92084}
{"type": "train", "epoch": 1145, "loss": 0.00374, "obj": 0.0, "sup": 0.00374, "lr": 0.0005, "time": 1790986793.18164}
{"type": "train", "epoch": 1146, "loss": 0.00444, "obj": 0.0, "sup": 0.00444, "lr": 0.0005, "time": 1790986793.44186}
{"type": "train", "epoch": 1147, "loss": 0.00648, "obj": 0.0, "sup": 0.00648, "lr": 0.0005, "time": 1790986793.70207}
{"type": "train", "epoch": 1148, "loss": 0.00622, "obj": 0.0, "sup": 0.00622, "lr": 0.0005, "time": 1790986793.96357}
{"type": "train", "epoch": 1149, "loss": 0.00675, "obj": 0.0, "sup": 0.00675, "lr": 0.0005, "time": 1790986794.22372}
{"type": "train", "epoch": 1150, "loss": 0.00573, "obj": 0.0, "sup": 0.00573, "lr": 0.0005, "time": 1790986794.48434}
{"type": "train", "epoch": 1151, "loss": 0.00766, "obj": 0.0, "sup": 0.00766, "lr": 0.0005, "time": 1790986794.74473}
{"type": "train", "epoch": 1152, "loss": 0.00782, "obj": 0.0, "sup": 0.00782, "lr": 0.0005, "time": 1790986795.00595}
{"type": "train", "epoch": 1153, "loss": 0.00828, "obj": 0.0, "sup": 0.00828, "lr": 0.0005, "time": 1790986795.26659}
{"type": "train", "epoch": 1154, "loss": 0.00782, "obj": 0.0, "sup": 0.00782, "lr": 0.0005, "time": 1790986795.52727}
{"type": "train", "epoch": 1155, "loss": 0.00996, "obj": 0.0, "sup": 0.00996, "lr": 0.0005, "time": 1790986795.78868}
{"type": "train", "epoch": 1156, "loss": 0.00964, "obj": 0.0, "sup": 0.00964, "lr": 0.0005, "time": 1790986796.05034}
{"type": "train", "epoch": 1157, "loss": 0.0069, "obj": 0.0, "sup": 0.0069, "lr": 0.0005, "time": 1790986796.31161}
{"type": "train", "epoch": 1158, "loss": 0.00614, "obj": 0.0, "sup": 0.00614, "lr": 0.0005, "time": 1790986796.57287}
{"type": "train", "epoch": 1159, "loss": 0.00749, "obj": 0.0, "sup": 0.00749, "lr": 0.0005, "time": 1790986796.83334}
{"type": "train", "epoch": 1160, "loss": 0.00608, "obj": 0.0, "sup": 0.00608, "lr": 0.0005, "time": 1790986797.09349}
{"type": "train", "epoch": 1161, "loss": 0.0047, "obj": 0.0, "sup": 0.0047, "lr": 0.0005, "time": 1790986797.35391}
{"type": "train", "epoch": 1162, "loss": 0.00427, "obj": 0.0, "sup": 0.00427, "lr": 0.0005, "time": 1790986797.61458}
{"type": "train", "epoch": 1163, "loss": 0.00446, "obj": 0.0, "sup": 0.00446, "lr": 0.0005, "time": 1790986797.87476}
{"type": "train", "epoch": 1164, "loss": 0.00475, "obj": 0.0, "sup": 0.00475, "lr": 0.0005, "time": 1790986798.13498}
{"type": "train", "epoch": 1165, "loss": 0.00394, "obj": 0.0, "sup": 0.00394, "lr": 0.0005, "time": 1790986798.39529}
{"type": "train", "epoch": 1166, "loss": 0.00334, "obj": 0.0, "sup": 0.00334, "lr": 0.0005, "time": 1790986798.65675}
{"type": "train", "epoch": 1167, "loss": 0.00305, "obj": 0.0, "sup": 0.00305, "lr": 0.0005, "time": 1790986798.91705}
{"type": "train", "epoch": 1168, "loss": 0.0035, "obj": 0.0, "sup": 0.0035, "lr": 0.0005, "time": 1790986799.17794}
{"type": "train", "epoch": 1169, "loss": 0.00327, "obj": 0.0, "sup": 0.00327, "lr": 0.0005, "time": 1790986799.43814}
{"type": "train", "epoch": 1170, "loss": 0.00285, "obj": 0.0, "sup": 0.00285, "lr": 0.0005, "time": 1790986799.69856}
{"type": "train", "epoch": 1171, "loss": 0.00386, "obj": 0.0, "sup": 0.00386, "lr": 0.0005, "time": 1790986799.9593}
{"type": "train", "epoch": 1172, "loss": 0.00374, "obj": 0.0, "sup": 0.00374, "lr": 0.0005, "time": 1790986800.22169}
{"type": "train", "epoch": 1173, "loss": 0.00293, "obj": 0.0, "sup": 0.00293, "lr": 0.0005, "time": 1790986800.48392}
{"type": "train", "epoch": 1174, "loss": 0.00258, "obj": 0.0, "sup": 0.00258, "lr": 0.0005, "time": 1790986800.74562}
{"type": "train", "epoch": 1175, "loss": 0.00218, "obj": 0.0, "sup": 0.00218, "lr": 0.0005, "time": 1790986801.00721}
{"type": "train", "epoch": 1176, "loss": 0.0026, "obj": 0.0, "sup": 0.0026, "lr": 0.0005, "time": 1790986801.26956}
{"type": "train", "epoch": 1177, "loss": 0.00261, "obj": 0.0, "sup": 0.00261, "lr": 0.0005, "time": 1790986801.52963}
{"type": "train", "epoch": 1178, "loss": 0.00296, "obj": 0.0, "sup": 0.00296, "lr": 0.0005, "time": 1790986801.7904}
{"type": "train", "epoch": 1179, "loss": 0.00343, "obj": 0.0, "sup": 0.00343, "lr": 0.0005, "time": 1790986802.05089}
{"type": "train", "epoch": 1180, "loss": 0.00266, "obj": 0.0, "sup": 0.00266, "lr": 0.0005, "time": 1790986802.31195}
{"type": "train", "epoch": 1181, "loss": 0.00201, "obj": 0.0, "sup": 0.00201, "lr": 0.0005, "time": 1790986802.57217}
{"type": "train", "epoch": 1182, "loss": 0.00215, "obj": 0.0, "sup": 0.00215, "lr": 0.0005, "time": 1790986802.83327}
{"type": "train", "epoch": 1183, "loss": 0.00244, "obj": 0.0, "sup": 0.00244, "lr": 0.0005, "time": 1790986803.09389}
{"type": "train", "epoch": 1184, "loss": 0.00239, "obj": 0.0, "sup": 0.00239, "lr": 0.0005, "time": 1790986803.35468}
{"type": "train", "epoch": 1185, "loss": 0.00163, "obj": 0.0, "sup": 0.00163, "lr": 0.0005, "time": 1790986803.61599}
{"type": "train", "epoch": 1186, "loss": 0.00185, "obj": 0.0, "sup": 0.00185, "lr": 0.0005, "time": 1790986803.87794}
{"type": "train", "epoch": 1187, "loss": 0.00211, "obj": 0.0, "sup": 0.00211, "lr": 0.0005, "time": 1790986804.13877}
{"type": "train", "epoch": 1188, "loss": 0.00575, "obj": 0.0, "sup": 0.00575, "lr": 0.0005, "time": 1790986804.39982}
{"type": "train", "epoch": 1189, "loss": 0.00346, "obj": 0.0, "sup": 0.00346, "lr": 0.0005, "time": 1790986804.66083}
{"type": "train", "epoch": 1190, "loss": 0.00479, "obj": 0.0, "sup": 0.00479, "lr": 0.0005, "time": 1790986804.92201}
{"type": "train", "epoch": 1191, "loss": 0.0043, "obj": 0.0, "sup": 0.0043, "lr": 0.0005, "time": 1790986805.1822}
{"type": "train", "epoch": 1192, "loss": 0.00376, "obj": 0.0, "sup": 0.00376, "lr": 0.0005, "time": 1790986805.44281}
{"type": "train", "epoch": 1193, "loss": 0.00373, "obj": 0.0, "sup": 0.00373, "lr": 0.0005, "time": 1790986805.70375}
{"type": "train", "epoch": 1194, "loss": 0.00313, "obj": 0.0, "sup": 0.00313, "lr": 0.0005, "time": 1790986805.96382}
{"type": "train", "epoch": 1195, "loss": 0.00296, "obj": 0.0, "sup": 0.00296, "lr": 0.0005, "time": 1790986806.22474}
{"type": "train", "epoch": 1196, "loss": 0.00282, "obj": 0.0, "sup": 0.00282, "lr": 0.0005, "time": 1790986806.48509}
{"type": "train", "epoch": 1197, "loss": 0.00331, "obj": 0.0, "sup": 0.00331, "lr": 0.0005, "time": 1790986806.74737}
{"type": "train", "epoch": 1198, "loss": 0.00307, "obj": 0.0, "sup": 0.00307, "lr": 0.0005, "time": 1790986807.00869}
{"type": "train", "epoch": 1199, "loss": 0.00246, "obj": 0.0, "sup": 0.00246, "lr": 0.0005, "time": 1790986807.26888}
{"type": "train", "epoch": 1200, "loss": 0.00273, "obj": 0.0, "sup": 0.00273, "lr": 0.0005, "time": 1790986808.37272, "train_resid_median": 0.32638, "train_resid_mean": 0.32996, "train_imag_median": 0.03112, "train_obj_median": 0.15084, "train_u_loss_to_label_median": 0.00163, "val_resid_median": 0.92405, "val_resid_mean": 0.9048, "val_imag_median": 0.25693, "val_obj_median": 0.95449, "val_u_loss_to_label_median": 0.74524}
{"type": "train", "epoch": 1201, "loss": 0.00309, "obj": 0.0, "sup": 0.00309, "lr": 0.0005, "time": 1790986808.63556}
{"type": "train", "epoch": 1202, "loss": 0.00331, "obj": 0.0, "sup": 0.00331, "lr": 0.0005, "time": 1790986808.89789}
{"type": "train", "epoch": 1203, "loss": 0.00261, "obj": 0.0, "sup": 0.00261, "lr": 0.0005, "time": 1790986809.15871}
{"type": "train", "epoch": 1204, "loss": 0.00199, "obj": 0.0, "sup": 0.00199, "lr": 0.0005, "time": 1790986809.41934}
{"type": "train", "epoch": 1205, "loss": 0.00342, "obj": 0.0, "sup": 0.00342, "lr": 0.0005, "time": 1790986809.68001}
{"type": "train", "epoch": 1206, "loss": 0.0034, "obj": 0.0, "sup": 0.0034, "lr": 0.0005, "time": 1790986809.9413}
{"type": "train", "epoch": 1207, "loss": 0.00263, "obj": 0.0, "sup": 0.00263, "lr": 0.0005, "time": 1790986810.20257}
{"type": "train", "epoch": 1208, "loss": 0.00256, "obj": 0.0, "sup": 0.00256, "lr": 0.0005, "time": 1790986810.46378}
{"type": "train", "epoch": 1209, "loss": 0.00253, "obj": 0.0, "sup": 0.00253, "lr": 0.0005, "time": 1790986810.72495}
{"type": "train", "epoch": 1210, "loss": 0.00538, "obj": 0.0, "sup": 0.00538, "lr": 0.0005, "time": 1790986810.98673}
{"type": "train", "epoch": 1211, "loss": 0.00498, "obj": 0.0, "sup": 0.00498, "lr": 0.0005, "time": 1790986811.24762}
{"type": "train", "epoch": 1212, "loss": 0.00406, "obj": 0.0, "sup": 0.00406, "lr": 0.0005, "time": 1790986811.50904}
{"type": "train", "epoch": 1213, "loss": 0.00527, "obj": 0.0, "sup": 0.00527, "lr": 0.0005, "time": 1790986811.76953}
{"type": "train", "epoch": 1214, "loss": 0.0092, "obj": 0.0, "sup": 0.0092, "lr": 0.0005, "time": 1790986812.03022}
{"type": "train", "epoch": 1215, "loss": 0.00518, "obj": 0.0, "sup": 0.00518, "lr": 0.0005, "time": 1790986812.29077}
{"type": "train", "epoch": 1216, "loss": 0.00717, "obj": 0.0, "sup": 0.00717, "lr": 0.0005, "time": 1790986812.55091}
{"type": "train", "epoch": 1217, "loss": 0.00737, "obj": 0.0, "sup": 0.00737, "lr": 0.0005, "time": 1790986812.81136}
{"type": "train", "epoch": 1218, "loss": 0.00678, "obj": 0.0, "sup": 0.00678, "lr": 0.0005, "time": 1790986813.07197}
{"type": "train", "epoch": 1219, "loss": 0.00761, "obj": 0.0, "sup": 0.00761, "lr": 0.0005, "time": 1790986813.3326}
{"type": "train", "epoch": 1220, "loss": 0.00937, "obj": 0.0, "sup": 0.00937, "lr": 0.0005, "time": 1790986813.59438}
{"type": "train", "epoch": 1221, "loss": 0.00791, "obj": 0.0, "sup": 0.00791, "lr": 0.0005, "time": 1790986813.85397}
{"type": "train", "epoch": 1222, "loss": 0.00794, "obj": 0.0, "sup": 0.00794, "lr": 0.0005, "time": 1790986814.11586}
{"type": "train", "epoch": 1223, "loss": 0.00609, "obj": 0.0, "sup": 0.00609, "lr": 0.0005, "time": 1790986814.37578}
{"type": "train", "epoch": 1224, "loss": 0.00585, "obj": 0.0, "sup": 0.00585, "lr": 0.0005, "time": 1790986814.63664}
{"type": "train", "epoch": 1225, "loss": 0.00522, "obj": 0.0, "sup": 0.00522, "lr": 0.0005, "time": 1790986814.89694}
{"type": "train", "epoch": 1226, "loss": 0.00496, "obj": 0.0, "sup": 0.00496, "lr": 0.0005, "time": 1790986815.15725}
{"type": "train", "epoch": 1227, "loss": 0.00504, "obj": 0.0, "sup": 0.00504, "lr": 0.0005, "time": 1790986815.41774}
{"type": "train", "epoch": 1228, "loss": 0.00404, "obj": 0.0, "sup": 0.00404, "lr": 0.0005, "time": 1790986815.67869}
{"type": "train", "epoch": 1229, "loss": 0.00416, "obj": 0.0, "sup": 0.00416, "lr": 0.0005, "time": 1790986815.93963}
{"type": "train", "epoch": 1230, "loss": 0.00434, "obj": 0.0, "sup": 0.00434, "lr": 0.0005, "time": 1790986816.19971}
{"type": "train", "epoch": 1231, "loss": 0.00425, "obj": 0.0, "sup": 0.00425, "lr": 0.0005, "time": 1790986816.46097}
{"type": "train", "epoch": 1232, "loss": 0.0039, "obj": 0.0, "sup": 0.0039, "lr": 0.0005, "time": 1790986816.72112}
{"type": "train", "epoch": 1233, "loss": 0.00296, "obj": 0.0, "sup": 0.00296, "lr": 0.0005, "time": 1790986816.9813}
{"type": "train", "epoch": 1234, "loss": 0.003, "obj": 0.0, "sup": 0.003, "lr": 0.0005, "time": 1790986817.24182}
{"type": "train", "epoch": 1235, "loss": 0.00319, "obj": 0.0, "sup": 0.00319, "lr": 0.0005, "time": 1790986817.50205}
{"type": "train", "epoch": 1236, "loss": 0.00313, "obj": 0.0, "sup": 0.00313, "lr": 0.0005, "time": 1790986817.76207}
{"type": "train", "epoch": 1237, "loss": 0.00278, "obj": 0.0, "sup": 0.00278, "lr": 0.0005, "time": 1790986818.0236}
{"type": "train", "epoch": 1238, "loss": 0.00342, "obj": 0.0, "sup": 0.00342, "lr": 0.0005, "time": 1790986818.28382}
{"type": "train", "epoch": 1239, "loss": 0.00234, "obj": 0.0, "sup": 0.00234, "lr": 0.0005, "time": 1790986818.5444}
{"type": "train", "epoch": 1240, "loss": 0.00478, "obj": 0.0, "sup": 0.00478, "lr": 0.0005, "time": 1790986818.80583}
{"type": "train", "epoch": 1241, "loss": 0.00465, "obj": 0.0, "sup": 0.00465, "lr": 0.0005, "time": 1790986819.06887}
{"type": "train", "epoch": 1242, "loss": 0.00503, "obj": 0.0, "sup": 0.00503, "lr": 0.0005, "time": 1790986819.32961}
{"type": "train", "epoch": 1243, "loss": 0.00432, "obj": 0.0, "sup": 0.00432, "lr": 0.0005, "time": 1790986819.5904}
{"type": "train", "epoch": 1244, "loss": 0.0083, "obj": 0.0, "sup": 0.0083, "lr": 0.0005, "time": 1790986819.8511}
{"type": "train", "epoch": 1245, "loss": 0.00499, "obj": 0.0, "sup": 0.00499, "lr": 0.0005, "time": 1790986820.11258}
{"type": "train", "epoch": 1246, "loss": 0.00373, "obj": 0.0, "sup": 0.00373, "lr": 0.0005, "time": 1790986820.37337}
{"type": "train", "epoch": 1247, "loss": 0.00367, "obj": 0.0, "sup": 0.00367, "lr": 0.0005, "time": 1790986820.63384}
{"type": "train", "epoch": 1248, "loss": 0.00348, "obj": 0.0, "sup": 0.00348, "lr": 0.0005, "time": 1790986820.89409}
{"type": "train", "epoch": 1249, "loss": 0.00295, "obj": 0.0, "sup": 0.00295, "lr": 0.0005, "time": 1790986821.15406}
{"type": "train", "epoch": 1250, "loss": 0.00392, "obj": 0.0, "sup": 0.00392, "lr": 0.0005, "time": 1790986821.41486}
{"type": "train", "epoch": 1251, "loss": 0.00495, "obj": 0.0, "sup": 0.00495, "lr": 0.0005, "time": 1790986821.67577}
{"type": "train", "epoch": 1252, "loss": 0.00552, "obj": 0.0, "sup": 0.00552, "lr": 0.0005, "time": 1790986821.93692}
{"type": "train", "epoch": 1253, "loss": 0.00631, "obj": 0.0, "sup": 0.00631, "lr": 0.0005, "time": 1790986822.19725}
{"type": "train", "epoch": 1254, "loss": 0.00459, "obj": 0.0, "sup": 0.00459, "lr": 0.0005, "time": 1790986822.45812}
{"type": "train", "epoch": 1255, "loss": 0.00518, "obj": 0.0, "sup": 0.00518, "lr": 0.0005, "time": 1790986822.71978}
{"type": "train", "epoch": 1256, "loss": 0.00421, "obj": 0.0, "sup": 0.00421, "lr": 0.0005, "time": 1790986822.98051}
{"type": "train", "epoch": 1257, "loss": 0.00473, "obj": 0.0, "sup": 0.00473, "lr": 0.0005, "time": 1790986823.24192}
{"type": "train", "epoch": 1258, "loss": 0.00474, "obj": 0.0, "sup": 0.00474, "lr": 0.0005, "time": 1790986823.50469}
{"type": "train", "epoch": 1259, "loss": 0.00462, "obj": 0.0, "sup": 0.00462, "lr": 0.0005, "time": 1790986823.76789}
{"type": "train", "epoch": 1260, "loss": 0.0039, "obj": 0.0, "sup": 0.0039, "lr": 0.0005, "time": 1790986824.03048}
{"type": "train", "epoch": 1261, "loss": 0.00399, "obj": 0.0, "sup": 0.00399, "lr": 0.0005, "time": 1790986824.29238}
{"type": "train", "epoch": 1262, "loss": 0.00679, "obj": 0.0, "sup": 0.00679, "lr": 0.0005, "time": 1790986824.55459}
{"type": "train", "epoch": 1263, "loss": 0.00447, "obj": 0.0, "sup": 0.00447, "lr": 0.0005, "time": 1790986824.81582}
{"type": "train", "epoch": 1264, "loss": 0.00507, "obj": 0.0, "sup": 0.00507, "lr": 0.0005, "time": 1790986825.07754}
{"type": "train", "epoch": 1265, "loss": 0.00361, "obj": 0.0, "sup": 0.00361, "lr": 0.0005, "time": 1790986825.33912}
{"type": "train", "epoch": 1266, "loss": 0.00439, "obj": 0.0, "sup": 0.00439, "lr": 0.0005, "time": 1790986825.59966}
{"type": "train", "epoch": 1267, "loss": 0.00507, "obj": 0.0, "sup": 0.00507, "lr": 0.0005, "time": 1790986825.86121}
{"type": "train", "epoch": 1268, "loss": 0.00398, "obj": 0.0, "sup": 0.00398, "lr": 0.0005, "time": 1790986826.12379}
{"type": "train", "epoch": 1269, "loss": 0.00463, "obj": 0.0, "sup": 0.00463, "lr": 0.0005, "time": 1790986826.3852}
{"type": "train", "epoch": 1270, "loss": 0.00445, "obj": 0.0, "sup": 0.00445, "lr": 0.0005, "time": 1790986826.64821}
{"type": "train", "epoch": 1271, "loss": 0.00651, "obj": 0.0, "sup": 0.00651, "lr": 0.0005, "time": 1790986826.91011}
{"type": "train", "epoch": 1272, "loss": 0.00458, "obj": 0.0, "sup": 0.00458, "lr": 0.0005, "time": 1790986827.1712}
{"type": "train", "epoch": 1273, "loss": 0.00503, "obj": 0.0, "sup": 0.00503, "lr": 0.0005, "time": 1790986827.43407}
{"type": "train", "epoch": 1274, "loss": 0.00517, "obj": 0.0, "sup": 0.00517, "lr": 0.0005, "time": 1790986827.69796}
{"type": "train", "epoch": 1275, "loss": 0.00653, "obj": 0.0, "sup": 0.00653, "lr": 0.0005, "time": 1790986827.95981}
{"type": "train", "epoch": 1276, "loss": 0.00667, "obj": 0.0, "sup": 0.00667, "lr": 0.0005, "time": 1790986828.22177}
{"type": "train", "epoch": 1277, "loss": 0.00838, "obj": 0.0, "sup": 0.00838, "lr": 0.0005, "time": 1790986828.48394}
{"type": "train", "epoch": 1278, "loss": 0.0061, "obj": 0.0, "sup": 0.0061, "lr": 0.0005, "time": 1790986828.74451}
{"type": "train", "epoch": 1279, "loss": 0.00705, "obj": 0.0, "sup": 0.00705, "lr": 0.0005, "time": 1790986829.00533}
{"type": "train", "epoch": 1280, "loss": 0.0082, "obj": 0.0, "sup": 0.0082, "lr": 0.0005, "time": 1790986829.2661}
{"type": "train", "epoch": 1281, "loss": 0.00827, "obj": 0.0, "sup": 0.00827, "lr": 0.0005, "time": 1790986829.52718}
{"type": "train", "epoch": 1282, "loss": 0.00731, "obj": 0.0, "sup": 0.00731, "lr": 0.0005, "time": 1790986829.7861}
{"type": "train", "epoch": 1283, "loss": 0.00813, "obj": 0.0, "sup": 0.00813, "lr": 0.0005, "time": 1790986830.04701}
{"type": "train", "epoch": 1284, "loss": 0.00541, "obj": 0.0, "sup": 0.00541, "lr": 0.0005, "time": 1790986830.30774}
{"type": "train", "epoch": 1285, "loss": 0.00914, "obj": 0.0, "sup": 0.00914, "lr": 0.0005, "time": 1790986830.56829}
{"type": "train", "epoch": 1286, "loss": 0.00706, "obj": 0.0, "sup": 0.00706, "lr": 0.0005, "time": 1790986830.82837}
{"type": "train", "epoch": 1287, "loss": 0.00845, "obj": 0.0, "sup": 0.00845, "lr": 0.0005, "time": 1790986831.08853}
{"type": "train", "epoch": 1288, "loss": 0.00567, "obj": 0.0, "sup": 0.00567, "lr": 0.0005, "time": 1790986831.34862}
{"type": "train", "epoch": 1289, "loss": 0.00465, "obj": 0.0, "sup": 0.00465, "lr": 0.0005, "time": 1790986831.60901}
{"type": "train", "epoch": 1290, "loss": 0.00567, "obj": 0.0, "sup": 0.00567, "lr": 0.0005, "time": 1790986831.87104}
{"type": "train", "epoch": 1291, "loss": 0.00641, "obj": 0.0, "sup": 0.00641, "lr": 0.0005, "time": 1790986832.13226}
{"type": "train", "epoch": 1292, "loss": 0.00505, "obj": 0.0, "sup": 0.00505, "lr": 0.0005, "time": 1790986832.39091}
{"type": "train", "epoch": 1293, "loss": 0.00626, "obj": 0.0, "sup": 0.00626, "lr": 0.0005, "time": 1790986832.65118}
{"type": "train", "epoch": 1294, "loss": 0.0052, "obj": 0.0, "sup": 0.0052, "lr": 0.0005, "time": 1790986832.91259}
{"type": "train", "epoch": 1295, "loss": 0.0065, "obj": 0.0, "sup": 0.0065, "lr": 0.0005, "time": 1790986833.17343}
{"type": "train", "epoch": 1296, "loss": 0.00637, "obj": 0.0, "sup": 0.00637, "lr": 0.0005, "time": 1790986833.43436}
{"type": "train", "epoch": 1297, "loss": 0.00548, "obj": 0.0, "sup": 0.00548, "lr": 0.0005, "time": 1790986833.69529}
{"type": "train", "epoch": 1298, "loss": 0.00511, "obj": 0.0, "sup": 0.00511, "lr": 0.0005, "time": 1790986833.95696}
{"type": "train", "epoch": 1299, "loss": 0.0039, "obj": 0.0, "sup": 0.0039, "lr": 0.0005, "time": 1790986834.21936}
{"type": "train", "epoch": 1300, "loss": 0.00386, "obj": 0.0, "sup": 0.00386, "lr": 0.0005, "time": 1790986835.32522, "train_resid_median": 0.32741, "train_resid_mean": 0.3294, "train_imag_median": 0.03499, "train_obj_median": 0.15102, "train_u_loss_to_label_median": 0.00191, "val_resid_median": 0.92658, "val_resid_mean": 0.90521, "val_imag_median": 0.2487, "val_obj_median": 0.95079, "val_u_loss_to_label_median": 0.73789}
{"type": "train", "epoch": 1301, "loss": 0.00295, "obj": 0.0, "sup": 0.00295, "lr": 0.0005, "time": 1790986835.58893}
{"type": "train", "epoch": 1302, "loss": 0.00311, "obj": 0.0, "sup": 0.00311, "lr": 0.0005, "time": 1790986835.85099}
{"type": "train", "epoch": 1303, "loss": 0.00281, "obj": 0.0, "sup": 0.00281, "lr": 0.0005, "time": 1790986836.11319}
{"type": "train", "epoch": 1304, "loss": 0.00243, "obj": 0.0, "sup": 0.00243, "lr": 0.0005, "time": 1790986836.37671}
{"type": "train", "epoch": 1305, "loss": 0.00217, "obj": 0.0, "sup": 0.00217, "lr": 0.0005, "time": 1790986836.63945}
{"type": "train", "epoch": 1306, "loss": 0.00217, "obj": 0.0, "sup": 0.00217, "lr": 0.0005, "time": 1790986836.90214}
{"type": "train", "epoch": 1307, "loss": 0.00279, "obj": 0.0, "sup": 0.00279, "lr": 0.0005, "time": 1790986837.16438}
{"type": "train", "epoch": 1308, "loss": 0.00293, "obj": 0.0, "sup": 0.00293, "lr": 0.0005, "time": 1790986837.42636}
{"type": "train", "epoch": 1309, "loss": 0.00288, "obj": 0.0, "sup": 0.00288, "lr": 0.0005, "time": 1790986837.68798}
{"type": "train", "epoch": 1310, "loss": 0.00267, "obj": 0.0, "sup": 0.00267, "lr": 0.0005, "time": 1790986837.95062}
{"type": "train", "epoch": 1311, "loss": 0.00309, "obj": 0.0, "sup": 0.00309, "lr": 0.0005, "time": 1790986838.21206}
{"type": "train", "epoch": 1312, "loss": 0.00262, "obj": 0.0, "sup": 0.00262, "lr": 0.0005, "time": 1790986838.47332}
{"type": "train", "epoch": 1313, "loss": 0.00282, "obj": 0.0, "sup": 0.00282, "lr": 0.0005, "time": 1790986838.7348}
{"type": "train", "epoch": 1314, "loss": 0.00297, "obj": 0.0, "sup": 0.00297, "lr": 0.0005, "time": 1790986838.99581}
{"type": "train", "epoch": 1315, "loss": 0.00245, "obj": 0.0, "sup": 0.00245, "lr": 0.0005, "time": 1790986839.25602}
{"type": "train", "epoch": 1316, "loss": 0.00202, "obj": 0.0, "sup": 0.00202, "lr": 0.0005, "time": 1790986839.51826}
{"type": "train", "epoch": 1317, "loss": 0.00191, "obj": 0.0, "sup": 0.00191, "lr": 0.0005, "time": 1790986839.78072}
{"type": "train", "epoch": 1318, "loss": 0.00177, "obj": 0.0, "sup": 0.00177, "lr": 0.0005, "time": 1790986840.04356}
{"type": "train", "epoch": 1319, "loss": 0.00167, "obj": 0.0, "sup": 0.00167, "lr": 0.0005, "time": 1790986840.30542}
{"type": "train", "epoch": 1320, "loss": 0.00158, "obj": 0.0, "sup": 0.00158, "lr": 0.0005, "time": 1790986840.56783}
{"type": "train", "epoch": 1321, "loss": 0.00172, "obj": 0.0, "sup": 0.00172, "lr": 0.0005, "time": 1790986840.82976}
{"type": "train", "epoch": 1322, "loss": 0.00137, "obj": 0.0, "sup": 0.00137, "lr": 0.0005, "time": 1790986841.09147}
{"type": "train", "epoch": 1323, "loss": 0.00135, "obj": 0.0, "sup": 0.00135, "lr": 0.0005, "time": 1790986841.35394}
{"type": "train", "epoch": 1324, "loss": 0.0014, "obj": 0.0, "sup": 0.0014, "lr": 0.0005, "time": 1790986841.61691}
{"type": "train", "epoch": 1325, "loss": 0.00156, "obj": 0.0, "sup": 0.00156, "lr": 0.0005, "time": 1790986841.87968}
{"type": "train", "epoch": 1326, "loss": 0.00198, "obj": 0.0, "sup": 0.00198, "lr": 0.0005, "time": 1790986842.14179}
{"type": "train", "epoch": 1327, "loss": 0.00209, "obj": 0.0, "sup": 0.00209, "lr": 0.0005, "time": 1790986842.40339}
{"type": "train", "epoch": 1328, "loss": 0.00158, "obj": 0.0, "sup": 0.00158, "lr": 0.0005, "time": 1790986842.66513}
{"type": "train", "epoch": 1329, "loss": 0.00172, "obj": 0.0, "sup": 0.00172, "lr": 0.0005, "time": 1790986842.92662}
{"type": "train", "epoch": 1330, "loss": 0.00176, "obj": 0.0, "sup": 0.00176, "lr": 0.0005, "time": 1790986843.188}
{"type": "train", "epoch": 1331, "loss": 0.00211, "obj": 0.0, "sup": 0.00211, "lr": 0.0005, "time": 1790986843.45039}
{"type": "train", "epoch": 1332, "loss": 0.00202, "obj": 0.0, "sup": 0.00202, "lr": 0.0005, "time": 1790986843.71221}
{"type": "train", "epoch": 1333, "loss": 0.00159, "obj": 0.0, "sup": 0.00159, "lr": 0.0005, "time": 1790986843.97525}
{"type": "train", "epoch": 1334, "loss": 0.00201, "obj": 0.0, "sup": 0.00201, "lr": 0.0005, "time": 1790986844.23598}
{"type": "train", "epoch": 1335, "loss": 0.00206, "obj": 0.0, "sup": 0.00206, "lr": 0.0005, "time": 1790986844.49734}
{"type": "train", "epoch": 1336, "loss": 0.00223, "obj": 0.0, "sup": 0.00223, "lr": 0.0005, "time": 1790986844.75768}
{"type": "train", "epoch": 1337, "loss": 0.00237, "obj": 0.0, "sup": 0.00237, "lr": 0.0005, "time": 1790986845.01821}
{"type": "train", "epoch": 1338, "loss": 0.00244, "obj": 0.0, "sup": 0.00244, "lr": 0.0005, "time": 1790986845.27884}
{"type": "train", "epoch": 1339, "loss": 0.0021, "obj": 0.0, "sup": 0.0021, "lr": 0.0005, "time": 1790986845.53958}
{"type": "train", "epoch": 1340, "loss": 0.00239, "obj": 0.0, "sup": 0.00239, "lr": 0.0005, "time": 1790986845.80038}
{"type": "train", "epoch": 1341, "loss": 0.00222, "obj": 0.0, "sup": 0.00222, "lr": 0.0005, "time": 1790986846.0617}
{"type": "train", "epoch": 1342, "loss": 0.002, "obj": 0.0, "sup": 0.002, "lr": 0.0005, "time": 1790986846.32339}
{"type": "train", "epoch": 1343, "loss": 0.00249, "obj": 0.0, "sup": 0.00249, "lr": 0.0005, "time": 1790986846.5853}
{"type": "train", "epoch": 1344, "loss": 0.00314, "obj": 0.0, "sup": 0.00314, "lr": 0.0005, "time": 1790986846.84598}
{"type": "train", "epoch": 1345, "loss": 0.00278, "obj": 0.0, "sup": 0.00278, "lr": 0.0005, "time": 1790986847.10668}
{"type": "train", "epoch": 1346, "loss": 0.00286, "obj": 0.0, "sup": 0.00286, "lr": 0.0005, "time": 1790986847.3683}
{"type": "train", "epoch": 1347, "loss": 0.00281, "obj": 0.0, "sup": 0.00281, "lr": 0.0005, "time": 1790986847.631}
{"type": "train", "epoch": 1348, "loss": 0.00251, "obj": 0.0, "sup": 0.00251, "lr": 0.0005, "time": 1790986847.89286}
{"type": "train", "epoch": 1349, "loss": 0.00232, "obj": 0.0, "sup": 0.00232, "lr": 0.0005, "time": 1790986848.15453}
{"type": "train", "epoch": 1350, "loss": 0.00224, "obj": 0.0, "sup": 0.00224, "lr": 0.0005, "time": 1790986848.41679}
{"type": "train", "epoch": 1351, "loss": 0.00252, "obj": 0.0, "sup": 0.00252, "lr": 0.0005, "time": 1790986848.67825}
{"type": "train", "epoch": 1352, "loss": 0.00213, "obj": 0.0, "sup": 0.00213, "lr": 0.0005, "time": 1790986848.94015}
{"type": "train", "epoch": 1353, "loss": 0.00237, "obj": 0.0, "sup": 0.00237, "lr": 0.0005, "time": 1790986849.20203}
{"type": "train", "epoch": 1354, "loss": 0.00208, "obj": 0.0, "sup": 0.00208, "lr": 0.0005, "time": 1790986849.46408}
{"type": "train", "epoch": 1355, "loss": 0.00192, "obj": 0.0, "sup": 0.00192, "lr": 0.0005, "time": 1790986849.7263}
{"type": "train", "epoch": 1356, "loss": 0.00181, "obj": 0.0, "sup": 0.00181, "lr": 0.0005, "time": 1790986849.98854}
{"type": "train", "epoch": 1357, "loss": 0.00201, "obj": 0.0, "sup": 0.00201, "lr": 0.0005, "time": 1790986850.2507}
{"type": "train", "epoch": 1358, "loss": 0.0018, "obj": 0.0, "sup": 0.0018, "lr": 0.0005, "time": 1790986850.51251}
{"type": "train", "epoch": 1359, "loss": 0.00154, "obj": 0.0, "sup": 0.00154, "lr": 0.0005, "time": 1790986850.77415}
{"type": "train", "epoch": 1360, "loss": 0.00163, "obj": 0.0, "sup": 0.00163, "lr": 0.0005, "time": 1790986851.03694}
{"type": "train", "epoch": 1361, "loss": 0.00263, "obj": 0.0, "sup": 0.00263, "lr": 0.0005, "time": 1790986851.29935}
{"type": "train", "epoch": 1362, "loss": 0.00143, "obj": 0.0, "sup": 0.00143, "lr": 0.0005, "time": 1790986851.56056}
{"type": "train", "epoch": 1363, "loss": 0.00169, "obj": 0.0, "sup": 0.00169, "lr": 0.0005, "time": 1790986851.82233}
{"type": "train", "epoch": 1364, "loss": 0.0026, "obj": 0.0, "sup": 0.0026, "lr": 0.0005, "time": 1790986852.08415}
{"type": "train", "epoch": 1365, "loss": 0.00241, "obj": 0.0, "sup": 0.00241, "lr": 0.0005, "time": 1790986852.34416}
{"type": "train", "epoch": 1366, "loss": 0.0019, "obj": 0.0, "sup": 0.0019, "lr": 0.0005, "time": 1790986852.60495}
{"type": "train", "epoch": 1367, "loss": 0.00263, "obj": 0.0, "sup": 0.00263, "lr": 0.0005, "time": 1790986852.86631}
{"type": "train", "epoch": 1368, "loss": 0.00218, "obj": 0.0, "sup": 0.00218, "lr": 0.0005, "time": 1790986853.12652}
{"type": "train", "epoch": 1369, "loss": 0.00205, "obj": 0.0, "sup": 0.00205, "lr": 0.0005, "time": 1790986853.3886}
{"type": "train", "epoch": 1370, "loss": 0.00252, "obj": 0.0, "sup": 0.00252, "lr": 0.0005, "time": 1790986853.64849}
{"type": "train", "epoch": 1371, "loss": 0.00295, "obj": 0.0, "sup": 0.00295, "lr": 0.0005, "time": 1790986853.90904}
{"type": "train", "epoch": 1372, "loss": 0.00183, "obj": 0.0, "sup": 0.00183, "lr": 0.0005, "time": 1790986854.16986}
{"type": "train", "epoch": 1373, "loss": 0.00237, "obj": 0.0, "sup": 0.00237, "lr": 0.0005, "time": 1790986854.43061}
{"type": "train", "epoch": 1374, "loss": 0.00236, "obj": 0.0, "sup": 0.00236, "lr": 0.0005, "time": 1790986854.69244}
{"type": "train", "epoch": 1375, "loss": 0.00185, "obj": 0.0, "sup": 0.00185, "lr": 0.0005, "time": 1790986854.95484}
{"type": "train", "epoch": 1376, "loss": 0.00226, "obj": 0.0, "sup": 0.00226, "lr": 0.0005, "time": 1790986855.21724}
{"type": "train", "epoch": 1377, "loss": 0.0019, "obj": 0.0, "sup": 0.0019, "lr": 0.0005, "time": 1790986855.47892}
{"type": "train", "epoch": 1378, "loss": 0.002, "obj": 0.0, "sup": 0.002, "lr": 0.0005, "time": 1790986855.74039}
{"type": "train", "epoch": 1379, "loss": 0.00403, "obj": 0.0, "sup": 0.00403, "lr": 0.0005, "time": 1790986856.0029}
{"type": "train", "epoch": 1380, "loss": 0.0045, "obj": 0.0, "sup": 0.0045, "lr": 0.0005, "time": 1790986856.26474}
{"type": "train", "epoch": 1381, "loss": 0.0038, "obj": 0.0, "sup": 0.0038, "lr": 0.0005, "time": 1790986856.52762}
{"type": "train", "epoch": 1382, "loss": 0.00532, "obj": 0.0, "sup": 0.00532, "lr": 0.0005, "time": 1790986856.78999}
{"type": "train", "epoch": 1383, "loss": 0.00456, "obj": 0.0, "sup": 0.00456, "lr": 0.0005, "time": 1790986857.05184}
{"type": "train", "epoch": 1384, "loss": 0.00458, "obj": 0.0, "sup": 0.00458, "lr": 0.0005, "time": 1790986857.31425}
{"type": "train", "epoch": 1385, "loss": 0.00388, "obj": 0.0, "sup": 0.00388, "lr": 0.0005, "time": 1790986857.57716}
{"type": "train", "epoch": 1386, "loss": 0.00485, "obj": 0.0, "sup": 0.00485, "lr": 0.0005, "time": 1790986857.8397}
{"type": "train", "epoch": 1387, "loss": 0.00373, "obj": 0.0, "sup": 0.00373, "lr": 0.0005, "time": 1790986858.10179}
{"type": "train", "epoch": 1388, "loss": 0.00339, "obj": 0.0, "sup": 0.00339, "lr": 0.0005, "time": 1790986858.36412}
{"type": "train", "epoch": 1389, "loss": 0.0031, "obj": 0.0, "sup": 0.0031, "lr": 0.0005, "time": 1790986858.62545}
{"type": "train", "epoch": 1390, "loss": 0.00345, "obj": 0.0, "sup": 0.00345, "lr": 0.0005, "time": 1790986858.88612}
{"type": "train", "epoch": 1391, "loss": 0.00343, "obj": 0.0, "sup": 0.00343, "lr": 0.0005, "time": 1790986859.14747}
{"type": "train", "epoch": 1392, "loss": 0.00538, "obj": 0.0, "sup": 0.00538, "lr": 0.0005, "time": 1790986859.40775}
{"type": "train", "epoch": 1393, "loss": 0.00386, "obj": 0.0, "sup": 0.00386, "lr": 0.0005, "time": 1790986859.6684}
{"type": "train", "epoch": 1394, "loss": 0.00305, "obj": 0.0, "sup": 0.00305, "lr": 0.0005, "time": 1790986859.92905}
{"type": "train", "epoch": 1395, "loss": 0.00468, "obj": 0.0, "sup": 0.00468, "lr": 0.0005, "time": 1790986860.18965}
{"type": "train", "epoch": 1396, "loss": 0.00333, "obj": 0.0, "sup": 0.00333, "lr": 0.0005, "time": 1790986860.45008}
{"type": "train", "epoch": 1397, "loss": 0.0041, "obj": 0.0, "sup": 0.0041, "lr": 0.0005, "time": 1790986860.71069}
{"type": "train", "epoch": 1398, "loss": 0.00275, "obj": 0.0, "sup": 0.00275, "lr": 0.0005, "time": 1790986860.97164}
{"type": "train", "epoch": 1399, "loss": 0.00245, "obj": 0.0, "sup": 0.00245, "lr": 0.0005, "time": 1790986861.23211}
{"type": "train", "epoch": 1400, "loss": 0.00345, "obj": 0.0, "sup": 0.00345, "lr": 0.0005, "time": 1790986862.33748, "train_resid_median": 0.33049, "train_resid_mean": 0.33212, "train_imag_median": 0.04035, "train_obj_median": 0.15255, "train_u_loss_to_label_median": 0.00231, "val_resid_median": 0.92363, "val_resid_mean": 0.90469, "val_imag_median": 0.24098, "val_obj_median": 0.94858, "val_u_loss_to_label_median": 0.73592}
{"type": "train", "epoch": 1401, "loss": 0.00478, "obj": 0.0, "sup": 0.00478, "lr": 0.0005, "time": 1790986862.60056}
{"type": "train", "epoch": 1402, "loss": 0.00365, "obj": 0.0, "sup": 0.00365, "lr": 0.0005, "time": 1790986862.86243}
{"type": "train", "epoch": 1403, "loss": 0.0036, "obj": 0.0, "sup": 0.0036, "lr": 0.0005, "time": 1790986863.1247}
{"type": "train", "epoch": 1404, "loss": 0.00345, "obj": 0.0, "sup": 0.00345, "lr": 0.0005, "time": 1790986863.38776}
{"type": "train", "epoch": 1405, "loss": 0.00406, "obj": 0.0, "sup": 0.00406, "lr": 0.0005, "time": 1790986863.64962}
{"type": "train", "epoch": 1406, "loss": 0.00457, "obj": 0.0, "sup": 0.00457, "lr": 0.0005, "time": 1790986863.91134}
{"type": "train", "epoch": 1407, "loss": 0.00376, "obj": 0.0, "sup": 0.00376, "lr": 0.0005, "time": 1790986864.17289}
{"type": "train", "epoch": 1408, "loss": 0.00758, "obj": 0.0, "sup": 0.00758, "lr": 0.0005, "time": 1790986864.43466}
{"type": "train", "epoch": 1409, "loss": 0.00629, "obj": 0.0, "sup": 0.00629, "lr": 0.0005, "time": 1790986864.69637}
{"type": "train", "epoch": 1410, "loss": 0.00651, "obj": 0.0, "sup": 0.00651, "lr": 0.0005, "time": 1790986864.95792}
{"type": "train", "epoch": 1411, "loss": 0.00509, "obj": 0.0, "sup": 0.00509, "lr": 0.0005, "time": 1790986865.21968}
{"type": "train", "epoch": 1412, "loss": 0.00474, "obj": 0.0, "sup": 0.00474, "lr": 0.0005, "time": 1790986865.48268}
{"type": "train", "epoch": 1413, "loss": 0.00552, "obj": 0.0, "sup": 0.00552, "lr": 0.0005, "time": 1790986865.74487}
{"type": "train", "epoch": 1414, "loss": 0.00495, "obj": 0.0, "sup": 0.00495, "lr": 0.0005, "time": 1790986866.00697}
{"type": "train", "epoch": 1415, "loss": 0.00417, "obj": 0.0, "sup": 0.00417, "lr": 0.0005, "time": 1790986866.26948}
{"type": "train", "epoch": 1416, "loss": 0.00424, "obj": 0.0, "sup": 0.00424, "lr": 0.0005, "time": 1790986866.5329}
{"type": "train", "epoch": 1417, "loss": 0.00533, "obj": 0.0, "sup": 0.00533, "lr": 0.0005, "time": 1790986866.79566}
{"type": "train", "epoch": 1418, "loss": 0.00445, "obj": 0.0, "sup": 0.00445, "lr": 0.0005, "time": 1790986867.05901}
{"type": "train", "epoch": 1419, "loss": 0.00386, "obj": 0.0, "sup": 0.00386, "lr": 0.0005, "time": 1790986867.32068}
{"type": "train", "epoch": 1420, "loss": 0.00294, "obj": 0.0, "sup": 0.00294, "lr": 0.0005, "time": 1790986867.58331}
{"type": "train", "epoch": 1421, "loss": 0.00413, "obj": 0.0, "sup": 0.00413, "lr": 0.0005, "time": 1790986867.84546}
{"type": "train", "epoch": 1422, "loss": 0.00461, "obj": 0.0, "sup": 0.00461, "lr": 0.0005, "time": 1790986868.10765}
{"type": "train", "epoch": 1423, "loss": 0.00371, "obj": 0.0, "sup": 0.00371, "lr": 0.0005, "time": 1790986868.36738}
{"type": "train", "epoch": 1424, "loss": 0.00385, "obj": 0.0, "sup": 0.00385, "lr": 0.0005, "time": 1790986868.6274}
{"type": "train", "epoch": 1425, "loss": 0.00463, "obj": 0.0, "sup": 0.00463, "lr": 0.0005, "time": 1790986868.89216}
{"type": "train", "epoch": 1426, "loss": 0.00326, "obj": 0.0, "sup": 0.00326, "lr": 0.0005, "time": 1790986869.15338}
{"type": "train", "epoch": 1427, "loss": 0.00427, "obj": 0.0, "sup": 0.00427, "lr": 0.0005, "time": 1790986869.41473}
{"type": "train", "epoch": 1428, "loss": 0.00461, "obj": 0.0, "sup": 0.00461, "lr": 0.0005, "time": 1790986869.67565}
{"type": "train", "epoch": 1429, "loss": 0.00415, "obj": 0.0, "sup": 0.00415, "lr": 0.0005, "time": 1790986869.93575}
{"type": "train", "epoch": 1430, "loss": 0.00412, "obj": 0.0, "sup": 0.00412, "lr": 0.0005, "time": 1790986870.19645}
{"type": "train", "epoch": 1431, "loss": 0.00572, "obj": 0.0, "sup": 0.00572, "lr": 0.0005, "time": 1790986870.45734}
{"type": "train", "epoch": 1432, "loss": 0.0044, "obj": 0.0, "sup": 0.0044, "lr": 0.0005, "time": 1790986870.71822}
{"type": "train", "epoch": 1433, "loss": 0.00494, "obj": 0.0, "sup": 0.00494, "lr": 0.0005, "time": 1790986870.97958}
{"type": "train", "epoch": 1434, "loss": 0.00402, "obj": 0.0, "sup": 0.00402, "lr": 0.0005, "time": 1790986871.2409}
{"type": "train", "epoch": 1435, "loss": 0.00395, "obj": 0.0, "sup": 0.00395, "lr": 0.0005, "time": 1790986871.50136}
{"type": "train", "epoch": 1436, "loss": 0.00764, "obj": 0.0, "sup": 0.00764, "lr": 0.0005, "time": 1790986871.76259}
{"type": "train", "epoch": 1437, "loss": 0.00811, "obj": 0.0, "sup": 0.00811, "lr": 0.0005, "time": 1790986872.02424}
{"type": "train", "epoch": 1438, "loss": 0.00868, "obj": 0.0, "sup": 0.00868, "lr": 0.0005, "time": 1790986872.2872}
{"type": "train", "epoch": 1439, "loss": 0.00644, "obj": 0.0, "sup": 0.00644, "lr": 0.0005, "time": 1790986872.54816}
{"type": "train", "epoch": 1440, "loss": 0.00628, "obj": 0.0, "sup": 0.00628, "lr": 0.0005, "time": 1790986872.81026}
{"type": "train", "epoch": 1441, "loss": 0.00546, "obj": 0.0, "sup": 0.00546, "lr": 0.0005, "time": 1790986873.07106}
{"type": "train", "epoch": 1442, "loss": 0.00525, "obj": 0.0, "sup": 0.00525, "lr": 0.0005, "time": 1790986873.33286}
{"type": "train", "epoch": 1443, "loss": 0.00435, "obj": 0.0, "sup": 0.00435, "lr": 0.0005, "time": 1790986873.59427}
{"type": "train", "epoch": 1444, "loss": 0.00446, "obj": 0.0, "sup": 0.00446, "lr": 0.0005, "time": 1790986873.85468}
{"type": "train", "epoch": 1445, "loss": 0.00424, "obj": 0.0, "sup": 0.00424, "lr": 0.0005, "time": 1790986874.11578}
{"type": "train", "epoch": 1446, "loss": 0.00342, "obj": 0.0, "sup": 0.00342, "lr": 0.0005, "time": 1790986874.37652}
{"type": "train", "epoch": 1447, "loss": 0.00359, "obj": 0.0, "sup": 0.00359, "lr": 0.0005, "time": 1790986874.63751}
{"type": "train", "epoch": 1448, "loss": 0.00316, "obj": 0.0, "sup": 0.00316, "lr": 0.0005, "time": 1790986874.8986}
{"type": "train", "epoch": 1449, "loss": 0.00285, "obj": 0.0, "sup": 0.00285, "lr": 0.0005, "time": 1790986875.15983}
{"type": "train", "epoch": 1450, "loss": 0.00276, "obj": 0.0, "sup": 0.00276, "lr": 0.0005, "time": 1790986875.42237}
{"type": "train", "epoch": 1451, "loss": 0.00272, "obj": 0.0, "sup": 0.00272, "lr": 0.0005, "time": 1790986875.68279}
{"type": "train", "epoch": 1452, "loss": 0.00262, "obj": 0.0, "sup": 0.00262, "lr": 0.0005, "time": 1790986875.94407}
{"type": "train", "epoch": 1453, "loss": 0.00234, "obj": 0.0, "sup": 0.00234, "lr": 0.0005, "time": 1790986876.20467}
{"type": "train", "epoch": 1454, "loss": 0.00188, "obj": 0.0, "sup": 0.00188, "lr": 0.0005, "time": 1790986876.4646}
{"type": "train", "epoch": 1455, "loss": 0.0026, "obj": 0.0, "sup": 0.0026, "lr": 0.0005, "time": 1790986876.72492}
{"type": "train", "epoch": 1456, "loss": 0.00264, "obj": 0.0, "sup": 0.00264, "lr": 0.0005, "time": 1790986876.98524}
{"type": "train", "epoch": 1457, "loss": 0.00184, "obj": 0.0, "sup": 0.00184, "lr": 0.0005, "time": 1790986877.24579}
{"type": "train", "epoch": 1458, "loss": 0.00228, "obj": 0.0, "sup": 0.00228, "lr": 0.0005, "time": 1790986877.50608}
{"type": "train", "epoch": 1459, "loss": 0.0022, "obj": 0.0, "sup": 0.0022, "lr": 0.0005, "time": 1790986877.76702}
{"type": "train", "epoch": 1460, "loss": 0.00236, "obj": 0.0, "sup": 0.00236, "lr": 0.0005, "time": 1790986878.02856}
{"type": "train", "epoch": 1461, "loss": 0.00251, "obj": 0.0, "sup": 0.00251, "lr": 0.0005, "time": 1790986878.28891}
{"type": "train", "epoch": 1462, "loss": 0.00183, "obj": 0.0, "sup": 0.00183, "lr": 0.0005, "time": 1790986878.54919}
{"type": "train", "epoch": 1463, "loss": 0.00172, "obj": 0.0, "sup": 0.00172, "lr": 0.0005, "time": 1790986878.80974}
{"type": "train", "epoch": 1464, "loss": 0.00242, "obj": 0.0, "sup": 0.00242, "lr": 0.0005, "time": 1790986879.07168}
{"type": "train", "epoch": 1465, "loss": 0.00255, "obj": 0.0, "sup": 0.00255, "lr": 0.0005, "time": 1790986879.33213}
{"type": "train", "epoch": 1466, "loss": 0.00324, "obj": 0.0, "sup": 0.00324, "lr": 0.0005, "time": 1790986879.59283}
{"type": "train", "epoch": 1467, "loss": 0.00262, "obj": 0.0, "sup": 0.00262, "lr": 0.0005, "time": 1790986879.85268}
{"type": "train", "epoch": 1468, "loss": 0.00325, "obj": 0.0, "sup": 0.00325, "lr": 0.0005, "time": 1790986880.11371}
{"type": "train", "epoch": 1469, "loss": 0.00298, "obj": 0.0, "sup": 0.00298, "lr": 0.0005, "time": 1790986880.37713}
{"type": "train", "epoch": 1470, "loss": 0.0034, "obj": 0.0, "sup": 0.0034, "lr": 0.0005, "time": 1790986880.63882}
{"type": "train", "epoch": 1471, "loss": 0.00404, "obj": 0.0, "sup": 0.00404, "lr": 0.0005, "time": 1790986880.90105}
{"type": "train", "epoch": 1472, "loss": 0.00355, "obj": 0.0, "sup": 0.00355, "lr": 0.0005, "time": 1790986881.16419}
{"type": "train", "epoch": 1473, "loss": 0.00313, "obj": 0.0, "sup": 0.00313, "lr": 0.0005, "time": 1790986881.4268}
{"type": "train", "epoch": 1474, "loss": 0.00339, "obj": 0.0, "sup": 0.00339, "lr": 0.0005, "time": 1790986881.68661}
{"type": "train", "epoch": 1475, "loss": 0.0035, "obj": 0.0, "sup": 0.0035, "lr": 0.0005, "time": 1790986881.94812}
{"type": "train", "epoch": 1476, "loss": 0.00408, "obj": 0.0, "sup": 0.00408, "lr": 0.0005, "time": 1790986882.21}
{"type": "train", "epoch": 1477, "loss": 0.00361, "obj": 0.0, "sup": 0.00361, "lr": 0.0005, "time": 1790986882.47272}
{"type": "train", "epoch": 1478, "loss": 0.01134, "obj": 0.0, "sup": 0.01134, "lr": 0.0005, "time": 1790986882.73332}
{"type": "train", "epoch": 1479, "loss": 0.00759, "obj": 0.0, "sup": 0.00759, "lr": 0.0005, "time": 1790986882.99469}
{"type": "train", "epoch": 1480, "loss": 0.00587, "obj": 0.0, "sup": 0.00587, "lr": 0.0005, "time": 1790986883.2548}
{"type": "train", "epoch": 1481, "loss": 0.00743, "obj": 0.0, "sup": 0.00743, "lr": 0.0005, "time": 1790986883.5156}
{"type": "train", "epoch": 1482, "loss": 0.00547, "obj": 0.0, "sup": 0.00547, "lr": 0.0005, "time": 1790986883.77596}
{"type": "train", "epoch": 1483, "loss": 0.00625, "obj": 0.0, "sup": 0.00625, "lr": 0.0005, "time": 1790986884.03645}
{"type": "train", "epoch": 1484, "loss": 0.00548, "obj": 0.0, "sup": 0.00548, "lr": 0.0005, "time": 1790986884.29665}
{"type": "train", "epoch": 1485, "loss": 0.00429, "obj": 0.0, "sup": 0.00429, "lr": 0.0005, "time": 1790986884.55706}
{"type": "train", "epoch": 1486, "loss": 0.00451, "obj": 0.0, "sup": 0.00451, "lr": 0.0005, "time": 1790986884.81735}
{"type": "train", "epoch": 1487, "loss": 0.00419, "obj": 0.0, "sup": 0.00419, "lr": 0.0005, "time": 1790986885.07804}
{"type": "train", "epoch": 1488, "loss": 0.00397, "obj": 0.0, "sup": 0.00397, "lr": 0.0005, "time": 1790986885.33835}
{"type": "train", "epoch": 1489, "loss": 0.00329, "obj": 0.0, "sup": 0.00329, "lr": 0.0005, "time": 1790986885.60062}
{"type": "train", "epoch": 1490, "loss": 0.00409, "obj": 0.0, "sup": 0.00409, "lr": 0.0005, "time": 1790986885.86121}
{"type": "train", "epoch": 1491, "loss": 0.00274, "obj": 0.0, "sup": 0.00274, "lr": 0.0005, "time": 1790986886.12138}
{"type": "train", "epoch": 1492, "loss": 0.00273, "obj": 0.0, "sup": 0.00273, "lr": 0.0005, "time": 1790986886.38262}
{"type": "train", "epoch": 1493, "loss": 0.00412, "obj": 0.0, "sup": 0.00412, "lr": 0.0005, "time": 1790986886.64323}
{"type": "train", "epoch": 1494, "loss": 0.00389, "obj": 0.0, "sup": 0.00389, "lr": 0.0005, "time": 1790986886.90463}
{"type": "train", "epoch": 1495, "loss": 0.00334, "obj": 0.0, "sup": 0.00334, "lr": 0.0005, "time": 1790986887.1649}
{"type": "train", "epoch": 1496, "loss": 0.00393, "obj": 0.0, "sup": 0.00393, "lr": 0.0005, "time": 1790986887.4254}
{"type": "train", "epoch": 1497, "loss": 0.00369, "obj": 0.0, "sup": 0.00369, "lr": 0.0005, "time": 1790986887.68652}
{"type": "train", "epoch": 1498, "loss": 0.00375, "obj": 0.0, "sup": 0.00375, "lr": 0.0005, "time": 1790986887.9468}
{"type": "train", "epoch": 1499, "loss": 0.00373, "obj": 0.0, "sup": 0.00373, "lr": 0.0005, "time": 1790986888.20829}
{"type": "train", "epoch": 1500, "loss": 0.00307, "obj": 0.0, "sup": 0.00307, "lr": 0.0005, "time": 1790986889.31629, "train_resid_median": 0.33048, "train_resid_mean": 0.33194, "train_imag_median": 0.0381, "train_obj_median": 0.15325, "train_u_loss_to_label_median": 0.00303, "val_resid_median": 0.92729, "val_resid_mean": 0.90679, "val_imag_median": 0.24181, "val_obj_median": 0.94509, "val_u_loss_to_label_median": 0.73401}
{"type": "done", "best_val_resid_median": 0.9219, "time": 1790986889.42997}
