{"type": "start", "n_params": 3248757, "n_train": 16, "n_val": 141, "steps": 3000, "time": 1790979812.67202}
{"type": "eval", "epoch": 0, "train_resid_median": 0.96591, "train_resid_mean": 0.96776, "train_imag_median": 0.07974, "train_obj_median": 0.95157, "train_u_loss_to_label_median": 0.68047, "val_resid_median": 0.97034, "val_resid_mean": 0.96567, "val_imag_median": 0.08049, "val_obj_median": 0.96144, "val_u_loss_to_label_median": 0.69224, "time": 1790979814.14312}
{"type": "train", "epoch": 1, "loss": 0.92958, "obj": 0.92958, "sup": 0.0, "lr": 2e-05, "time": 1790979814.53932}
{"type": "train", "epoch": 2, "loss": 0.80333, "obj": 0.80333, "sup": 0.0, "lr": 3e-05, "time": 1790979814.79531}
{"type": "train", "epoch": 3, "loss": 0.88717, "obj": 0.88717, "sup": 0.0, "lr": 4e-05, "time": 1790979815.05423}
{"type": "train", "epoch": 4, "loss": 0.85889, "obj": 0.85889, "sup": 0.0, "lr": 4e-05, "time": 1790979815.35906}
{"type": "train", "epoch": 5, "loss": 0.79868, "obj": 0.79868, "sup": 0.0, "lr": 6e-05, "time": 1790979815.6384}
{"type": "train", "epoch": 6, "loss": 0.81097, "obj": 0.81097, "sup": 0.0, "lr": 7e-05, "time": 1790979815.90158}
{"type": "train", "epoch": 7, "loss": 0.802, "obj": 0.802, "sup": 0.0, "lr": 7e-05, "time": 1790979816.21497}
{"type": "train", "epoch": 8, "loss": 0.78234, "obj": 0.78234, "sup": 0.0, "lr": 9e-05, "time": 1790979816.52941}
{"type": "train", "epoch": 9, "loss": 0.77108, "obj": 0.77108, "sup": 0.0, "lr": 0.0001, "time": 1790979816.83003}
{"type": "train", "epoch": 10, "loss": 0.76741, "obj": 0.76741, "sup": 0.0, "lr": 0.00011, "time": 1790979817.08772}
{"type": "train", "epoch": 11, "loss": 0.76861, "obj": 0.76861, "sup": 0.0, "lr": 0.00012, "time": 1790979817.38994}
{"type": "train", "epoch": 12, "loss": 0.76681, "obj": 0.76681, "sup": 0.0, "lr": 0.00013, "time": 1790979817.69734}
{"type": "train", "epoch": 13, "loss": 0.76952, "obj": 0.76952, "sup": 0.0, "lr": 0.00014, "time": 1790979817.95929}
{"type": "train", "epoch": 14, "loss": 0.76382, "obj": 0.76382, "sup": 0.0, "lr": 0.00015, "time": 1790979818.22377}
{"type": "train", "epoch": 15, "loss": 0.77751, "obj": 0.77751, "sup": 0.0, "lr": 0.00015, "time": 1790979818.48597}
{"type": "train", "epoch": 16, "loss": 0.78252, "obj": 0.78252, "sup": 0.0, "lr": 0.00016, "time": 1790979818.74888}
{"type": "train", "epoch": 17, "loss": 0.77774, "obj": 0.77774, "sup": 0.0, "lr": 0.00017, "time": 1790979819.05683}
{"type": "train", "epoch": 18, "loss": 0.77819, "obj": 0.77819, "sup": 0.0, "lr": 0.00018, "time": 1790979819.33054}
{"type": "train", "epoch": 19, "loss": 0.78269, "obj": 0.78269, "sup": 0.0, "lr": 0.0002, "time": 1790979819.63673}
{"type": "train", "epoch": 20, "loss": 0.85416, "obj": 0.85416, "sup": 0.0, "lr": 0.0002, "time": 1790979819.90423}
{"type": "train", "epoch": 21, "loss": 0.80054, "obj": 0.80054, "sup": 0.0, "lr": 0.00021, "time": 1790979820.1706}
{"type": "train", "epoch": 22, "loss": 0.79929, "obj": 0.79929, "sup": 0.0, "lr": 0.00023, "time": 1790979820.4455}
{"type": "train", "epoch": 23, "loss": 0.795, "obj": 0.795, "sup": 0.0, "lr": 0.00023, "time": 1790979820.70981}
{"type": "train", "epoch": 24, "loss": 0.83611, "obj": 0.83611, "sup": 0.0, "lr": 0.00024, "time": 1790979820.97604}
{"type": "train", "epoch": 25, "loss": 0.83384, "obj": 0.83384, "sup": 0.0, "lr": 0.00026, "time": 1790979821.25318}
{"type": "train", "epoch": 26, "loss": 0.77659, "obj": 0.77659, "sup": 0.0, "lr": 0.00027, "time": 1790979821.51692}
{"type": "train", "epoch": 27, "loss": 0.81245, "obj": 0.81245, "sup": 0.0, "lr": 0.00028, "time": 1790979821.8126}
{"type": "train", "epoch": 28, "loss": 0.81585, "obj": 0.81585, "sup": 0.0, "lr": 0.00028, "time": 1790979822.1697}
{"type": "train", "epoch": 29, "loss": 0.82764, "obj": 0.82764, "sup": 0.0, "lr": 0.0003, "time": 1790979822.44205}
{"type": "train", "epoch": 30, "loss": 0.89182, "obj": 0.89182, "sup": 0.0, "lr": 0.0003, "time": 1790979822.7325}
{"type": "train", "epoch": 31, "loss": 0.79383, "obj": 0.79383, "sup": 0.0, "lr": 0.00032, "time": 1790979822.99862}
{"type": "train", "epoch": 32, "loss": 0.79832, "obj": 0.79832, "sup": 0.0, "lr": 0.00033, "time": 1790979823.28297}
{"type": "train", "epoch": 33, "loss": 0.81689, "obj": 0.81689, "sup": 0.0, "lr": 0.00034, "time": 1790979823.54169}
{"type": "train", "epoch": 34, "loss": 0.8039, "obj": 0.8039, "sup": 0.0, "lr": 0.00034, "time": 1790979823.82699}
{"type": "train", "epoch": 35, "loss": 0.80121, "obj": 0.80121, "sup": 0.0, "lr": 0.00036, "time": 1790979824.138}
{"type": "train", "epoch": 36, "loss": 0.92187, "obj": 0.92187, "sup": 0.0, "lr": 0.00036, "time": 1790979824.41246}
{"type": "train", "epoch": 37, "loss": 0.80342, "obj": 0.80342, "sup": 0.0, "lr": 0.00038, "time": 1790979824.69174}
{"type": "train", "epoch": 38, "loss": 0.80146, "obj": 0.80146, "sup": 0.0, "lr": 0.00039, "time": 1790979824.96243}
{"type": "train", "epoch": 39, "loss": 0.77582, "obj": 0.77582, "sup": 0.0, "lr": 0.0004, "time": 1790979825.22575}
{"type": "train", "epoch": 40, "loss": 0.78128, "obj": 0.78128, "sup": 0.0, "lr": 0.00041, "time": 1790979825.51094}
{"type": "train", "epoch": 41, "loss": 0.83824, "obj": 0.83824, "sup": 0.0, "lr": 0.00042, "time": 1790979825.82698}
{"type": "train", "epoch": 42, "loss": 0.804, "obj": 0.804, "sup": 0.0, "lr": 0.00042, "time": 1790979826.11077}
{"type": "train", "epoch": 43, "loss": 0.83186, "obj": 0.83186, "sup": 0.0, "lr": 0.00044, "time": 1790979826.37552}
{"type": "train", "epoch": 44, "loss": 0.86419, "obj": 0.86419, "sup": 0.0, "lr": 0.00045, "time": 1790979826.64388}
{"type": "train", "epoch": 45, "loss": 0.81507, "obj": 0.81507, "sup": 0.0, "lr": 0.00046, "time": 1790979826.91803}
{"type": "train", "epoch": 46, "loss": 0.7992, "obj": 0.7992, "sup": 0.0, "lr": 0.00047, "time": 1790979827.18645}
{"type": "train", "epoch": 47, "loss": 0.85059, "obj": 0.85059, "sup": 0.0, "lr": 0.00047, "time": 1790979827.47972}
{"type": "train", "epoch": 48, "loss": 0.82378, "obj": 0.82378, "sup": 0.0, "lr": 0.00048, "time": 1790979827.73684}
{"type": "train", "epoch": 49, "loss": 0.81287, "obj": 0.81287, "sup": 0.0, "lr": 0.00049, "time": 1790979827.99825}
{"type": "train", "epoch": 50, "loss": 0.78628, "obj": 0.78628, "sup": 0.0, "lr": 0.0005, "time": 1790979829.25588, "train_resid_median": 0.89006, "train_resid_mean": 0.88964, "train_imag_median": 0.09866, "train_obj_median": 0.80855, "train_u_loss_to_label_median": 0.68087, "val_resid_median": 0.89708, "val_resid_mean": 0.89052, "val_imag_median": 0.10135, "val_obj_median": 0.82286, "val_u_loss_to_label_median": 0.69291}
{"type": "train", "epoch": 51, "loss": 0.79135, "obj": 0.79135, "sup": 0.0, "lr": 0.0005, "time": 1790979829.57056}
{"type": "train", "epoch": 52, "loss": 0.8174, "obj": 0.8174, "sup": 0.0, "lr": 0.0005, "time": 1790979829.87509}
{"type": "train", "epoch": 53, "loss": 0.76864, "obj": 0.76864, "sup": 0.0, "lr": 0.0005, "time": 1790979830.14278}
{"type": "train", "epoch": 54, "loss": 0.79652, "obj": 0.79652, "sup": 0.0, "lr": 0.0005, "time": 1790979830.40572}
{"type": "train", "epoch": 55, "loss": 0.78045, "obj": 0.78045, "sup": 0.0, "lr": 0.0005, "time": 1790979830.72409}
{"type": "train", "epoch": 56, "loss": 0.77472, "obj": 0.77472, "sup": 0.0, "lr": 0.0005, "time": 1790979831.01098}
{"type": "train", "epoch": 57, "loss": 0.76589, "obj": 0.76589, "sup": 0.0, "lr": 0.0005, "time": 1790979831.32197}
{"type": "train", "epoch": 58, "loss": 0.78428, "obj": 0.78428, "sup": 0.0, "lr": 0.0005, "time": 1790979831.6648}
{"type": "train", "epoch": 59, "loss": 0.76188, "obj": 0.76188, "sup": 0.0, "lr": 0.0005, "time": 1790979831.97907}
{"type": "train", "epoch": 60, "loss": 0.74777, "obj": 0.74777, "sup": 0.0, "lr": 0.0005, "time": 1790979832.2728}
{"type": "train", "epoch": 61, "loss": 0.75285, "obj": 0.75285, "sup": 0.0, "lr": 0.0005, "time": 1790979832.53129}
{"type": "train", "epoch": 62, "loss": 0.75526, "obj": 0.75526, "sup": 0.0, "lr": 0.0005, "time": 1790979832.87912}
{"type": "train", "epoch": 63, "loss": 0.75505, "obj": 0.75505, "sup": 0.0, "lr": 0.0005, "time": 1790979833.19114}
{"type": "train", "epoch": 64, "loss": 0.76647, "obj": 0.76647, "sup": 0.0, "lr": 0.0005, "time": 1790979833.51722}
{"type": "train", "epoch": 65, "loss": 0.76821, "obj": 0.76821, "sup": 0.0, "lr": 0.0005, "time": 1790979833.83339}
{"type": "train", "epoch": 66, "loss": 0.7532, "obj": 0.7532, "sup": 0.0, "lr": 0.0005, "time": 1790979834.1164}
{"type": "train", "epoch": 67, "loss": 0.75502, "obj": 0.75502, "sup": 0.0, "lr": 0.0005, "time": 1790979834.42385}
{"type": "train", "epoch": 68, "loss": 0.77223, "obj": 0.77223, "sup": 0.0, "lr": 0.0005, "time": 1790979834.70563}
{"type": "train", "epoch": 69, "loss": 0.7605, "obj": 0.7605, "sup": 0.0, "lr": 0.0005, "time": 1790979834.9676}
{"type": "train", "epoch": 70, "loss": 0.78822, "obj": 0.78822, "sup": 0.0, "lr": 0.0005, "time": 1790979835.23319}
{"type": "train", "epoch": 71, "loss": 0.7683, "obj": 0.7683, "sup": 0.0, "lr": 0.0005, "time": 1790979835.51611}
{"type": "train", "epoch": 72, "loss": 0.74636, "obj": 0.74636, "sup": 0.0, "lr": 0.0005, "time": 1790979835.81499}
{"type": "train", "epoch": 73, "loss": 0.75719, "obj": 0.75719, "sup": 0.0, "lr": 0.0005, "time": 1790979836.11905}
{"type": "train", "epoch": 74, "loss": 0.75739, "obj": 0.75739, "sup": 0.0, "lr": 0.0005, "time": 1790979836.45497}
{"type": "train", "epoch": 75, "loss": 0.74157, "obj": 0.74157, "sup": 0.0, "lr": 0.0005, "time": 1790979836.82447}
{"type": "train", "epoch": 76, "loss": 0.75173, "obj": 0.75173, "sup": 0.0, "lr": 0.0005, "time": 1790979837.12953}
{"type": "train", "epoch": 77, "loss": 0.76558, "obj": 0.76558, "sup": 0.0, "lr": 0.0005, "time": 1790979837.50308}
{"type": "train", "epoch": 78, "loss": 0.75425, "obj": 0.75425, "sup": 0.0, "lr": 0.0005, "time": 1790979837.85503}
{"type": "train", "epoch": 79, "loss": 0.75327, "obj": 0.75327, "sup": 0.0, "lr": 0.0005, "time": 1790979838.18304}
{"type": "train", "epoch": 80, "loss": 0.74585, "obj": 0.74585, "sup": 0.0, "lr": 0.0005, "time": 1790979838.44288}
{"type": "train", "epoch": 81, "loss": 0.7421, "obj": 0.7421, "sup": 0.0, "lr": 0.0005, "time": 1790979838.74739}
{"type": "train", "epoch": 82, "loss": 0.75484, "obj": 0.75484, "sup": 0.0, "lr": 0.0005, "time": 1790979839.00978}
{"type": "train", "epoch": 83, "loss": 0.74336, "obj": 0.74336, "sup": 0.0, "lr": 0.0005, "time": 1790979839.26956}
{"type": "train", "epoch": 84, "loss": 0.74753, "obj": 0.74753, "sup": 0.0, "lr": 0.0005, "time": 1790979839.59507}
{"type": "train", "epoch": 85, "loss": 0.75874, "obj": 0.75874, "sup": 0.0, "lr": 0.0005, "time": 1790979839.93031}
{"type": "train", "epoch": 86, "loss": 0.75179, "obj": 0.75179, "sup": 0.0, "lr": 0.0005, "time": 1790979840.20068}
{"type": "train", "epoch": 87, "loss": 0.75411, "obj": 0.75411, "sup": 0.0, "lr": 0.0005, "time": 1790979840.45983}
{"type": "train", "epoch": 88, "loss": 0.74688, "obj": 0.74688, "sup": 0.0, "lr": 0.0005, "time": 1790979840.7245}
{"type": "train", "epoch": 89, "loss": 0.74676, "obj": 0.74676, "sup": 0.0, "lr": 0.0005, "time": 1790979840.98987}
{"type": "train", "epoch": 90, "loss": 0.74649, "obj": 0.74649, "sup": 0.0, "lr": 0.0005, "time": 1790979841.25883}
{"type": "train", "epoch": 91, "loss": 0.75359, "obj": 0.75359, "sup": 0.0, "lr": 0.0005, "time": 1790979841.5699}
{"type": "train", "epoch": 92, "loss": 0.74342, "obj": 0.74342, "sup": 0.0, "lr": 0.0005, "time": 1790979841.84695}
{"type": "train", "epoch": 93, "loss": 0.74246, "obj": 0.74246, "sup": 0.0, "lr": 0.0005, "time": 1790979842.14694}
{"type": "train", "epoch": 94, "loss": 0.74653, "obj": 0.74653, "sup": 0.0, "lr": 0.0005, "time": 1790979842.4068}
{"type": "train", "epoch": 95, "loss": 0.74728, "obj": 0.74728, "sup": 0.0, "lr": 0.0005, "time": 1790979842.66938}
{"type": "train", "epoch": 96, "loss": 0.74232, "obj": 0.74232, "sup": 0.0, "lr": 0.0005, "time": 1790979842.96613}
{"type": "train", "epoch": 97, "loss": 0.73891, "obj": 0.73891, "sup": 0.0, "lr": 0.0005, "time": 1790979843.27646}
{"type": "train", "epoch": 98, "loss": 0.7412, "obj": 0.7412, "sup": 0.0, "lr": 0.0005, "time": 1790979843.61319}
{"type": "train", "epoch": 99, "loss": 0.73272, "obj": 0.73272, "sup": 0.0, "lr": 0.0005, "time": 1790979843.88388}
{"type": "train", "epoch": 100, "loss": 0.73663, "obj": 0.73663, "sup": 0.0, "lr": 0.0005, "time": 1790979845.18493, "train_resid_median": 0.85532, "train_resid_mean": 0.85329, "train_imag_median": 0.01549, "train_obj_median": 0.73495, "train_u_loss_to_label_median": 0.64985, "val_resid_median": 0.85806, "val_resid_mean": 0.85355, "val_imag_median": 0.01621, "val_obj_median": 0.73774, "val_u_loss_to_label_median": 0.66526}
{"type": "train", "epoch": 101, "loss": 0.73934, "obj": 0.73934, "sup": 0.0, "lr": 0.0005, "time": 1790979845.48296}
{"type": "train", "epoch": 102, "loss": 0.74577, "obj": 0.74577, "sup": 0.0, "lr": 0.0005, "time": 1790979845.75496}
{"type": "train", "epoch": 103, "loss": 0.74368, "obj": 0.74368, "sup": 0.0, "lr": 0.0005, "time": 1790979846.06438}
{"type": "train", "epoch": 104, "loss": 0.73624, "obj": 0.73624, "sup": 0.0, "lr": 0.0005, "time": 1790979846.33553}
{"type": "train", "epoch": 105, "loss": 0.7426, "obj": 0.7426, "sup": 0.0, "lr": 0.0005, "time": 1790979846.59384}
{"type": "train", "epoch": 106, "loss": 0.73305, "obj": 0.73305, "sup": 0.0, "lr": 0.0005, "time": 1790979846.86194}
{"type": "train", "epoch": 107, "loss": 0.73743, "obj": 0.73743, "sup": 0.0, "lr": 0.0005, "time": 1790979847.12707}
{"type": "train", "epoch": 108, "loss": 0.74531, "obj": 0.74531, "sup": 0.0, "lr": 0.0005, "time": 1790979847.40701}
{"type": "train", "epoch": 109, "loss": 0.73255, "obj": 0.73255, "sup": 0.0, "lr": 0.0005, "time": 1790979847.67213}
{"type": "train", "epoch": 110, "loss": 0.73721, "obj": 0.73721, "sup": 0.0, "lr": 0.0005, "time": 1790979847.96699}
{"type": "train", "epoch": 111, "loss": 0.7392, "obj": 0.7392, "sup": 0.0, "lr": 0.0005, "time": 1790979848.24457}
{"type": "train", "epoch": 112, "loss": 0.73418, "obj": 0.73418, "sup": 0.0, "lr": 0.0005, "time": 1790979848.50469}
{"type": "train", "epoch": 113, "loss": 0.73736, "obj": 0.73736, "sup": 0.0, "lr": 0.0005, "time": 1790979848.81895}
{"type": "train", "epoch": 114, "loss": 0.73192, "obj": 0.73192, "sup": 0.0, "lr": 0.0005, "time": 1790979849.12667}
{"type": "train", "epoch": 115, "loss": 0.73241, "obj": 0.73241, "sup": 0.0, "lr": 0.0005, "time": 1790979849.4299}
{"type": "train", "epoch": 116, "loss": 0.73034, "obj": 0.73034, "sup": 0.0, "lr": 0.0005, "time": 1790979849.72247}
{"type": "train", "epoch": 117, "loss": 0.72715, "obj": 0.72715, "sup": 0.0, "lr": 0.0005, "time": 1790979850.01983}
{"type": "train", "epoch": 118, "loss": 0.72885, "obj": 0.72885, "sup": 0.0, "lr": 0.0005, "time": 1790979850.33157}
{"type": "train", "epoch": 119, "loss": 0.73817, "obj": 0.73817, "sup": 0.0, "lr": 0.0005, "time": 1790979850.60636}
{"type": "train", "epoch": 120, "loss": 0.7332, "obj": 0.7332, "sup": 0.0, "lr": 0.0005, "time": 1790979850.8947}
{"type": "train", "epoch": 121, "loss": 0.73787, "obj": 0.73787, "sup": 0.0, "lr": 0.0005, "time": 1790979851.17958}
{"type": "train", "epoch": 122, "loss": 0.73818, "obj": 0.73818, "sup": 0.0, "lr": 0.0005, "time": 1790979851.43964}
{"type": "train", "epoch": 123, "loss": 0.72491, "obj": 0.72491, "sup": 0.0, "lr": 0.0005, "time": 1790979851.69905}
{"type": "train", "epoch": 124, "loss": 0.72903, "obj": 0.72903, "sup": 0.0, "lr": 0.0005, "time": 1790979851.96213}
{"type": "train", "epoch": 125, "loss": 0.73104, "obj": 0.73104, "sup": 0.0, "lr": 0.0005, "time": 1790979852.22234}
{"type": "train", "epoch": 126, "loss": 0.72054, "obj": 0.72054, "sup": 0.0, "lr": 0.0005, "time": 1790979852.48292}
{"type": "train", "epoch": 127, "loss": 0.71892, "obj": 0.71892, "sup": 0.0, "lr": 0.0005, "time": 1790979852.74207}
{"type": "train", "epoch": 128, "loss": 0.73264, "obj": 0.73264, "sup": 0.0, "lr": 0.0005, "time": 1790979853.0019}
{"type": "train", "epoch": 129, "loss": 0.7356, "obj": 0.7356, "sup": 0.0, "lr": 0.0005, "time": 1790979853.29036}
{"type": "train", "epoch": 130, "loss": 0.79074, "obj": 0.79074, "sup": 0.0, "lr": 0.0005, "time": 1790979853.60695}
{"type": "train", "epoch": 131, "loss": 0.72074, "obj": 0.72074, "sup": 0.0, "lr": 0.0005, "time": 1790979853.9238}
{"type": "train", "epoch": 132, "loss": 0.76662, "obj": 0.76662, "sup": 0.0, "lr": 0.0005, "time": 1790979854.191}
{"type": "train", "epoch": 133, "loss": 0.71508, "obj": 0.71508, "sup": 0.0, "lr": 0.0005, "time": 1790979854.47236}
{"type": "train", "epoch": 134, "loss": 0.72034, "obj": 0.72034, "sup": 0.0, "lr": 0.0005, "time": 1790979854.74696}
{"type": "train", "epoch": 135, "loss": 0.71066, "obj": 0.71066, "sup": 0.0, "lr": 0.0005, "time": 1790979855.00971}
{"type": "train", "epoch": 136, "loss": 0.70733, "obj": 0.70733, "sup": 0.0, "lr": 0.0005, "time": 1790979855.292}
{"type": "train", "epoch": 137, "loss": 0.71176, "obj": 0.71176, "sup": 0.0, "lr": 0.0005, "time": 1790979855.59895}
{"type": "train", "epoch": 138, "loss": 0.72651, "obj": 0.72651, "sup": 0.0, "lr": 0.0005, "time": 1790979855.86875}
{"type": "train", "epoch": 139, "loss": 0.70683, "obj": 0.70683, "sup": 0.0, "lr": 0.0005, "time": 1790979856.15564}
{"type": "train", "epoch": 140, "loss": 0.71083, "obj": 0.71083, "sup": 0.0, "lr": 0.0005, "time": 1790979856.4181}
{"type": "train", "epoch": 141, "loss": 0.71122, "obj": 0.71122, "sup": 0.0, "lr": 0.0005, "time": 1790979856.69619}
{"type": "train", "epoch": 142, "loss": 0.70272, "obj": 0.70272, "sup": 0.0, "lr": 0.0005, "time": 1790979856.97498}
{"type": "train", "epoch": 143, "loss": 0.707, "obj": 0.707, "sup": 0.0, "lr": 0.0005, "time": 1790979857.25506}
{"type": "train", "epoch": 144, "loss": 0.72707, "obj": 0.72707, "sup": 0.0, "lr": 0.0005, "time": 1790979857.53491}
{"type": "train", "epoch": 145, "loss": 0.71353, "obj": 0.71353, "sup": 0.0, "lr": 0.0005, "time": 1790979857.82934}
{"type": "train", "epoch": 146, "loss": 0.72614, "obj": 0.72614, "sup": 0.0, "lr": 0.0005, "time": 1790979858.09046}
{"type": "train", "epoch": 147, "loss": 0.70413, "obj": 0.70413, "sup": 0.0, "lr": 0.0005, "time": 1790979858.35724}
{"type": "train", "epoch": 148, "loss": 0.69815, "obj": 0.69815, "sup": 0.0, "lr": 0.0005, "time": 1790979858.62126}
{"type": "train", "epoch": 149, "loss": 0.69935, "obj": 0.69935, "sup": 0.0, "lr": 0.0005, "time": 1790979858.89932}
{"type": "train", "epoch": 150, "loss": 0.69428, "obj": 0.69428, "sup": 0.0, "lr": 0.0005, "time": 1790979860.1272, "train_resid_median": 0.83787, "train_resid_mean": 0.8377, "train_imag_median": 0.03827, "train_obj_median": 0.70481, "train_u_loss_to_label_median": 0.66228, "val_resid_median": 0.84331, "val_resid_mean": 0.83796, "val_imag_median": 0.03891, "val_obj_median": 0.71365, "val_u_loss_to_label_median": 0.67603}
{"type": "train", "epoch": 151, "loss": 0.70351, "obj": 0.70351, "sup": 0.0, "lr": 0.0005, "time": 1790979860.39113}
{"type": "train", "epoch": 152, "loss": 0.7005, "obj": 0.7005, "sup": 0.0, "lr": 0.0005, "time": 1790979860.65133}
{"type": "train", "epoch": 153, "loss": 0.69847, "obj": 0.69847, "sup": 0.0, "lr": 0.0005, "time": 1790979860.91366}
{"type": "train", "epoch": 154, "loss": 0.69717, "obj": 0.69717, "sup": 0.0, "lr": 0.0005, "time": 1790979861.17277}
{"type": "train", "epoch": 155, "loss": 0.69247, "obj": 0.69247, "sup": 0.0, "lr": 0.0005, "time": 1790979861.4441}
{"type": "train", "epoch": 156, "loss": 0.69655, "obj": 0.69655, "sup": 0.0, "lr": 0.0005, "time": 1790979861.70898}
{"type": "train", "epoch": 157, "loss": 0.69249, "obj": 0.69249, "sup": 0.0, "lr": 0.0005, "time": 1790979861.97355}
{"type": "train", "epoch": 158, "loss": 0.68964, "obj": 0.68964, "sup": 0.0, "lr": 0.0005, "time": 1790979862.25052}
{"type": "train", "epoch": 159, "loss": 0.69078, "obj": 0.69078, "sup": 0.0, "lr": 0.0005, "time": 1790979862.52213}
{"type": "train", "epoch": 160, "loss": 0.69935, "obj": 0.69935, "sup": 0.0, "lr": 0.0005, "time": 1790979862.78558}
{"type": "train", "epoch": 161, "loss": 0.68765, "obj": 0.68765, "sup": 0.0, "lr": 0.0005, "time": 1790979863.04806}
{"type": "train", "epoch": 162, "loss": 0.6856, "obj": 0.6856, "sup": 0.0, "lr": 0.0005, "time": 1790979863.30916}
{"type": "train", "epoch": 163, "loss": 0.68521, "obj": 0.68521, "sup": 0.0, "lr": 0.0005, "time": 1790979863.56988}
{"type": "train", "epoch": 164, "loss": 0.69315, "obj": 0.69315, "sup": 0.0, "lr": 0.0005, "time": 1790979863.83119}
{"type": "train", "epoch": 165, "loss": 0.68441, "obj": 0.68441, "sup": 0.0, "lr": 0.0005, "time": 1790979864.09367}
{"type": "train", "epoch": 166, "loss": 0.68337, "obj": 0.68337, "sup": 0.0, "lr": 0.0005, "time": 1790979864.35388}
{"type": "train", "epoch": 167, "loss": 0.69068, "obj": 0.69068, "sup": 0.0, "lr": 0.0005, "time": 1790979864.61775}
{"type": "train", "epoch": 168, "loss": 0.68376, "obj": 0.68376, "sup": 0.0, "lr": 0.0005, "time": 1790979864.88037}
{"type": "train", "epoch": 169, "loss": 0.68292, "obj": 0.68292, "sup": 0.0, "lr": 0.0005, "time": 1790979865.14751}
{"type": "train", "epoch": 170, "loss": 0.68213, "obj": 0.68213, "sup": 0.0, "lr": 0.0005, "time": 1790979865.41557}
{"type": "train", "epoch": 171, "loss": 0.6848, "obj": 0.6848, "sup": 0.0, "lr": 0.0005, "time": 1790979865.67791}
{"type": "train", "epoch": 172, "loss": 0.68356, "obj": 0.68356, "sup": 0.0, "lr": 0.0005, "time": 1790979865.94608}
{"type": "train", "epoch": 173, "loss": 0.68498, "obj": 0.68498, "sup": 0.0, "lr": 0.0005, "time": 1790979866.20632}
{"type": "train", "epoch": 174, "loss": 0.68437, "obj": 0.68437, "sup": 0.0, "lr": 0.0005, "time": 1790979866.47544}
{"type": "train", "epoch": 175, "loss": 0.6826, "obj": 0.6826, "sup": 0.0, "lr": 0.0005, "time": 1790979866.73882}
{"type": "train", "epoch": 176, "loss": 0.68231, "obj": 0.68231, "sup": 0.0, "lr": 0.0005, "time": 1790979866.99982}
{"type": "train", "epoch": 177, "loss": 0.68385, "obj": 0.68385, "sup": 0.0, "lr": 0.0005, "time": 1790979867.2606}
{"type": "train", "epoch": 178, "loss": 0.68778, "obj": 0.68778, "sup": 0.0, "lr": 0.0005, "time": 1790979867.52157}
{"type": "train", "epoch": 179, "loss": 0.68469, "obj": 0.68469, "sup": 0.0, "lr": 0.0005, "time": 1790979867.78276}
{"type": "train", "epoch": 180, "loss": 0.68321, "obj": 0.68321, "sup": 0.0, "lr": 0.0005, "time": 1790979868.04497}
{"type": "train", "epoch": 181, "loss": 0.67779, "obj": 0.67779, "sup": 0.0, "lr": 0.0005, "time": 1790979868.3062}
{"type": "train", "epoch": 182, "loss": 0.68381, "obj": 0.68381, "sup": 0.0, "lr": 0.0005, "time": 1790979868.56638}
{"type": "train", "epoch": 183, "loss": 0.67935, "obj": 0.67935, "sup": 0.0, "lr": 0.0005, "time": 1790979868.82604}
{"type": "train", "epoch": 184, "loss": 0.67988, "obj": 0.67988, "sup": 0.0, "lr": 0.0005, "time": 1790979869.08597}
{"type": "train", "epoch": 185, "loss": 0.68197, "obj": 0.68197, "sup": 0.0, "lr": 0.0005, "time": 1790979869.34678}
{"type": "train", "epoch": 186, "loss": 0.67705, "obj": 0.67705, "sup": 0.0, "lr": 0.0005, "time": 1790979869.60747}
{"type": "train", "epoch": 187, "loss": 0.68254, "obj": 0.68254, "sup": 0.0, "lr": 0.0005, "time": 1790979869.86738}
{"type": "train", "epoch": 188, "loss": 0.67686, "obj": 0.67686, "sup": 0.0, "lr": 0.0005, "time": 1790979870.1284}
{"type": "train", "epoch": 189, "loss": 0.67697, "obj": 0.67697, "sup": 0.0, "lr": 0.0005, "time": 1790979870.38868}
{"type": "train", "epoch": 190, "loss": 0.68233, "obj": 0.68233, "sup": 0.0, "lr": 0.0005, "time": 1790979870.64955}
{"type": "train", "epoch": 191, "loss": 0.68199, "obj": 0.68199, "sup": 0.0, "lr": 0.0005, "time": 1790979870.91006}
{"type": "train", "epoch": 192, "loss": 0.68, "obj": 0.68, "sup": 0.0, "lr": 0.0005, "time": 1790979871.17167}
{"type": "train", "epoch": 193, "loss": 0.678, "obj": 0.678, "sup": 0.0, "lr": 0.0005, "time": 1790979871.43427}
{"type": "train", "epoch": 194, "loss": 0.67772, "obj": 0.67772, "sup": 0.0, "lr": 0.0005, "time": 1790979871.7018}
{"type": "train", "epoch": 195, "loss": 0.67678, "obj": 0.67678, "sup": 0.0, "lr": 0.0005, "time": 1790979871.9793}
{"type": "train", "epoch": 196, "loss": 0.67966, "obj": 0.67966, "sup": 0.0, "lr": 0.0005, "time": 1790979872.26571}
{"type": "train", "epoch": 197, "loss": 0.67734, "obj": 0.67734, "sup": 0.0, "lr": 0.0005, "time": 1790979872.53026}
{"type": "train", "epoch": 198, "loss": 0.67732, "obj": 0.67732, "sup": 0.0, "lr": 0.0005, "time": 1790979872.7927}
{"type": "train", "epoch": 199, "loss": 0.67355, "obj": 0.67355, "sup": 0.0, "lr": 0.0005, "time": 1790979873.05499}
{"type": "train", "epoch": 200, "loss": 0.67294, "obj": 0.67294, "sup": 0.0, "lr": 0.0005, "time": 1790979874.26994, "train_resid_median": 0.82131, "train_resid_mean": 0.8188, "train_imag_median": 0.01706, "train_obj_median": 0.6749, "train_u_loss_to_label_median": 0.64934, "val_resid_median": 0.8308, "val_resid_mean": 0.82496, "val_imag_median": 0.01647, "val_obj_median": 0.69284, "val_u_loss_to_label_median": 0.66351}
{"type": "train", "epoch": 201, "loss": 0.67281, "obj": 0.67281, "sup": 0.0, "lr": 0.0005, "time": 1790979874.54457}
{"type": "train", "epoch": 202, "loss": 0.68537, "obj": 0.68537, "sup": 0.0, "lr": 0.0005, "time": 1790979874.81078}
{"type": "train", "epoch": 203, "loss": 0.67274, "obj": 0.67274, "sup": 0.0, "lr": 0.0005, "time": 1790979875.07478}
{"type": "train", "epoch": 204, "loss": 0.67373, "obj": 0.67373, "sup": 0.0, "lr": 0.0005, "time": 1790979875.33959}
{"type": "train", "epoch": 205, "loss": 0.68216, "obj": 0.68216, "sup": 0.0, "lr": 0.0005, "time": 1790979875.60445}
{"type": "train", "epoch": 206, "loss": 0.69209, "obj": 0.69209, "sup": 0.0, "lr": 0.0005, "time": 1790979875.91128}
{"type": "train", "epoch": 207, "loss": 0.67307, "obj": 0.67307, "sup": 0.0, "lr": 0.0005, "time": 1790979876.17699}
{"type": "train", "epoch": 208, "loss": 0.67481, "obj": 0.67481, "sup": 0.0, "lr": 0.0005, "time": 1790979876.44138}
{"type": "train", "epoch": 209, "loss": 0.67658, "obj": 0.67658, "sup": 0.0, "lr": 0.0005, "time": 1790979876.71055}
{"type": "train", "epoch": 210, "loss": 0.67325, "obj": 0.67325, "sup": 0.0, "lr": 0.0005, "time": 1790979877.00213}
{"type": "train", "epoch": 211, "loss": 0.67219, "obj": 0.67219, "sup": 0.0, "lr": 0.0005, "time": 1790979877.37902}
{"type": "train", "epoch": 212, "loss": 0.67382, "obj": 0.67382, "sup": 0.0, "lr": 0.0005, "time": 1790979877.68301}
{"type": "train", "epoch": 213, "loss": 0.67856, "obj": 0.67856, "sup": 0.0, "lr": 0.0005, "time": 1790979878.02298}
{"type": "train", "epoch": 214, "loss": 0.66993, "obj": 0.66993, "sup": 0.0, "lr": 0.0005, "time": 1790979878.40288}
{"type": "train", "epoch": 215, "loss": 0.67143, "obj": 0.67143, "sup": 0.0, "lr": 0.0005, "time": 1790979878.78177}
{"type": "train", "epoch": 216, "loss": 0.67065, "obj": 0.67065, "sup": 0.0, "lr": 0.0005, "time": 1790979879.13496}
{"type": "train", "epoch": 217, "loss": 0.672, "obj": 0.672, "sup": 0.0, "lr": 0.0005, "time": 1790979879.48495}
{"type": "train", "epoch": 218, "loss": 0.67154, "obj": 0.67154, "sup": 0.0, "lr": 0.0005, "time": 1790979879.78987}
{"type": "train", "epoch": 219, "loss": 0.66969, "obj": 0.66969, "sup": 0.0, "lr": 0.0005, "time": 1790979880.1292}
{"type": "train", "epoch": 220, "loss": 0.66948, "obj": 0.66948, "sup": 0.0, "lr": 0.0005, "time": 1790979880.44845}
{"type": "train", "epoch": 221, "loss": 0.66916, "obj": 0.66916, "sup": 0.0, "lr": 0.0005, "time": 1790979880.75628}
{"type": "train", "epoch": 222, "loss": 0.66774, "obj": 0.66774, "sup": 0.0, "lr": 0.0005, "time": 1790979881.12283}
{"type": "train", "epoch": 223, "loss": 0.67229, "obj": 0.67229, "sup": 0.0, "lr": 0.0005, "time": 1790979881.49467}
{"type": "train", "epoch": 224, "loss": 0.66926, "obj": 0.66926, "sup": 0.0, "lr": 0.0005, "time": 1790979881.85495}
{"type": "train", "epoch": 225, "loss": 0.66938, "obj": 0.66938, "sup": 0.0, "lr": 0.0005, "time": 1790979882.1962}
{"type": "train", "epoch": 226, "loss": 0.66601, "obj": 0.66601, "sup": 0.0, "lr": 0.0005, "time": 1790979882.5651}
{"type": "train", "epoch": 227, "loss": 0.6677, "obj": 0.6677, "sup": 0.0, "lr": 0.0005, "time": 1790979882.98695}
{"type": "train", "epoch": 228, "loss": 0.66625, "obj": 0.66625, "sup": 0.0, "lr": 0.0005, "time": 1790979883.37031}
{"type": "train", "epoch": 229, "loss": 0.66503, "obj": 0.66503, "sup": 0.0, "lr": 0.0005, "time": 1790979883.76701}
{"type": "train", "epoch": 230, "loss": 0.66387, "obj": 0.66387, "sup": 0.0, "lr": 0.0005, "time": 1790979884.14364}
{"type": "train", "epoch": 231, "loss": 0.66271, "obj": 0.66271, "sup": 0.0, "lr": 0.0005, "time": 1790979884.47571}
{"type": "train", "epoch": 232, "loss": 0.66858, "obj": 0.66858, "sup": 0.0, "lr": 0.0005, "time": 1790979884.85102}
{"type": "train", "epoch": 233, "loss": 0.66851, "obj": 0.66851, "sup": 0.0, "lr": 0.0005, "time": 1790979885.25362}
{"type": "train", "epoch": 234, "loss": 0.66672, "obj": 0.66672, "sup": 0.0, "lr": 0.0005, "time": 1790979885.68937}
{"type": "train", "epoch": 235, "loss": 0.66806, "obj": 0.66806, "sup": 0.0, "lr": 0.0005, "time": 1790979885.99276}
{"type": "train", "epoch": 236, "loss": 0.67031, "obj": 0.67031, "sup": 0.0, "lr": 0.0005, "time": 1790979886.29496}
{"type": "train", "epoch": 237, "loss": 0.67258, "obj": 0.67258, "sup": 0.0, "lr": 0.0005, "time": 1790979886.62326}
{"type": "train", "epoch": 238, "loss": 0.67498, "obj": 0.67498, "sup": 0.0, "lr": 0.0005, "time": 1790979886.98315}
{"type": "train", "epoch": 239, "loss": 0.67113, "obj": 0.67113, "sup": 0.0, "lr": 0.0005, "time": 1790979887.31248}
{"type": "train", "epoch": 240, "loss": 0.66959, "obj": 0.66959, "sup": 0.0, "lr": 0.0005, "time": 1790979887.59052}
{"type": "train", "epoch": 241, "loss": 0.66935, "obj": 0.66935, "sup": 0.0, "lr": 0.0005, "time": 1790979888.00041}
{"type": "train", "epoch": 242, "loss": 0.66654, "obj": 0.66654, "sup": 0.0, "lr": 0.0005, "time": 1790979888.33492}
{"type": "train", "epoch": 243, "loss": 0.67064, "obj": 0.67064, "sup": 0.0, "lr": 0.0005, "time": 1790979888.68302}
{"type": "train", "epoch": 244, "loss": 0.66727, "obj": 0.66727, "sup": 0.0, "lr": 0.0005, "time": 1790979889.04846}
{"type": "train", "epoch": 245, "loss": 0.66777, "obj": 0.66777, "sup": 0.0, "lr": 0.0005, "time": 1790979889.38865}
{"type": "train", "epoch": 246, "loss": 0.67047, "obj": 0.67047, "sup": 0.0, "lr": 0.0005, "time": 1790979889.77101}
{"type": "train", "epoch": 247, "loss": 0.66571, "obj": 0.66571, "sup": 0.0, "lr": 0.0005, "time": 1790979890.1504}
{"type": "train", "epoch": 248, "loss": 0.66396, "obj": 0.66396, "sup": 0.0, "lr": 0.0005, "time": 1790979890.51955}
{"type": "train", "epoch": 249, "loss": 0.66669, "obj": 0.66669, "sup": 0.0, "lr": 0.0005, "time": 1790979890.86939}
{"type": "train", "epoch": 250, "loss": 0.66566, "obj": 0.66566, "sup": 0.0, "lr": 0.0005, "time": 1790979892.21389, "train_resid_median": 0.81487, "train_resid_mean": 0.81103, "train_imag_median": 0.03153, "train_obj_median": 0.66581, "train_u_loss_to_label_median": 0.65144, "val_resid_median": 0.83472, "val_resid_mean": 0.82849, "val_imag_median": 0.03341, "val_obj_median": 0.69811, "val_u_loss_to_label_median": 0.66732}
{"type": "train", "epoch": 251, "loss": 0.66485, "obj": 0.66485, "sup": 0.0, "lr": 0.0005, "time": 1790979892.57542}
{"type": "train", "epoch": 252, "loss": 0.66203, "obj": 0.66203, "sup": 0.0, "lr": 0.0005, "time": 1790979892.93037}
{"type": "train", "epoch": 253, "loss": 0.66114, "obj": 0.66114, "sup": 0.0, "lr": 0.0005, "time": 1790979893.28303}
{"type": "train", "epoch": 254, "loss": 0.66265, "obj": 0.66265, "sup": 0.0, "lr": 0.0005, "time": 1790979893.59508}
{"type": "train", "epoch": 255, "loss": 0.66849, "obj": 0.66849, "sup": 0.0, "lr": 0.0005, "time": 1790979893.96702}
{"type": "train", "epoch": 256, "loss": 0.66273, "obj": 0.66273, "sup": 0.0, "lr": 0.0005, "time": 1790979894.37502}
{"type": "train", "epoch": 257, "loss": 0.66286, "obj": 0.66286, "sup": 0.0, "lr": 0.0005, "time": 1790979894.73096}
{"type": "train", "epoch": 258, "loss": 0.66433, "obj": 0.66433, "sup": 0.0, "lr": 0.0005, "time": 1790979895.08474}
{"type": "train", "epoch": 259, "loss": 0.65919, "obj": 0.65919, "sup": 0.0, "lr": 0.0005, "time": 1790979895.36313}
{"type": "train", "epoch": 260, "loss": 0.6586, "obj": 0.6586, "sup": 0.0, "lr": 0.0005, "time": 1790979895.63663}
{"type": "train", "epoch": 261, "loss": 0.65847, "obj": 0.65847, "sup": 0.0, "lr": 0.0005, "time": 1790979895.90215}
{"type": "train", "epoch": 262, "loss": 0.65839, "obj": 0.65839, "sup": 0.0, "lr": 0.0005, "time": 1790979896.16577}
{"type": "train", "epoch": 263, "loss": 0.65648, "obj": 0.65648, "sup": 0.0, "lr": 0.0005, "time": 1790979896.4433}
{"type": "train", "epoch": 264, "loss": 0.65553, "obj": 0.65553, "sup": 0.0, "lr": 0.0005, "time": 1790979896.79097}
{"type": "train", "epoch": 265, "loss": 0.65427, "obj": 0.65427, "sup": 0.0, "lr": 0.0005, "time": 1790979897.15498}
{"type": "train", "epoch": 266, "loss": 0.65972, "obj": 0.65972, "sup": 0.0, "lr": 0.0005, "time": 1790979897.49037}
{"type": "train", "epoch": 267, "loss": 0.66562, "obj": 0.66562, "sup": 0.0, "lr": 0.0005, "time": 1790979897.85095}
{"type": "train", "epoch": 268, "loss": 0.66928, "obj": 0.66928, "sup": 0.0, "lr": 0.0005, "time": 1790979898.20297}
{"type": "train", "epoch": 269, "loss": 0.66484, "obj": 0.66484, "sup": 0.0, "lr": 0.0005, "time": 1790979898.61095}
{"type": "train", "epoch": 270, "loss": 0.66227, "obj": 0.66227, "sup": 0.0, "lr": 0.0005, "time": 1790979898.94619}
{"type": "train", "epoch": 271, "loss": 0.66163, "obj": 0.66163, "sup": 0.0, "lr": 0.0005, "time": 1790979899.27193}
{"type": "train", "epoch": 272, "loss": 0.66081, "obj": 0.66081, "sup": 0.0, "lr": 0.0005, "time": 1790979899.57878}
{"type": "train", "epoch": 273, "loss": 0.65606, "obj": 0.65606, "sup": 0.0, "lr": 0.0005, "time": 1790979899.84598}
{"type": "train", "epoch": 274, "loss": 0.6528, "obj": 0.6528, "sup": 0.0, "lr": 0.0005, "time": 1790979900.21463}
{"type": "train", "epoch": 275, "loss": 0.65424, "obj": 0.65424, "sup": 0.0, "lr": 0.0005, "time": 1790979900.52597}
{"type": "train", "epoch": 276, "loss": 0.65129, "obj": 0.65129, "sup": 0.0, "lr": 0.0005, "time": 1790979900.83925}
{"type": "train", "epoch": 277, "loss": 0.65661, "obj": 0.65661, "sup": 0.0, "lr": 0.0005, "time": 1790979901.12505}
{"type": "train", "epoch": 278, "loss": 0.66309, "obj": 0.66309, "sup": 0.0, "lr": 0.0005, "time": 1790979901.46303}
{"type": "train", "epoch": 279, "loss": 0.65805, "obj": 0.65805, "sup": 0.0, "lr": 0.0005, "time": 1790979901.76697}
{"type": "train", "epoch": 280, "loss": 0.65974, "obj": 0.65974, "sup": 0.0, "lr": 0.0005, "time": 1790979902.12279}
{"type": "train", "epoch": 281, "loss": 0.65815, "obj": 0.65815, "sup": 0.0, "lr": 0.0005, "time": 1790979902.51162}
{"type": "train", "epoch": 282, "loss": 0.65507, "obj": 0.65507, "sup": 0.0, "lr": 0.0005, "time": 1790979902.8174}
{"type": "train", "epoch": 283, "loss": 0.65521, "obj": 0.65521, "sup": 0.0, "lr": 0.0005, "time": 1790979903.23876}
{"type": "train", "epoch": 284, "loss": 0.65717, "obj": 0.65717, "sup": 0.0, "lr": 0.0005, "time": 1790979903.61352}
{"type": "train", "epoch": 285, "loss": 0.65676, "obj": 0.65676, "sup": 0.0, "lr": 0.0005, "time": 1790979903.91709}
{"type": "train", "epoch": 286, "loss": 0.65408, "obj": 0.65408, "sup": 0.0, "lr": 0.0005, "time": 1790979904.2418}
{"type": "train", "epoch": 287, "loss": 0.6548, "obj": 0.6548, "sup": 0.0, "lr": 0.0005, "time": 1790979904.65904}
{"type": "train", "epoch": 288, "loss": 0.661, "obj": 0.661, "sup": 0.0, "lr": 0.0005, "time": 1790979904.98207}
{"type": "train", "epoch": 289, "loss": 0.65777, "obj": 0.65777, "sup": 0.0, "lr": 0.0005, "time": 1790979905.34704}
{"type": "train", "epoch": 290, "loss": 0.66229, "obj": 0.66229, "sup": 0.0, "lr": 0.0005, "time": 1790979905.68534}
{"type": "train", "epoch": 291, "loss": 0.65698, "obj": 0.65698, "sup": 0.0, "lr": 0.0005, "time": 1790979905.97529}
{"type": "train", "epoch": 292, "loss": 0.67015, "obj": 0.67015, "sup": 0.0, "lr": 0.0005, "time": 1790979906.24104}
{"type": "train", "epoch": 293, "loss": 0.663, "obj": 0.663, "sup": 0.0, "lr": 0.0005, "time": 1790979906.58877}
{"type": "train", "epoch": 294, "loss": 0.655, "obj": 0.655, "sup": 0.0, "lr": 0.0005, "time": 1790979906.87015}
{"type": "train", "epoch": 295, "loss": 0.65642, "obj": 0.65642, "sup": 0.0, "lr": 0.0005, "time": 1790979907.18969}
{"type": "train", "epoch": 296, "loss": 0.65855, "obj": 0.65855, "sup": 0.0, "lr": 0.0005, "time": 1790979907.54703}
{"type": "train", "epoch": 297, "loss": 0.66399, "obj": 0.66399, "sup": 0.0, "lr": 0.0005, "time": 1790979907.88915}
{"type": "train", "epoch": 298, "loss": 0.65303, "obj": 0.65303, "sup": 0.0, "lr": 0.0005, "time": 1790979908.21096}
{"type": "train", "epoch": 299, "loss": 0.65788, "obj": 0.65788, "sup": 0.0, "lr": 0.0005, "time": 1790979908.58241}
{"type": "train", "epoch": 300, "loss": 0.66457, "obj": 0.66457, "sup": 0.0, "lr": 0.0005, "time": 1790979909.93691, "train_resid_median": 0.81152, "train_resid_mean": 0.80659, "train_imag_median": 0.02263, "train_obj_median": 0.65973, "train_u_loss_to_label_median": 0.6559, "val_resid_median": 0.83903, "val_resid_mean": 0.83128, "val_imag_median": 0.02499, "val_obj_median": 0.70515, "val_u_loss_to_label_median": 0.67007}
{"type": "train", "epoch": 301, "loss": 0.65502, "obj": 0.65502, "sup": 0.0, "lr": 0.0005, "time": 1790979910.34707}
{"type": "train", "epoch": 302, "loss": 0.6608, "obj": 0.6608, "sup": 0.0, "lr": 0.0005, "time": 1790979910.6757}
{"type": "train", "epoch": 303, "loss": 0.67037, "obj": 0.67037, "sup": 0.0, "lr": 0.0005, "time": 1790979910.97064}
{"type": "train", "epoch": 304, "loss": 0.68232, "obj": 0.68232, "sup": 0.0, "lr": 0.0005, "time": 1790979911.25546}
{"type": "train", "epoch": 305, "loss": 0.66836, "obj": 0.66836, "sup": 0.0, "lr": 0.0005, "time": 1790979911.5231}
{"type": "train", "epoch": 306, "loss": 0.67063, "obj": 0.67063, "sup": 0.0, "lr": 0.0005, "time": 1790979911.91956}
{"type": "train", "epoch": 307, "loss": 0.66314, "obj": 0.66314, "sup": 0.0, "lr": 0.0005, "time": 1790979912.28539}
{"type": "train", "epoch": 308, "loss": 0.66511, "obj": 0.66511, "sup": 0.0, "lr": 0.0005, "time": 1790979912.62498}
{"type": "train", "epoch": 309, "loss": 0.65872, "obj": 0.65872, "sup": 0.0, "lr": 0.0005, "time": 1790979912.96298}
{"type": "train", "epoch": 310, "loss": 0.66039, "obj": 0.66039, "sup": 0.0, "lr": 0.0005, "time": 1790979913.29325}
{"type": "train", "epoch": 311, "loss": 0.66096, "obj": 0.66096, "sup": 0.0, "lr": 0.0005, "time": 1790979913.62489}
{"type": "train", "epoch": 312, "loss": 0.66479, "obj": 0.66479, "sup": 0.0, "lr": 0.0005, "time": 1790979913.95445}
{"type": "train", "epoch": 313, "loss": 0.6607, "obj": 0.6607, "sup": 0.0, "lr": 0.0005, "time": 1790979914.31902}
{"type": "train", "epoch": 314, "loss": 0.66769, "obj": 0.66769, "sup": 0.0, "lr": 0.0005, "time": 1790979914.6617}
{"type": "train", "epoch": 315, "loss": 0.66993, "obj": 0.66993, "sup": 0.0, "lr": 0.0005, "time": 1790979914.92896}
{"type": "train", "epoch": 316, "loss": 0.67721, "obj": 0.67721, "sup": 0.0, "lr": 0.0005, "time": 1790979915.29896}
{"type": "train", "epoch": 317, "loss": 0.6678, "obj": 0.6678, "sup": 0.0, "lr": 0.0005, "time": 1790979915.61168}
{"type": "train", "epoch": 318, "loss": 0.66488, "obj": 0.66488, "sup": 0.0, "lr": 0.0005, "time": 1790979916.00697}
{"type": "train", "epoch": 319, "loss": 0.66275, "obj": 0.66275, "sup": 0.0, "lr": 0.0005, "time": 1790979916.33505}
{"type": "train", "epoch": 320, "loss": 0.66129, "obj": 0.66129, "sup": 0.0, "lr": 0.0005, "time": 1790979916.683}
{"type": "train", "epoch": 321, "loss": 0.66079, "obj": 0.66079, "sup": 0.0, "lr": 0.0005, "time": 1790979917.01905}
{"type": "train", "epoch": 322, "loss": 0.65699, "obj": 0.65699, "sup": 0.0, "lr": 0.0005, "time": 1790979917.39173}
{"type": "train", "epoch": 323, "loss": 0.65254, "obj": 0.65254, "sup": 0.0, "lr": 0.0005, "time": 1790979917.72303}
{"type": "train", "epoch": 324, "loss": 0.6517, "obj": 0.6517, "sup": 0.0, "lr": 0.0005, "time": 1790979918.07988}
{"type": "train", "epoch": 325, "loss": 0.65009, "obj": 0.65009, "sup": 0.0, "lr": 0.0005, "time": 1790979918.43624}
{"type": "train", "epoch": 326, "loss": 0.65046, "obj": 0.65046, "sup": 0.0, "lr": 0.0005, "time": 1790979918.73079}
{"type": "train", "epoch": 327, "loss": 0.65807, "obj": 0.65807, "sup": 0.0, "lr": 0.0005, "time": 1790979919.02805}
{"type": "train", "epoch": 328, "loss": 0.6528, "obj": 0.6528, "sup": 0.0, "lr": 0.0005, "time": 1790979919.29444}
{"type": "train", "epoch": 329, "loss": 0.64913, "obj": 0.64913, "sup": 0.0, "lr": 0.0005, "time": 1790979919.55821}
{"type": "train", "epoch": 330, "loss": 0.649, "obj": 0.649, "sup": 0.0, "lr": 0.0005, "time": 1790979919.86224}
{"type": "train", "epoch": 331, "loss": 0.64457, "obj": 0.64457, "sup": 0.0, "lr": 0.0005, "time": 1790979920.12747}
{"type": "train", "epoch": 332, "loss": 0.64343, "obj": 0.64343, "sup": 0.0, "lr": 0.0005, "time": 1790979920.39631}
{"type": "train", "epoch": 333, "loss": 0.64723, "obj": 0.64723, "sup": 0.0, "lr": 0.0005, "time": 1790979920.67612}
{"type": "train", "epoch": 334, "loss": 0.6424, "obj": 0.6424, "sup": 0.0, "lr": 0.0005, "time": 1790979920.95595}
{"type": "train", "epoch": 335, "loss": 0.64121, "obj": 0.64121, "sup": 0.0, "lr": 0.0005, "time": 1790979921.22897}
{"type": "train", "epoch": 336, "loss": 0.6388, "obj": 0.6388, "sup": 0.0, "lr": 0.0005, "time": 1790979921.51527}
{"type": "train", "epoch": 337, "loss": 0.63824, "obj": 0.63824, "sup": 0.0, "lr": 0.0005, "time": 1790979921.7935}
{"type": "train", "epoch": 338, "loss": 0.64047, "obj": 0.64047, "sup": 0.0, "lr": 0.0005, "time": 1790979922.0705}
{"type": "train", "epoch": 339, "loss": 0.63976, "obj": 0.63976, "sup": 0.0, "lr": 0.0005, "time": 1790979922.3438}
{"type": "train", "epoch": 340, "loss": 0.65044, "obj": 0.65044, "sup": 0.0, "lr": 0.0005, "time": 1790979922.62748}
{"type": "train", "epoch": 341, "loss": 0.64201, "obj": 0.64201, "sup": 0.0, "lr": 0.0005, "time": 1790979922.90059}
{"type": "train", "epoch": 342, "loss": 0.64286, "obj": 0.64286, "sup": 0.0, "lr": 0.0005, "time": 1790979923.16736}
{"type": "train", "epoch": 343, "loss": 0.64059, "obj": 0.64059, "sup": 0.0, "lr": 0.0005, "time": 1790979923.43505}
{"type": "train", "epoch": 344, "loss": 0.63871, "obj": 0.63871, "sup": 0.0, "lr": 0.0005, "time": 1790979923.70262}
{"type": "train", "epoch": 345, "loss": 0.64197, "obj": 0.64197, "sup": 0.0, "lr": 0.0005, "time": 1790979923.96718}
{"type": "train", "epoch": 346, "loss": 0.63655, "obj": 0.63655, "sup": 0.0, "lr": 0.0005, "time": 1790979924.2293}
{"type": "train", "epoch": 347, "loss": 0.63499, "obj": 0.63499, "sup": 0.0, "lr": 0.0005, "time": 1790979924.4913}
{"type": "train", "epoch": 348, "loss": 0.63553, "obj": 0.63553, "sup": 0.0, "lr": 0.0005, "time": 1790979924.75947}
{"type": "train", "epoch": 349, "loss": 0.63412, "obj": 0.63412, "sup": 0.0, "lr": 0.0005, "time": 1790979925.02931}
{"type": "train", "epoch": 350, "loss": 0.64689, "obj": 0.64689, "sup": 0.0, "lr": 0.0005, "time": 1790979926.15194, "train_resid_median": 0.79393, "train_resid_mean": 0.7954, "train_imag_median": 0.07346, "train_obj_median": 0.63787, "train_u_loss_to_label_median": 0.65929, "val_resid_median": 0.83487, "val_resid_mean": 0.83133, "val_imag_median": 0.08174, "val_obj_median": 0.70594, "val_u_loss_to_label_median": 0.68005}
{"type": "train", "epoch": 351, "loss": 0.64191, "obj": 0.64191, "sup": 0.0, "lr": 0.0005, "time": 1790979926.41758}
{"type": "train", "epoch": 352, "loss": 0.63991, "obj": 0.63991, "sup": 0.0, "lr": 0.0005, "time": 1790979926.6845}
{"type": "train", "epoch": 353, "loss": 0.64126, "obj": 0.64126, "sup": 0.0, "lr": 0.0005, "time": 1790979926.94717}
{"type": "train", "epoch": 354, "loss": 0.63866, "obj": 0.63866, "sup": 0.0, "lr": 0.0005, "time": 1790979927.20967}
{"type": "train", "epoch": 355, "loss": 0.63282, "obj": 0.63282, "sup": 0.0, "lr": 0.0005, "time": 1790979927.47397}
{"type": "train", "epoch": 356, "loss": 0.63727, "obj": 0.63727, "sup": 0.0, "lr": 0.0005, "time": 1790979927.75399}
{"type": "train", "epoch": 357, "loss": 0.63562, "obj": 0.63562, "sup": 0.0, "lr": 0.0005, "time": 1790979928.04133}
{"type": "train", "epoch": 358, "loss": 0.63491, "obj": 0.63491, "sup": 0.0, "lr": 0.0005, "time": 1790979928.31}
{"type": "train", "epoch": 359, "loss": 0.63046, "obj": 0.63046, "sup": 0.0, "lr": 0.0005, "time": 1790979928.57944}
{"type": "train", "epoch": 360, "loss": 0.63633, "obj": 0.63633, "sup": 0.0, "lr": 0.0005, "time": 1790979928.84777}
{"type": "train", "epoch": 361, "loss": 0.62897, "obj": 0.62897, "sup": 0.0, "lr": 0.0005, "time": 1790979929.1107}
{"type": "train", "epoch": 362, "loss": 0.63356, "obj": 0.63356, "sup": 0.0, "lr": 0.0005, "time": 1790979929.39417}
{"type": "train", "epoch": 363, "loss": 0.63197, "obj": 0.63197, "sup": 0.0, "lr": 0.0005, "time": 1790979929.66959}
{"type": "train", "epoch": 364, "loss": 0.62886, "obj": 0.62886, "sup": 0.0, "lr": 0.0005, "time": 1790979929.93281}
{"type": "train", "epoch": 365, "loss": 0.62821, "obj": 0.62821, "sup": 0.0, "lr": 0.0005, "time": 1790979930.22285}
{"type": "train", "epoch": 366, "loss": 0.62384, "obj": 0.62384, "sup": 0.0, "lr": 0.0005, "time": 1790979930.49898}
{"type": "train", "epoch": 367, "loss": 0.62254, "obj": 0.62254, "sup": 0.0, "lr": 0.0005, "time": 1790979930.76264}
{"type": "train", "epoch": 368, "loss": 0.62399, "obj": 0.62399, "sup": 0.0, "lr": 0.0005, "time": 1790979931.02588}
{"type": "train", "epoch": 369, "loss": 0.62538, "obj": 0.62538, "sup": 0.0, "lr": 0.0005, "time": 1790979931.2893}
{"type": "train", "epoch": 370, "loss": 0.62654, "obj": 0.62654, "sup": 0.0, "lr": 0.0005, "time": 1790979931.55146}
{"type": "train", "epoch": 371, "loss": 0.62254, "obj": 0.62254, "sup": 0.0, "lr": 0.0005, "time": 1790979931.81486}
{"type": "train", "epoch": 372, "loss": 0.63034, "obj": 0.63034, "sup": 0.0, "lr": 0.0005, "time": 1790979932.07739}
{"type": "train", "epoch": 373, "loss": 0.6257, "obj": 0.6257, "sup": 0.0, "lr": 0.0005, "time": 1790979932.34069}
{"type": "train", "epoch": 374, "loss": 0.62901, "obj": 0.62901, "sup": 0.0, "lr": 0.0005, "time": 1790979932.60756}
{"type": "train", "epoch": 375, "loss": 0.63211, "obj": 0.63211, "sup": 0.0, "lr": 0.0005, "time": 1790979932.87774}
{"type": "train", "epoch": 376, "loss": 0.62432, "obj": 0.62432, "sup": 0.0, "lr": 0.0005, "time": 1790979933.16139}
{"type": "train", "epoch": 377, "loss": 0.63529, "obj": 0.63529, "sup": 0.0, "lr": 0.0005, "time": 1790979933.43499}
{"type": "train", "epoch": 378, "loss": 0.62577, "obj": 0.62577, "sup": 0.0, "lr": 0.0005, "time": 1790979933.69732}
{"type": "train", "epoch": 379, "loss": 0.6208, "obj": 0.6208, "sup": 0.0, "lr": 0.0005, "time": 1790979933.97497}
{"type": "train", "epoch": 380, "loss": 0.6244, "obj": 0.6244, "sup": 0.0, "lr": 0.0005, "time": 1790979934.26081}
{"type": "train", "epoch": 381, "loss": 0.62156, "obj": 0.62156, "sup": 0.0, "lr": 0.0005, "time": 1790979934.5266}
{"type": "train", "epoch": 382, "loss": 0.63567, "obj": 0.63567, "sup": 0.0, "lr": 0.0005, "time": 1790979934.7934}
{"type": "train", "epoch": 383, "loss": 0.62833, "obj": 0.62833, "sup": 0.0, "lr": 0.0005, "time": 1790979935.06039}
{"type": "train", "epoch": 384, "loss": 0.63326, "obj": 0.63326, "sup": 0.0, "lr": 0.0005, "time": 1790979935.32899}
{"type": "train", "epoch": 385, "loss": 0.63634, "obj": 0.63634, "sup": 0.0, "lr": 0.0005, "time": 1790979935.60109}
{"type": "train", "epoch": 386, "loss": 0.63305, "obj": 0.63305, "sup": 0.0, "lr": 0.0005, "time": 1790979935.91107}
{"type": "train", "epoch": 387, "loss": 0.62876, "obj": 0.62876, "sup": 0.0, "lr": 0.0005, "time": 1790979936.17871}
{"type": "train", "epoch": 388, "loss": 0.64004, "obj": 0.64004, "sup": 0.0, "lr": 0.0005, "time": 1790979936.44191}
{"type": "train", "epoch": 389, "loss": 0.63428, "obj": 0.63428, "sup": 0.0, "lr": 0.0005, "time": 1790979936.70505}
{"type": "train", "epoch": 390, "loss": 0.6246, "obj": 0.6246, "sup": 0.0, "lr": 0.0005, "time": 1790979936.9687}
{"type": "train", "epoch": 391, "loss": 0.62775, "obj": 0.62775, "sup": 0.0, "lr": 0.0005, "time": 1790979937.23112}
{"type": "train", "epoch": 392, "loss": 0.62344, "obj": 0.62344, "sup": 0.0, "lr": 0.0005, "time": 1790979937.49354}
{"type": "train", "epoch": 393, "loss": 0.62648, "obj": 0.62648, "sup": 0.0, "lr": 0.0005, "time": 1790979937.79662}
{"type": "train", "epoch": 394, "loss": 0.64216, "obj": 0.64216, "sup": 0.0, "lr": 0.0005, "time": 1790979938.07379}
{"type": "train", "epoch": 395, "loss": 0.6437, "obj": 0.6437, "sup": 0.0, "lr": 0.0005, "time": 1790979938.36167}
{"type": "train", "epoch": 396, "loss": 0.64507, "obj": 0.64507, "sup": 0.0, "lr": 0.0005, "time": 1790979938.65729}
{"type": "train", "epoch": 397, "loss": 0.63603, "obj": 0.63603, "sup": 0.0, "lr": 0.0005, "time": 1790979938.94385}
{"type": "train", "epoch": 398, "loss": 0.63504, "obj": 0.63504, "sup": 0.0, "lr": 0.0005, "time": 1790979939.20775}
{"type": "train", "epoch": 399, "loss": 0.62459, "obj": 0.62459, "sup": 0.0, "lr": 0.0005, "time": 1790979939.49453}
{"type": "train", "epoch": 400, "loss": 0.62421, "obj": 0.62421, "sup": 0.0, "lr": 0.0005, "time": 1790979940.61353, "train_resid_median": 0.77578, "train_resid_mean": 0.78103, "train_imag_median": 0.06998, "train_obj_median": 0.6119, "train_u_loss_to_label_median": 0.66593, "val_resid_median": 0.83817, "val_resid_mean": 0.83381, "val_imag_median": 0.07256, "val_obj_median": 0.71403, "val_u_loss_to_label_median": 0.6804}
{"type": "train", "epoch": 401, "loss": 0.62336, "obj": 0.62336, "sup": 0.0, "lr": 0.0005, "time": 1790979940.89789}
{"type": "train", "epoch": 402, "loss": 0.62271, "obj": 0.62271, "sup": 0.0, "lr": 0.0005, "time": 1790979941.16876}
{"type": "train", "epoch": 403, "loss": 0.61818, "obj": 0.61818, "sup": 0.0, "lr": 0.0005, "time": 1790979941.43931}
{"type": "train", "epoch": 404, "loss": 0.61828, "obj": 0.61828, "sup": 0.0, "lr": 0.0005, "time": 1790979941.70349}
{"type": "train", "epoch": 405, "loss": 0.61741, "obj": 0.61741, "sup": 0.0, "lr": 0.0005, "time": 1790979941.98464}
{"type": "train", "epoch": 406, "loss": 0.61343, "obj": 0.61343, "sup": 0.0, "lr": 0.0005, "time": 1790979942.26952}
{"type": "train", "epoch": 407, "loss": 0.61231, "obj": 0.61231, "sup": 0.0, "lr": 0.0005, "time": 1790979942.54131}
{"type": "train", "epoch": 408, "loss": 0.62211, "obj": 0.62211, "sup": 0.0, "lr": 0.0005, "time": 1790979942.81477}
{"type": "train", "epoch": 409, "loss": 0.62291, "obj": 0.62291, "sup": 0.0, "lr": 0.0005, "time": 1790979943.10362}
{"type": "train", "epoch": 410, "loss": 0.61564, "obj": 0.61564, "sup": 0.0, "lr": 0.0005, "time": 1790979943.3767}
{"type": "train", "epoch": 411, "loss": 0.61238, "obj": 0.61238, "sup": 0.0, "lr": 0.0005, "time": 1790979943.64944}
{"type": "train", "epoch": 412, "loss": 0.61684, "obj": 0.61684, "sup": 0.0, "lr": 0.0005, "time": 1790979943.92302}
{"type": "train", "epoch": 413, "loss": 0.61414, "obj": 0.61414, "sup": 0.0, "lr": 0.0005, "time": 1790979944.25901}
{"type": "train", "epoch": 414, "loss": 0.61309, "obj": 0.61309, "sup": 0.0, "lr": 0.0005, "time": 1790979944.61489}
{"type": "train", "epoch": 415, "loss": 0.6139, "obj": 0.6139, "sup": 0.0, "lr": 0.0005, "time": 1790979944.91667}
{"type": "train", "epoch": 416, "loss": 0.61376, "obj": 0.61376, "sup": 0.0, "lr": 0.0005, "time": 1790979945.19581}
{"type": "train", "epoch": 417, "loss": 0.61528, "obj": 0.61528, "sup": 0.0, "lr": 0.0005, "time": 1790979945.47341}
{"type": "train", "epoch": 418, "loss": 0.62383, "obj": 0.62383, "sup": 0.0, "lr": 0.0005, "time": 1790979945.75732}
{"type": "train", "epoch": 419, "loss": 0.62023, "obj": 0.62023, "sup": 0.0, "lr": 0.0005, "time": 1790979946.05272}
{"type": "train", "epoch": 420, "loss": 0.61315, "obj": 0.61315, "sup": 0.0, "lr": 0.0005, "time": 1790979946.35954}
{"type": "train", "epoch": 421, "loss": 0.61038, "obj": 0.61038, "sup": 0.0, "lr": 0.0005, "time": 1790979946.62082}
{"type": "train", "epoch": 422, "loss": 0.6146, "obj": 0.6146, "sup": 0.0, "lr": 0.0005, "time": 1790979946.88388}
{"type": "train", "epoch": 423, "loss": 0.60711, "obj": 0.60711, "sup": 0.0, "lr": 0.0005, "time": 1790979947.14618}
{"type": "train", "epoch": 424, "loss": 0.61094, "obj": 0.61094, "sup": 0.0, "lr": 0.0005, "time": 1790979947.41089}
{"type": "train", "epoch": 425, "loss": 0.60877, "obj": 0.60877, "sup": 0.0, "lr": 0.0005, "time": 1790979947.67406}
{"type": "train", "epoch": 426, "loss": 0.6208, "obj": 0.6208, "sup": 0.0, "lr": 0.0005, "time": 1790979947.93705}
{"type": "train", "epoch": 427, "loss": 0.60836, "obj": 0.60836, "sup": 0.0, "lr": 0.0005, "time": 1790979948.19972}
{"type": "train", "epoch": 428, "loss": 0.61184, "obj": 0.61184, "sup": 0.0, "lr": 0.0005, "time": 1790979948.46271}
{"type": "train", "epoch": 429, "loss": 0.60549, "obj": 0.60549, "sup": 0.0, "lr": 0.0005, "time": 1790979948.72599}
{"type": "train", "epoch": 430, "loss": 0.61192, "obj": 0.61192, "sup": 0.0, "lr": 0.0005, "time": 1790979948.98892}
{"type": "train", "epoch": 431, "loss": 0.61787, "obj": 0.61787, "sup": 0.0, "lr": 0.0005, "time": 1790979949.25713}
{"type": "train", "epoch": 432, "loss": 0.60634, "obj": 0.60634, "sup": 0.0, "lr": 0.0005, "time": 1790979949.51997}
{"type": "train", "epoch": 433, "loss": 0.61139, "obj": 0.61139, "sup": 0.0, "lr": 0.0005, "time": 1790979949.78143}
{"type": "train", "epoch": 434, "loss": 0.60609, "obj": 0.60609, "sup": 0.0, "lr": 0.0005, "time": 1790979950.04417}
{"type": "train", "epoch": 435, "loss": 0.61118, "obj": 0.61118, "sup": 0.0, "lr": 0.0005, "time": 1790979950.30933}
{"type": "train", "epoch": 436, "loss": 0.61987, "obj": 0.61987, "sup": 0.0, "lr": 0.0005, "time": 1790979950.57194}
{"type": "train", "epoch": 437, "loss": 0.60979, "obj": 0.60979, "sup": 0.0, "lr": 0.0005, "time": 1790979950.835}
{"type": "train", "epoch": 438, "loss": 0.61614, "obj": 0.61614, "sup": 0.0, "lr": 0.0005, "time": 1790979951.09893}
{"type": "train", "epoch": 439, "loss": 0.61097, "obj": 0.61097, "sup": 0.0, "lr": 0.0005, "time": 1790979951.39587}
{"type": "train", "epoch": 440, "loss": 0.6064, "obj": 0.6064, "sup": 0.0, "lr": 0.0005, "time": 1790979951.6581}
{"type": "train", "epoch": 441, "loss": 0.61236, "obj": 0.61236, "sup": 0.0, "lr": 0.0005, "time": 1790979951.92447}
{"type": "train", "epoch": 442, "loss": 0.61432, "obj": 0.61432, "sup": 0.0, "lr": 0.0005, "time": 1790979952.21048}
{"type": "train", "epoch": 443, "loss": 0.60584, "obj": 0.60584, "sup": 0.0, "lr": 0.0005, "time": 1790979952.47389}
{"type": "train", "epoch": 444, "loss": 0.60298, "obj": 0.60298, "sup": 0.0, "lr": 0.0005, "time": 1790979952.7397}
{"type": "train", "epoch": 445, "loss": 0.60382, "obj": 0.60382, "sup": 0.0, "lr": 0.0005, "time": 1790979953.00299}
{"type": "train", "epoch": 446, "loss": 0.59966, "obj": 0.59966, "sup": 0.0, "lr": 0.0005, "time": 1790979953.27263}
{"type": "train", "epoch": 447, "loss": 0.60218, "obj": 0.60218, "sup": 0.0, "lr": 0.0005, "time": 1790979953.53875}
{"type": "train", "epoch": 448, "loss": 0.60706, "obj": 0.60706, "sup": 0.0, "lr": 0.0005, "time": 1790979953.79996}
{"type": "train", "epoch": 449, "loss": 0.6048, "obj": 0.6048, "sup": 0.0, "lr": 0.0005, "time": 1790979954.06251}
{"type": "train", "epoch": 450, "loss": 0.60086, "obj": 0.60086, "sup": 0.0, "lr": 0.0005, "time": 1790979955.26037, "train_resid_median": 0.76009, "train_resid_mean": 0.76499, "train_imag_median": 0.05996, "train_obj_median": 0.58633, "train_u_loss_to_label_median": 0.66484, "val_resid_median": 0.83932, "val_resid_mean": 0.83372, "val_imag_median": 0.07166, "val_obj_median": 0.71592, "val_u_loss_to_label_median": 0.6833}
{"type": "train", "epoch": 451, "loss": 0.59966, "obj": 0.59966, "sup": 0.0, "lr": 0.0005, "time": 1790979955.5806}
{"type": "train", "epoch": 452, "loss": 0.60368, "obj": 0.60368, "sup": 0.0, "lr": 0.0005, "time": 1790979955.89286}
{"type": "train", "epoch": 453, "loss": 0.61509, "obj": 0.61509, "sup": 0.0, "lr": 0.0005, "time": 1790979956.18084}
{"type": "train", "epoch": 454, "loss": 0.60449, "obj": 0.60449, "sup": 0.0, "lr": 0.0005, "time": 1790979956.49952}
{"type": "train", "epoch": 455, "loss": 0.60897, "obj": 0.60897, "sup": 0.0, "lr": 0.0005, "time": 1790979956.80221}
{"type": "train", "epoch": 456, "loss": 0.61245, "obj": 0.61245, "sup": 0.0, "lr": 0.0005, "time": 1790979957.17897}
{"type": "train", "epoch": 457, "loss": 0.60421, "obj": 0.60421, "sup": 0.0, "lr": 0.0005, "time": 1790979957.4652}
{"type": "train", "epoch": 458, "loss": 0.60368, "obj": 0.60368, "sup": 0.0, "lr": 0.0005, "time": 1790979957.74321}
{"type": "train", "epoch": 459, "loss": 0.61053, "obj": 0.61053, "sup": 0.0, "lr": 0.0005, "time": 1790979958.00832}
{"type": "train", "epoch": 460, "loss": 0.60521, "obj": 0.60521, "sup": 0.0, "lr": 0.0005, "time": 1790979958.27296}
{"type": "train", "epoch": 461, "loss": 0.59827, "obj": 0.59827, "sup": 0.0, "lr": 0.0005, "time": 1790979958.551}
{"type": "train", "epoch": 462, "loss": 0.59709, "obj": 0.59709, "sup": 0.0, "lr": 0.0005, "time": 1790979958.83305}
{"type": "train", "epoch": 463, "loss": 0.59692, "obj": 0.59692, "sup": 0.0, "lr": 0.0005, "time": 1790979959.13974}
{"type": "train", "epoch": 464, "loss": 0.59634, "obj": 0.59634, "sup": 0.0, "lr": 0.0005, "time": 1790979959.46609}
{"type": "train", "epoch": 465, "loss": 0.6021, "obj": 0.6021, "sup": 0.0, "lr": 0.0005, "time": 1790979959.72779}
{"type": "train", "epoch": 466, "loss": 0.59867, "obj": 0.59867, "sup": 0.0, "lr": 0.0005, "time": 1790979960.03354}
{"type": "train", "epoch": 467, "loss": 0.59899, "obj": 0.59899, "sup": 0.0, "lr": 0.0005, "time": 1790979960.37497}
{"type": "train", "epoch": 468, "loss": 0.60912, "obj": 0.60912, "sup": 0.0, "lr": 0.0005, "time": 1790979960.64636}
{"type": "train", "epoch": 469, "loss": 0.60945, "obj": 0.60945, "sup": 0.0, "lr": 0.0005, "time": 1790979960.92573}
{"type": "train", "epoch": 470, "loss": 0.61205, "obj": 0.61205, "sup": 0.0, "lr": 0.0005, "time": 1790979961.24404}
{"type": "train", "epoch": 471, "loss": 0.60096, "obj": 0.60096, "sup": 0.0, "lr": 0.0005, "time": 1790979961.51037}
{"type": "train", "epoch": 472, "loss": 0.5995, "obj": 0.5995, "sup": 0.0, "lr": 0.0005, "time": 1790979961.79206}
{"type": "train", "epoch": 473, "loss": 0.59388, "obj": 0.59388, "sup": 0.0, "lr": 0.0005, "time": 1790979962.0757}
{"type": "train", "epoch": 474, "loss": 0.59106, "obj": 0.59106, "sup": 0.0, "lr": 0.0005, "time": 1790979962.33797}
{"type": "train", "epoch": 475, "loss": 0.5874, "obj": 0.5874, "sup": 0.0, "lr": 0.0005, "time": 1790979962.60198}
{"type": "train", "epoch": 476, "loss": 0.59051, "obj": 0.59051, "sup": 0.0, "lr": 0.0005, "time": 1790979962.86339}
{"type": "train", "epoch": 477, "loss": 0.58841, "obj": 0.58841, "sup": 0.0, "lr": 0.0005, "time": 1790979963.12781}
{"type": "train", "epoch": 478, "loss": 0.58718, "obj": 0.58718, "sup": 0.0, "lr": 0.0005, "time": 1790979963.39155}
{"type": "train", "epoch": 479, "loss": 0.58399, "obj": 0.58399, "sup": 0.0, "lr": 0.0005, "time": 1790979963.65642}
{"type": "train", "epoch": 480, "loss": 0.58967, "obj": 0.58967, "sup": 0.0, "lr": 0.0005, "time": 1790979963.94448}
{"type": "train", "epoch": 481, "loss": 0.58257, "obj": 0.58257, "sup": 0.0, "lr": 0.0005, "time": 1790979964.25806}
{"type": "train", "epoch": 482, "loss": 0.5838, "obj": 0.5838, "sup": 0.0, "lr": 0.0005, "time": 1790979964.57895}
{"type": "train", "epoch": 483, "loss": 0.58749, "obj": 0.58749, "sup": 0.0, "lr": 0.0005, "time": 1790979964.84465}
{"type": "train", "epoch": 484, "loss": 0.58278, "obj": 0.58278, "sup": 0.0, "lr": 0.0005, "time": 1790979965.10991}
{"type": "train", "epoch": 485, "loss": 0.59068, "obj": 0.59068, "sup": 0.0, "lr": 0.0005, "time": 1790979965.3736}
{"type": "train", "epoch": 486, "loss": 0.587, "obj": 0.587, "sup": 0.0, "lr": 0.0005, "time": 1790979965.66697}
{"type": "train", "epoch": 487, "loss": 0.59192, "obj": 0.59192, "sup": 0.0, "lr": 0.0005, "time": 1790979965.92924}
{"type": "train", "epoch": 488, "loss": 0.58813, "obj": 0.58813, "sup": 0.0, "lr": 0.0005, "time": 1790979966.21592}
{"type": "train", "epoch": 489, "loss": 0.59188, "obj": 0.59188, "sup": 0.0, "lr": 0.0005, "time": 1790979966.48333}
{"type": "train", "epoch": 490, "loss": 0.58686, "obj": 0.58686, "sup": 0.0, "lr": 0.0005, "time": 1790979966.7497}
{"type": "train", "epoch": 491, "loss": 0.58372, "obj": 0.58372, "sup": 0.0, "lr": 0.0005, "time": 1790979967.01384}
{"type": "train", "epoch": 492, "loss": 0.5801, "obj": 0.5801, "sup": 0.0, "lr": 0.0005, "time": 1790979967.27644}
{"type": "train", "epoch": 493, "loss": 0.5822, "obj": 0.5822, "sup": 0.0, "lr": 0.0005, "time": 1790979967.5411}
{"type": "train", "epoch": 494, "loss": 0.584, "obj": 0.584, "sup": 0.0, "lr": 0.0005, "time": 1790979967.80329}
{"type": "train", "epoch": 495, "loss": 0.58086, "obj": 0.58086, "sup": 0.0, "lr": 0.0005, "time": 1790979968.06687}
{"type": "train", "epoch": 496, "loss": 0.58469, "obj": 0.58469, "sup": 0.0, "lr": 0.0005, "time": 1790979968.32963}
{"type": "train", "epoch": 497, "loss": 0.58002, "obj": 0.58002, "sup": 0.0, "lr": 0.0005, "time": 1790979968.59297}
{"type": "train", "epoch": 498, "loss": 0.58456, "obj": 0.58456, "sup": 0.0, "lr": 0.0005, "time": 1790979968.85593}
{"type": "train", "epoch": 499, "loss": 0.58156, "obj": 0.58156, "sup": 0.0, "lr": 0.0005, "time": 1790979969.12264}
{"type": "train", "epoch": 500, "loss": 0.5803, "obj": 0.5803, "sup": 0.0, "lr": 0.0005, "time": 1790979970.24787, "train_resid_median": 0.74347, "train_resid_mean": 0.75002, "train_imag_median": 0.07262, "train_obj_median": 0.56276, "train_u_loss_to_label_median": 0.67403, "val_resid_median": 0.84968, "val_resid_mean": 0.84385, "val_imag_median": 0.09438, "val_obj_median": 0.73442, "val_u_loss_to_label_median": 0.69599}
{"type": "train", "epoch": 501, "loss": 0.5788, "obj": 0.5788, "sup": 0.0, "lr": 0.0005, "time": 1790979970.62565}
{"type": "train", "epoch": 502, "loss": 0.57979, "obj": 0.57979, "sup": 0.0, "lr": 0.0005, "time": 1790979970.911}
{"type": "train", "epoch": 503, "loss": 0.57807, "obj": 0.57807, "sup": 0.0, "lr": 0.0005, "time": 1790979971.21415}
{"type": "train", "epoch": 504, "loss": 0.57663, "obj": 0.57663, "sup": 0.0, "lr": 0.0005, "time": 1790979971.59365}
{"type": "train", "epoch": 505, "loss": 0.57444, "obj": 0.57444, "sup": 0.0, "lr": 0.0005, "time": 1790979971.93962}
{"type": "train", "epoch": 506, "loss": 0.57453, "obj": 0.57453, "sup": 0.0, "lr": 0.0005, "time": 1790979972.26655}
{"type": "train", "epoch": 507, "loss": 0.57558, "obj": 0.57558, "sup": 0.0, "lr": 0.0005, "time": 1790979972.53134}
{"type": "train", "epoch": 508, "loss": 0.57741, "obj": 0.57741, "sup": 0.0, "lr": 0.0005, "time": 1790979972.82067}
{"type": "train", "epoch": 509, "loss": 0.57364, "obj": 0.57364, "sup": 0.0, "lr": 0.0005, "time": 1790979973.14581}
{"type": "train", "epoch": 510, "loss": 0.56953, "obj": 0.56953, "sup": 0.0, "lr": 0.0005, "time": 1790979973.4969}
{"type": "train", "epoch": 511, "loss": 0.57034, "obj": 0.57034, "sup": 0.0, "lr": 0.0005, "time": 1790979973.86202}
{"type": "train", "epoch": 512, "loss": 0.57067, "obj": 0.57067, "sup": 0.0, "lr": 0.0005, "time": 1790979974.2494}
{"type": "train", "epoch": 513, "loss": 0.56786, "obj": 0.56786, "sup": 0.0, "lr": 0.0005, "time": 1790979974.64296}
{"type": "train", "epoch": 514, "loss": 0.56568, "obj": 0.56568, "sup": 0.0, "lr": 0.0005, "time": 1790979975.05292}
{"type": "train", "epoch": 515, "loss": 0.56563, "obj": 0.56563, "sup": 0.0, "lr": 0.0005, "time": 1790979975.37784}
{"type": "train", "epoch": 516, "loss": 0.57389, "obj": 0.57389, "sup": 0.0, "lr": 0.0005, "time": 1790979975.70548}
{"type": "train", "epoch": 517, "loss": 0.58188, "obj": 0.58188, "sup": 0.0, "lr": 0.0005, "time": 1790979976.06303}
{"type": "train", "epoch": 518, "loss": 0.57646, "obj": 0.57646, "sup": 0.0, "lr": 0.0005, "time": 1790979976.40559}
{"type": "train", "epoch": 519, "loss": 0.57608, "obj": 0.57608, "sup": 0.0, "lr": 0.0005, "time": 1790979976.69167}
{"type": "train", "epoch": 520, "loss": 0.57621, "obj": 0.57621, "sup": 0.0, "lr": 0.0005, "time": 1790979976.99499}
{"type": "train", "epoch": 521, "loss": 0.57957, "obj": 0.57957, "sup": 0.0, "lr": 0.0005, "time": 1790979977.3261}
{"type": "train", "epoch": 522, "loss": 0.57384, "obj": 0.57384, "sup": 0.0, "lr": 0.0005, "time": 1790979977.69901}
{"type": "train", "epoch": 523, "loss": 0.56854, "obj": 0.56854, "sup": 0.0, "lr": 0.0005, "time": 1790979978.00056}
{"type": "train", "epoch": 524, "loss": 0.56994, "obj": 0.56994, "sup": 0.0, "lr": 0.0005, "time": 1790979978.32298}
{"type": "train", "epoch": 525, "loss": 0.56525, "obj": 0.56525, "sup": 0.0, "lr": 0.0005, "time": 1790979978.66296}
{"type": "train", "epoch": 526, "loss": 0.56821, "obj": 0.56821, "sup": 0.0, "lr": 0.0005, "time": 1790979979.00331}
{"type": "train", "epoch": 527, "loss": 0.58002, "obj": 0.58002, "sup": 0.0, "lr": 0.0005, "time": 1790979979.31894}
{"type": "train", "epoch": 528, "loss": 0.58917, "obj": 0.58917, "sup": 0.0, "lr": 0.0005, "time": 1790979979.63385}
{"type": "train", "epoch": 529, "loss": 0.58033, "obj": 0.58033, "sup": 0.0, "lr": 0.0005, "time": 1790979979.97883}
{"type": "train", "epoch": 530, "loss": 0.57339, "obj": 0.57339, "sup": 0.0, "lr": 0.0005, "time": 1790979980.29281}
{"type": "train", "epoch": 531, "loss": 0.57663, "obj": 0.57663, "sup": 0.0, "lr": 0.0005, "time": 1790979980.61746}
{"type": "train", "epoch": 532, "loss": 0.56981, "obj": 0.56981, "sup": 0.0, "lr": 0.0005, "time": 1790979980.94518}
{"type": "train", "epoch": 533, "loss": 0.57069, "obj": 0.57069, "sup": 0.0, "lr": 0.0005, "time": 1790979981.3115}
{"type": "train", "epoch": 534, "loss": 0.57273, "obj": 0.57273, "sup": 0.0, "lr": 0.0005, "time": 1790979981.62167}
{"type": "train", "epoch": 535, "loss": 0.57052, "obj": 0.57052, "sup": 0.0, "lr": 0.0005, "time": 1790979981.90664}
{"type": "train", "epoch": 536, "loss": 0.56552, "obj": 0.56552, "sup": 0.0, "lr": 0.0005, "time": 1790979982.17502}
{"type": "train", "epoch": 537, "loss": 0.56654, "obj": 0.56654, "sup": 0.0, "lr": 0.0005, "time": 1790979982.48295}
{"type": "train", "epoch": 538, "loss": 0.56531, "obj": 0.56531, "sup": 0.0, "lr": 0.0005, "time": 1790979982.80967}
{"type": "train", "epoch": 539, "loss": 0.56545, "obj": 0.56545, "sup": 0.0, "lr": 0.0005, "time": 1790979983.10944}
{"type": "train", "epoch": 540, "loss": 0.5598, "obj": 0.5598, "sup": 0.0, "lr": 0.0005, "time": 1790979983.40814}
{"type": "train", "epoch": 541, "loss": 0.55973, "obj": 0.55973, "sup": 0.0, "lr": 0.0005, "time": 1790979983.67061}
{"type": "train", "epoch": 542, "loss": 0.56157, "obj": 0.56157, "sup": 0.0, "lr": 0.0005, "time": 1790979983.93538}
{"type": "train", "epoch": 543, "loss": 0.55523, "obj": 0.55523, "sup": 0.0, "lr": 0.0005, "time": 1790979984.23282}
{"type": "train", "epoch": 544, "loss": 0.55656, "obj": 0.55656, "sup": 0.0, "lr": 0.0005, "time": 1790979984.60148}
{"type": "train", "epoch": 545, "loss": 0.55688, "obj": 0.55688, "sup": 0.0, "lr": 0.0005, "time": 1790979984.96603}
{"type": "train", "epoch": 546, "loss": 0.55356, "obj": 0.55356, "sup": 0.0, "lr": 0.0005, "time": 1790979985.33528}
{"type": "train", "epoch": 547, "loss": 0.59312, "obj": 0.59312, "sup": 0.0, "lr": 0.0005, "time": 1790979985.67747}
{"type": "train", "epoch": 548, "loss": 0.60609, "obj": 0.60609, "sup": 0.0, "lr": 0.0005, "time": 1790979985.97739}
{"type": "train", "epoch": 549, "loss": 0.5877, "obj": 0.5877, "sup": 0.0, "lr": 0.0005, "time": 1790979986.24265}
{"type": "train", "epoch": 550, "loss": 0.56977, "obj": 0.56977, "sup": 0.0, "lr": 0.0005, "time": 1790979987.38547, "train_resid_median": 0.74713, "train_resid_mean": 0.75155, "train_imag_median": 0.08342, "train_obj_median": 0.5673, "train_u_loss_to_label_median": 0.67409, "val_resid_median": 0.84432, "val_resid_mean": 0.84105, "val_imag_median": 0.09834, "val_obj_median": 0.72517, "val_u_loss_to_label_median": 0.70058}
{"type": "train", "epoch": 551, "loss": 0.57901, "obj": 0.57901, "sup": 0.0, "lr": 0.0005, "time": 1790979987.73504}
{"type": "train", "epoch": 552, "loss": 0.57028, "obj": 0.57028, "sup": 0.0, "lr": 0.0005, "time": 1790979988.02627}
{"type": "train", "epoch": 553, "loss": 0.56955, "obj": 0.56955, "sup": 0.0, "lr": 0.0005, "time": 1790979988.33096}
{"type": "train", "epoch": 554, "loss": 0.55916, "obj": 0.55916, "sup": 0.0, "lr": 0.0005, "time": 1790979988.66866}
{"type": "train", "epoch": 555, "loss": 0.56353, "obj": 0.56353, "sup": 0.0, "lr": 0.0005, "time": 1790979989.04695}
{"type": "train", "epoch": 556, "loss": 0.55968, "obj": 0.55968, "sup": 0.0, "lr": 0.0005, "time": 1790979989.40296}
{"type": "train", "epoch": 557, "loss": 0.56755, "obj": 0.56755, "sup": 0.0, "lr": 0.0005, "time": 1790979989.73095}
{"type": "train", "epoch": 558, "loss": 0.56512, "obj": 0.56512, "sup": 0.0, "lr": 0.0005, "time": 1790979990.06695}
{"type": "train", "epoch": 559, "loss": 0.55983, "obj": 0.55983, "sup": 0.0, "lr": 0.0005, "time": 1790979990.38704}
{"type": "train", "epoch": 560, "loss": 0.55466, "obj": 0.55466, "sup": 0.0, "lr": 0.0005, "time": 1790979990.71706}
{"type": "train", "epoch": 561, "loss": 0.55987, "obj": 0.55987, "sup": 0.0, "lr": 0.0005, "time": 1790979991.06383}
{"type": "train", "epoch": 562, "loss": 0.55769, "obj": 0.55769, "sup": 0.0, "lr": 0.0005, "time": 1790979991.36672}
{"type": "train", "epoch": 563, "loss": 0.55544, "obj": 0.55544, "sup": 0.0, "lr": 0.0005, "time": 1790979991.69896}
{"type": "train", "epoch": 564, "loss": 0.55901, "obj": 0.55901, "sup": 0.0, "lr": 0.0005, "time": 1790979992.03498}
{"type": "train", "epoch": 565, "loss": 0.55319, "obj": 0.55319, "sup": 0.0, "lr": 0.0005, "time": 1790979992.36701}
{"type": "train", "epoch": 566, "loss": 0.55653, "obj": 0.55653, "sup": 0.0, "lr": 0.0005, "time": 1790979992.71307}
{"type": "train", "epoch": 567, "loss": 0.54859, "obj": 0.54859, "sup": 0.0, "lr": 0.0005, "time": 1790979993.02247}
{"type": "train", "epoch": 568, "loss": 0.55354, "obj": 0.55354, "sup": 0.0, "lr": 0.0005, "time": 1790979993.28664}
{"type": "train", "epoch": 569, "loss": 0.55655, "obj": 0.55655, "sup": 0.0, "lr": 0.0005, "time": 1790979993.55022}
{"type": "train", "epoch": 570, "loss": 0.5547, "obj": 0.5547, "sup": 0.0, "lr": 0.0005, "time": 1790979993.81434}
{"type": "train", "epoch": 571, "loss": 0.55651, "obj": 0.55651, "sup": 0.0, "lr": 0.0005, "time": 1790979994.0779}
{"type": "train", "epoch": 572, "loss": 0.54883, "obj": 0.54883, "sup": 0.0, "lr": 0.0005, "time": 1790979994.38073}
{"type": "train", "epoch": 573, "loss": 0.54634, "obj": 0.54634, "sup": 0.0, "lr": 0.0005, "time": 1790979994.68686}
{"type": "train", "epoch": 574, "loss": 0.54535, "obj": 0.54535, "sup": 0.0, "lr": 0.0005, "time": 1790979994.98594}
{"type": "train", "epoch": 575, "loss": 0.54417, "obj": 0.54417, "sup": 0.0, "lr": 0.0005, "time": 1790979995.32571}
{"type": "train", "epoch": 576, "loss": 0.56956, "obj": 0.56956, "sup": 0.0, "lr": 0.0005, "time": 1790979995.62723}
{"type": "train", "epoch": 577, "loss": 0.5599, "obj": 0.5599, "sup": 0.0, "lr": 0.0005, "time": 1790979995.95988}
{"type": "train", "epoch": 578, "loss": 0.57549, "obj": 0.57549, "sup": 0.0, "lr": 0.0005, "time": 1790979996.29495}
{"type": "train", "epoch": 579, "loss": 0.56293, "obj": 0.56293, "sup": 0.0, "lr": 0.0005, "time": 1790979996.61095}
{"type": "train", "epoch": 580, "loss": 0.55311, "obj": 0.55311, "sup": 0.0, "lr": 0.0005, "time": 1790979996.92565}
{"type": "train", "epoch": 581, "loss": 0.55046, "obj": 0.55046, "sup": 0.0, "lr": 0.0005, "time": 1790979997.25123}
{"type": "train", "epoch": 582, "loss": 0.55497, "obj": 0.55497, "sup": 0.0, "lr": 0.0005, "time": 1790979997.54526}
{"type": "train", "epoch": 583, "loss": 0.55059, "obj": 0.55059, "sup": 0.0, "lr": 0.0005, "time": 1790979997.88113}
{"type": "train", "epoch": 584, "loss": 0.54675, "obj": 0.54675, "sup": 0.0, "lr": 0.0005, "time": 1790979998.21496}
{"type": "train", "epoch": 585, "loss": 0.54077, "obj": 0.54077, "sup": 0.0, "lr": 0.0005, "time": 1790979998.5471}
{"type": "train", "epoch": 586, "loss": 0.53996, "obj": 0.53996, "sup": 0.0, "lr": 0.0005, "time": 1790979998.83897}
{"type": "train", "epoch": 587, "loss": 0.54041, "obj": 0.54041, "sup": 0.0, "lr": 0.0005, "time": 1790979999.21707}
{"type": "train", "epoch": 588, "loss": 0.54063, "obj": 0.54063, "sup": 0.0, "lr": 0.0005, "time": 1790979999.5937}
{"type": "train", "epoch": 589, "loss": 0.54294, "obj": 0.54294, "sup": 0.0, "lr": 0.0005, "time": 1790979999.91496}
{"type": "train", "epoch": 590, "loss": 0.54129, "obj": 0.54129, "sup": 0.0, "lr": 0.0005, "time": 1790980000.22462}
{"type": "train", "epoch": 591, "loss": 0.53208, "obj": 0.53208, "sup": 0.0, "lr": 0.0005, "time": 1790980000.57901}
{"type": "train", "epoch": 592, "loss": 0.53311, "obj": 0.53311, "sup": 0.0, "lr": 0.0005, "time": 1790980000.93498}
{"type": "train", "epoch": 593, "loss": 0.52777, "obj": 0.52777, "sup": 0.0, "lr": 0.0005, "time": 1790980001.26519}
{"type": "train", "epoch": 594, "loss": 0.52507, "obj": 0.52507, "sup": 0.0, "lr": 0.0005, "time": 1790980001.609}
{"type": "train", "epoch": 595, "loss": 0.5253, "obj": 0.5253, "sup": 0.0, "lr": 0.0005, "time": 1790980001.97897}
{"type": "train", "epoch": 596, "loss": 0.52092, "obj": 0.52092, "sup": 0.0, "lr": 0.0005, "time": 1790980002.2432}
{"type": "train", "epoch": 597, "loss": 0.51938, "obj": 0.51938, "sup": 0.0, "lr": 0.0005, "time": 1790980002.53677}
{"type": "train", "epoch": 598, "loss": 0.52204, "obj": 0.52204, "sup": 0.0, "lr": 0.0005, "time": 1790980002.85309}
{"type": "train", "epoch": 599, "loss": 0.51865, "obj": 0.51865, "sup": 0.0, "lr": 0.0005, "time": 1790980003.1647}
{"type": "train", "epoch": 600, "loss": 0.51242, "obj": 0.51242, "sup": 0.0, "lr": 0.0005, "time": 1790980004.43176, "train_resid_median": 0.69688, "train_resid_mean": 0.70081, "train_imag_median": 0.07644, "train_obj_median": 0.49899, "train_u_loss_to_label_median": 0.66063, "val_resid_median": 0.85381, "val_resid_mean": 0.84538, "val_imag_median": 0.09793, "val_obj_median": 0.73996, "val_u_loss_to_label_median": 0.70489}
{"type": "train", "epoch": 601, "loss": 0.50936, "obj": 0.50936, "sup": 0.0, "lr": 0.0005, "time": 1790980004.77498}
{"type": "train", "epoch": 602, "loss": 0.51193, "obj": 0.51193, "sup": 0.0, "lr": 0.0005, "time": 1790980005.0701}
{"type": "train", "epoch": 603, "loss": 0.51227, "obj": 0.51227, "sup": 0.0, "lr": 0.0005, "time": 1790980005.41667}
{"type": "train", "epoch": 604, "loss": 0.51031, "obj": 0.51031, "sup": 0.0, "lr": 0.0005, "time": 1790980005.771}
{"type": "train", "epoch": 605, "loss": 0.50752, "obj": 0.50752, "sup": 0.0, "lr": 0.0005, "time": 1790980006.15097}
{"type": "train", "epoch": 606, "loss": 0.51754, "obj": 0.51754, "sup": 0.0, "lr": 0.0005, "time": 1790980006.52796}
{"type": "train", "epoch": 607, "loss": 0.51718, "obj": 0.51718, "sup": 0.0, "lr": 0.0005, "time": 1790980006.8966}
{"type": "train", "epoch": 608, "loss": 0.51624, "obj": 0.51624, "sup": 0.0, "lr": 0.0005, "time": 1790980007.24689}
{"type": "train", "epoch": 609, "loss": 0.51576, "obj": 0.51576, "sup": 0.0, "lr": 0.0005, "time": 1790980007.58938}
{"type": "train", "epoch": 610, "loss": 0.53373, "obj": 0.53373, "sup": 0.0, "lr": 0.0005, "time": 1790980007.96195}
{"type": "train", "epoch": 611, "loss": 0.52869, "obj": 0.52869, "sup": 0.0, "lr": 0.0005, "time": 1790980008.31455}
{"type": "train", "epoch": 612, "loss": 0.52513, "obj": 0.52513, "sup": 0.0, "lr": 0.0005, "time": 1790980008.67856}
{"type": "train", "epoch": 613, "loss": 0.54721, "obj": 0.54721, "sup": 0.0, "lr": 0.0005, "time": 1790980009.04822}
{"type": "train", "epoch": 614, "loss": 0.5246, "obj": 0.5246, "sup": 0.0, "lr": 0.0005, "time": 1790980009.426}
{"type": "train", "epoch": 615, "loss": 0.53747, "obj": 0.53747, "sup": 0.0, "lr": 0.0005, "time": 1790980009.76703}
{"type": "train", "epoch": 616, "loss": 0.52446, "obj": 0.52446, "sup": 0.0, "lr": 0.0005, "time": 1790980010.14058}
{"type": "train", "epoch": 617, "loss": 0.52109, "obj": 0.52109, "sup": 0.0, "lr": 0.0005, "time": 1790980010.47518}
{"type": "train", "epoch": 618, "loss": 0.51535, "obj": 0.51535, "sup": 0.0, "lr": 0.0005, "time": 1790980010.75281}
{"type": "train", "epoch": 619, "loss": 0.51978, "obj": 0.51978, "sup": 0.0, "lr": 0.0005, "time": 1790980011.02427}
{"type": "train", "epoch": 620, "loss": 0.51605, "obj": 0.51605, "sup": 0.0, "lr": 0.0005, "time": 1790980011.34897}
{"type": "train", "epoch": 621, "loss": 0.50987, "obj": 0.50987, "sup": 0.0, "lr": 0.0005, "time": 1790980011.66605}
{"type": "train", "epoch": 622, "loss": 0.50505, "obj": 0.50505, "sup": 0.0, "lr": 0.0005, "time": 1790980011.98399}
{"type": "train", "epoch": 623, "loss": 0.5016, "obj": 0.5016, "sup": 0.0, "lr": 0.0005, "time": 1790980012.25492}
{"type": "train", "epoch": 624, "loss": 0.49716, "obj": 0.49716, "sup": 0.0, "lr": 0.0005, "time": 1790980012.61899}
{"type": "train", "epoch": 625, "loss": 0.49334, "obj": 0.49334, "sup": 0.0, "lr": 0.0005, "time": 1790980012.91442}
{"type": "train", "epoch": 626, "loss": 0.49369, "obj": 0.49369, "sup": 0.0, "lr": 0.0005, "time": 1790980013.1971}
{"type": "train", "epoch": 627, "loss": 0.49025, "obj": 0.49025, "sup": 0.0, "lr": 0.0005, "time": 1790980013.47025}
{"type": "train", "epoch": 628, "loss": 0.48878, "obj": 0.48878, "sup": 0.0, "lr": 0.0005, "time": 1790980013.73777}
{"type": "train", "epoch": 629, "loss": 0.48623, "obj": 0.48623, "sup": 0.0, "lr": 0.0005, "time": 1790980014.06451}
{"type": "train", "epoch": 630, "loss": 0.48404, "obj": 0.48404, "sup": 0.0, "lr": 0.0005, "time": 1790980014.38321}
{"type": "train", "epoch": 631, "loss": 0.48265, "obj": 0.48265, "sup": 0.0, "lr": 0.0005, "time": 1790980014.69405}
{"type": "train", "epoch": 632, "loss": 0.48145, "obj": 0.48145, "sup": 0.0, "lr": 0.0005, "time": 1790980015.03036}
{"type": "train", "epoch": 633, "loss": 0.48274, "obj": 0.48274, "sup": 0.0, "lr": 0.0005, "time": 1790980015.35508}
{"type": "train", "epoch": 634, "loss": 0.47957, "obj": 0.47957, "sup": 0.0, "lr": 0.0005, "time": 1790980015.6752}
{"type": "train", "epoch": 635, "loss": 0.4807, "obj": 0.4807, "sup": 0.0, "lr": 0.0005, "time": 1790980016.01109}
{"type": "train", "epoch": 636, "loss": 0.47976, "obj": 0.47976, "sup": 0.0, "lr": 0.0005, "time": 1790980016.34697}
{"type": "train", "epoch": 637, "loss": 0.47148, "obj": 0.47148, "sup": 0.0, "lr": 0.0005, "time": 1790980016.68695}
{"type": "train", "epoch": 638, "loss": 0.47277, "obj": 0.47277, "sup": 0.0, "lr": 0.0005, "time": 1790980017.02835}
{"type": "train", "epoch": 639, "loss": 0.46995, "obj": 0.46995, "sup": 0.0, "lr": 0.0005, "time": 1790980017.39682}
{"type": "train", "epoch": 640, "loss": 0.47167, "obj": 0.47167, "sup": 0.0, "lr": 0.0005, "time": 1790980017.73626}
{"type": "train", "epoch": 641, "loss": 0.46683, "obj": 0.46683, "sup": 0.0, "lr": 0.0005, "time": 1790980018.15703}
{"type": "train", "epoch": 642, "loss": 0.46884, "obj": 0.46884, "sup": 0.0, "lr": 0.0005, "time": 1790980018.52449}
{"type": "train", "epoch": 643, "loss": 0.46385, "obj": 0.46385, "sup": 0.0, "lr": 0.0005, "time": 1790980018.8583}
{"type": "train", "epoch": 644, "loss": 0.4616, "obj": 0.4616, "sup": 0.0, "lr": 0.0005, "time": 1790980019.18225}
{"type": "train", "epoch": 645, "loss": 0.46506, "obj": 0.46506, "sup": 0.0, "lr": 0.0005, "time": 1790980019.44711}
{"type": "train", "epoch": 646, "loss": 0.4653, "obj": 0.4653, "sup": 0.0, "lr": 0.0005, "time": 1790980019.71261}
{"type": "train", "epoch": 647, "loss": 0.46164, "obj": 0.46164, "sup": 0.0, "lr": 0.0005, "time": 1790980019.97741}
{"type": "train", "epoch": 648, "loss": 0.46529, "obj": 0.46529, "sup": 0.0, "lr": 0.0005, "time": 1790980020.2415}
{"type": "train", "epoch": 649, "loss": 0.47172, "obj": 0.47172, "sup": 0.0, "lr": 0.0005, "time": 1790980020.50479}
{"type": "train", "epoch": 650, "loss": 0.4629, "obj": 0.4629, "sup": 0.0, "lr": 0.0005, "time": 1790980021.73843, "train_resid_median": 0.66023, "train_resid_mean": 0.67004, "train_imag_median": 0.09179, "train_obj_median": 0.45971, "train_u_loss_to_label_median": 0.66499, "val_resid_median": 0.86791, "val_resid_mean": 0.85881, "val_imag_median": 0.11994, "val_obj_median": 0.7778, "val_u_loss_to_label_median": 0.72062}
{"type": "train", "epoch": 651, "loss": 0.48135, "obj": 0.48135, "sup": 0.0, "lr": 0.0005, "time": 1790980022.079}
{"type": "train", "epoch": 652, "loss": 0.47976, "obj": 0.47976, "sup": 0.0, "lr": 0.0005, "time": 1790980022.40387}
{"type": "train", "epoch": 653, "loss": 0.48612, "obj": 0.48612, "sup": 0.0, "lr": 0.0005, "time": 1790980022.76473}
{"type": "train", "epoch": 654, "loss": 0.48636, "obj": 0.48636, "sup": 0.0, "lr": 0.0005, "time": 1790980023.14681}
{"type": "train", "epoch": 655, "loss": 0.54059, "obj": 0.54059, "sup": 0.0, "lr": 0.0005, "time": 1790980023.50297}
{"type": "train", "epoch": 656, "loss": 0.52176, "obj": 0.52176, "sup": 0.0, "lr": 0.0005, "time": 1790980023.87094}
{"type": "train", "epoch": 657, "loss": 0.5465, "obj": 0.5465, "sup": 0.0, "lr": 0.0005, "time": 1790980024.2441}
{"type": "train", "epoch": 658, "loss": 0.51711, "obj": 0.51711, "sup": 0.0, "lr": 0.0005, "time": 1790980024.53618}
{"type": "train", "epoch": 659, "loss": 0.52081, "obj": 0.52081, "sup": 0.0, "lr": 0.0005, "time": 1790980024.863}
{"type": "train", "epoch": 660, "loss": 0.52865, "obj": 0.52865, "sup": 0.0, "lr": 0.0005, "time": 1790980025.16569}
{"type": "train", "epoch": 661, "loss": 0.50181, "obj": 0.50181, "sup": 0.0, "lr": 0.0005, "time": 1790980025.47725}
{"type": "train", "epoch": 662, "loss": 0.50267, "obj": 0.50267, "sup": 0.0, "lr": 0.0005, "time": 1790980025.78943}
{"type": "train", "epoch": 663, "loss": 0.51695, "obj": 0.51695, "sup": 0.0, "lr": 0.0005, "time": 1790980026.0584}
{"type": "train", "epoch": 664, "loss": 0.53416, "obj": 0.53416, "sup": 0.0, "lr": 0.0005, "time": 1790980026.33814}
{"type": "train", "epoch": 665, "loss": 0.51742, "obj": 0.51742, "sup": 0.0, "lr": 0.0005, "time": 1790980026.6028}
{"type": "train", "epoch": 666, "loss": 0.52354, "obj": 0.52354, "sup": 0.0, "lr": 0.0005, "time": 1790980026.97805}
{"type": "train", "epoch": 667, "loss": 0.51355, "obj": 0.51355, "sup": 0.0, "lr": 0.0005, "time": 1790980027.35515}
{"type": "train", "epoch": 668, "loss": 0.49973, "obj": 0.49973, "sup": 0.0, "lr": 0.0005, "time": 1790980027.66687}
{"type": "train", "epoch": 669, "loss": 0.5132, "obj": 0.5132, "sup": 0.0, "lr": 0.0005, "time": 1790980027.97381}
{"type": "train", "epoch": 670, "loss": 0.4977, "obj": 0.4977, "sup": 0.0, "lr": 0.0005, "time": 1790980028.25996}
{"type": "train", "epoch": 671, "loss": 0.49325, "obj": 0.49325, "sup": 0.0, "lr": 0.0005, "time": 1790980028.53834}
{"type": "train", "epoch": 672, "loss": 0.48381, "obj": 0.48381, "sup": 0.0, "lr": 0.0005, "time": 1790980028.88112}
{"type": "train", "epoch": 673, "loss": 0.49384, "obj": 0.49384, "sup": 0.0, "lr": 0.0005, "time": 1790980029.18716}
{"type": "train", "epoch": 674, "loss": 0.47943, "obj": 0.47943, "sup": 0.0, "lr": 0.0005, "time": 1790980029.49895}
{"type": "train", "epoch": 675, "loss": 0.47608, "obj": 0.47608, "sup": 0.0, "lr": 0.0005, "time": 1790980029.82737}
{"type": "train", "epoch": 676, "loss": 0.48327, "obj": 0.48327, "sup": 0.0, "lr": 0.0005, "time": 1790980030.13898}
{"type": "train", "epoch": 677, "loss": 0.47718, "obj": 0.47718, "sup": 0.0, "lr": 0.0005, "time": 1790980030.46699}
{"type": "train", "epoch": 678, "loss": 0.48018, "obj": 0.48018, "sup": 0.0, "lr": 0.0005, "time": 1790980030.76512}
{"type": "train", "epoch": 679, "loss": 0.47261, "obj": 0.47261, "sup": 0.0, "lr": 0.0005, "time": 1790980031.07495}
{"type": "train", "epoch": 680, "loss": 0.46607, "obj": 0.46607, "sup": 0.0, "lr": 0.0005, "time": 1790980031.39902}
{"type": "train", "epoch": 681, "loss": 0.45554, "obj": 0.45554, "sup": 0.0, "lr": 0.0005, "time": 1790980031.75902}
{"type": "train", "epoch": 682, "loss": 0.46365, "obj": 0.46365, "sup": 0.0, "lr": 0.0005, "time": 1790980032.11896}
{"type": "train", "epoch": 683, "loss": 0.46336, "obj": 0.46336, "sup": 0.0, "lr": 0.0005, "time": 1790980032.44731}
{"type": "train", "epoch": 684, "loss": 0.46214, "obj": 0.46214, "sup": 0.0, "lr": 0.0005, "time": 1790980032.75118}
{"type": "train", "epoch": 685, "loss": 0.46155, "obj": 0.46155, "sup": 0.0, "lr": 0.0005, "time": 1790980033.01769}
{"type": "train", "epoch": 686, "loss": 0.45586, "obj": 0.45586, "sup": 0.0, "lr": 0.0005, "time": 1790980033.28408}
{"type": "train", "epoch": 687, "loss": 0.4489, "obj": 0.4489, "sup": 0.0, "lr": 0.0005, "time": 1790980033.551}
{"type": "train", "epoch": 688, "loss": 0.44937, "obj": 0.44937, "sup": 0.0, "lr": 0.0005, "time": 1790980033.8319}
{"type": "train", "epoch": 689, "loss": 0.44408, "obj": 0.44408, "sup": 0.0, "lr": 0.0005, "time": 1790980034.13502}
{"type": "train", "epoch": 690, "loss": 0.44348, "obj": 0.44348, "sup": 0.0, "lr": 0.0005, "time": 1790980034.49102}
{"type": "train", "epoch": 691, "loss": 0.44728, "obj": 0.44728, "sup": 0.0, "lr": 0.0005, "time": 1790980034.831}
{"type": "train", "epoch": 692, "loss": 0.44197, "obj": 0.44197, "sup": 0.0, "lr": 0.0005, "time": 1790980035.16742}
{"type": "train", "epoch": 693, "loss": 0.43353, "obj": 0.43353, "sup": 0.0, "lr": 0.0005, "time": 1790980035.55501}
{"type": "train", "epoch": 694, "loss": 0.43462, "obj": 0.43462, "sup": 0.0, "lr": 0.0005, "time": 1790980035.92312}
{"type": "train", "epoch": 695, "loss": 0.43547, "obj": 0.43547, "sup": 0.0, "lr": 0.0005, "time": 1790980036.29006}
{"type": "train", "epoch": 696, "loss": 0.43043, "obj": 0.43043, "sup": 0.0, "lr": 0.0005, "time": 1790980036.66079}
{"type": "train", "epoch": 697, "loss": 0.44904, "obj": 0.44904, "sup": 0.0, "lr": 0.0005, "time": 1790980037.03863}
{"type": "train", "epoch": 698, "loss": 0.442, "obj": 0.442, "sup": 0.0, "lr": 0.0005, "time": 1790980037.31402}
{"type": "train", "epoch": 699, "loss": 0.46904, "obj": 0.46904, "sup": 0.0, "lr": 0.0005, "time": 1790980037.68083}
{"type": "train", "epoch": 700, "loss": 0.49827, "obj": 0.49827, "sup": 0.0, "lr": 0.0005, "time": 1790980038.91482, "train_resid_median": 0.66732, "train_resid_mean": 0.66413, "train_imag_median": 0.08069, "train_obj_median": 0.46651, "train_u_loss_to_label_median": 0.65916, "val_resid_median": 0.8562, "val_resid_mean": 0.85398, "val_imag_median": 0.11447, "val_obj_median": 0.75802, "val_u_loss_to_label_median": 0.71534}
{"type": "train", "epoch": 701, "loss": 0.46547, "obj": 0.46547, "sup": 0.0, "lr": 0.0005, "time": 1790980039.26512}
{"type": "train", "epoch": 702, "loss": 0.47689, "obj": 0.47689, "sup": 0.0, "lr": 0.0005, "time": 1790980039.63069}
{"type": "train", "epoch": 703, "loss": 0.45153, "obj": 0.45153, "sup": 0.0, "lr": 0.0005, "time": 1790980040.0112}
{"type": "train", "epoch": 704, "loss": 0.45363, "obj": 0.45363, "sup": 0.0, "lr": 0.0005, "time": 1790980040.29114}
{"type": "train", "epoch": 705, "loss": 0.45705, "obj": 0.45705, "sup": 0.0, "lr": 0.0005, "time": 1790980040.55506}
{"type": "train", "epoch": 706, "loss": 0.46688, "obj": 0.46688, "sup": 0.0, "lr": 0.0005, "time": 1790980040.88625}
{"type": "train", "epoch": 707, "loss": 0.45742, "obj": 0.45742, "sup": 0.0, "lr": 0.0005, "time": 1790980041.19497}
{"type": "train", "epoch": 708, "loss": 0.43929, "obj": 0.43929, "sup": 0.0, "lr": 0.0005, "time": 1790980041.48651}
{"type": "train", "epoch": 709, "loss": 0.46226, "obj": 0.46226, "sup": 0.0, "lr": 0.0005, "time": 1790980041.75278}
{"type": "train", "epoch": 710, "loss": 0.4758, "obj": 0.4758, "sup": 0.0, "lr": 0.0005, "time": 1790980042.03947}
{"type": "train", "epoch": 711, "loss": 0.45865, "obj": 0.45865, "sup": 0.0, "lr": 0.0005, "time": 1790980042.35098}
{"type": "train", "epoch": 712, "loss": 0.45089, "obj": 0.45089, "sup": 0.0, "lr": 0.0005, "time": 1790980042.71707}
{"type": "train", "epoch": 713, "loss": 0.44953, "obj": 0.44953, "sup": 0.0, "lr": 0.0005, "time": 1790980042.99904}
{"type": "train", "epoch": 714, "loss": 0.44346, "obj": 0.44346, "sup": 0.0, "lr": 0.0005, "time": 1790980043.27797}
{"type": "train", "epoch": 715, "loss": 0.43776, "obj": 0.43776, "sup": 0.0, "lr": 0.0005, "time": 1790980043.66296}
{"type": "train", "epoch": 716, "loss": 0.44208, "obj": 0.44208, "sup": 0.0, "lr": 0.0005, "time": 1790980043.9586}
{"type": "train", "epoch": 717, "loss": 0.43226, "obj": 0.43226, "sup": 0.0, "lr": 0.0005, "time": 1790980044.33779}
{"type": "train", "epoch": 718, "loss": 0.43554, "obj": 0.43554, "sup": 0.0, "lr": 0.0005, "time": 1790980044.62631}
{"type": "train", "epoch": 719, "loss": 0.43153, "obj": 0.43153, "sup": 0.0, "lr": 0.0005, "time": 1790980044.97098}
{"type": "train", "epoch": 720, "loss": 0.4339, "obj": 0.4339, "sup": 0.0, "lr": 0.0005, "time": 1790980045.27503}
{"type": "train", "epoch": 721, "loss": 0.42634, "obj": 0.42634, "sup": 0.0, "lr": 0.0005, "time": 1790980045.63178}
{"type": "train", "epoch": 722, "loss": 0.42587, "obj": 0.42587, "sup": 0.0, "lr": 0.0005, "time": 1790980045.93612}
{"type": "train", "epoch": 723, "loss": 0.42635, "obj": 0.42635, "sup": 0.0, "lr": 0.0005, "time": 1790980046.24357}
{"type": "train", "epoch": 724, "loss": 0.42183, "obj": 0.42183, "sup": 0.0, "lr": 0.0005, "time": 1790980046.55146}
{"type": "train", "epoch": 725, "loss": 0.41939, "obj": 0.41939, "sup": 0.0, "lr": 0.0005, "time": 1790980046.86615}
{"type": "train", "epoch": 726, "loss": 0.42668, "obj": 0.42668, "sup": 0.0, "lr": 0.0005, "time": 1790980047.12997}
{"type": "train", "epoch": 727, "loss": 0.42013, "obj": 0.42013, "sup": 0.0, "lr": 0.0005, "time": 1790980047.43194}
{"type": "train", "epoch": 728, "loss": 0.42336, "obj": 0.42336, "sup": 0.0, "lr": 0.0005, "time": 1790980047.75358}
{"type": "train", "epoch": 729, "loss": 0.43613, "obj": 0.43613, "sup": 0.0, "lr": 0.0005, "time": 1790980048.05176}
{"type": "train", "epoch": 730, "loss": 0.43503, "obj": 0.43503, "sup": 0.0, "lr": 0.0005, "time": 1790980048.37443}
{"type": "train", "epoch": 731, "loss": 0.43805, "obj": 0.43805, "sup": 0.0, "lr": 0.0005, "time": 1790980048.73497}
{"type": "train", "epoch": 732, "loss": 0.52764, "obj": 0.52764, "sup": 0.0, "lr": 0.0005, "time": 1790980049.08516}
{"type": "train", "epoch": 733, "loss": 0.4993, "obj": 0.4993, "sup": 0.0, "lr": 0.0005, "time": 1790980049.39106}
{"type": "train", "epoch": 734, "loss": 0.46513, "obj": 0.46513, "sup": 0.0, "lr": 0.0005, "time": 1790980049.70803}
{"type": "train", "epoch": 735, "loss": 0.47669, "obj": 0.47669, "sup": 0.0, "lr": 0.0005, "time": 1790980050.03114}
{"type": "train", "epoch": 736, "loss": 0.45014, "obj": 0.45014, "sup": 0.0, "lr": 0.0005, "time": 1790980050.33138}
{"type": "train", "epoch": 737, "loss": 0.43965, "obj": 0.43965, "sup": 0.0, "lr": 0.0005, "time": 1790980050.59703}
{"type": "train", "epoch": 738, "loss": 0.43717, "obj": 0.43717, "sup": 0.0, "lr": 0.0005, "time": 1790980050.90389}
{"type": "train", "epoch": 739, "loss": 0.43076, "obj": 0.43076, "sup": 0.0, "lr": 0.0005, "time": 1790980051.16997}
{"type": "train", "epoch": 740, "loss": 0.43101, "obj": 0.43101, "sup": 0.0, "lr": 0.0005, "time": 1790980051.43633}
{"type": "train", "epoch": 741, "loss": 0.42365, "obj": 0.42365, "sup": 0.0, "lr": 0.0005, "time": 1790980051.71023}
{"type": "train", "epoch": 742, "loss": 0.42477, "obj": 0.42477, "sup": 0.0, "lr": 0.0005, "time": 1790980052.02193}
{"type": "train", "epoch": 743, "loss": 0.41379, "obj": 0.41379, "sup": 0.0, "lr": 0.0005, "time": 1790980052.28938}
{"type": "train", "epoch": 744, "loss": 0.41798, "obj": 0.41798, "sup": 0.0, "lr": 0.0005, "time": 1790980052.61435}
{"type": "train", "epoch": 745, "loss": 0.41287, "obj": 0.41287, "sup": 0.0, "lr": 0.0005, "time": 1790980052.96773}
{"type": "train", "epoch": 746, "loss": 0.41063, "obj": 0.41063, "sup": 0.0, "lr": 0.0005, "time": 1790980053.32444}
{"type": "train", "epoch": 747, "loss": 0.41315, "obj": 0.41315, "sup": 0.0, "lr": 0.0005, "time": 1790980053.67101}
{"type": "train", "epoch": 748, "loss": 0.4109, "obj": 0.4109, "sup": 0.0, "lr": 0.0005, "time": 1790980054.00459}
{"type": "train", "epoch": 749, "loss": 0.40682, "obj": 0.40682, "sup": 0.0, "lr": 0.0005, "time": 1790980054.29002}
{"type": "train", "epoch": 750, "loss": 0.40599, "obj": 0.40599, "sup": 0.0, "lr": 0.0005, "time": 1790980055.4199, "train_resid_median": 0.60698, "train_resid_mean": 0.60632, "train_imag_median": 0.09378, "train_obj_median": 0.40038, "train_u_loss_to_label_median": 0.65451, "val_resid_median": 0.87694, "val_resid_mean": 0.87077, "val_imag_median": 0.13645, "val_obj_median": 0.81628, "val_u_loss_to_label_median": 0.73047}
{"type": "train", "epoch": 751, "loss": 0.4041, "obj": 0.4041, "sup": 0.0, "lr": 0.0005, "time": 1790980055.69062}
{"type": "train", "epoch": 752, "loss": 0.41395, "obj": 0.41395, "sup": 0.0, "lr": 0.0005, "time": 1790980055.96954}
{"type": "train", "epoch": 753, "loss": 0.42323, "obj": 0.42323, "sup": 0.0, "lr": 0.0005, "time": 1790980056.25782}
{"type": "train", "epoch": 754, "loss": 0.42324, "obj": 0.42324, "sup": 0.0, "lr": 0.0005, "time": 1790980056.52422}
{"type": "train", "epoch": 755, "loss": 0.40291, "obj": 0.40291, "sup": 0.0, "lr": 0.0005, "time": 1790980056.78857}
{"type": "train", "epoch": 756, "loss": 0.40789, "obj": 0.40789, "sup": 0.0, "lr": 0.0005, "time": 1790980057.06999}
{"type": "train", "epoch": 757, "loss": 0.39874, "obj": 0.39874, "sup": 0.0, "lr": 0.0005, "time": 1790980057.33364}
{"type": "train", "epoch": 758, "loss": 0.4024, "obj": 0.4024, "sup": 0.0, "lr": 0.0005, "time": 1790980057.602}
{"type": "train", "epoch": 759, "loss": 0.39845, "obj": 0.39845, "sup": 0.0, "lr": 0.0005, "time": 1790980057.8684}
{"type": "train", "epoch": 760, "loss": 0.39125, "obj": 0.39125, "sup": 0.0, "lr": 0.0005, "time": 1790980058.13592}
{"type": "train", "epoch": 761, "loss": 0.39483, "obj": 0.39483, "sup": 0.0, "lr": 0.0005, "time": 1790980058.40075}
{"type": "train", "epoch": 762, "loss": 0.39712, "obj": 0.39712, "sup": 0.0, "lr": 0.0005, "time": 1790980058.66834}
{"type": "train", "epoch": 763, "loss": 0.39192, "obj": 0.39192, "sup": 0.0, "lr": 0.0005, "time": 1790980058.93347}
{"type": "train", "epoch": 764, "loss": 0.39207, "obj": 0.39207, "sup": 0.0, "lr": 0.0005, "time": 1790980059.19753}
{"type": "train", "epoch": 765, "loss": 0.3933, "obj": 0.3933, "sup": 0.0, "lr": 0.0005, "time": 1790980059.46192}
{"type": "train", "epoch": 766, "loss": 0.3868, "obj": 0.3868, "sup": 0.0, "lr": 0.0005, "time": 1790980059.72827}
{"type": "train", "epoch": 767, "loss": 0.38371, "obj": 0.38371, "sup": 0.0, "lr": 0.0005, "time": 1790980060.00238}
{"type": "train", "epoch": 768, "loss": 0.38556, "obj": 0.38556, "sup": 0.0, "lr": 0.0005, "time": 1790980060.27209}
{"type": "train", "epoch": 769, "loss": 0.38187, "obj": 0.38187, "sup": 0.0, "lr": 0.0005, "time": 1790980060.57342}
{"type": "train", "epoch": 770, "loss": 0.38299, "obj": 0.38299, "sup": 0.0, "lr": 0.0005, "time": 1790980060.84447}
{"type": "train", "epoch": 771, "loss": 0.41052, "obj": 0.41052, "sup": 0.0, "lr": 0.0005, "time": 1790980061.12283}
{"type": "train", "epoch": 772, "loss": 0.39889, "obj": 0.39889, "sup": 0.0, "lr": 0.0005, "time": 1790980061.39604}
{"type": "train", "epoch": 773, "loss": 0.41086, "obj": 0.41086, "sup": 0.0, "lr": 0.0005, "time": 1790980061.66706}
{"type": "train", "epoch": 774, "loss": 0.41502, "obj": 0.41502, "sup": 0.0, "lr": 0.0005, "time": 1790980061.95689}
{"type": "train", "epoch": 775, "loss": 0.40986, "obj": 0.40986, "sup": 0.0, "lr": 0.0005, "time": 1790980062.22093}
{"type": "train", "epoch": 776, "loss": 0.40202, "obj": 0.40202, "sup": 0.0, "lr": 0.0005, "time": 1790980062.48476}
{"type": "train", "epoch": 777, "loss": 0.40414, "obj": 0.40414, "sup": 0.0, "lr": 0.0005, "time": 1790980062.75007}
{"type": "train", "epoch": 778, "loss": 0.39204, "obj": 0.39204, "sup": 0.0, "lr": 0.0005, "time": 1790980063.01775}
{"type": "train", "epoch": 779, "loss": 0.39614, "obj": 0.39614, "sup": 0.0, "lr": 0.0005, "time": 1790980063.2827}
{"type": "train", "epoch": 780, "loss": 0.38893, "obj": 0.38893, "sup": 0.0, "lr": 0.0005, "time": 1790980063.54634}
{"type": "train", "epoch": 781, "loss": 0.39047, "obj": 0.39047, "sup": 0.0, "lr": 0.0005, "time": 1790980063.81323}
{"type": "train", "epoch": 782, "loss": 0.37995, "obj": 0.37995, "sup": 0.0, "lr": 0.0005, "time": 1790980064.09011}
{"type": "train", "epoch": 783, "loss": 0.38056, "obj": 0.38056, "sup": 0.0, "lr": 0.0005, "time": 1790980064.36606}
{"type": "train", "epoch": 784, "loss": 0.37532, "obj": 0.37532, "sup": 0.0, "lr": 0.0005, "time": 1790980064.64843}
{"type": "train", "epoch": 785, "loss": 0.37418, "obj": 0.37418, "sup": 0.0, "lr": 0.0005, "time": 1790980064.92964}
{"type": "train", "epoch": 786, "loss": 0.37186, "obj": 0.37186, "sup": 0.0, "lr": 0.0005, "time": 1790980065.21658}
{"type": "train", "epoch": 787, "loss": 0.36718, "obj": 0.36718, "sup": 0.0, "lr": 0.0005, "time": 1790980065.50102}
{"type": "train", "epoch": 788, "loss": 0.36865, "obj": 0.36865, "sup": 0.0, "lr": 0.0005, "time": 1790980065.79809}
{"type": "train", "epoch": 789, "loss": 0.3657, "obj": 0.3657, "sup": 0.0, "lr": 0.0005, "time": 1790980066.09902}
{"type": "train", "epoch": 790, "loss": 0.36323, "obj": 0.36323, "sup": 0.0, "lr": 0.0005, "time": 1790980066.37908}
{"type": "train", "epoch": 791, "loss": 0.36354, "obj": 0.36354, "sup": 0.0, "lr": 0.0005, "time": 1790980066.64256}
{"type": "train", "epoch": 792, "loss": 0.36065, "obj": 0.36065, "sup": 0.0, "lr": 0.0005, "time": 1790980066.9053}
{"type": "train", "epoch": 793, "loss": 0.36072, "obj": 0.36072, "sup": 0.0, "lr": 0.0005, "time": 1790980067.16933}
{"type": "train", "epoch": 794, "loss": 0.36477, "obj": 0.36477, "sup": 0.0, "lr": 0.0005, "time": 1790980067.4322}
{"type": "train", "epoch": 795, "loss": 0.3613, "obj": 0.3613, "sup": 0.0, "lr": 0.0005, "time": 1790980067.69428}
{"type": "train", "epoch": 796, "loss": 0.3607, "obj": 0.3607, "sup": 0.0, "lr": 0.0005, "time": 1790980067.9569}
{"type": "train", "epoch": 797, "loss": 0.36432, "obj": 0.36432, "sup": 0.0, "lr": 0.0005, "time": 1790980068.22028}
{"type": "train", "epoch": 798, "loss": 0.36814, "obj": 0.36814, "sup": 0.0, "lr": 0.0005, "time": 1790980068.48416}
{"type": "train", "epoch": 799, "loss": 0.36022, "obj": 0.36022, "sup": 0.0, "lr": 0.0005, "time": 1790980068.74755}
{"type": "train", "epoch": 800, "loss": 0.35538, "obj": 0.35538, "sup": 0.0, "lr": 0.0005, "time": 1790980069.9022, "train_resid_median": 0.56715, "train_resid_mean": 0.56823, "train_imag_median": 0.08889, "train_obj_median": 0.35237, "train_u_loss_to_label_median": 0.64561, "val_resid_median": 0.88629, "val_resid_mean": 0.87242, "val_imag_median": 0.14821, "val_obj_median": 0.82436, "val_u_loss_to_label_median": 0.73484}
{"type": "train", "epoch": 801, "loss": 0.35695, "obj": 0.35695, "sup": 0.0, "lr": 0.0005, "time": 1790980070.17908}
{"type": "train", "epoch": 802, "loss": 0.39942, "obj": 0.39942, "sup": 0.0, "lr": 0.0005, "time": 1790980070.45057}
{"type": "train", "epoch": 803, "loss": 0.38358, "obj": 0.38358, "sup": 0.0, "lr": 0.0005, "time": 1790980070.72203}
{"type": "train", "epoch": 804, "loss": 0.37108, "obj": 0.37108, "sup": 0.0, "lr": 0.0005, "time": 1790980070.99132}
{"type": "train", "epoch": 805, "loss": 0.38449, "obj": 0.38449, "sup": 0.0, "lr": 0.0005, "time": 1790980071.25653}
{"type": "train", "epoch": 806, "loss": 0.37532, "obj": 0.37532, "sup": 0.0, "lr": 0.0005, "time": 1790980071.52645}
{"type": "train", "epoch": 807, "loss": 0.41722, "obj": 0.41722, "sup": 0.0, "lr": 0.0005, "time": 1790980071.81331}
{"type": "train", "epoch": 808, "loss": 0.42035, "obj": 0.42035, "sup": 0.0, "lr": 0.0005, "time": 1790980072.08243}
{"type": "train", "epoch": 809, "loss": 0.40417, "obj": 0.40417, "sup": 0.0, "lr": 0.0005, "time": 1790980072.35031}
{"type": "train", "epoch": 810, "loss": 0.38923, "obj": 0.38923, "sup": 0.0, "lr": 0.0005, "time": 1790980072.61821}
{"type": "train", "epoch": 811, "loss": 0.38236, "obj": 0.38236, "sup": 0.0, "lr": 0.0005, "time": 1790980072.89508}
{"type": "train", "epoch": 812, "loss": 0.37608, "obj": 0.37608, "sup": 0.0, "lr": 0.0005, "time": 1790980073.17952}
{"type": "train", "epoch": 813, "loss": 0.37034, "obj": 0.37034, "sup": 0.0, "lr": 0.0005, "time": 1790980073.46334}
{"type": "train", "epoch": 814, "loss": 0.38118, "obj": 0.38118, "sup": 0.0, "lr": 0.0005, "time": 1790980073.73703}
{"type": "train", "epoch": 815, "loss": 0.37766, "obj": 0.37766, "sup": 0.0, "lr": 0.0005, "time": 1790980074.00087}
{"type": "train", "epoch": 816, "loss": 0.3741, "obj": 0.3741, "sup": 0.0, "lr": 0.0005, "time": 1790980074.26735}
{"type": "train", "epoch": 817, "loss": 0.3875, "obj": 0.3875, "sup": 0.0, "lr": 0.0005, "time": 1790980074.53825}
{"type": "train", "epoch": 818, "loss": 0.3892, "obj": 0.3892, "sup": 0.0, "lr": 0.0005, "time": 1790980074.8057}
{"type": "train", "epoch": 819, "loss": 0.38203, "obj": 0.38203, "sup": 0.0, "lr": 0.0005, "time": 1790980075.08234}
{"type": "train", "epoch": 820, "loss": 0.40834, "obj": 0.40834, "sup": 0.0, "lr": 0.0005, "time": 1790980075.359}
{"type": "train", "epoch": 821, "loss": 0.397, "obj": 0.397, "sup": 0.0, "lr": 0.0005, "time": 1790980075.64799}
{"type": "train", "epoch": 822, "loss": 0.404, "obj": 0.404, "sup": 0.0, "lr": 0.0005, "time": 1790980075.94933}
{"type": "train", "epoch": 823, "loss": 0.37576, "obj": 0.37576, "sup": 0.0, "lr": 0.0005, "time": 1790980076.21934}
{"type": "train", "epoch": 824, "loss": 0.38885, "obj": 0.38885, "sup": 0.0, "lr": 0.0005, "time": 1790980076.4886}
{"type": "train", "epoch": 825, "loss": 0.37237, "obj": 0.37237, "sup": 0.0, "lr": 0.0005, "time": 1790980076.7978}
{"type": "train", "epoch": 826, "loss": 0.36936, "obj": 0.36936, "sup": 0.0, "lr": 0.0005, "time": 1790980077.14336}
{"type": "train", "epoch": 827, "loss": 0.36199, "obj": 0.36199, "sup": 0.0, "lr": 0.0005, "time": 1790980077.50485}
{"type": "train", "epoch": 828, "loss": 0.37098, "obj": 0.37098, "sup": 0.0, "lr": 0.0005, "time": 1790980077.90734}
{"type": "train", "epoch": 829, "loss": 0.37213, "obj": 0.37213, "sup": 0.0, "lr": 0.0005, "time": 1790980078.32698}
{"type": "train", "epoch": 830, "loss": 0.35897, "obj": 0.35897, "sup": 0.0, "lr": 0.0005, "time": 1790980078.7733}
{"type": "train", "epoch": 831, "loss": 0.35432, "obj": 0.35432, "sup": 0.0, "lr": 0.0005, "time": 1790980079.14495}
{"type": "train", "epoch": 832, "loss": 0.36005, "obj": 0.36005, "sup": 0.0, "lr": 0.0005, "time": 1790980079.47679}
{"type": "train", "epoch": 833, "loss": 0.35363, "obj": 0.35363, "sup": 0.0, "lr": 0.0005, "time": 1790980079.84269}
{"type": "train", "epoch": 834, "loss": 0.35406, "obj": 0.35406, "sup": 0.0, "lr": 0.0005, "time": 1790980080.17483}
{"type": "train", "epoch": 835, "loss": 0.35639, "obj": 0.35639, "sup": 0.0, "lr": 0.0005, "time": 1790980080.50996}
{"type": "train", "epoch": 836, "loss": 0.38945, "obj": 0.38945, "sup": 0.0, "lr": 0.0005, "time": 1790980080.89095}
{"type": "train", "epoch": 837, "loss": 0.39357, "obj": 0.39357, "sup": 0.0, "lr": 0.0005, "time": 1790980081.21895}
{"type": "train", "epoch": 838, "loss": 0.39284, "obj": 0.39284, "sup": 0.0, "lr": 0.0005, "time": 1790980081.60296}
{"type": "train", "epoch": 839, "loss": 0.39142, "obj": 0.39142, "sup": 0.0, "lr": 0.0005, "time": 1790980081.99895}
{"type": "train", "epoch": 840, "loss": 0.4012, "obj": 0.4012, "sup": 0.0, "lr": 0.0005, "time": 1790980082.34687}
{"type": "train", "epoch": 841, "loss": 0.37463, "obj": 0.37463, "sup": 0.0, "lr": 0.0005, "time": 1790980082.69318}
{"type": "train", "epoch": 842, "loss": 0.37134, "obj": 0.37134, "sup": 0.0, "lr": 0.0005, "time": 1790980082.97561}
{"type": "train", "epoch": 843, "loss": 0.36851, "obj": 0.36851, "sup": 0.0, "lr": 0.0005, "time": 1790980083.30218}
{"type": "train", "epoch": 844, "loss": 0.35879, "obj": 0.35879, "sup": 0.0, "lr": 0.0005, "time": 1790980083.61897}
{"type": "train", "epoch": 845, "loss": 0.37754, "obj": 0.37754, "sup": 0.0, "lr": 0.0005, "time": 1790980083.9177}
{"type": "train", "epoch": 846, "loss": 0.37124, "obj": 0.37124, "sup": 0.0, "lr": 0.0005, "time": 1790980084.18292}
{"type": "train", "epoch": 847, "loss": 0.36636, "obj": 0.36636, "sup": 0.0, "lr": 0.0005, "time": 1790980084.44968}
{"type": "train", "epoch": 848, "loss": 0.35978, "obj": 0.35978, "sup": 0.0, "lr": 0.0005, "time": 1790980084.71952}
{"type": "train", "epoch": 849, "loss": 0.35016, "obj": 0.35016, "sup": 0.0, "lr": 0.0005, "time": 1790980084.98845}
{"type": "train", "epoch": 850, "loss": 0.35921, "obj": 0.35921, "sup": 0.0, "lr": 0.0005, "time": 1790980086.22129, "train_resid_median": 0.57454, "train_resid_mean": 0.56857, "train_imag_median": 0.11302, "train_obj_median": 0.37263, "train_u_loss_to_label_median": 0.6453, "val_resid_median": 0.89167, "val_resid_mean": 0.87796, "val_imag_median": 0.16894, "val_obj_median": 0.84619, "val_u_loss_to_label_median": 0.74153}
{"type": "train", "epoch": 851, "loss": 0.362, "obj": 0.362, "sup": 0.0, "lr": 0.0005, "time": 1790980086.51435}
{"type": "train", "epoch": 852, "loss": 0.35188, "obj": 0.35188, "sup": 0.0, "lr": 0.0005, "time": 1790980086.79022}
{"type": "train", "epoch": 853, "loss": 0.35593, "obj": 0.35593, "sup": 0.0, "lr": 0.0005, "time": 1790980087.05404}
{"type": "train", "epoch": 854, "loss": 0.3566, "obj": 0.3566, "sup": 0.0, "lr": 0.0005, "time": 1790980087.32254}
{"type": "train", "epoch": 855, "loss": 0.37549, "obj": 0.37549, "sup": 0.0, "lr": 0.0005, "time": 1790980087.58719}
{"type": "train", "epoch": 856, "loss": 0.35847, "obj": 0.35847, "sup": 0.0, "lr": 0.0005, "time": 1790980087.86288}
{"type": "train", "epoch": 857, "loss": 0.36571, "obj": 0.36571, "sup": 0.0, "lr": 0.0005, "time": 1790980088.20557}
{"type": "train", "epoch": 858, "loss": 0.35609, "obj": 0.35609, "sup": 0.0, "lr": 0.0005, "time": 1790980088.50136}
{"type": "train", "epoch": 859, "loss": 0.35172, "obj": 0.35172, "sup": 0.0, "lr": 0.0005, "time": 1790980088.8254}
{"type": "train", "epoch": 860, "loss": 0.34858, "obj": 0.34858, "sup": 0.0, "lr": 0.0005, "time": 1790980089.14526}
{"type": "train", "epoch": 861, "loss": 0.34884, "obj": 0.34884, "sup": 0.0, "lr": 0.0005, "time": 1790980089.46241}
{"type": "train", "epoch": 862, "loss": 0.3482, "obj": 0.3482, "sup": 0.0, "lr": 0.0005, "time": 1790980089.79906}
{"type": "train", "epoch": 863, "loss": 0.34423, "obj": 0.34423, "sup": 0.0, "lr": 0.0005, "time": 1790980090.17896}
{"type": "train", "epoch": 864, "loss": 0.33721, "obj": 0.33721, "sup": 0.0, "lr": 0.0005, "time": 1790980090.51096}
{"type": "train", "epoch": 865, "loss": 0.33877, "obj": 0.33877, "sup": 0.0, "lr": 0.0005, "time": 1790980090.88298}
{"type": "train", "epoch": 866, "loss": 0.33551, "obj": 0.33551, "sup": 0.0, "lr": 0.0005, "time": 1790980091.23596}
{"type": "train", "epoch": 867, "loss": 0.32925, "obj": 0.32925, "sup": 0.0, "lr": 0.0005, "time": 1790980091.58414}
{"type": "train", "epoch": 868, "loss": 0.33081, "obj": 0.33081, "sup": 0.0, "lr": 0.0005, "time": 1790980091.90698}
{"type": "train", "epoch": 869, "loss": 0.33274, "obj": 0.33274, "sup": 0.0, "lr": 0.0005, "time": 1790980092.20787}
{"type": "train", "epoch": 870, "loss": 0.33275, "obj": 0.33275, "sup": 0.0, "lr": 0.0005, "time": 1790980092.53907}
{"type": "train", "epoch": 871, "loss": 0.32852, "obj": 0.32852, "sup": 0.0, "lr": 0.0005, "time": 1790980092.87495}
{"type": "train", "epoch": 872, "loss": 0.32748, "obj": 0.32748, "sup": 0.0, "lr": 0.0005, "time": 1790980093.19097}
{"type": "train", "epoch": 873, "loss": 0.33828, "obj": 0.33828, "sup": 0.0, "lr": 0.0005, "time": 1790980093.54702}
{"type": "train", "epoch": 874, "loss": 0.33735, "obj": 0.33735, "sup": 0.0, "lr": 0.0005, "time": 1790980093.89495}
{"type": "train", "epoch": 875, "loss": 0.32969, "obj": 0.32969, "sup": 0.0, "lr": 0.0005, "time": 1790980094.19894}
{"type": "train", "epoch": 876, "loss": 0.32911, "obj": 0.32911, "sup": 0.0, "lr": 0.0005, "time": 1790980094.52742}
{"type": "train", "epoch": 877, "loss": 0.32523, "obj": 0.32523, "sup": 0.0, "lr": 0.0005, "time": 1790980094.87664}
{"type": "train", "epoch": 878, "loss": 0.33293, "obj": 0.33293, "sup": 0.0, "lr": 0.0005, "time": 1790980095.2313}
{"type": "train", "epoch": 879, "loss": 0.34035, "obj": 0.34035, "sup": 0.0, "lr": 0.0005, "time": 1790980095.55362}
{"type": "train", "epoch": 880, "loss": 0.34981, "obj": 0.34981, "sup": 0.0, "lr": 0.0005, "time": 1790980095.85555}
{"type": "train", "epoch": 881, "loss": 0.34301, "obj": 0.34301, "sup": 0.0, "lr": 0.0005, "time": 1790980096.18369}
{"type": "train", "epoch": 882, "loss": 0.36014, "obj": 0.36014, "sup": 0.0, "lr": 0.0005, "time": 1790980096.51974}
{"type": "train", "epoch": 883, "loss": 0.34456, "obj": 0.34456, "sup": 0.0, "lr": 0.0005, "time": 1790980096.82696}
{"type": "train", "epoch": 884, "loss": 0.32853, "obj": 0.32853, "sup": 0.0, "lr": 0.0005, "time": 1790980097.09774}
{"type": "train", "epoch": 885, "loss": 0.32669, "obj": 0.32669, "sup": 0.0, "lr": 0.0005, "time": 1790980097.42589}
{"type": "train", "epoch": 886, "loss": 0.32273, "obj": 0.32273, "sup": 0.0, "lr": 0.0005, "time": 1790980097.72059}
{"type": "train", "epoch": 887, "loss": 0.32607, "obj": 0.32607, "sup": 0.0, "lr": 0.0005, "time": 1790980097.98453}
{"type": "train", "epoch": 888, "loss": 0.31993, "obj": 0.31993, "sup": 0.0, "lr": 0.0005, "time": 1790980098.27097}
{"type": "train", "epoch": 889, "loss": 0.3171, "obj": 0.3171, "sup": 0.0, "lr": 0.0005, "time": 1790980098.58702}
{"type": "train", "epoch": 890, "loss": 0.32714, "obj": 0.32714, "sup": 0.0, "lr": 0.0005, "time": 1790980098.9318}
{"type": "train", "epoch": 891, "loss": 0.32113, "obj": 0.32113, "sup": 0.0, "lr": 0.0005, "time": 1790980099.2892}
{"type": "train", "epoch": 892, "loss": 0.31795, "obj": 0.31795, "sup": 0.0, "lr": 0.0005, "time": 1790980099.6162}
{"type": "train", "epoch": 893, "loss": 0.31472, "obj": 0.31472, "sup": 0.0, "lr": 0.0005, "time": 1790980099.94403}
{"type": "train", "epoch": 894, "loss": 0.31521, "obj": 0.31521, "sup": 0.0, "lr": 0.0005, "time": 1790980100.25629}
{"type": "train", "epoch": 895, "loss": 0.31854, "obj": 0.31854, "sup": 0.0, "lr": 0.0005, "time": 1790980100.56811}
{"type": "train", "epoch": 896, "loss": 0.31104, "obj": 0.31104, "sup": 0.0, "lr": 0.0005, "time": 1790980100.859}
{"type": "train", "epoch": 897, "loss": 0.30969, "obj": 0.30969, "sup": 0.0, "lr": 0.0005, "time": 1790980101.18613}
{"type": "train", "epoch": 898, "loss": 0.31009, "obj": 0.31009, "sup": 0.0, "lr": 0.0005, "time": 1790980101.44864}
{"type": "train", "epoch": 899, "loss": 0.31607, "obj": 0.31607, "sup": 0.0, "lr": 0.0005, "time": 1790980101.75715}
{"type": "train", "epoch": 900, "loss": 0.33993, "obj": 0.33993, "sup": 0.0, "lr": 0.0005, "time": 1790980102.90959, "train_resid_median": 0.53477, "train_resid_mean": 0.53576, "train_imag_median": 0.11566, "train_obj_median": 0.33014, "train_u_loss_to_label_median": 0.65865, "val_resid_median": 0.89615, "val_resid_mean": 0.88091, "val_imag_median": 0.17495, "val_obj_median": 0.86085, "val_u_loss_to_label_median": 0.73854}
{"type": "train", "epoch": 901, "loss": 0.34692, "obj": 0.34692, "sup": 0.0, "lr": 0.0005, "time": 1790980103.2069}
{"type": "train", "epoch": 902, "loss": 0.34981, "obj": 0.34981, "sup": 0.0, "lr": 0.0005, "time": 1790980103.53392}
{"type": "train", "epoch": 903, "loss": 0.33653, "obj": 0.33653, "sup": 0.0, "lr": 0.0005, "time": 1790980103.81097}
{"type": "train", "epoch": 904, "loss": 0.32409, "obj": 0.32409, "sup": 0.0, "lr": 0.0005, "time": 1790980104.10429}
{"type": "train", "epoch": 905, "loss": 0.31958, "obj": 0.31958, "sup": 0.0, "lr": 0.0005, "time": 1790980104.37298}
{"type": "train", "epoch": 906, "loss": 0.31258, "obj": 0.31258, "sup": 0.0, "lr": 0.0005, "time": 1790980104.66317}
{"type": "train", "epoch": 907, "loss": 0.3133, "obj": 0.3133, "sup": 0.0, "lr": 0.0005, "time": 1790980104.99769}
{"type": "train", "epoch": 908, "loss": 0.31633, "obj": 0.31633, "sup": 0.0, "lr": 0.0005, "time": 1790980105.33097}
{"type": "train", "epoch": 909, "loss": 0.31354, "obj": 0.31354, "sup": 0.0, "lr": 0.0005, "time": 1790980105.63757}
{"type": "train", "epoch": 910, "loss": 0.30745, "obj": 0.30745, "sup": 0.0, "lr": 0.0005, "time": 1790980105.98296}
{"type": "train", "epoch": 911, "loss": 0.30836, "obj": 0.30836, "sup": 0.0, "lr": 0.0005, "time": 1790980106.30809}
{"type": "train", "epoch": 912, "loss": 0.30969, "obj": 0.30969, "sup": 0.0, "lr": 0.0005, "time": 1790980106.6077}
{"type": "train", "epoch": 913, "loss": 0.30763, "obj": 0.30763, "sup": 0.0, "lr": 0.0005, "time": 1790980106.8709}
{"type": "train", "epoch": 914, "loss": 0.33319, "obj": 0.33319, "sup": 0.0, "lr": 0.0005, "time": 1790980107.13502}
{"type": "train", "epoch": 915, "loss": 0.32218, "obj": 0.32218, "sup": 0.0, "lr": 0.0005, "time": 1790980107.42922}
{"type": "train", "epoch": 916, "loss": 0.31407, "obj": 0.31407, "sup": 0.0, "lr": 0.0005, "time": 1790980107.69396}
{"type": "train", "epoch": 917, "loss": 0.31463, "obj": 0.31463, "sup": 0.0, "lr": 0.0005, "time": 1790980107.9604}
{"type": "train", "epoch": 918, "loss": 0.30499, "obj": 0.30499, "sup": 0.0, "lr": 0.0005, "time": 1790980108.22375}
{"type": "train", "epoch": 919, "loss": 0.30173, "obj": 0.30173, "sup": 0.0, "lr": 0.0005, "time": 1790980108.52177}
{"type": "train", "epoch": 920, "loss": 0.30318, "obj": 0.30318, "sup": 0.0, "lr": 0.0005, "time": 1790980108.78548}
{"type": "train", "epoch": 921, "loss": 0.29875, "obj": 0.29875, "sup": 0.0, "lr": 0.0005, "time": 1790980109.06381}
{"type": "train", "epoch": 922, "loss": 0.29912, "obj": 0.29912, "sup": 0.0, "lr": 0.0005, "time": 1790980109.38377}
{"type": "train", "epoch": 923, "loss": 0.29994, "obj": 0.29994, "sup": 0.0, "lr": 0.0005, "time": 1790980109.69496}
{"type": "train", "epoch": 924, "loss": 0.30923, "obj": 0.30923, "sup": 0.0, "lr": 0.0005, "time": 1790980109.97375}
{"type": "train", "epoch": 925, "loss": 0.30344, "obj": 0.30344, "sup": 0.0, "lr": 0.0005, "time": 1790980110.23944}
{"type": "train", "epoch": 926, "loss": 0.30978, "obj": 0.30978, "sup": 0.0, "lr": 0.0005, "time": 1790980110.50346}
{"type": "train", "epoch": 927, "loss": 0.31054, "obj": 0.31054, "sup": 0.0, "lr": 0.0005, "time": 1790980110.76904}
{"type": "train", "epoch": 928, "loss": 0.30407, "obj": 0.30407, "sup": 0.0, "lr": 0.0005, "time": 1790980111.03586}
{"type": "train", "epoch": 929, "loss": 0.30769, "obj": 0.30769, "sup": 0.0, "lr": 0.0005, "time": 1790980111.38702}
{"type": "train", "epoch": 930, "loss": 0.30975, "obj": 0.30975, "sup": 0.0, "lr": 0.0005, "time": 1790980111.70528}
{"type": "train", "epoch": 931, "loss": 0.32003, "obj": 0.32003, "sup": 0.0, "lr": 0.0005, "time": 1790980112.02062}
{"type": "train", "epoch": 932, "loss": 0.31316, "obj": 0.31316, "sup": 0.0, "lr": 0.0005, "time": 1790980112.33895}
{"type": "train", "epoch": 933, "loss": 0.30866, "obj": 0.30866, "sup": 0.0, "lr": 0.0005, "time": 1790980112.66298}
{"type": "train", "epoch": 934, "loss": 0.30386, "obj": 0.30386, "sup": 0.0, "lr": 0.0005, "time": 1790980112.97888}
{"type": "train", "epoch": 935, "loss": 0.30437, "obj": 0.30437, "sup": 0.0, "lr": 0.0005, "time": 1790980113.35391}
{"type": "train", "epoch": 936, "loss": 0.30423, "obj": 0.30423, "sup": 0.0, "lr": 0.0005, "time": 1790980113.65338}
{"type": "train", "epoch": 937, "loss": 0.29443, "obj": 0.29443, "sup": 0.0, "lr": 0.0005, "time": 1790980113.97928}
{"type": "train", "epoch": 938, "loss": 0.30029, "obj": 0.30029, "sup": 0.0, "lr": 0.0005, "time": 1790980114.28927}
{"type": "train", "epoch": 939, "loss": 0.29477, "obj": 0.29477, "sup": 0.0, "lr": 0.0005, "time": 1790980114.64218}
{"type": "train", "epoch": 940, "loss": 0.29802, "obj": 0.29802, "sup": 0.0, "lr": 0.0005, "time": 1790980114.96961}
{"type": "train", "epoch": 941, "loss": 0.30986, "obj": 0.30986, "sup": 0.0, "lr": 0.0005, "time": 1790980115.24373}
{"type": "train", "epoch": 942, "loss": 0.31894, "obj": 0.31894, "sup": 0.0, "lr": 0.0005, "time": 1790980115.51075}
{"type": "train", "epoch": 943, "loss": 0.37204, "obj": 0.37204, "sup": 0.0, "lr": 0.0005, "time": 1790980115.78026}
{"type": "train", "epoch": 944, "loss": 0.34554, "obj": 0.34554, "sup": 0.0, "lr": 0.0005, "time": 1790980116.07098}
{"type": "train", "epoch": 945, "loss": 0.33974, "obj": 0.33974, "sup": 0.0, "lr": 0.0005, "time": 1790980116.4092}
{"type": "train", "epoch": 946, "loss": 0.35303, "obj": 0.35303, "sup": 0.0, "lr": 0.0005, "time": 1790980116.72186}
{"type": "train", "epoch": 947, "loss": 0.38318, "obj": 0.38318, "sup": 0.0, "lr": 0.0005, "time": 1790980117.03044}
{"type": "train", "epoch": 948, "loss": 0.36493, "obj": 0.36493, "sup": 0.0, "lr": 0.0005, "time": 1790980117.30057}
{"type": "train", "epoch": 949, "loss": 0.33751, "obj": 0.33751, "sup": 0.0, "lr": 0.0005, "time": 1790980117.56523}
{"type": "train", "epoch": 950, "loss": 0.32341, "obj": 0.32341, "sup": 0.0, "lr": 0.0005, "time": 1790980118.69201, "train_resid_median": 0.51862, "train_resid_mean": 0.5235, "train_imag_median": 0.11856, "train_obj_median": 0.31, "train_u_loss_to_label_median": 0.66578, "val_resid_median": 0.89405, "val_resid_mean": 0.88053, "val_imag_median": 0.17499, "val_obj_median": 0.85621, "val_u_loss_to_label_median": 0.73874}
{"type": "train", "epoch": 951, "loss": 0.3205, "obj": 0.3205, "sup": 0.0, "lr": 0.0005, "time": 1790980118.95966}
{"type": "train", "epoch": 952, "loss": 0.31592, "obj": 0.31592, "sup": 0.0, "lr": 0.0005, "time": 1790980119.24193}
{"type": "train", "epoch": 953, "loss": 0.30785, "obj": 0.30785, "sup": 0.0, "lr": 0.0005, "time": 1790980119.51906}
{"type": "train", "epoch": 954, "loss": 0.30222, "obj": 0.30222, "sup": 0.0, "lr": 0.0005, "time": 1790980119.78859}
{"type": "train", "epoch": 955, "loss": 0.30515, "obj": 0.30515, "sup": 0.0, "lr": 0.0005, "time": 1790980120.05822}
{"type": "train", "epoch": 956, "loss": 0.36581, "obj": 0.36581, "sup": 0.0, "lr": 0.0005, "time": 1790980120.33096}
{"type": "train", "epoch": 957, "loss": 0.3816, "obj": 0.3816, "sup": 0.0, "lr": 0.0005, "time": 1790980120.62948}
{"type": "train", "epoch": 958, "loss": 0.37748, "obj": 0.37748, "sup": 0.0, "lr": 0.0005, "time": 1790980120.8917}
{"type": "train", "epoch": 959, "loss": 0.37849, "obj": 0.37849, "sup": 0.0, "lr": 0.0005, "time": 1790980121.15591}
{"type": "train", "epoch": 960, "loss": 0.35288, "obj": 0.35288, "sup": 0.0, "lr": 0.0005, "time": 1790980121.42325}
{"type": "train", "epoch": 961, "loss": 0.45119, "obj": 0.45119, "sup": 0.0, "lr": 0.0005, "time": 1790980121.69699}
{"type": "train", "epoch": 962, "loss": 0.42933, "obj": 0.42933, "sup": 0.0, "lr": 0.0005, "time": 1790980121.95959}
{"type": "train", "epoch": 963, "loss": 0.43109, "obj": 0.43109, "sup": 0.0, "lr": 0.0005, "time": 1790980122.22296}
{"type": "train", "epoch": 964, "loss": 0.37818, "obj": 0.37818, "sup": 0.0, "lr": 0.0005, "time": 1790980122.49818}
{"type": "train", "epoch": 965, "loss": 0.36189, "obj": 0.36189, "sup": 0.0, "lr": 0.0005, "time": 1790980122.76135}
{"type": "train", "epoch": 966, "loss": 0.34288, "obj": 0.34288, "sup": 0.0, "lr": 0.0005, "time": 1790980123.04295}
{"type": "train", "epoch": 967, "loss": 0.33048, "obj": 0.33048, "sup": 0.0, "lr": 0.0005, "time": 1790980123.31871}
{"type": "train", "epoch": 968, "loss": 0.34385, "obj": 0.34385, "sup": 0.0, "lr": 0.0005, "time": 1790980123.58133}
{"type": "train", "epoch": 969, "loss": 0.36578, "obj": 0.36578, "sup": 0.0, "lr": 0.0005, "time": 1790980123.84372}
{"type": "train", "epoch": 970, "loss": 0.35683, "obj": 0.35683, "sup": 0.0, "lr": 0.0005, "time": 1790980124.10526}
{"type": "train", "epoch": 971, "loss": 0.33585, "obj": 0.33585, "sup": 0.0, "lr": 0.0005, "time": 1790980124.37338}
{"type": "train", "epoch": 972, "loss": 0.33095, "obj": 0.33095, "sup": 0.0, "lr": 0.0005, "time": 1790980124.63711}
{"type": "train", "epoch": 973, "loss": 0.32334, "obj": 0.32334, "sup": 0.0, "lr": 0.0005, "time": 1790980124.90036}
{"type": "train", "epoch": 974, "loss": 0.33528, "obj": 0.33528, "sup": 0.0, "lr": 0.0005, "time": 1790980125.16352}
{"type": "train", "epoch": 975, "loss": 0.3251, "obj": 0.3251, "sup": 0.0, "lr": 0.0005, "time": 1790980125.42895}
{"type": "train", "epoch": 976, "loss": 0.31605, "obj": 0.31605, "sup": 0.0, "lr": 0.0005, "time": 1790980125.69504}
{"type": "train", "epoch": 977, "loss": 0.31224, "obj": 0.31224, "sup": 0.0, "lr": 0.0005, "time": 1790980125.98329}
{"type": "train", "epoch": 978, "loss": 0.35485, "obj": 0.35485, "sup": 0.0, "lr": 0.0005, "time": 1790980126.25663}
{"type": "train", "epoch": 979, "loss": 0.35561, "obj": 0.35561, "sup": 0.0, "lr": 0.0005, "time": 1790980126.56044}
{"type": "train", "epoch": 980, "loss": 0.36775, "obj": 0.36775, "sup": 0.0, "lr": 0.0005, "time": 1790980126.82637}
{"type": "train", "epoch": 981, "loss": 0.36797, "obj": 0.36797, "sup": 0.0, "lr": 0.0005, "time": 1790980127.12494}
{"type": "train", "epoch": 982, "loss": 0.34784, "obj": 0.34784, "sup": 0.0, "lr": 0.0005, "time": 1790980127.3945}
{"type": "train", "epoch": 983, "loss": 0.32703, "obj": 0.32703, "sup": 0.0, "lr": 0.0005, "time": 1790980127.65637}
{"type": "train", "epoch": 984, "loss": 0.31582, "obj": 0.31582, "sup": 0.0, "lr": 0.0005, "time": 1790980127.91998}
{"type": "train", "epoch": 985, "loss": 0.30231, "obj": 0.30231, "sup": 0.0, "lr": 0.0005, "time": 1790980128.18364}
{"type": "train", "epoch": 986, "loss": 0.30047, "obj": 0.30047, "sup": 0.0, "lr": 0.0005, "time": 1790980128.45005}
{"type": "train", "epoch": 987, "loss": 0.2979, "obj": 0.2979, "sup": 0.0, "lr": 0.0005, "time": 1790980128.73388}
{"type": "train", "epoch": 988, "loss": 0.29375, "obj": 0.29375, "sup": 0.0, "lr": 0.0005, "time": 1790980129.04388}
{"type": "train", "epoch": 989, "loss": 0.29546, "obj": 0.29546, "sup": 0.0, "lr": 0.0005, "time": 1790980129.31215}
{"type": "train", "epoch": 990, "loss": 0.3067, "obj": 0.3067, "sup": 0.0, "lr": 0.0005, "time": 1790980129.62019}
{"type": "train", "epoch": 991, "loss": 0.29504, "obj": 0.29504, "sup": 0.0, "lr": 0.0005, "time": 1790980129.92483}
{"type": "train", "epoch": 992, "loss": 0.30105, "obj": 0.30105, "sup": 0.0, "lr": 0.0005, "time": 1790980130.21715}
{"type": "train", "epoch": 993, "loss": 0.29639, "obj": 0.29639, "sup": 0.0, "lr": 0.0005, "time": 1790980130.55798}
{"type": "train", "epoch": 994, "loss": 0.29288, "obj": 0.29288, "sup": 0.0, "lr": 0.0005, "time": 1790980130.98994}
{"type": "train", "epoch": 995, "loss": 0.3118, "obj": 0.3118, "sup": 0.0, "lr": 0.0005, "time": 1790980131.31961}
{"type": "train", "epoch": 996, "loss": 0.29544, "obj": 0.29544, "sup": 0.0, "lr": 0.0005, "time": 1790980131.66702}
{"type": "train", "epoch": 997, "loss": 0.29058, "obj": 0.29058, "sup": 0.0, "lr": 0.0005, "time": 1790980132.07994}
{"type": "train", "epoch": 998, "loss": 0.28716, "obj": 0.28716, "sup": 0.0, "lr": 0.0005, "time": 1790980132.45105}
{"type": "train", "epoch": 999, "loss": 0.28677, "obj": 0.28677, "sup": 0.0, "lr": 0.0005, "time": 1790980132.79855}
{"type": "train", "epoch": 1000, "loss": 0.28677, "obj": 0.28677, "sup": 0.0, "lr": 0.0005, "time": 1790980134.29056, "train_resid_median": 0.48519, "train_resid_mean": 0.48766, "train_imag_median": 0.10779, "train_obj_median": 0.27542, "train_u_loss_to_label_median": 0.66618, "val_resid_median": 0.89756, "val_resid_mean": 0.88236, "val_imag_median": 0.17579, "val_obj_median": 0.86981, "val_u_loss_to_label_median": 0.73619}
{"type": "train", "epoch": 1001, "loss": 0.28074, "obj": 0.28074, "sup": 0.0, "lr": 0.0005, "time": 1790980134.65516}
{"type": "train", "epoch": 1002, "loss": 0.31004, "obj": 0.31004, "sup": 0.0, "lr": 0.0005, "time": 1790980134.975}
{"type": "train", "epoch": 1003, "loss": 0.31135, "obj": 0.31135, "sup": 0.0, "lr": 0.0005, "time": 1790980135.35682}
{"type": "train", "epoch": 1004, "loss": 0.32511, "obj": 0.32511, "sup": 0.0, "lr": 0.0005, "time": 1790980135.70329}
{"type": "train", "epoch": 1005, "loss": 0.30244, "obj": 0.30244, "sup": 0.0, "lr": 0.0005, "time": 1790980136.08957}
{"type": "train", "epoch": 1006, "loss": 0.30061, "obj": 0.30061, "sup": 0.0, "lr": 0.0005, "time": 1790980136.37889}
{"type": "train", "epoch": 1007, "loss": 0.29125, "obj": 0.29125, "sup": 0.0, "lr": 0.0005, "time": 1790980136.75502}
{"type": "train", "epoch": 1008, "loss": 0.28985, "obj": 0.28985, "sup": 0.0, "lr": 0.0005, "time": 1790980137.11512}
{"type": "train", "epoch": 1009, "loss": 0.2946, "obj": 0.2946, "sup": 0.0, "lr": 0.0005, "time": 1790980137.48649}
{"type": "train", "epoch": 1010, "loss": 0.29056, "obj": 0.29056, "sup": 0.0, "lr": 0.0005, "time": 1790980137.80978}
{"type": "train", "epoch": 1011, "loss": 0.2999, "obj": 0.2999, "sup": 0.0, "lr": 0.0005, "time": 1790980138.20001}
{"type": "train", "epoch": 1012, "loss": 0.28762, "obj": 0.28762, "sup": 0.0, "lr": 0.0005, "time": 1790980138.4941}
{"type": "train", "epoch": 1013, "loss": 0.2986, "obj": 0.2986, "sup": 0.0, "lr": 0.0005, "time": 1790980138.82677}
{"type": "train", "epoch": 1014, "loss": 0.28705, "obj": 0.28705, "sup": 0.0, "lr": 0.0005, "time": 1790980139.15872}
{"type": "train", "epoch": 1015, "loss": 0.28423, "obj": 0.28423, "sup": 0.0, "lr": 0.0005, "time": 1790980139.51838}
{"type": "train", "epoch": 1016, "loss": 0.28682, "obj": 0.28682, "sup": 0.0, "lr": 0.0005, "time": 1790980139.91516}
{"type": "train", "epoch": 1017, "loss": 0.28405, "obj": 0.28405, "sup": 0.0, "lr": 0.0005, "time": 1790980140.28301}
{"type": "train", "epoch": 1018, "loss": 0.28418, "obj": 0.28418, "sup": 0.0, "lr": 0.0005, "time": 1790980140.67907}
{"type": "train", "epoch": 1019, "loss": 0.30669, "obj": 0.30669, "sup": 0.0, "lr": 0.0005, "time": 1790980140.97102}
{"type": "train", "epoch": 1020, "loss": 0.37055, "obj": 0.37055, "sup": 0.0, "lr": 0.0005, "time": 1790980141.23993}
{"type": "train", "epoch": 1021, "loss": 0.43172, "obj": 0.43172, "sup": 0.0, "lr": 0.0005, "time": 1790980141.56719}
{"type": "train", "epoch": 1022, "loss": 0.38003, "obj": 0.38003, "sup": 0.0, "lr": 0.0005, "time": 1790980141.90311}
{"type": "train", "epoch": 1023, "loss": 0.40826, "obj": 0.40826, "sup": 0.0, "lr": 0.0005, "time": 1790980142.29909}
{"type": "train", "epoch": 1024, "loss": 0.36107, "obj": 0.36107, "sup": 0.0, "lr": 0.0005, "time": 1790980142.63512}
{"type": "train", "epoch": 1025, "loss": 0.34189, "obj": 0.34189, "sup": 0.0, "lr": 0.0005, "time": 1790980143.00294}
{"type": "train", "epoch": 1026, "loss": 0.33504, "obj": 0.33504, "sup": 0.0, "lr": 0.0005, "time": 1790980143.37233}
{"type": "train", "epoch": 1027, "loss": 0.30774, "obj": 0.30774, "sup": 0.0, "lr": 0.0005, "time": 1790980143.72415}
{"type": "train", "epoch": 1028, "loss": 0.31171, "obj": 0.31171, "sup": 0.0, "lr": 0.0005, "time": 1790980144.07702}
{"type": "train", "epoch": 1029, "loss": 0.30196, "obj": 0.30196, "sup": 0.0, "lr": 0.0005, "time": 1790980144.43312}
{"type": "train", "epoch": 1030, "loss": 0.30104, "obj": 0.30104, "sup": 0.0, "lr": 0.0005, "time": 1790980144.81988}
{"type": "train", "epoch": 1031, "loss": 0.29498, "obj": 0.29498, "sup": 0.0, "lr": 0.0005, "time": 1790980145.14835}
{"type": "train", "epoch": 1032, "loss": 0.28969, "obj": 0.28969, "sup": 0.0, "lr": 0.0005, "time": 1790980145.4559}
{"type": "train", "epoch": 1033, "loss": 0.29535, "obj": 0.29535, "sup": 0.0, "lr": 0.0005, "time": 1790980145.7704}
{"type": "train", "epoch": 1034, "loss": 0.29585, "obj": 0.29585, "sup": 0.0, "lr": 0.0005, "time": 1790980146.15918}
{"type": "train", "epoch": 1035, "loss": 0.30092, "obj": 0.30092, "sup": 0.0, "lr": 0.0005, "time": 1790980146.47233}
{"type": "train", "epoch": 1036, "loss": 0.29473, "obj": 0.29473, "sup": 0.0, "lr": 0.0005, "time": 1790980146.7912}
{"type": "train", "epoch": 1037, "loss": 0.28792, "obj": 0.28792, "sup": 0.0, "lr": 0.0005, "time": 1790980147.10088}
{"type": "train", "epoch": 1038, "loss": 0.29285, "obj": 0.29285, "sup": 0.0, "lr": 0.0005, "time": 1790980147.43907}
{"type": "train", "epoch": 1039, "loss": 0.28711, "obj": 0.28711, "sup": 0.0, "lr": 0.0005, "time": 1790980147.74164}
{"type": "train", "epoch": 1040, "loss": 0.28786, "obj": 0.28786, "sup": 0.0, "lr": 0.0005, "time": 1790980148.05184}
{"type": "train", "epoch": 1041, "loss": 0.2782, "obj": 0.2782, "sup": 0.0, "lr": 0.0005, "time": 1790980148.35108}
{"type": "train", "epoch": 1042, "loss": 0.28834, "obj": 0.28834, "sup": 0.0, "lr": 0.0005, "time": 1790980148.66799}
{"type": "train", "epoch": 1043, "loss": 0.28486, "obj": 0.28486, "sup": 0.0, "lr": 0.0005, "time": 1790980148.9888}
{"type": "train", "epoch": 1044, "loss": 0.28447, "obj": 0.28447, "sup": 0.0, "lr": 0.0005, "time": 1790980149.34513}
{"type": "train", "epoch": 1045, "loss": 0.30007, "obj": 0.30007, "sup": 0.0, "lr": 0.0005, "time": 1790980149.65131}
{"type": "train", "epoch": 1046, "loss": 0.2869, "obj": 0.2869, "sup": 0.0, "lr": 0.0005, "time": 1790980150.03515}
{"type": "train", "epoch": 1047, "loss": 0.28605, "obj": 0.28605, "sup": 0.0, "lr": 0.0005, "time": 1790980150.37151}
{"type": "train", "epoch": 1048, "loss": 0.27377, "obj": 0.27377, "sup": 0.0, "lr": 0.0005, "time": 1790980150.7228}
{"type": "train", "epoch": 1049, "loss": 0.27977, "obj": 0.27977, "sup": 0.0, "lr": 0.0005, "time": 1790980151.03906}
{"type": "train", "epoch": 1050, "loss": 0.28756, "obj": 0.28756, "sup": 0.0, "lr": 0.0005, "time": 1790980152.40719, "train_resid_median": 0.51252, "train_resid_mean": 0.5212, "train_imag_median": 0.10508, "train_obj_median": 0.29817, "train_u_loss_to_label_median": 0.65572, "val_resid_median": 0.88159, "val_resid_mean": 0.86815, "val_imag_median": 0.16154, "val_obj_median": 0.82808, "val_u_loss_to_label_median": 0.72929}
{"type": "train", "epoch": 1051, "loss": 0.30763, "obj": 0.30763, "sup": 0.0, "lr": 0.0005, "time": 1790980152.72712}
{"type": "train", "epoch": 1052, "loss": 0.29557, "obj": 0.29557, "sup": 0.0, "lr": 0.0005, "time": 1790980153.07104}
{"type": "train", "epoch": 1053, "loss": 0.33363, "obj": 0.33363, "sup": 0.0, "lr": 0.0005, "time": 1790980153.44309}
{"type": "train", "epoch": 1054, "loss": 0.33421, "obj": 0.33421, "sup": 0.0, "lr": 0.0005, "time": 1790980153.80323}
{"type": "train", "epoch": 1055, "loss": 0.29242, "obj": 0.29242, "sup": 0.0, "lr": 0.0005, "time": 1790980154.1506}
{"type": "train", "epoch": 1056, "loss": 0.33296, "obj": 0.33296, "sup": 0.0, "lr": 0.0005, "time": 1790980154.49113}
{"type": "train", "epoch": 1057, "loss": 0.3115, "obj": 0.3115, "sup": 0.0, "lr": 0.0005, "time": 1790980154.84338}
{"type": "train", "epoch": 1058, "loss": 0.32092, "obj": 0.32092, "sup": 0.0, "lr": 0.0005, "time": 1790980155.19578}
{"type": "train", "epoch": 1059, "loss": 0.33247, "obj": 0.33247, "sup": 0.0, "lr": 0.0005, "time": 1790980155.51127}
{"type": "train", "epoch": 1060, "loss": 0.33448, "obj": 0.33448, "sup": 0.0, "lr": 0.0005, "time": 1790980155.83934}
{"type": "train", "epoch": 1061, "loss": 0.35238, "obj": 0.35238, "sup": 0.0, "lr": 0.0005, "time": 1790980156.11198}
{"type": "train", "epoch": 1062, "loss": 0.31606, "obj": 0.31606, "sup": 0.0, "lr": 0.0005, "time": 1790980156.42712}
{"type": "train", "epoch": 1063, "loss": 0.31387, "obj": 0.31387, "sup": 0.0, "lr": 0.0005, "time": 1790980156.72171}
{"type": "train", "epoch": 1064, "loss": 0.31694, "obj": 0.31694, "sup": 0.0, "lr": 0.0005, "time": 1790980156.99151}
{"type": "train", "epoch": 1065, "loss": 0.3109, "obj": 0.3109, "sup": 0.0, "lr": 0.0005, "time": 1790980157.25748}
{"type": "train", "epoch": 1066, "loss": 0.32328, "obj": 0.32328, "sup": 0.0, "lr": 0.0005, "time": 1790980157.53768}
{"type": "train", "epoch": 1067, "loss": 0.32264, "obj": 0.32264, "sup": 0.0, "lr": 0.0005, "time": 1790980157.80322}
{"type": "train", "epoch": 1068, "loss": 0.35028, "obj": 0.35028, "sup": 0.0, "lr": 0.0005, "time": 1790980158.07029}
{"type": "train", "epoch": 1069, "loss": 0.34138, "obj": 0.34138, "sup": 0.0, "lr": 0.0005, "time": 1790980158.38222}
{"type": "train", "epoch": 1070, "loss": 0.35741, "obj": 0.35741, "sup": 0.0, "lr": 0.0005, "time": 1790980158.72731}
{"type": "train", "epoch": 1071, "loss": 0.35053, "obj": 0.35053, "sup": 0.0, "lr": 0.0005, "time": 1790980158.99409}
{"type": "train", "epoch": 1072, "loss": 0.34117, "obj": 0.34117, "sup": 0.0, "lr": 0.0005, "time": 1790980159.26014}
{"type": "train", "epoch": 1073, "loss": 0.3368, "obj": 0.3368, "sup": 0.0, "lr": 0.0005, "time": 1790980159.52714}
{"type": "train", "epoch": 1074, "loss": 0.30923, "obj": 0.30923, "sup": 0.0, "lr": 0.0005, "time": 1790980159.79358}
{"type": "train", "epoch": 1075, "loss": 0.29866, "obj": 0.29866, "sup": 0.0, "lr": 0.0005, "time": 1790980160.06082}
{"type": "train", "epoch": 1076, "loss": 0.29853, "obj": 0.29853, "sup": 0.0, "lr": 0.0005, "time": 1790980160.32533}
{"type": "train", "epoch": 1077, "loss": 0.29128, "obj": 0.29128, "sup": 0.0, "lr": 0.0005, "time": 1790980160.59288}
{"type": "train", "epoch": 1078, "loss": 0.28457, "obj": 0.28457, "sup": 0.0, "lr": 0.0005, "time": 1790980160.85851}
{"type": "train", "epoch": 1079, "loss": 0.28395, "obj": 0.28395, "sup": 0.0, "lr": 0.0005, "time": 1790980161.12461}
{"type": "train", "epoch": 1080, "loss": 0.27918, "obj": 0.27918, "sup": 0.0, "lr": 0.0005, "time": 1790980161.39082}
{"type": "train", "epoch": 1081, "loss": 0.28371, "obj": 0.28371, "sup": 0.0, "lr": 0.0005, "time": 1790980161.65721}
{"type": "train", "epoch": 1082, "loss": 0.27774, "obj": 0.27774, "sup": 0.0, "lr": 0.0005, "time": 1790980161.92697}
{"type": "train", "epoch": 1083, "loss": 0.27171, "obj": 0.27171, "sup": 0.0, "lr": 0.0005, "time": 1790980162.19339}
{"type": "train", "epoch": 1084, "loss": 0.26954, "obj": 0.26954, "sup": 0.0, "lr": 0.0005, "time": 1790980162.46378}
{"type": "train", "epoch": 1085, "loss": 0.2645, "obj": 0.2645, "sup": 0.0, "lr": 0.0005, "time": 1790980162.78243}
{"type": "train", "epoch": 1086, "loss": 0.26316, "obj": 0.26316, "sup": 0.0, "lr": 0.0005, "time": 1790980163.06204}
{"type": "train", "epoch": 1087, "loss": 0.2658, "obj": 0.2658, "sup": 0.0, "lr": 0.0005, "time": 1790980163.33728}
{"type": "train", "epoch": 1088, "loss": 0.27218, "obj": 0.27218, "sup": 0.0, "lr": 0.0005, "time": 1790980163.61641}
{"type": "train", "epoch": 1089, "loss": 0.27179, "obj": 0.27179, "sup": 0.0, "lr": 0.0005, "time": 1790980163.8863}
{"type": "train", "epoch": 1090, "loss": 0.2634, "obj": 0.2634, "sup": 0.0, "lr": 0.0005, "time": 1790980164.19581}
{"type": "train", "epoch": 1091, "loss": 0.26384, "obj": 0.26384, "sup": 0.0, "lr": 0.0005, "time": 1790980164.53095}
{"type": "train", "epoch": 1092, "loss": 0.26717, "obj": 0.26717, "sup": 0.0, "lr": 0.0005, "time": 1790980164.87947}
{"type": "train", "epoch": 1093, "loss": 0.26205, "obj": 0.26205, "sup": 0.0, "lr": 0.0005, "time": 1790980165.22536}
{"type": "train", "epoch": 1094, "loss": 0.25768, "obj": 0.25768, "sup": 0.0, "lr": 0.0005, "time": 1790980165.54554}
{"type": "train", "epoch": 1095, "loss": 0.25749, "obj": 0.25749, "sup": 0.0, "lr": 0.0005, "time": 1790980165.85457}
{"type": "train", "epoch": 1096, "loss": 0.2562, "obj": 0.2562, "sup": 0.0, "lr": 0.0005, "time": 1790980166.13507}
{"type": "train", "epoch": 1097, "loss": 0.25706, "obj": 0.25706, "sup": 0.0, "lr": 0.0005, "time": 1790980166.41919}
{"type": "train", "epoch": 1098, "loss": 0.25444, "obj": 0.25444, "sup": 0.0, "lr": 0.0005, "time": 1790980166.73897}
{"type": "train", "epoch": 1099, "loss": 0.25532, "obj": 0.25532, "sup": 0.0, "lr": 0.0005, "time": 1790980167.05244}
{"type": "train", "epoch": 1100, "loss": 0.25361, "obj": 0.25361, "sup": 0.0, "lr": 0.0005, "time": 1790980168.29014, "train_resid_median": 0.454, "train_resid_mean": 0.45732, "train_imag_median": 0.10534, "train_obj_median": 0.24993, "train_u_loss_to_label_median": 0.66208, "val_resid_median": 0.90017, "val_resid_mean": 0.8838, "val_imag_median": 0.1839, "val_obj_median": 0.87971, "val_u_loss_to_label_median": 0.73486}
{"type": "train", "epoch": 1101, "loss": 0.25347, "obj": 0.25347, "sup": 0.0, "lr": 0.0005, "time": 1790980168.58645}
{"type": "train", "epoch": 1102, "loss": 0.25234, "obj": 0.25234, "sup": 0.0, "lr": 0.0005, "time": 1790980168.86052}
{"type": "train", "epoch": 1103, "loss": 0.25024, "obj": 0.25024, "sup": 0.0, "lr": 0.0005, "time": 1790980169.14703}
{"type": "train", "epoch": 1104, "loss": 0.2511, "obj": 0.2511, "sup": 0.0, "lr": 0.0005, "time": 1790980169.499}
{"type": "train", "epoch": 1105, "loss": 0.25076, "obj": 0.25076, "sup": 0.0, "lr": 0.0005, "time": 1790980169.80157}
{"type": "train", "epoch": 1106, "loss": 0.2515, "obj": 0.2515, "sup": 0.0, "lr": 0.0005, "time": 1790980170.08629}
{"type": "train", "epoch": 1107, "loss": 0.25011, "obj": 0.25011, "sup": 0.0, "lr": 0.0005, "time": 1790980170.41464}
{"type": "train", "epoch": 1108, "loss": 0.25078, "obj": 0.25078, "sup": 0.0, "lr": 0.0005, "time": 1790980170.72404}
{"type": "train", "epoch": 1109, "loss": 0.25238, "obj": 0.25238, "sup": 0.0, "lr": 0.0005, "time": 1790980171.011}
{"type": "train", "epoch": 1110, "loss": 0.25944, "obj": 0.25944, "sup": 0.0, "lr": 0.0005, "time": 1790980171.34699}
{"type": "train", "epoch": 1111, "loss": 0.25742, "obj": 0.25742, "sup": 0.0, "lr": 0.0005, "time": 1790980171.70305}
{"type": "train", "epoch": 1112, "loss": 0.25365, "obj": 0.25365, "sup": 0.0, "lr": 0.0005, "time": 1790980172.03469}
{"type": "train", "epoch": 1113, "loss": 0.25267, "obj": 0.25267, "sup": 0.0, "lr": 0.0005, "time": 1790980172.35809}
{"type": "train", "epoch": 1114, "loss": 0.25146, "obj": 0.25146, "sup": 0.0, "lr": 0.0005, "time": 1790980172.62433}
{"type": "train", "epoch": 1115, "loss": 0.25533, "obj": 0.25533, "sup": 0.0, "lr": 0.0005, "time": 1790980172.96303}
{"type": "train", "epoch": 1116, "loss": 0.26569, "obj": 0.26569, "sup": 0.0, "lr": 0.0005, "time": 1790980173.25768}
{"type": "train", "epoch": 1117, "loss": 0.2656, "obj": 0.2656, "sup": 0.0, "lr": 0.0005, "time": 1790980173.5218}
{"type": "train", "epoch": 1118, "loss": 0.32196, "obj": 0.32196, "sup": 0.0, "lr": 0.0005, "time": 1790980173.78776}
{"type": "train", "epoch": 1119, "loss": 0.28741, "obj": 0.28741, "sup": 0.0, "lr": 0.0005, "time": 1790980174.05259}
{"type": "train", "epoch": 1120, "loss": 0.29025, "obj": 0.29025, "sup": 0.0, "lr": 0.0005, "time": 1790980174.31981}
{"type": "train", "epoch": 1121, "loss": 0.27591, "obj": 0.27591, "sup": 0.0, "lr": 0.0005, "time": 1790980174.62564}
{"type": "train", "epoch": 1122, "loss": 0.26759, "obj": 0.26759, "sup": 0.0, "lr": 0.0005, "time": 1790980174.97862}
{"type": "train", "epoch": 1123, "loss": 0.25944, "obj": 0.25944, "sup": 0.0, "lr": 0.0005, "time": 1790980175.24913}
{"type": "train", "epoch": 1124, "loss": 0.25699, "obj": 0.25699, "sup": 0.0, "lr": 0.0005, "time": 1790980175.59533}
{"type": "train", "epoch": 1125, "loss": 0.25495, "obj": 0.25495, "sup": 0.0, "lr": 0.0005, "time": 1790980175.95099}
{"type": "train", "epoch": 1126, "loss": 0.25296, "obj": 0.25296, "sup": 0.0, "lr": 0.0005, "time": 1790980176.323}
{"type": "train", "epoch": 1127, "loss": 0.26317, "obj": 0.26317, "sup": 0.0, "lr": 0.0005, "time": 1790980176.69097}
{"type": "train", "epoch": 1128, "loss": 0.25626, "obj": 0.25626, "sup": 0.0, "lr": 0.0005, "time": 1790980177.02305}
{"type": "train", "epoch": 1129, "loss": 0.26134, "obj": 0.26134, "sup": 0.0, "lr": 0.0005, "time": 1790980177.35833}
{"type": "train", "epoch": 1130, "loss": 0.2685, "obj": 0.2685, "sup": 0.0, "lr": 0.0005, "time": 1790980177.63052}
{"type": "train", "epoch": 1131, "loss": 0.25724, "obj": 0.25724, "sup": 0.0, "lr": 0.0005, "time": 1790980177.90606}
{"type": "train", "epoch": 1132, "loss": 0.25196, "obj": 0.25196, "sup": 0.0, "lr": 0.0005, "time": 1790980178.18259}
{"type": "train", "epoch": 1133, "loss": 0.25035, "obj": 0.25035, "sup": 0.0, "lr": 0.0005, "time": 1790980178.44997}
{"type": "train", "epoch": 1134, "loss": 0.25439, "obj": 0.25439, "sup": 0.0, "lr": 0.0005, "time": 1790980178.71897}
{"type": "train", "epoch": 1135, "loss": 0.25302, "obj": 0.25302, "sup": 0.0, "lr": 0.0005, "time": 1790980179.03772}
{"type": "train", "epoch": 1136, "loss": 0.25115, "obj": 0.25115, "sup": 0.0, "lr": 0.0005, "time": 1790980179.30236}
{"type": "train", "epoch": 1137, "loss": 0.24989, "obj": 0.24989, "sup": 0.0, "lr": 0.0005, "time": 1790980179.56658}
{"type": "train", "epoch": 1138, "loss": 0.25335, "obj": 0.25335, "sup": 0.0, "lr": 0.0005, "time": 1790980179.82883}
{"type": "train", "epoch": 1139, "loss": 0.25641, "obj": 0.25641, "sup": 0.0, "lr": 0.0005, "time": 1790980180.10059}
{"type": "train", "epoch": 1140, "loss": 0.25061, "obj": 0.25061, "sup": 0.0, "lr": 0.0005, "time": 1790980180.40996}
{"type": "train", "epoch": 1141, "loss": 0.25832, "obj": 0.25832, "sup": 0.0, "lr": 0.0005, "time": 1790980180.67399}
{"type": "train", "epoch": 1142, "loss": 0.25509, "obj": 0.25509, "sup": 0.0, "lr": 0.0005, "time": 1790980180.97297}
{"type": "train", "epoch": 1143, "loss": 0.26625, "obj": 0.26625, "sup": 0.0, "lr": 0.0005, "time": 1790980181.23672}
{"type": "train", "epoch": 1144, "loss": 0.26531, "obj": 0.26531, "sup": 0.0, "lr": 0.0005, "time": 1790980181.57785}
{"type": "train", "epoch": 1145, "loss": 0.25829, "obj": 0.25829, "sup": 0.0, "lr": 0.0005, "time": 1790980181.88729}
{"type": "train", "epoch": 1146, "loss": 0.25192, "obj": 0.25192, "sup": 0.0, "lr": 0.0005, "time": 1790980182.15806}
{"type": "train", "epoch": 1147, "loss": 0.26263, "obj": 0.26263, "sup": 0.0, "lr": 0.0005, "time": 1790980182.44705}
{"type": "train", "epoch": 1148, "loss": 0.25615, "obj": 0.25615, "sup": 0.0, "lr": 0.0005, "time": 1790980182.74464}
{"type": "train", "epoch": 1149, "loss": 0.26872, "obj": 0.26872, "sup": 0.0, "lr": 0.0005, "time": 1790980183.16409}
{"type": "train", "epoch": 1150, "loss": 0.25874, "obj": 0.25874, "sup": 0.0, "lr": 0.0005, "time": 1790980184.36193, "train_resid_median": 0.45378, "train_resid_mean": 0.45819, "train_imag_median": 0.11223, "train_obj_median": 0.25577, "train_u_loss_to_label_median": 0.65882, "val_resid_median": 0.89548, "val_resid_mean": 0.88321, "val_imag_median": 0.19295, "val_obj_median": 0.87498, "val_u_loss_to_label_median": 0.73315}
{"type": "train", "epoch": 1151, "loss": 0.25733, "obj": 0.25733, "sup": 0.0, "lr": 0.0005, "time": 1790980184.69095}
{"type": "train", "epoch": 1152, "loss": 0.25179, "obj": 0.25179, "sup": 0.0, "lr": 0.0005, "time": 1790980184.98773}
{"type": "train", "epoch": 1153, "loss": 0.25169, "obj": 0.25169, "sup": 0.0, "lr": 0.0005, "time": 1790980185.3126}
{"type": "train", "epoch": 1154, "loss": 0.26758, "obj": 0.26758, "sup": 0.0, "lr": 0.0005, "time": 1790980185.63914}
{"type": "train", "epoch": 1155, "loss": 0.26539, "obj": 0.26539, "sup": 0.0, "lr": 0.0005, "time": 1790980185.97898}
{"type": "train", "epoch": 1156, "loss": 0.26798, "obj": 0.26798, "sup": 0.0, "lr": 0.0005, "time": 1790980186.29414}
{"type": "train", "epoch": 1157, "loss": 0.27674, "obj": 0.27674, "sup": 0.0, "lr": 0.0005, "time": 1790980186.61122}
{"type": "train", "epoch": 1158, "loss": 0.26843, "obj": 0.26843, "sup": 0.0, "lr": 0.0005, "time": 1790980186.90874}
{"type": "train", "epoch": 1159, "loss": 0.26649, "obj": 0.26649, "sup": 0.0, "lr": 0.0005, "time": 1790980187.21377}
{"type": "train", "epoch": 1160, "loss": 0.25533, "obj": 0.25533, "sup": 0.0, "lr": 0.0005, "time": 1790980187.58696}
{"type": "train", "epoch": 1161, "loss": 0.26765, "obj": 0.26765, "sup": 0.0, "lr": 0.0005, "time": 1790980187.88938}
{"type": "train", "epoch": 1162, "loss": 0.26297, "obj": 0.26297, "sup": 0.0, "lr": 0.0005, "time": 1790980188.19438}
{"type": "train", "epoch": 1163, "loss": 0.26248, "obj": 0.26248, "sup": 0.0, "lr": 0.0005, "time": 1790980188.47898}
{"type": "train", "epoch": 1164, "loss": 0.269, "obj": 0.269, "sup": 0.0, "lr": 0.0005, "time": 1790980188.74917}
{"type": "train", "epoch": 1165, "loss": 0.26611, "obj": 0.26611, "sup": 0.0, "lr": 0.0005, "time": 1790980189.06549}
{"type": "train", "epoch": 1166, "loss": 0.30136, "obj": 0.30136, "sup": 0.0, "lr": 0.0005, "time": 1790980189.37401}
{"type": "train", "epoch": 1167, "loss": 0.30835, "obj": 0.30835, "sup": 0.0, "lr": 0.0005, "time": 1790980189.65103}
{"type": "train", "epoch": 1168, "loss": 0.28688, "obj": 0.28688, "sup": 0.0, "lr": 0.0005, "time": 1790980189.959}
{"type": "train", "epoch": 1169, "loss": 0.29, "obj": 0.29, "sup": 0.0, "lr": 0.0005, "time": 1790980190.28697}
{"type": "train", "epoch": 1170, "loss": 0.27966, "obj": 0.27966, "sup": 0.0, "lr": 0.0005, "time": 1790980190.64606}
{"type": "train", "epoch": 1171, "loss": 0.26082, "obj": 0.26082, "sup": 0.0, "lr": 0.0005, "time": 1790980190.92139}
{"type": "train", "epoch": 1172, "loss": 0.25598, "obj": 0.25598, "sup": 0.0, "lr": 0.0005, "time": 1790980191.1891}
{"type": "train", "epoch": 1173, "loss": 0.27194, "obj": 0.27194, "sup": 0.0, "lr": 0.0005, "time": 1790980191.45459}
{"type": "train", "epoch": 1174, "loss": 0.25856, "obj": 0.25856, "sup": 0.0, "lr": 0.0005, "time": 1790980191.71956}
{"type": "train", "epoch": 1175, "loss": 0.25962, "obj": 0.25962, "sup": 0.0, "lr": 0.0005, "time": 1790980191.98424}
{"type": "train", "epoch": 1176, "loss": 0.24895, "obj": 0.24895, "sup": 0.0, "lr": 0.0005, "time": 1790980192.24889}
{"type": "train", "epoch": 1177, "loss": 0.24997, "obj": 0.24997, "sup": 0.0, "lr": 0.0005, "time": 1790980192.5296}
{"type": "train", "epoch": 1178, "loss": 0.24742, "obj": 0.24742, "sup": 0.0, "lr": 0.0005, "time": 1790980192.92314}
{"type": "train", "epoch": 1179, "loss": 0.24698, "obj": 0.24698, "sup": 0.0, "lr": 0.0005, "time": 1790980193.27202}
{"type": "train", "epoch": 1180, "loss": 0.25887, "obj": 0.25887, "sup": 0.0, "lr": 0.0005, "time": 1790980193.58624}
{"type": "train", "epoch": 1181, "loss": 0.24927, "obj": 0.24927, "sup": 0.0, "lr": 0.0005, "time": 1790980193.8981}
{"type": "train", "epoch": 1182, "loss": 0.24844, "obj": 0.24844, "sup": 0.0, "lr": 0.0005, "time": 1790980194.20296}
{"type": "train", "epoch": 1183, "loss": 0.24454, "obj": 0.24454, "sup": 0.0, "lr": 0.0005, "time": 1790980194.52633}
{"type": "train", "epoch": 1184, "loss": 0.24281, "obj": 0.24281, "sup": 0.0, "lr": 0.0005, "time": 1790980194.85897}
{"type": "train", "epoch": 1185, "loss": 0.23926, "obj": 0.23926, "sup": 0.0, "lr": 0.0005, "time": 1790980195.13008}
{"type": "train", "epoch": 1186, "loss": 0.23729, "obj": 0.23729, "sup": 0.0, "lr": 0.0005, "time": 1790980195.45352}
{"type": "train", "epoch": 1187, "loss": 0.23864, "obj": 0.23864, "sup": 0.0, "lr": 0.0005, "time": 1790980195.81463}
{"type": "train", "epoch": 1188, "loss": 0.23866, "obj": 0.23866, "sup": 0.0, "lr": 0.0005, "time": 1790980196.19098}
{"type": "train", "epoch": 1189, "loss": 0.23767, "obj": 0.23767, "sup": 0.0, "lr": 0.0005, "time": 1790980196.49543}
{"type": "train", "epoch": 1190, "loss": 0.2501, "obj": 0.2501, "sup": 0.0, "lr": 0.0005, "time": 1790980196.77551}
{"type": "train", "epoch": 1191, "loss": 0.24424, "obj": 0.24424, "sup": 0.0, "lr": 0.0005, "time": 1790980197.13096}
{"type": "train", "epoch": 1192, "loss": 0.24492, "obj": 0.24492, "sup": 0.0, "lr": 0.0005, "time": 1790980197.48298}
{"type": "train", "epoch": 1193, "loss": 0.24621, "obj": 0.24621, "sup": 0.0, "lr": 0.0005, "time": 1790980197.85098}
{"type": "train", "epoch": 1194, "loss": 0.2447, "obj": 0.2447, "sup": 0.0, "lr": 0.0005, "time": 1790980198.18727}
{"type": "train", "epoch": 1195, "loss": 0.24321, "obj": 0.24321, "sup": 0.0, "lr": 0.0005, "time": 1790980198.52303}
{"type": "train", "epoch": 1196, "loss": 0.23963, "obj": 0.23963, "sup": 0.0, "lr": 0.0005, "time": 1790980198.84705}
{"type": "train", "epoch": 1197, "loss": 0.24021, "obj": 0.24021, "sup": 0.0, "lr": 0.0005, "time": 1790980199.2153}
{"type": "train", "epoch": 1198, "loss": 0.24019, "obj": 0.24019, "sup": 0.0, "lr": 0.0005, "time": 1790980199.54296}
{"type": "train", "epoch": 1199, "loss": 0.24382, "obj": 0.24382, "sup": 0.0, "lr": 0.0005, "time": 1790980199.85844}
{"type": "train", "epoch": 1200, "loss": 0.24129, "obj": 0.24129, "sup": 0.0, "lr": 0.0005, "time": 1790980201.03556, "train_resid_median": 0.42699, "train_resid_mean": 0.43314, "train_imag_median": 0.10891, "train_obj_median": 0.23836, "train_u_loss_to_label_median": 0.66342, "val_resid_median": 0.90538, "val_resid_mean": 0.8882, "val_imag_median": 0.20658, "val_obj_median": 0.90021, "val_u_loss_to_label_median": 0.73499}
{"type": "train", "epoch": 1201, "loss": 0.2439, "obj": 0.2439, "sup": 0.0, "lr": 0.0005, "time": 1790980201.32452}
{"type": "train", "epoch": 1202, "loss": 0.24201, "obj": 0.24201, "sup": 0.0, "lr": 0.0005, "time": 1790980201.66614}
{"type": "train", "epoch": 1203, "loss": 0.23864, "obj": 0.23864, "sup": 0.0, "lr": 0.0005, "time": 1790980201.96157}
{"type": "train", "epoch": 1204, "loss": 0.24439, "obj": 0.24439, "sup": 0.0, "lr": 0.0005, "time": 1790980202.27473}
{"type": "train", "epoch": 1205, "loss": 0.24549, "obj": 0.24549, "sup": 0.0, "lr": 0.0005, "time": 1790980202.60699}
{"type": "train", "epoch": 1206, "loss": 0.24127, "obj": 0.24127, "sup": 0.0, "lr": 0.0005, "time": 1790980202.93419}
{"type": "train", "epoch": 1207, "loss": 0.24274, "obj": 0.24274, "sup": 0.0, "lr": 0.0005, "time": 1790980203.27811}
{"type": "train", "epoch": 1208, "loss": 0.24561, "obj": 0.24561, "sup": 0.0, "lr": 0.0005, "time": 1790980203.63858}
{"type": "train", "epoch": 1209, "loss": 0.2445, "obj": 0.2445, "sup": 0.0, "lr": 0.0005, "time": 1790980203.96698}
{"type": "train", "epoch": 1210, "loss": 0.24084, "obj": 0.24084, "sup": 0.0, "lr": 0.0005, "time": 1790980204.24846}
{"type": "train", "epoch": 1211, "loss": 0.23698, "obj": 0.23698, "sup": 0.0, "lr": 0.0005, "time": 1790980204.56699}
{"type": "train", "epoch": 1212, "loss": 0.23865, "obj": 0.23865, "sup": 0.0, "lr": 0.0005, "time": 1790980204.8971}
{"type": "train", "epoch": 1213, "loss": 0.23559, "obj": 0.23559, "sup": 0.0, "lr": 0.0005, "time": 1790980205.19313}
{"type": "train", "epoch": 1214, "loss": 0.23757, "obj": 0.23757, "sup": 0.0, "lr": 0.0005, "time": 1790980205.51919}
{"type": "train", "epoch": 1215, "loss": 0.23297, "obj": 0.23297, "sup": 0.0, "lr": 0.0005, "time": 1790980205.82107}
{"type": "train", "epoch": 1216, "loss": 0.23471, "obj": 0.23471, "sup": 0.0, "lr": 0.0005, "time": 1790980206.12543}
{"type": "train", "epoch": 1217, "loss": 0.23454, "obj": 0.23454, "sup": 0.0, "lr": 0.0005, "time": 1790980206.43499}
{"type": "train", "epoch": 1218, "loss": 0.23788, "obj": 0.23788, "sup": 0.0, "lr": 0.0005, "time": 1790980206.74305}
{"type": "train", "epoch": 1219, "loss": 0.23117, "obj": 0.23117, "sup": 0.0, "lr": 0.0005, "time": 1790980207.07099}
{"type": "train", "epoch": 1220, "loss": 0.23006, "obj": 0.23006, "sup": 0.0, "lr": 0.0005, "time": 1790980207.35805}
{"type": "train", "epoch": 1221, "loss": 0.23646, "obj": 0.23646, "sup": 0.0, "lr": 0.0005, "time": 1790980207.69416}
{"type": "train", "epoch": 1222, "loss": 0.23223, "obj": 0.23223, "sup": 0.0, "lr": 0.0005, "time": 1790980207.995}
{"type": "train", "epoch": 1223, "loss": 0.23312, "obj": 0.23312, "sup": 0.0, "lr": 0.0005, "time": 1790980208.28774}
{"type": "train", "epoch": 1224, "loss": 0.22883, "obj": 0.22883, "sup": 0.0, "lr": 0.0005, "time": 1790980208.57048}
{"type": "train", "epoch": 1225, "loss": 0.23363, "obj": 0.23363, "sup": 0.0, "lr": 0.0005, "time": 1790980208.87223}
{"type": "train", "epoch": 1226, "loss": 0.23496, "obj": 0.23496, "sup": 0.0, "lr": 0.0005, "time": 1790980209.21777}
{"type": "train", "epoch": 1227, "loss": 0.23687, "obj": 0.23687, "sup": 0.0, "lr": 0.0005, "time": 1790980209.50513}
{"type": "train", "epoch": 1228, "loss": 0.23421, "obj": 0.23421, "sup": 0.0, "lr": 0.0005, "time": 1790980209.76885}
{"type": "train", "epoch": 1229, "loss": 0.23086, "obj": 0.23086, "sup": 0.0, "lr": 0.0005, "time": 1790980210.0319}
{"type": "train", "epoch": 1230, "loss": 0.23142, "obj": 0.23142, "sup": 0.0, "lr": 0.0005, "time": 1790980210.33895}
{"type": "train", "epoch": 1231, "loss": 0.23197, "obj": 0.23197, "sup": 0.0, "lr": 0.0005, "time": 1790980210.65897}
{"type": "train", "epoch": 1232, "loss": 0.22814, "obj": 0.22814, "sup": 0.0, "lr": 0.0005, "time": 1790980210.99895}
{"type": "train", "epoch": 1233, "loss": 0.22788, "obj": 0.22788, "sup": 0.0, "lr": 0.0005, "time": 1790980211.32881}
{"type": "train", "epoch": 1234, "loss": 0.23073, "obj": 0.23073, "sup": 0.0, "lr": 0.0005, "time": 1790980211.59535}
{"type": "train", "epoch": 1235, "loss": 0.22869, "obj": 0.22869, "sup": 0.0, "lr": 0.0005, "time": 1790980211.91813}
{"type": "train", "epoch": 1236, "loss": 0.22582, "obj": 0.22582, "sup": 0.0, "lr": 0.0005, "time": 1790980212.25316}
{"type": "train", "epoch": 1237, "loss": 0.23242, "obj": 0.23242, "sup": 0.0, "lr": 0.0005, "time": 1790980212.57163}
{"type": "train", "epoch": 1238, "loss": 0.23006, "obj": 0.23006, "sup": 0.0, "lr": 0.0005, "time": 1790980212.87499}
{"type": "train", "epoch": 1239, "loss": 0.23384, "obj": 0.23384, "sup": 0.0, "lr": 0.0005, "time": 1790980213.20706}
{"type": "train", "epoch": 1240, "loss": 0.25449, "obj": 0.25449, "sup": 0.0, "lr": 0.0005, "time": 1790980213.55701}
{"type": "train", "epoch": 1241, "loss": 0.24214, "obj": 0.24214, "sup": 0.0, "lr": 0.0005, "time": 1790980213.84402}
{"type": "train", "epoch": 1242, "loss": 0.24305, "obj": 0.24305, "sup": 0.0, "lr": 0.0005, "time": 1790980214.1231}
{"type": "train", "epoch": 1243, "loss": 0.25437, "obj": 0.25437, "sup": 0.0, "lr": 0.0005, "time": 1790980214.45346}
{"type": "train", "epoch": 1244, "loss": 0.25882, "obj": 0.25882, "sup": 0.0, "lr": 0.0005, "time": 1790980214.80682}
{"type": "train", "epoch": 1245, "loss": 0.2592, "obj": 0.2592, "sup": 0.0, "lr": 0.0005, "time": 1790980215.07989}
{"type": "train", "epoch": 1246, "loss": 0.2535, "obj": 0.2535, "sup": 0.0, "lr": 0.0005, "time": 1790980215.34742}
{"type": "train", "epoch": 1247, "loss": 0.24268, "obj": 0.24268, "sup": 0.0, "lr": 0.0005, "time": 1790980215.64036}
{"type": "train", "epoch": 1248, "loss": 0.24618, "obj": 0.24618, "sup": 0.0, "lr": 0.0005, "time": 1790980215.90614}
{"type": "train", "epoch": 1249, "loss": 0.23338, "obj": 0.23338, "sup": 0.0, "lr": 0.0005, "time": 1790980216.23335}
{"type": "train", "epoch": 1250, "loss": 0.24834, "obj": 0.24834, "sup": 0.0, "lr": 0.0005, "time": 1790980217.47765, "train_resid_median": 0.43618, "train_resid_mean": 0.44142, "train_imag_median": 0.10383, "train_obj_median": 0.23296, "train_u_loss_to_label_median": 0.65337, "val_resid_median": 0.9007, "val_resid_mean": 0.88498, "val_imag_median": 0.19908, "val_obj_median": 0.88605, "val_u_loss_to_label_median": 0.73608}
{"type": "train", "epoch": 1251, "loss": 0.24151, "obj": 0.24151, "sup": 0.0, "lr": 0.0005, "time": 1790980217.82699}
{"type": "train", "epoch": 1252, "loss": 0.23679, "obj": 0.23679, "sup": 0.0, "lr": 0.0005, "time": 1790980218.15138}
{"type": "train", "epoch": 1253, "loss": 0.24171, "obj": 0.24171, "sup": 0.0, "lr": 0.0005, "time": 1790980218.50307}
{"type": "train", "epoch": 1254, "loss": 0.23529, "obj": 0.23529, "sup": 0.0, "lr": 0.0005, "time": 1790980218.85736}
{"type": "train", "epoch": 1255, "loss": 0.23642, "obj": 0.23642, "sup": 0.0, "lr": 0.0005, "time": 1790980219.21435}
{"type": "train", "epoch": 1256, "loss": 0.23494, "obj": 0.23494, "sup": 0.0, "lr": 0.0005, "time": 1790980219.51098}
{"type": "train", "epoch": 1257, "loss": 0.25421, "obj": 0.25421, "sup": 0.0, "lr": 0.0005, "time": 1790980219.87895}
{"type": "train", "epoch": 1258, "loss": 0.25151, "obj": 0.25151, "sup": 0.0, "lr": 0.0005, "time": 1790980220.20455}
{"type": "train", "epoch": 1259, "loss": 0.2417, "obj": 0.2417, "sup": 0.0, "lr": 0.0005, "time": 1790980220.5242}
{"type": "train", "epoch": 1260, "loss": 0.23813, "obj": 0.23813, "sup": 0.0, "lr": 0.0005, "time": 1790980220.87287}
{"type": "train", "epoch": 1261, "loss": 0.23967, "obj": 0.23967, "sup": 0.0, "lr": 0.0005, "time": 1790980221.16577}
{"type": "train", "epoch": 1262, "loss": 0.23396, "obj": 0.23396, "sup": 0.0, "lr": 0.0005, "time": 1790980221.4992}
{"type": "train", "epoch": 1263, "loss": 0.23255, "obj": 0.23255, "sup": 0.0, "lr": 0.0005, "time": 1790980221.82672}
{"type": "train", "epoch": 1264, "loss": 0.23021, "obj": 0.23021, "sup": 0.0, "lr": 0.0005, "time": 1790980222.1879}
{"type": "train", "epoch": 1265, "loss": 0.23016, "obj": 0.23016, "sup": 0.0, "lr": 0.0005, "time": 1790980222.53614}
{"type": "train", "epoch": 1266, "loss": 0.23818, "obj": 0.23818, "sup": 0.0, "lr": 0.0005, "time": 1790980222.91541}
{"type": "train", "epoch": 1267, "loss": 0.23751, "obj": 0.23751, "sup": 0.0, "lr": 0.0005, "time": 1790980223.25097}
{"type": "train", "epoch": 1268, "loss": 0.2597, "obj": 0.2597, "sup": 0.0, "lr": 0.0005, "time": 1790980223.56295}
{"type": "train", "epoch": 1269, "loss": 0.30074, "obj": 0.30074, "sup": 0.0, "lr": 0.0005, "time": 1790980223.90892}
{"type": "train", "epoch": 1270, "loss": 0.27382, "obj": 0.27382, "sup": 0.0, "lr": 0.0005, "time": 1790980224.20645}
{"type": "train", "epoch": 1271, "loss": 0.32062, "obj": 0.32062, "sup": 0.0, "lr": 0.0005, "time": 1790980224.55095}
{"type": "train", "epoch": 1272, "loss": 0.26705, "obj": 0.26705, "sup": 0.0, "lr": 0.0005, "time": 1790980224.88351}
{"type": "train", "epoch": 1273, "loss": 0.27586, "obj": 0.27586, "sup": 0.0, "lr": 0.0005, "time": 1790980225.18216}
{"type": "train", "epoch": 1274, "loss": 0.26688, "obj": 0.26688, "sup": 0.0, "lr": 0.0005, "time": 1790980225.51899}
{"type": "train", "epoch": 1275, "loss": 0.25758, "obj": 0.25758, "sup": 0.0, "lr": 0.0005, "time": 1790980225.82298}
{"type": "train", "epoch": 1276, "loss": 0.25188, "obj": 0.25188, "sup": 0.0, "lr": 0.0005, "time": 1790980226.17394}
{"type": "train", "epoch": 1277, "loss": 0.24591, "obj": 0.24591, "sup": 0.0, "lr": 0.0005, "time": 1790980226.51185}
{"type": "train", "epoch": 1278, "loss": 0.24318, "obj": 0.24318, "sup": 0.0, "lr": 0.0005, "time": 1790980226.82698}
{"type": "train", "epoch": 1279, "loss": 0.26394, "obj": 0.26394, "sup": 0.0, "lr": 0.0005, "time": 1790980227.12295}
{"type": "train", "epoch": 1280, "loss": 0.27704, "obj": 0.27704, "sup": 0.0, "lr": 0.0005, "time": 1790980227.43902}
{"type": "train", "epoch": 1281, "loss": 0.35648, "obj": 0.35648, "sup": 0.0, "lr": 0.0005, "time": 1790980227.72317}
{"type": "train", "epoch": 1282, "loss": 0.36455, "obj": 0.36455, "sup": 0.0, "lr": 0.0005, "time": 1790980228.07105}
{"type": "train", "epoch": 1283, "loss": 0.38223, "obj": 0.38223, "sup": 0.0, "lr": 0.0005, "time": 1790980228.37977}
{"type": "train", "epoch": 1284, "loss": 0.30025, "obj": 0.30025, "sup": 0.0, "lr": 0.0005, "time": 1790980228.71103}
{"type": "train", "epoch": 1285, "loss": 0.28745, "obj": 0.28745, "sup": 0.0, "lr": 0.0005, "time": 1790980229.03896}
{"type": "train", "epoch": 1286, "loss": 0.32478, "obj": 0.32478, "sup": 0.0, "lr": 0.0005, "time": 1790980229.33223}
{"type": "train", "epoch": 1287, "loss": 0.29681, "obj": 0.29681, "sup": 0.0, "lr": 0.0005, "time": 1790980229.59557}
{"type": "train", "epoch": 1288, "loss": 0.26633, "obj": 0.26633, "sup": 0.0, "lr": 0.0005, "time": 1790980229.85851}
{"type": "train", "epoch": 1289, "loss": 0.25847, "obj": 0.25847, "sup": 0.0, "lr": 0.0005, "time": 1790980230.15104}
{"type": "train", "epoch": 1290, "loss": 0.24737, "obj": 0.24737, "sup": 0.0, "lr": 0.0005, "time": 1790980230.52036}
{"type": "train", "epoch": 1291, "loss": 0.24021, "obj": 0.24021, "sup": 0.0, "lr": 0.0005, "time": 1790980230.82348}
{"type": "train", "epoch": 1292, "loss": 0.25564, "obj": 0.25564, "sup": 0.0, "lr": 0.0005, "time": 1790980231.17498}
{"type": "train", "epoch": 1293, "loss": 0.26405, "obj": 0.26405, "sup": 0.0, "lr": 0.0005, "time": 1790980231.48569}
{"type": "train", "epoch": 1294, "loss": 0.26172, "obj": 0.26172, "sup": 0.0, "lr": 0.0005, "time": 1790980231.80035}
{"type": "train", "epoch": 1295, "loss": 0.26643, "obj": 0.26643, "sup": 0.0, "lr": 0.0005, "time": 1790980232.08818}
{"type": "train", "epoch": 1296, "loss": 0.25963, "obj": 0.25963, "sup": 0.0, "lr": 0.0005, "time": 1790980232.37437}
{"type": "train", "epoch": 1297, "loss": 0.29824, "obj": 0.29824, "sup": 0.0, "lr": 0.0005, "time": 1790980232.65743}
{"type": "train", "epoch": 1298, "loss": 0.26349, "obj": 0.26349, "sup": 0.0, "lr": 0.0005, "time": 1790980232.95686}
{"type": "train", "epoch": 1299, "loss": 0.25096, "obj": 0.25096, "sup": 0.0, "lr": 0.0005, "time": 1790980233.27823}
{"type": "train", "epoch": 1300, "loss": 0.24225, "obj": 0.24225, "sup": 0.0, "lr": 0.0005, "time": 1790980234.49363, "train_resid_median": 0.43017, "train_resid_mean": 0.43338, "train_imag_median": 0.1042, "train_obj_median": 0.22784, "train_u_loss_to_label_median": 0.65746, "val_resid_median": 0.89782, "val_resid_mean": 0.88055, "val_imag_median": 0.1957, "val_obj_median": 0.87361, "val_u_loss_to_label_median": 0.73193}
{"type": "train", "epoch": 1301, "loss": 0.23732, "obj": 0.23732, "sup": 0.0, "lr": 0.0005, "time": 1790980234.795}
{"type": "train", "epoch": 1302, "loss": 0.24628, "obj": 0.24628, "sup": 0.0, "lr": 0.0005, "time": 1790980235.09896}
{"type": "train", "epoch": 1303, "loss": 0.25318, "obj": 0.25318, "sup": 0.0, "lr": 0.0005, "time": 1790980235.40332}
{"type": "train", "epoch": 1304, "loss": 0.32848, "obj": 0.32848, "sup": 0.0, "lr": 0.0005, "time": 1790980235.72829}
{"type": "train", "epoch": 1305, "loss": 0.28673, "obj": 0.28673, "sup": 0.0, "lr": 0.0005, "time": 1790980236.01316}
{"type": "train", "epoch": 1306, "loss": 0.27965, "obj": 0.27965, "sup": 0.0, "lr": 0.0005, "time": 1790980236.2866}
{"type": "train", "epoch": 1307, "loss": 0.27412, "obj": 0.27412, "sup": 0.0, "lr": 0.0005, "time": 1790980236.57149}
{"type": "train", "epoch": 1308, "loss": 0.26859, "obj": 0.26859, "sup": 0.0, "lr": 0.0005, "time": 1790980236.89899}
{"type": "train", "epoch": 1309, "loss": 0.25332, "obj": 0.25332, "sup": 0.0, "lr": 0.0005, "time": 1790980237.20438}
{"type": "train", "epoch": 1310, "loss": 0.26987, "obj": 0.26987, "sup": 0.0, "lr": 0.0005, "time": 1790980237.51469}
{"type": "train", "epoch": 1311, "loss": 0.26192, "obj": 0.26192, "sup": 0.0, "lr": 0.0005, "time": 1790980237.83902}
{"type": "train", "epoch": 1312, "loss": 0.25461, "obj": 0.25461, "sup": 0.0, "lr": 0.0005, "time": 1790980238.15895}
{"type": "train", "epoch": 1313, "loss": 0.2584, "obj": 0.2584, "sup": 0.0, "lr": 0.0005, "time": 1790980238.44798}
{"type": "train", "epoch": 1314, "loss": 0.25147, "obj": 0.25147, "sup": 0.0, "lr": 0.0005, "time": 1790980238.75394}
{"type": "train", "epoch": 1315, "loss": 0.24386, "obj": 0.24386, "sup": 0.0, "lr": 0.0005, "time": 1790980239.03929}
{"type": "train", "epoch": 1316, "loss": 0.25178, "obj": 0.25178, "sup": 0.0, "lr": 0.0005, "time": 1790980239.30749}
{"type": "train", "epoch": 1317, "loss": 0.24287, "obj": 0.24287, "sup": 0.0, "lr": 0.0005, "time": 1790980239.57382}
{"type": "train", "epoch": 1318, "loss": 0.23797, "obj": 0.23797, "sup": 0.0, "lr": 0.0005, "time": 1790980239.88473}
{"type": "train", "epoch": 1319, "loss": 0.23428, "obj": 0.23428, "sup": 0.0, "lr": 0.0005, "time": 1790980240.24305}
{"type": "train", "epoch": 1320, "loss": 0.22746, "obj": 0.22746, "sup": 0.0, "lr": 0.0005, "time": 1790980240.56173}
{"type": "train", "epoch": 1321, "loss": 0.23006, "obj": 0.23006, "sup": 0.0, "lr": 0.0005, "time": 1790980240.91907}
{"type": "train", "epoch": 1322, "loss": 0.23433, "obj": 0.23433, "sup": 0.0, "lr": 0.0005, "time": 1790980241.19986}
{"type": "train", "epoch": 1323, "loss": 0.23886, "obj": 0.23886, "sup": 0.0, "lr": 0.0005, "time": 1790980241.47453}
{"type": "train", "epoch": 1324, "loss": 0.23353, "obj": 0.23353, "sup": 0.0, "lr": 0.0005, "time": 1790980241.76706}
{"type": "train", "epoch": 1325, "loss": 0.23168, "obj": 0.23168, "sup": 0.0, "lr": 0.0005, "time": 1790980242.09841}
{"type": "train", "epoch": 1326, "loss": 0.22601, "obj": 0.22601, "sup": 0.0, "lr": 0.0005, "time": 1790980242.37026}
{"type": "train", "epoch": 1327, "loss": 0.22336, "obj": 0.22336, "sup": 0.0, "lr": 0.0005, "time": 1790980242.64526}
{"type": "train", "epoch": 1328, "loss": 0.22586, "obj": 0.22586, "sup": 0.0, "lr": 0.0005, "time": 1790980242.94334}
{"type": "train", "epoch": 1329, "loss": 0.22824, "obj": 0.22824, "sup": 0.0, "lr": 0.0005, "time": 1790980243.27106}
{"type": "train", "epoch": 1330, "loss": 0.22264, "obj": 0.22264, "sup": 0.0, "lr": 0.0005, "time": 1790980243.64306}
{"type": "train", "epoch": 1331, "loss": 0.21793, "obj": 0.21793, "sup": 0.0, "lr": 0.0005, "time": 1790980243.98945}
{"type": "train", "epoch": 1332, "loss": 0.21925, "obj": 0.21925, "sup": 0.0, "lr": 0.0005, "time": 1790980244.29617}
{"type": "train", "epoch": 1333, "loss": 0.22057, "obj": 0.22057, "sup": 0.0, "lr": 0.0005, "time": 1790980244.59492}
{"type": "train", "epoch": 1334, "loss": 0.21901, "obj": 0.21901, "sup": 0.0, "lr": 0.0005, "time": 1790980244.85879}
{"type": "train", "epoch": 1335, "loss": 0.21902, "obj": 0.21902, "sup": 0.0, "lr": 0.0005, "time": 1790980245.12461}
{"type": "train", "epoch": 1336, "loss": 0.21802, "obj": 0.21802, "sup": 0.0, "lr": 0.0005, "time": 1790980245.41812}
{"type": "train", "epoch": 1337, "loss": 0.21641, "obj": 0.21641, "sup": 0.0, "lr": 0.0005, "time": 1790980245.71307}
{"type": "train", "epoch": 1338, "loss": 0.21476, "obj": 0.21476, "sup": 0.0, "lr": 0.0005, "time": 1790980245.98253}
{"type": "train", "epoch": 1339, "loss": 0.21375, "obj": 0.21375, "sup": 0.0, "lr": 0.0005, "time": 1790980246.24794}
{"type": "train", "epoch": 1340, "loss": 0.21333, "obj": 0.21333, "sup": 0.0, "lr": 0.0005, "time": 1790980246.51365}
{"type": "train", "epoch": 1341, "loss": 0.2123, "obj": 0.2123, "sup": 0.0, "lr": 0.0005, "time": 1790980246.78077}
{"type": "train", "epoch": 1342, "loss": 0.21165, "obj": 0.21165, "sup": 0.0, "lr": 0.0005, "time": 1790980247.05913}
{"type": "train", "epoch": 1343, "loss": 0.21166, "obj": 0.21166, "sup": 0.0, "lr": 0.0005, "time": 1790980247.33842}
{"type": "train", "epoch": 1344, "loss": 0.21172, "obj": 0.21172, "sup": 0.0, "lr": 0.0005, "time": 1790980247.64243}
{"type": "train", "epoch": 1345, "loss": 0.21104, "obj": 0.21104, "sup": 0.0, "lr": 0.0005, "time": 1790980247.94709}
{"type": "train", "epoch": 1346, "loss": 0.21471, "obj": 0.21471, "sup": 0.0, "lr": 0.0005, "time": 1790980248.21634}
{"type": "train", "epoch": 1347, "loss": 0.21084, "obj": 0.21084, "sup": 0.0, "lr": 0.0005, "time": 1790980248.50128}
{"type": "train", "epoch": 1348, "loss": 0.21083, "obj": 0.21083, "sup": 0.0, "lr": 0.0005, "time": 1790980248.76544}
{"type": "train", "epoch": 1349, "loss": 0.2117, "obj": 0.2117, "sup": 0.0, "lr": 0.0005, "time": 1790980249.0794}
{"type": "train", "epoch": 1350, "loss": 0.21338, "obj": 0.21338, "sup": 0.0, "lr": 0.0005, "time": 1790980250.25377, "train_resid_median": 0.39957, "train_resid_mean": 0.4068, "train_imag_median": 0.08813, "train_obj_median": 0.20488, "train_u_loss_to_label_median": 0.65792, "val_resid_median": 0.90037, "val_resid_mean": 0.88611, "val_imag_median": 0.21052, "val_obj_median": 0.8941, "val_u_loss_to_label_median": 0.73614}
{"type": "train", "epoch": 1351, "loss": 0.21512, "obj": 0.21512, "sup": 0.0, "lr": 0.0005, "time": 1790980250.55112}
{"type": "train", "epoch": 1352, "loss": 0.21401, "obj": 0.21401, "sup": 0.0, "lr": 0.0005, "time": 1790980250.91934}
{"type": "train", "epoch": 1353, "loss": 0.21104, "obj": 0.21104, "sup": 0.0, "lr": 0.0005, "time": 1790980251.18941}
{"type": "train", "epoch": 1354, "loss": 0.21375, "obj": 0.21375, "sup": 0.0, "lr": 0.0005, "time": 1790980251.45563}
{"type": "train", "epoch": 1355, "loss": 0.21882, "obj": 0.21882, "sup": 0.0, "lr": 0.0005, "time": 1790980251.72655}
{"type": "train", "epoch": 1356, "loss": 0.21707, "obj": 0.21707, "sup": 0.0, "lr": 0.0005, "time": 1790980251.989}
{"type": "train", "epoch": 1357, "loss": 0.22171, "obj": 0.22171, "sup": 0.0, "lr": 0.0005, "time": 1790980252.25362}
{"type": "train", "epoch": 1358, "loss": 0.22025, "obj": 0.22025, "sup": 0.0, "lr": 0.0005, "time": 1790980252.51855}
{"type": "train", "epoch": 1359, "loss": 0.22201, "obj": 0.22201, "sup": 0.0, "lr": 0.0005, "time": 1790980252.79136}
{"type": "train", "epoch": 1360, "loss": 0.26348, "obj": 0.26348, "sup": 0.0, "lr": 0.0005, "time": 1790980253.07708}
{"type": "train", "epoch": 1361, "loss": 0.23777, "obj": 0.23777, "sup": 0.0, "lr": 0.0005, "time": 1790980253.36323}
{"type": "train", "epoch": 1362, "loss": 0.2376, "obj": 0.2376, "sup": 0.0, "lr": 0.0005, "time": 1790980253.64551}
{"type": "train", "epoch": 1363, "loss": 0.23172, "obj": 0.23172, "sup": 0.0, "lr": 0.0005, "time": 1790980253.92172}
{"type": "train", "epoch": 1364, "loss": 0.23715, "obj": 0.23715, "sup": 0.0, "lr": 0.0005, "time": 1790980254.19326}
{"type": "train", "epoch": 1365, "loss": 0.22928, "obj": 0.22928, "sup": 0.0, "lr": 0.0005, "time": 1790980254.46303}
{"type": "train", "epoch": 1366, "loss": 0.23765, "obj": 0.23765, "sup": 0.0, "lr": 0.0005, "time": 1790980254.73051}
{"type": "train", "epoch": 1367, "loss": 0.23284, "obj": 0.23284, "sup": 0.0, "lr": 0.0005, "time": 1790980254.99503}
{"type": "train", "epoch": 1368, "loss": 0.22268, "obj": 0.22268, "sup": 0.0, "lr": 0.0005, "time": 1790980255.26608}
{"type": "train", "epoch": 1369, "loss": 0.22443, "obj": 0.22443, "sup": 0.0, "lr": 0.0005, "time": 1790980255.53166}
{"type": "train", "epoch": 1370, "loss": 0.22069, "obj": 0.22069, "sup": 0.0, "lr": 0.0005, "time": 1790980255.79494}
{"type": "train", "epoch": 1371, "loss": 0.22077, "obj": 0.22077, "sup": 0.0, "lr": 0.0005, "time": 1790980256.06177}
{"type": "train", "epoch": 1372, "loss": 0.21726, "obj": 0.21726, "sup": 0.0, "lr": 0.0005, "time": 1790980256.35417}
{"type": "train", "epoch": 1373, "loss": 0.21874, "obj": 0.21874, "sup": 0.0, "lr": 0.0005, "time": 1790980256.62132}
{"type": "train", "epoch": 1374, "loss": 0.21735, "obj": 0.21735, "sup": 0.0, "lr": 0.0005, "time": 1790980256.88806}
{"type": "train", "epoch": 1375, "loss": 0.21422, "obj": 0.21422, "sup": 0.0, "lr": 0.0005, "time": 1790980257.15405}
{"type": "train", "epoch": 1376, "loss": 0.21455, "obj": 0.21455, "sup": 0.0, "lr": 0.0005, "time": 1790980257.42086}
{"type": "train", "epoch": 1377, "loss": 0.21193, "obj": 0.21193, "sup": 0.0, "lr": 0.0005, "time": 1790980257.68698}
{"type": "train", "epoch": 1378, "loss": 0.21138, "obj": 0.21138, "sup": 0.0, "lr": 0.0005, "time": 1790980258.00707}
{"type": "train", "epoch": 1379, "loss": 0.21423, "obj": 0.21423, "sup": 0.0, "lr": 0.0005, "time": 1790980258.36182}
{"type": "train", "epoch": 1380, "loss": 0.21179, "obj": 0.21179, "sup": 0.0, "lr": 0.0005, "time": 1790980258.69655}
{"type": "train", "epoch": 1381, "loss": 0.20983, "obj": 0.20983, "sup": 0.0, "lr": 0.0005, "time": 1790980258.99374}
{"type": "train", "epoch": 1382, "loss": 0.20929, "obj": 0.20929, "sup": 0.0, "lr": 0.0005, "time": 1790980259.26356}
{"type": "train", "epoch": 1383, "loss": 0.20833, "obj": 0.20833, "sup": 0.0, "lr": 0.0005, "time": 1790980259.53576}
{"type": "train", "epoch": 1384, "loss": 0.20804, "obj": 0.20804, "sup": 0.0, "lr": 0.0005, "time": 1790980259.84303}
{"type": "train", "epoch": 1385, "loss": 0.20723, "obj": 0.20723, "sup": 0.0, "lr": 0.0005, "time": 1790980260.15905}
{"type": "train", "epoch": 1386, "loss": 0.20752, "obj": 0.20752, "sup": 0.0, "lr": 0.0005, "time": 1790980260.46539}
{"type": "train", "epoch": 1387, "loss": 0.20701, "obj": 0.20701, "sup": 0.0, "lr": 0.0005, "time": 1790980260.75753}
{"type": "train", "epoch": 1388, "loss": 0.20604, "obj": 0.20604, "sup": 0.0, "lr": 0.0005, "time": 1790980261.0797}
{"type": "train", "epoch": 1389, "loss": 0.20676, "obj": 0.20676, "sup": 0.0, "lr": 0.0005, "time": 1790980261.36064}
{"type": "train", "epoch": 1390, "loss": 0.20802, "obj": 0.20802, "sup": 0.0, "lr": 0.0005, "time": 1790980261.6677}
{"type": "train", "epoch": 1391, "loss": 0.20533, "obj": 0.20533, "sup": 0.0, "lr": 0.0005, "time": 1790980261.95554}
{"type": "train", "epoch": 1392, "loss": 0.20914, "obj": 0.20914, "sup": 0.0, "lr": 0.0005, "time": 1790980262.26707}
{"type": "train", "epoch": 1393, "loss": 0.20948, "obj": 0.20948, "sup": 0.0, "lr": 0.0005, "time": 1790980262.62659}
{"type": "train", "epoch": 1394, "loss": 0.20908, "obj": 0.20908, "sup": 0.0, "lr": 0.0005, "time": 1790980262.96786}
{"type": "train", "epoch": 1395, "loss": 0.21624, "obj": 0.21624, "sup": 0.0, "lr": 0.0005, "time": 1790980263.2444}
{"type": "train", "epoch": 1396, "loss": 0.21848, "obj": 0.21848, "sup": 0.0, "lr": 0.0005, "time": 1790980263.52177}
{"type": "train", "epoch": 1397, "loss": 0.23026, "obj": 0.23026, "sup": 0.0, "lr": 0.0005, "time": 1790980263.81916}
{"type": "train", "epoch": 1398, "loss": 0.23403, "obj": 0.23403, "sup": 0.0, "lr": 0.0005, "time": 1790980264.13131}
{"type": "train", "epoch": 1399, "loss": 0.21985, "obj": 0.21985, "sup": 0.0, "lr": 0.0005, "time": 1790980264.46083}
{"type": "train", "epoch": 1400, "loss": 0.2224, "obj": 0.2224, "sup": 0.0, "lr": 0.0005, "time": 1790980265.75003, "train_resid_median": 0.40489, "train_resid_mean": 0.40802, "train_imag_median": 0.12068, "train_obj_median": 0.21986, "train_u_loss_to_label_median": 0.66086, "val_resid_median": 0.91076, "val_resid_mean": 0.89526, "val_imag_median": 0.23196, "val_obj_median": 0.92385, "val_u_loss_to_label_median": 0.73247}
{"type": "train", "epoch": 1401, "loss": 0.22454, "obj": 0.22454, "sup": 0.0, "lr": 0.0005, "time": 1790980266.06559}
{"type": "train", "epoch": 1402, "loss": 0.21298, "obj": 0.21298, "sup": 0.0, "lr": 0.0005, "time": 1790980266.36809}
{"type": "train", "epoch": 1403, "loss": 0.21731, "obj": 0.21731, "sup": 0.0, "lr": 0.0005, "time": 1790980266.66719}
{"type": "train", "epoch": 1404, "loss": 0.2164, "obj": 0.2164, "sup": 0.0, "lr": 0.0005, "time": 1790980266.96856}
{"type": "train", "epoch": 1405, "loss": 0.21617, "obj": 0.21617, "sup": 0.0, "lr": 0.0005, "time": 1790980267.27897}
{"type": "train", "epoch": 1406, "loss": 0.21101, "obj": 0.21101, "sup": 0.0, "lr": 0.0005, "time": 1790980267.6008}
{"type": "train", "epoch": 1407, "loss": 0.20853, "obj": 0.20853, "sup": 0.0, "lr": 0.0005, "time": 1790980267.86997}
{"type": "train", "epoch": 1408, "loss": 0.2095, "obj": 0.2095, "sup": 0.0, "lr": 0.0005, "time": 1790980268.16146}
{"type": "train", "epoch": 1409, "loss": 0.214, "obj": 0.214, "sup": 0.0, "lr": 0.0005, "time": 1790980268.51602}
{"type": "train", "epoch": 1410, "loss": 0.21798, "obj": 0.21798, "sup": 0.0, "lr": 0.0005, "time": 1790980268.82345}
{"type": "train", "epoch": 1411, "loss": 0.21434, "obj": 0.21434, "sup": 0.0, "lr": 0.0005, "time": 1790980269.16705}
{"type": "train", "epoch": 1412, "loss": 0.21581, "obj": 0.21581, "sup": 0.0, "lr": 0.0005, "time": 1790980269.46511}
{"type": "train", "epoch": 1413, "loss": 0.22587, "obj": 0.22587, "sup": 0.0, "lr": 0.0005, "time": 1790980269.79854}
{"type": "train", "epoch": 1414, "loss": 0.21842, "obj": 0.21842, "sup": 0.0, "lr": 0.0005, "time": 1790980270.1102}
{"type": "train", "epoch": 1415, "loss": 0.22459, "obj": 0.22459, "sup": 0.0, "lr": 0.0005, "time": 1790980270.39342}
{"type": "train", "epoch": 1416, "loss": 0.2161, "obj": 0.2161, "sup": 0.0, "lr": 0.0005, "time": 1790980270.721}
{"type": "train", "epoch": 1417, "loss": 0.21834, "obj": 0.21834, "sup": 0.0, "lr": 0.0005, "time": 1790980271.02293}
{"type": "train", "epoch": 1418, "loss": 0.21379, "obj": 0.21379, "sup": 0.0, "lr": 0.0005, "time": 1790980271.3196}
{"type": "train", "epoch": 1419, "loss": 0.2163, "obj": 0.2163, "sup": 0.0, "lr": 0.0005, "time": 1790980271.61625}
{"type": "train", "epoch": 1420, "loss": 0.21379, "obj": 0.21379, "sup": 0.0, "lr": 0.0005, "time": 1790980271.91633}
{"type": "train", "epoch": 1421, "loss": 0.21264, "obj": 0.21264, "sup": 0.0, "lr": 0.0005, "time": 1790980272.22145}
{"type": "train", "epoch": 1422, "loss": 0.2155, "obj": 0.2155, "sup": 0.0, "lr": 0.0005, "time": 1790980272.52822}
{"type": "train", "epoch": 1423, "loss": 0.22788, "obj": 0.22788, "sup": 0.0, "lr": 0.0005, "time": 1790980272.81993}
{"type": "train", "epoch": 1424, "loss": 0.2265, "obj": 0.2265, "sup": 0.0, "lr": 0.0005, "time": 1790980273.10594}
{"type": "train", "epoch": 1425, "loss": 0.2249, "obj": 0.2249, "sup": 0.0, "lr": 0.0005, "time": 1790980273.38351}
{"type": "train", "epoch": 1426, "loss": 0.21977, "obj": 0.21977, "sup": 0.0, "lr": 0.0005, "time": 1790980273.67895}
{"type": "train", "epoch": 1427, "loss": 0.21321, "obj": 0.21321, "sup": 0.0, "lr": 0.0005, "time": 1790980273.95041}
{"type": "train", "epoch": 1428, "loss": 0.2123, "obj": 0.2123, "sup": 0.0, "lr": 0.0005, "time": 1790980274.24213}
{"type": "train", "epoch": 1429, "loss": 0.21229, "obj": 0.21229, "sup": 0.0, "lr": 0.0005, "time": 1790980274.52848}
{"type": "train", "epoch": 1430, "loss": 0.21154, "obj": 0.21154, "sup": 0.0, "lr": 0.0005, "time": 1790980274.84308}
{"type": "train", "epoch": 1431, "loss": 0.21381, "obj": 0.21381, "sup": 0.0, "lr": 0.0005, "time": 1790980275.12476}
{"type": "train", "epoch": 1432, "loss": 0.21314, "obj": 0.21314, "sup": 0.0, "lr": 0.0005, "time": 1790980275.42482}
{"type": "train", "epoch": 1433, "loss": 0.21497, "obj": 0.21497, "sup": 0.0, "lr": 0.0005, "time": 1790980275.75845}
{"type": "train", "epoch": 1434, "loss": 0.21119, "obj": 0.21119, "sup": 0.0, "lr": 0.0005, "time": 1790980276.0808}
{"type": "train", "epoch": 1435, "loss": 0.2117, "obj": 0.2117, "sup": 0.0, "lr": 0.0005, "time": 1790980276.37561}
{"type": "train", "epoch": 1436, "loss": 0.21368, "obj": 0.21368, "sup": 0.0, "lr": 0.0005, "time": 1790980276.69738}
{"type": "train", "epoch": 1437, "loss": 0.21, "obj": 0.21, "sup": 0.0, "lr": 0.0005, "time": 1790980277.02599}
{"type": "train", "epoch": 1438, "loss": 0.20887, "obj": 0.20887, "sup": 0.0, "lr": 0.0005, "time": 1790980277.33608}
{"type": "train", "epoch": 1439, "loss": 0.21482, "obj": 0.21482, "sup": 0.0, "lr": 0.0005, "time": 1790980277.62666}
{"type": "train", "epoch": 1440, "loss": 0.21383, "obj": 0.21383, "sup": 0.0, "lr": 0.0005, "time": 1790980277.97247}
{"type": "train", "epoch": 1441, "loss": 0.21177, "obj": 0.21177, "sup": 0.0, "lr": 0.0005, "time": 1790980278.30303}
{"type": "train", "epoch": 1442, "loss": 0.20941, "obj": 0.20941, "sup": 0.0, "lr": 0.0005, "time": 1790980278.57205}
{"type": "train", "epoch": 1443, "loss": 0.20829, "obj": 0.20829, "sup": 0.0, "lr": 0.0005, "time": 1790980278.83742}
{"type": "train", "epoch": 1444, "loss": 0.21094, "obj": 0.21094, "sup": 0.0, "lr": 0.0005, "time": 1790980279.11911}
{"type": "train", "epoch": 1445, "loss": 0.21746, "obj": 0.21746, "sup": 0.0, "lr": 0.0005, "time": 1790980279.43507}
{"type": "train", "epoch": 1446, "loss": 0.22229, "obj": 0.22229, "sup": 0.0, "lr": 0.0005, "time": 1790980279.72003}
{"type": "train", "epoch": 1447, "loss": 0.21452, "obj": 0.21452, "sup": 0.0, "lr": 0.0005, "time": 1790980280.05498}
{"type": "train", "epoch": 1448, "loss": 0.20774, "obj": 0.20774, "sup": 0.0, "lr": 0.0005, "time": 1790980280.3625}
{"type": "train", "epoch": 1449, "loss": 0.21641, "obj": 0.21641, "sup": 0.0, "lr": 0.0005, "time": 1790980280.68445}
{"type": "train", "epoch": 1450, "loss": 0.21337, "obj": 0.21337, "sup": 0.0, "lr": 0.0005, "time": 1790980281.91914, "train_resid_median": 0.40291, "train_resid_mean": 0.40895, "train_imag_median": 0.11815, "train_obj_median": 0.21534, "train_u_loss_to_label_median": 0.66145, "val_resid_median": 0.90499, "val_resid_mean": 0.89048, "val_imag_median": 0.22173, "val_obj_median": 0.90511, "val_u_loss_to_label_median": 0.73255}
{"type": "train", "epoch": 1451, "loss": 0.23782, "obj": 0.23782, "sup": 0.0, "lr": 0.0005, "time": 1790980282.20171}
{"type": "train", "epoch": 1452, "loss": 0.2267, "obj": 0.2267, "sup": 0.0, "lr": 0.0005, "time": 1790980282.55841}
{"type": "train", "epoch": 1453, "loss": 0.2781, "obj": 0.2781, "sup": 0.0, "lr": 0.0005, "time": 1790980282.8788}
{"type": "train", "epoch": 1454, "loss": 0.27652, "obj": 0.27652, "sup": 0.0, "lr": 0.0005, "time": 1790980283.2431}
{"type": "train", "epoch": 1455, "loss": 0.25585, "obj": 0.25585, "sup": 0.0, "lr": 0.0005, "time": 1790980283.52492}
{"type": "train", "epoch": 1456, "loss": 0.23737, "obj": 0.23737, "sup": 0.0, "lr": 0.0005, "time": 1790980283.9096}
{"type": "train", "epoch": 1457, "loss": 0.23102, "obj": 0.23102, "sup": 0.0, "lr": 0.0005, "time": 1790980284.24713}
{"type": "train", "epoch": 1458, "loss": 0.21955, "obj": 0.21955, "sup": 0.0, "lr": 0.0005, "time": 1790980284.54099}
{"type": "train", "epoch": 1459, "loss": 0.21623, "obj": 0.21623, "sup": 0.0, "lr": 0.0005, "time": 1790980284.81695}
{"type": "train", "epoch": 1460, "loss": 0.21899, "obj": 0.21899, "sup": 0.0, "lr": 0.0005, "time": 1790980285.09129}
{"type": "train", "epoch": 1461, "loss": 0.23172, "obj": 0.23172, "sup": 0.0, "lr": 0.0005, "time": 1790980285.3586}
{"type": "train", "epoch": 1462, "loss": 0.22401, "obj": 0.22401, "sup": 0.0, "lr": 0.0005, "time": 1790980285.63502}
{"type": "train", "epoch": 1463, "loss": 0.22215, "obj": 0.22215, "sup": 0.0, "lr": 0.0005, "time": 1790980285.94461}
{"type": "train", "epoch": 1464, "loss": 0.21786, "obj": 0.21786, "sup": 0.0, "lr": 0.0005, "time": 1790980286.31945}
{"type": "train", "epoch": 1465, "loss": 0.21891, "obj": 0.21891, "sup": 0.0, "lr": 0.0005, "time": 1790980286.667}
{"type": "train", "epoch": 1466, "loss": 0.21278, "obj": 0.21278, "sup": 0.0, "lr": 0.0005, "time": 1790980287.0037}
{"type": "train", "epoch": 1467, "loss": 0.21348, "obj": 0.21348, "sup": 0.0, "lr": 0.0005, "time": 1790980287.36819}
{"type": "train", "epoch": 1468, "loss": 0.2148, "obj": 0.2148, "sup": 0.0, "lr": 0.0005, "time": 1790980287.68469}
{"type": "train", "epoch": 1469, "loss": 0.21169, "obj": 0.21169, "sup": 0.0, "lr": 0.0005, "time": 1790980288.01636}
{"type": "train", "epoch": 1470, "loss": 0.20773, "obj": 0.20773, "sup": 0.0, "lr": 0.0005, "time": 1790980288.3363}
{"type": "train", "epoch": 1471, "loss": 0.20824, "obj": 0.20824, "sup": 0.0, "lr": 0.0005, "time": 1790980288.66654}
{"type": "train", "epoch": 1472, "loss": 0.20993, "obj": 0.20993, "sup": 0.0, "lr": 0.0005, "time": 1790980288.98678}
{"type": "train", "epoch": 1473, "loss": 0.20703, "obj": 0.20703, "sup": 0.0, "lr": 0.0005, "time": 1790980289.30219}
{"type": "train", "epoch": 1474, "loss": 0.21063, "obj": 0.21063, "sup": 0.0, "lr": 0.0005, "time": 1790980289.60907}
{"type": "train", "epoch": 1475, "loss": 0.20836, "obj": 0.20836, "sup": 0.0, "lr": 0.0005, "time": 1790980289.9138}
{"type": "train", "epoch": 1476, "loss": 0.21219, "obj": 0.21219, "sup": 0.0, "lr": 0.0005, "time": 1790980290.25568}
{"type": "train", "epoch": 1477, "loss": 0.21573, "obj": 0.21573, "sup": 0.0, "lr": 0.0005, "time": 1790980290.58345}
{"type": "train", "epoch": 1478, "loss": 0.23985, "obj": 0.23985, "sup": 0.0, "lr": 0.0005, "time": 1790980290.89103}
{"type": "train", "epoch": 1479, "loss": 0.22759, "obj": 0.22759, "sup": 0.0, "lr": 0.0005, "time": 1790980291.19622}
{"type": "train", "epoch": 1480, "loss": 0.23656, "obj": 0.23656, "sup": 0.0, "lr": 0.0005, "time": 1790980291.5031}
{"type": "train", "epoch": 1481, "loss": 0.22322, "obj": 0.22322, "sup": 0.0, "lr": 0.0005, "time": 1790980291.79733}
{"type": "train", "epoch": 1482, "loss": 0.23023, "obj": 0.23023, "sup": 0.0, "lr": 0.0005, "time": 1790980292.12907}
{"type": "train", "epoch": 1483, "loss": 0.22328, "obj": 0.22328, "sup": 0.0, "lr": 0.0005, "time": 1790980292.45156}
{"type": "train", "epoch": 1484, "loss": 0.21673, "obj": 0.21673, "sup": 0.0, "lr": 0.0005, "time": 1790980292.77102}
{"type": "train", "epoch": 1485, "loss": 0.21652, "obj": 0.21652, "sup": 0.0, "lr": 0.0005, "time": 1790980293.08783}
{"type": "train", "epoch": 1486, "loss": 0.21738, "obj": 0.21738, "sup": 0.0, "lr": 0.0005, "time": 1790980293.40907}
{"type": "train", "epoch": 1487, "loss": 0.22299, "obj": 0.22299, "sup": 0.0, "lr": 0.0005, "time": 1790980293.67412}
{"type": "train", "epoch": 1488, "loss": 0.21899, "obj": 0.21899, "sup": 0.0, "lr": 0.0005, "time": 1790980293.97088}
{"type": "train", "epoch": 1489, "loss": 0.21326, "obj": 0.21326, "sup": 0.0, "lr": 0.0005, "time": 1790980294.29393}
{"type": "train", "epoch": 1490, "loss": 0.21549, "obj": 0.21549, "sup": 0.0, "lr": 0.0005, "time": 1790980294.6346}
{"type": "train", "epoch": 1491, "loss": 0.21199, "obj": 0.21199, "sup": 0.0, "lr": 0.0005, "time": 1790980294.9182}
{"type": "train", "epoch": 1492, "loss": 0.21108, "obj": 0.21108, "sup": 0.0, "lr": 0.0005, "time": 1790980295.19803}
{"type": "train", "epoch": 1493, "loss": 0.21431, "obj": 0.21431, "sup": 0.0, "lr": 0.0005, "time": 1790980295.4616}
{"type": "train", "epoch": 1494, "loss": 0.20886, "obj": 0.20886, "sup": 0.0, "lr": 0.0005, "time": 1790980295.72562}
{"type": "train", "epoch": 1495, "loss": 0.20956, "obj": 0.20956, "sup": 0.0, "lr": 0.0005, "time": 1790980295.98987}
{"type": "train", "epoch": 1496, "loss": 0.20705, "obj": 0.20705, "sup": 0.0, "lr": 0.0005, "time": 1790980296.25368}
{"type": "train", "epoch": 1497, "loss": 0.20599, "obj": 0.20599, "sup": 0.0, "lr": 0.0005, "time": 1790980296.5554}
{"type": "train", "epoch": 1498, "loss": 0.21654, "obj": 0.21654, "sup": 0.0, "lr": 0.0005, "time": 1790980296.84254}
{"type": "train", "epoch": 1499, "loss": 0.20972, "obj": 0.20972, "sup": 0.0, "lr": 0.0005, "time": 1790980297.10676}
{"type": "train", "epoch": 1500, "loss": 0.22554, "obj": 0.22554, "sup": 0.0, "lr": 0.0005, "time": 1790980298.24963, "train_resid_median": 0.39916, "train_resid_mean": 0.40751, "train_imag_median": 0.106, "train_obj_median": 0.20822, "train_u_loss_to_label_median": 0.66321, "val_resid_median": 0.89659, "val_resid_mean": 0.88417, "val_imag_median": 0.21775, "val_obj_median": 0.8889, "val_u_loss_to_label_median": 0.7275}
{"type": "done", "best_val_resid_median": 0.8308, "time": 1790980298.36733}
