{"type": "start", "n_params": 3248757, "n_train": 16, "n_val": 141, "steps": 3000, "time": 1790979812.55329}
{"type": "eval", "epoch": 0, "train_resid_median": 0.96591, "train_resid_mean": 0.96776, "train_imag_median": 0.07974, "train_obj_median": 0.95157, "train_u_loss_to_label_median": 0.68047, "val_resid_median": 0.97034, "val_resid_mean": 0.96567, "val_imag_median": 0.08049, "val_obj_median": 0.96144, "val_u_loss_to_label_median": 0.69224, "time": 1790979813.99587}
{"type": "train", "epoch": 1, "loss": 1.68737, "obj": 0.0, "sup": 1.68737, "lr": 2e-05, "time": 1790979814.49901}
{"type": "train", "epoch": 2, "loss": 1.43369, "obj": 0.0, "sup": 1.43369, "lr": 3e-05, "time": 1790979814.88942}
{"type": "train", "epoch": 3, "loss": 1.37217, "obj": 0.0, "sup": 1.37217, "lr": 4e-05, "time": 1790979815.21467}
{"type": "train", "epoch": 4, "loss": 1.42712, "obj": 0.0, "sup": 1.42712, "lr": 4e-05, "time": 1790979815.54195}
{"type": "train", "epoch": 5, "loss": 1.34022, "obj": 0.0, "sup": 1.34022, "lr": 6e-05, "time": 1790979815.88305}
{"type": "train", "epoch": 6, "loss": 1.34401, "obj": 0.0, "sup": 1.34401, "lr": 7e-05, "time": 1790979816.19993}
{"type": "train", "epoch": 7, "loss": 1.3281, "obj": 0.0, "sup": 1.3281, "lr": 7e-05, "time": 1790979816.53201}
{"type": "train", "epoch": 8, "loss": 1.33409, "obj": 0.0, "sup": 1.33409, "lr": 9e-05, "time": 1790979816.89864}
{"type": "train", "epoch": 9, "loss": 1.32704, "obj": 0.0, "sup": 1.32704, "lr": 0.0001, "time": 1790979817.29357}
{"type": "train", "epoch": 10, "loss": 1.3198, "obj": 0.0, "sup": 1.3198, "lr": 0.00011, "time": 1790979817.59538}
{"type": "train", "epoch": 11, "loss": 1.32453, "obj": 0.0, "sup": 1.32453, "lr": 0.00012, "time": 1790979817.91296}
{"type": "train", "epoch": 12, "loss": 1.31135, "obj": 0.0, "sup": 1.31135, "lr": 0.00013, "time": 1790979818.27497}
{"type": "train", "epoch": 13, "loss": 1.30503, "obj": 0.0, "sup": 1.30503, "lr": 0.00014, "time": 1790979818.68963}
{"type": "train", "epoch": 14, "loss": 1.30313, "obj": 0.0, "sup": 1.30313, "lr": 0.00015, "time": 1790979819.03775}
{"type": "train", "epoch": 15, "loss": 1.31371, "obj": 0.0, "sup": 1.31371, "lr": 0.00015, "time": 1790979819.35457}
{"type": "train", "epoch": 16, "loss": 1.30769, "obj": 0.0, "sup": 1.30769, "lr": 0.00016, "time": 1790979819.6631}
{"type": "train", "epoch": 17, "loss": 1.30542, "obj": 0.0, "sup": 1.30542, "lr": 0.00017, "time": 1790979819.96303}
{"type": "train", "epoch": 18, "loss": 1.29769, "obj": 0.0, "sup": 1.29769, "lr": 0.00018, "time": 1790979820.29426}
{"type": "train", "epoch": 19, "loss": 1.28499, "obj": 0.0, "sup": 1.28499, "lr": 0.0002, "time": 1790979820.64157}
{"type": "train", "epoch": 20, "loss": 1.31313, "obj": 0.0, "sup": 1.31313, "lr": 0.0002, "time": 1790979820.96697}
{"type": "train", "epoch": 21, "loss": 1.32886, "obj": 0.0, "sup": 1.32886, "lr": 0.00021, "time": 1790979821.2811}
{"type": "train", "epoch": 22, "loss": 1.28953, "obj": 0.0, "sup": 1.28953, "lr": 0.00023, "time": 1790979821.61908}
{"type": "train", "epoch": 23, "loss": 1.315, "obj": 0.0, "sup": 1.315, "lr": 0.00023, "time": 1790979821.96133}
{"type": "train", "epoch": 24, "loss": 1.37921, "obj": 0.0, "sup": 1.37921, "lr": 0.00024, "time": 1790979822.25845}
{"type": "train", "epoch": 25, "loss": 1.33304, "obj": 0.0, "sup": 1.33304, "lr": 0.00026, "time": 1790979822.58628}
{"type": "train", "epoch": 26, "loss": 1.30367, "obj": 0.0, "sup": 1.30367, "lr": 0.00027, "time": 1790979822.89343}
{"type": "train", "epoch": 27, "loss": 1.31717, "obj": 0.0, "sup": 1.31717, "lr": 0.00028, "time": 1790979823.20896}
{"type": "train", "epoch": 28, "loss": 1.33599, "obj": 0.0, "sup": 1.33599, "lr": 0.00028, "time": 1790979823.56289}
{"type": "train", "epoch": 29, "loss": 1.30313, "obj": 0.0, "sup": 1.30313, "lr": 0.0003, "time": 1790979823.86628}
{"type": "train", "epoch": 30, "loss": 1.30621, "obj": 0.0, "sup": 1.30621, "lr": 0.0003, "time": 1790979824.16853}
{"type": "train", "epoch": 31, "loss": 1.30236, "obj": 0.0, "sup": 1.30236, "lr": 0.00032, "time": 1790979824.49596}
{"type": "train", "epoch": 32, "loss": 1.29796, "obj": 0.0, "sup": 1.29796, "lr": 0.00033, "time": 1790979824.82525}
{"type": "train", "epoch": 33, "loss": 1.31558, "obj": 0.0, "sup": 1.31558, "lr": 0.00034, "time": 1790979825.21096}
{"type": "train", "epoch": 34, "loss": 1.28977, "obj": 0.0, "sup": 1.28977, "lr": 0.00034, "time": 1790979825.58267}
{"type": "train", "epoch": 35, "loss": 1.31305, "obj": 0.0, "sup": 1.31305, "lr": 0.00036, "time": 1790979825.90303}
{"type": "train", "epoch": 36, "loss": 1.29805, "obj": 0.0, "sup": 1.29805, "lr": 0.00036, "time": 1790979826.20388}
{"type": "train", "epoch": 37, "loss": 1.31216, "obj": 0.0, "sup": 1.31216, "lr": 0.00038, "time": 1790979826.53338}
{"type": "train", "epoch": 38, "loss": 1.29228, "obj": 0.0, "sup": 1.29228, "lr": 0.00039, "time": 1790979826.84635}
{"type": "train", "epoch": 39, "loss": 1.31005, "obj": 0.0, "sup": 1.31005, "lr": 0.0004, "time": 1790979827.15722}
{"type": "train", "epoch": 40, "loss": 1.29604, "obj": 0.0, "sup": 1.29604, "lr": 0.00041, "time": 1790979827.53612}
{"type": "train", "epoch": 41, "loss": 1.30433, "obj": 0.0, "sup": 1.30433, "lr": 0.00042, "time": 1790979827.8517}
{"type": "train", "epoch": 42, "loss": 1.29811, "obj": 0.0, "sup": 1.29811, "lr": 0.00042, "time": 1790979828.18828}
{"type": "train", "epoch": 43, "loss": 1.30392, "obj": 0.0, "sup": 1.30392, "lr": 0.00044, "time": 1790979828.53057}
{"type": "train", "epoch": 44, "loss": 1.29612, "obj": 0.0, "sup": 1.29612, "lr": 0.00045, "time": 1790979828.85519}
{"type": "train", "epoch": 45, "loss": 1.29881, "obj": 0.0, "sup": 1.29881, "lr": 0.00046, "time": 1790979829.18396}
{"type": "train", "epoch": 46, "loss": 1.29912, "obj": 0.0, "sup": 1.29912, "lr": 0.00047, "time": 1790979829.48399}
{"type": "train", "epoch": 47, "loss": 1.2963, "obj": 0.0, "sup": 1.2963, "lr": 0.00047, "time": 1790979829.83584}
{"type": "train", "epoch": 48, "loss": 1.2973, "obj": 0.0, "sup": 1.2973, "lr": 0.00048, "time": 1790979830.18931}
{"type": "train", "epoch": 49, "loss": 1.28747, "obj": 0.0, "sup": 1.28747, "lr": 0.00049, "time": 1790979830.57371}
{"type": "train", "epoch": 50, "loss": 1.2975, "obj": 0.0, "sup": 1.2975, "lr": 0.0005, "time": 1790979831.9274, "train_resid_median": 1.0092, "train_resid_mean": 0.99855, "train_imag_median": 0.07919, "train_obj_median": 1.04106, "train_u_loss_to_label_median": 0.64858, "val_resid_median": 1.01399, "val_resid_mean": 1.00218, "val_imag_median": 0.0803, "val_obj_median": 1.05205, "val_u_loss_to_label_median": 0.66323}
{"type": "train", "epoch": 51, "loss": 1.28239, "obj": 0.0, "sup": 1.28239, "lr": 0.0005, "time": 1790979832.26322}
{"type": "train", "epoch": 52, "loss": 1.29138, "obj": 0.0, "sup": 1.29138, "lr": 0.0005, "time": 1790979832.62462}
{"type": "train", "epoch": 53, "loss": 1.26475, "obj": 0.0, "sup": 1.26475, "lr": 0.0005, "time": 1790979832.93807}
{"type": "train", "epoch": 54, "loss": 1.27416, "obj": 0.0, "sup": 1.27416, "lr": 0.0005, "time": 1790979833.27033}
{"type": "train", "epoch": 55, "loss": 1.24268, "obj": 0.0, "sup": 1.24268, "lr": 0.0005, "time": 1790979833.6551}
{"type": "train", "epoch": 56, "loss": 1.25034, "obj": 0.0, "sup": 1.25034, "lr": 0.0005, "time": 1790979833.96231}
{"type": "train", "epoch": 57, "loss": 1.2238, "obj": 0.0, "sup": 1.2238, "lr": 0.0005, "time": 1790979834.26617}
{"type": "train", "epoch": 58, "loss": 1.17437, "obj": 0.0, "sup": 1.17437, "lr": 0.0005, "time": 1790979834.56848}
{"type": "train", "epoch": 59, "loss": 1.43294, "obj": 0.0, "sup": 1.43294, "lr": 0.0005, "time": 1790979834.90861}
{"type": "train", "epoch": 60, "loss": 1.4951, "obj": 0.0, "sup": 1.4951, "lr": 0.0005, "time": 1790979835.21249}
{"type": "train", "epoch": 61, "loss": 1.17982, "obj": 0.0, "sup": 1.17982, "lr": 0.0005, "time": 1790979835.58516}
{"type": "train", "epoch": 62, "loss": 1.2102, "obj": 0.0, "sup": 1.2102, "lr": 0.0005, "time": 1790979835.96697}
{"type": "train", "epoch": 63, "loss": 1.18181, "obj": 0.0, "sup": 1.18181, "lr": 0.0005, "time": 1790979836.36154}
{"type": "train", "epoch": 64, "loss": 1.15314, "obj": 0.0, "sup": 1.15314, "lr": 0.0005, "time": 1790979836.77509}
{"type": "train", "epoch": 65, "loss": 1.17249, "obj": 0.0, "sup": 1.17249, "lr": 0.0005, "time": 1790979837.15499}
{"type": "train", "epoch": 66, "loss": 2.33129, "obj": 0.0, "sup": 2.33129, "lr": 0.0005, "time": 1790979837.53561}
{"type": "train", "epoch": 67, "loss": 1.33679, "obj": 0.0, "sup": 1.33679, "lr": 0.0005, "time": 1790979837.89496}
{"type": "train", "epoch": 68, "loss": 1.18991, "obj": 0.0, "sup": 1.18991, "lr": 0.0005, "time": 1790979838.23775}
{"type": "train", "epoch": 69, "loss": 1.19853, "obj": 0.0, "sup": 1.19853, "lr": 0.0005, "time": 1790979838.58312}
{"type": "train", "epoch": 70, "loss": 1.57136, "obj": 0.0, "sup": 1.57136, "lr": 0.0005, "time": 1790979839.02099}
{"type": "train", "epoch": 71, "loss": 1.1675, "obj": 0.0, "sup": 1.1675, "lr": 0.0005, "time": 1790979839.43678}
{"type": "train", "epoch": 72, "loss": 1.12238, "obj": 0.0, "sup": 1.12238, "lr": 0.0005, "time": 1790979839.88797}
{"type": "train", "epoch": 73, "loss": 1.14388, "obj": 0.0, "sup": 1.14388, "lr": 0.0005, "time": 1790979840.3135}
{"type": "train", "epoch": 74, "loss": 1.28037, "obj": 0.0, "sup": 1.28037, "lr": 0.0005, "time": 1790979840.68384}
{"type": "train", "epoch": 75, "loss": 1.09493, "obj": 0.0, "sup": 1.09493, "lr": 0.0005, "time": 1790979841.00616}
{"type": "train", "epoch": 76, "loss": 1.15413, "obj": 0.0, "sup": 1.15413, "lr": 0.0005, "time": 1790979841.31672}
{"type": "train", "epoch": 77, "loss": 1.19141, "obj": 0.0, "sup": 1.19141, "lr": 0.0005, "time": 1790979841.61189}
{"type": "train", "epoch": 78, "loss": 1.24073, "obj": 0.0, "sup": 1.24073, "lr": 0.0005, "time": 1790979841.90869}
{"type": "train", "epoch": 79, "loss": 1.18167, "obj": 0.0, "sup": 1.18167, "lr": 0.0005, "time": 1790979842.23111}
{"type": "train", "epoch": 80, "loss": 1.24461, "obj": 0.0, "sup": 1.24461, "lr": 0.0005, "time": 1790979842.57129}
{"type": "train", "epoch": 81, "loss": 1.08038, "obj": 0.0, "sup": 1.08038, "lr": 0.0005, "time": 1790979842.93116}
{"type": "train", "epoch": 82, "loss": 1.12772, "obj": 0.0, "sup": 1.12772, "lr": 0.0005, "time": 1790979843.26042}
{"type": "train", "epoch": 83, "loss": 1.11961, "obj": 0.0, "sup": 1.11961, "lr": 0.0005, "time": 1790979843.59517}
{"type": "train", "epoch": 84, "loss": 1.06372, "obj": 0.0, "sup": 1.06372, "lr": 0.0005, "time": 1790979843.93094}
{"type": "train", "epoch": 85, "loss": 1.06799, "obj": 0.0, "sup": 1.06799, "lr": 0.0005, "time": 1790979844.30073}
{"type": "train", "epoch": 86, "loss": 1.05613, "obj": 0.0, "sup": 1.05613, "lr": 0.0005, "time": 1790979844.65506}
{"type": "train", "epoch": 87, "loss": 1.05754, "obj": 0.0, "sup": 1.05754, "lr": 0.0005, "time": 1790979845.0499}
{"type": "train", "epoch": 88, "loss": 1.03327, "obj": 0.0, "sup": 1.03327, "lr": 0.0005, "time": 1790979845.42076}
{"type": "train", "epoch": 89, "loss": 1.0027, "obj": 0.0, "sup": 1.0027, "lr": 0.0005, "time": 1790979845.79675}
{"type": "train", "epoch": 90, "loss": 1.01925, "obj": 0.0, "sup": 1.01925, "lr": 0.0005, "time": 1790979846.15272}
{"type": "train", "epoch": 91, "loss": 0.99249, "obj": 0.0, "sup": 0.99249, "lr": 0.0005, "time": 1790979846.50286}
{"type": "train", "epoch": 92, "loss": 0.9772, "obj": 0.0, "sup": 0.9772, "lr": 0.0005, "time": 1790979846.85502}
{"type": "train", "epoch": 93, "loss": 0.97747, "obj": 0.0, "sup": 0.97747, "lr": 0.0005, "time": 1790979847.20701}
{"type": "train", "epoch": 94, "loss": 0.96186, "obj": 0.0, "sup": 0.96186, "lr": 0.0005, "time": 1790979847.55804}
{"type": "train", "epoch": 95, "loss": 0.96331, "obj": 0.0, "sup": 0.96331, "lr": 0.0005, "time": 1790979847.8552}
{"type": "train", "epoch": 96, "loss": 0.95934, "obj": 0.0, "sup": 0.95934, "lr": 0.0005, "time": 1790979848.1536}
{"type": "train", "epoch": 97, "loss": 0.96462, "obj": 0.0, "sup": 0.96462, "lr": 0.0005, "time": 1790979848.45176}
{"type": "train", "epoch": 98, "loss": 0.9571, "obj": 0.0, "sup": 0.9571, "lr": 0.0005, "time": 1790979848.75075}
{"type": "train", "epoch": 99, "loss": 0.94947, "obj": 0.0, "sup": 0.94947, "lr": 0.0005, "time": 1790979849.04831}
{"type": "train", "epoch": 100, "loss": 0.96182, "obj": 0.0, "sup": 0.96182, "lr": 0.0005, "time": 1790979850.19682, "train_resid_median": 1.06494, "train_resid_mean": 1.06142, "train_imag_median": 0.04857, "train_obj_median": 1.16876, "train_u_loss_to_label_median": 0.64804, "val_resid_median": 1.09664, "val_resid_mean": 1.07404, "val_imag_median": 0.04917, "val_obj_median": 1.24441, "val_u_loss_to_label_median": 0.66344}
{"type": "train", "epoch": 101, "loss": 0.95591, "obj": 0.0, "sup": 0.95591, "lr": 0.0005, "time": 1790979850.54724}
{"type": "train", "epoch": 102, "loss": 0.95146, "obj": 0.0, "sup": 0.95146, "lr": 0.0005, "time": 1790979850.95369}
{"type": "train", "epoch": 103, "loss": 0.9598, "obj": 0.0, "sup": 0.9598, "lr": 0.0005, "time": 1790979851.315}
{"type": "train", "epoch": 104, "loss": 0.98151, "obj": 0.0, "sup": 0.98151, "lr": 0.0005, "time": 1790979851.66981}
{"type": "train", "epoch": 105, "loss": 0.97386, "obj": 0.0, "sup": 0.97386, "lr": 0.0005, "time": 1790979851.99089}
{"type": "train", "epoch": 106, "loss": 0.94114, "obj": 0.0, "sup": 0.94114, "lr": 0.0005, "time": 1790979852.29514}
{"type": "train", "epoch": 107, "loss": 0.94202, "obj": 0.0, "sup": 0.94202, "lr": 0.0005, "time": 1790979852.59537}
{"type": "train", "epoch": 108, "loss": 0.94984, "obj": 0.0, "sup": 0.94984, "lr": 0.0005, "time": 1790979852.89987}
{"type": "train", "epoch": 109, "loss": 0.94922, "obj": 0.0, "sup": 0.94922, "lr": 0.0005, "time": 1790979853.20368}
{"type": "train", "epoch": 110, "loss": 0.95099, "obj": 0.0, "sup": 0.95099, "lr": 0.0005, "time": 1790979853.50644}
{"type": "train", "epoch": 111, "loss": 0.95137, "obj": 0.0, "sup": 0.95137, "lr": 0.0005, "time": 1790979853.81133}
{"type": "train", "epoch": 112, "loss": 0.94993, "obj": 0.0, "sup": 0.94993, "lr": 0.0005, "time": 1790979854.12227}
{"type": "train", "epoch": 113, "loss": 0.95684, "obj": 0.0, "sup": 0.95684, "lr": 0.0005, "time": 1790979854.42857}
{"type": "train", "epoch": 114, "loss": 0.94801, "obj": 0.0, "sup": 0.94801, "lr": 0.0005, "time": 1790979854.73229}
{"type": "train", "epoch": 115, "loss": 0.9473, "obj": 0.0, "sup": 0.9473, "lr": 0.0005, "time": 1790979855.03297}
{"type": "train", "epoch": 116, "loss": 0.94602, "obj": 0.0, "sup": 0.94602, "lr": 0.0005, "time": 1790979855.33371}
{"type": "train", "epoch": 117, "loss": 0.96015, "obj": 0.0, "sup": 0.96015, "lr": 0.0005, "time": 1790979855.63471}
{"type": "train", "epoch": 118, "loss": 0.94384, "obj": 0.0, "sup": 0.94384, "lr": 0.0005, "time": 1790979855.93618}
{"type": "train", "epoch": 119, "loss": 0.95579, "obj": 0.0, "sup": 0.95579, "lr": 0.0005, "time": 1790979856.23778}
{"type": "train", "epoch": 120, "loss": 0.94121, "obj": 0.0, "sup": 0.94121, "lr": 0.0005, "time": 1790979856.5407}
{"type": "train", "epoch": 121, "loss": 0.9372, "obj": 0.0, "sup": 0.9372, "lr": 0.0005, "time": 1790979856.84471}
{"type": "train", "epoch": 122, "loss": 0.94626, "obj": 0.0, "sup": 0.94626, "lr": 0.0005, "time": 1790979857.14606}
{"type": "train", "epoch": 123, "loss": 0.94038, "obj": 0.0, "sup": 0.94038, "lr": 0.0005, "time": 1790979857.44641}
{"type": "train", "epoch": 124, "loss": 0.94943, "obj": 0.0, "sup": 0.94943, "lr": 0.0005, "time": 1790979857.77088}
{"type": "train", "epoch": 125, "loss": 0.94212, "obj": 0.0, "sup": 0.94212, "lr": 0.0005, "time": 1790979858.1711}
{"type": "train", "epoch": 126, "loss": 0.93757, "obj": 0.0, "sup": 0.93757, "lr": 0.0005, "time": 1790979858.49273}
{"type": "train", "epoch": 127, "loss": 0.93377, "obj": 0.0, "sup": 0.93377, "lr": 0.0005, "time": 1790979858.79845}
{"type": "train", "epoch": 128, "loss": 0.93358, "obj": 0.0, "sup": 0.93358, "lr": 0.0005, "time": 1790979859.13621}
{"type": "train", "epoch": 129, "loss": 0.9348, "obj": 0.0, "sup": 0.9348, "lr": 0.0005, "time": 1790979859.47403}
{"type": "train", "epoch": 130, "loss": 0.93753, "obj": 0.0, "sup": 0.93753, "lr": 0.0005, "time": 1790979859.78999}
{"type": "train", "epoch": 131, "loss": 0.93273, "obj": 0.0, "sup": 0.93273, "lr": 0.0005, "time": 1790979860.09591}
{"type": "train", "epoch": 132, "loss": 0.93289, "obj": 0.0, "sup": 0.93289, "lr": 0.0005, "time": 1790979860.41255}
{"type": "train", "epoch": 133, "loss": 0.92865, "obj": 0.0, "sup": 0.92865, "lr": 0.0005, "time": 1790979860.71671}
{"type": "train", "epoch": 134, "loss": 0.93258, "obj": 0.0, "sup": 0.93258, "lr": 0.0005, "time": 1790979861.02634}
{"type": "train", "epoch": 135, "loss": 0.92914, "obj": 0.0, "sup": 0.92914, "lr": 0.0005, "time": 1790979861.33123}
{"type": "train", "epoch": 136, "loss": 0.92757, "obj": 0.0, "sup": 0.92757, "lr": 0.0005, "time": 1790979861.63903}
{"type": "train", "epoch": 137, "loss": 0.92663, "obj": 0.0, "sup": 0.92663, "lr": 0.0005, "time": 1790979861.95262}
{"type": "train", "epoch": 138, "loss": 0.92571, "obj": 0.0, "sup": 0.92571, "lr": 0.0005, "time": 1790979862.26255}
{"type": "train", "epoch": 139, "loss": 0.92908, "obj": 0.0, "sup": 0.92908, "lr": 0.0005, "time": 1790979862.58345}
{"type": "train", "epoch": 140, "loss": 0.92563, "obj": 0.0, "sup": 0.92563, "lr": 0.0005, "time": 1790979862.88685}
{"type": "train", "epoch": 141, "loss": 0.9269, "obj": 0.0, "sup": 0.9269, "lr": 0.0005, "time": 1790979863.1898}
{"type": "train", "epoch": 142, "loss": 0.92355, "obj": 0.0, "sup": 0.92355, "lr": 0.0005, "time": 1790979863.49195}
{"type": "train", "epoch": 143, "loss": 0.92506, "obj": 0.0, "sup": 0.92506, "lr": 0.0005, "time": 1790979863.79606}
{"type": "train", "epoch": 144, "loss": 0.92622, "obj": 0.0, "sup": 0.92622, "lr": 0.0005, "time": 1790979864.10138}
{"type": "train", "epoch": 145, "loss": 0.92423, "obj": 0.0, "sup": 0.92423, "lr": 0.0005, "time": 1790979864.40392}
{"type": "train", "epoch": 146, "loss": 0.92587, "obj": 0.0, "sup": 0.92587, "lr": 0.0005, "time": 1790979864.70324}
{"type": "train", "epoch": 147, "loss": 0.92629, "obj": 0.0, "sup": 0.92629, "lr": 0.0005, "time": 1790979865.01296}
{"type": "train", "epoch": 148, "loss": 0.92657, "obj": 0.0, "sup": 0.92657, "lr": 0.0005, "time": 1790979865.33296}
{"type": "train", "epoch": 149, "loss": 0.92783, "obj": 0.0, "sup": 0.92783, "lr": 0.0005, "time": 1790979865.64476}
{"type": "train", "epoch": 150, "loss": 0.92697, "obj": 0.0, "sup": 0.92697, "lr": 0.0005, "time": 1790979866.87079, "train_resid_median": 0.99991, "train_resid_mean": 0.99388, "train_imag_median": 0.13412, "train_obj_median": 1.04161, "train_u_loss_to_label_median": 0.65292, "val_resid_median": 1.02382, "val_resid_mean": 1.00684, "val_imag_median": 0.13572, "val_obj_median": 1.09878, "val_u_loss_to_label_median": 0.66616}
{"type": "train", "epoch": 151, "loss": 0.92891, "obj": 0.0, "sup": 0.92891, "lr": 0.0005, "time": 1790979867.18963}
{"type": "train", "epoch": 152, "loss": 0.92687, "obj": 0.0, "sup": 0.92687, "lr": 0.0005, "time": 1790979867.5125}
{"type": "train", "epoch": 153, "loss": 0.92811, "obj": 0.0, "sup": 0.92811, "lr": 0.0005, "time": 1790979867.83554}
{"type": "train", "epoch": 154, "loss": 0.92428, "obj": 0.0, "sup": 0.92428, "lr": 0.0005, "time": 1790979868.18095}
{"type": "train", "epoch": 155, "loss": 0.92089, "obj": 0.0, "sup": 0.92089, "lr": 0.0005, "time": 1790979868.48008}
{"type": "train", "epoch": 156, "loss": 0.93015, "obj": 0.0, "sup": 0.93015, "lr": 0.0005, "time": 1790979868.77721}
{"type": "train", "epoch": 157, "loss": 0.95075, "obj": 0.0, "sup": 0.95075, "lr": 0.0005, "time": 1790979869.07597}
{"type": "train", "epoch": 158, "loss": 0.92502, "obj": 0.0, "sup": 0.92502, "lr": 0.0005, "time": 1790979869.37371}
{"type": "train", "epoch": 159, "loss": 0.9239, "obj": 0.0, "sup": 0.9239, "lr": 0.0005, "time": 1790979869.67132}
{"type": "train", "epoch": 160, "loss": 0.92368, "obj": 0.0, "sup": 0.92368, "lr": 0.0005, "time": 1790979869.98493}
{"type": "train", "epoch": 161, "loss": 0.92396, "obj": 0.0, "sup": 0.92396, "lr": 0.0005, "time": 1790979870.28217}
{"type": "train", "epoch": 162, "loss": 0.92416, "obj": 0.0, "sup": 0.92416, "lr": 0.0005, "time": 1790979870.5817}
{"type": "train", "epoch": 163, "loss": 0.92273, "obj": 0.0, "sup": 0.92273, "lr": 0.0005, "time": 1790979870.88299}
{"type": "train", "epoch": 164, "loss": 0.92193, "obj": 0.0, "sup": 0.92193, "lr": 0.0005, "time": 1790979871.18201}
{"type": "train", "epoch": 165, "loss": 0.93007, "obj": 0.0, "sup": 0.93007, "lr": 0.0005, "time": 1790979871.48288}
{"type": "train", "epoch": 166, "loss": 0.92675, "obj": 0.0, "sup": 0.92675, "lr": 0.0005, "time": 1790979871.81503}
{"type": "train", "epoch": 167, "loss": 0.93098, "obj": 0.0, "sup": 0.93098, "lr": 0.0005, "time": 1790979872.17358}
{"type": "train", "epoch": 168, "loss": 0.92744, "obj": 0.0, "sup": 0.92744, "lr": 0.0005, "time": 1790979872.49134}
{"type": "train", "epoch": 169, "loss": 0.93015, "obj": 0.0, "sup": 0.93015, "lr": 0.0005, "time": 1790979872.8069}
{"type": "train", "epoch": 170, "loss": 0.92915, "obj": 0.0, "sup": 0.92915, "lr": 0.0005, "time": 1790979873.1242}
{"type": "train", "epoch": 171, "loss": 0.92622, "obj": 0.0, "sup": 0.92622, "lr": 0.0005, "time": 1790979873.44014}
{"type": "train", "epoch": 172, "loss": 0.92398, "obj": 0.0, "sup": 0.92398, "lr": 0.0005, "time": 1790979873.76379}
{"type": "train", "epoch": 173, "loss": 0.92236, "obj": 0.0, "sup": 0.92236, "lr": 0.0005, "time": 1790979874.08816}
{"type": "train", "epoch": 174, "loss": 0.92132, "obj": 0.0, "sup": 0.92132, "lr": 0.0005, "time": 1790979874.41401}
{"type": "train", "epoch": 175, "loss": 0.92254, "obj": 0.0, "sup": 0.92254, "lr": 0.0005, "time": 1790979874.76663}
{"type": "train", "epoch": 176, "loss": 0.92228, "obj": 0.0, "sup": 0.92228, "lr": 0.0005, "time": 1790979875.0958}
{"type": "train", "epoch": 177, "loss": 0.92496, "obj": 0.0, "sup": 0.92496, "lr": 0.0005, "time": 1790979875.41816}
{"type": "train", "epoch": 178, "loss": 0.92741, "obj": 0.0, "sup": 0.92741, "lr": 0.0005, "time": 1790979875.76327}
{"type": "train", "epoch": 179, "loss": 0.93074, "obj": 0.0, "sup": 0.93074, "lr": 0.0005, "time": 1790979876.1184}
{"type": "train", "epoch": 180, "loss": 0.92516, "obj": 0.0, "sup": 0.92516, "lr": 0.0005, "time": 1790979876.43997}
{"type": "train", "epoch": 181, "loss": 0.9235, "obj": 0.0, "sup": 0.9235, "lr": 0.0005, "time": 1790979876.95098}
{"type": "train", "epoch": 182, "loss": 0.92204, "obj": 0.0, "sup": 0.92204, "lr": 0.0005, "time": 1790979877.43362}
{"type": "train", "epoch": 183, "loss": 0.92163, "obj": 0.0, "sup": 0.92163, "lr": 0.0005, "time": 1790979877.89505}
{"type": "train", "epoch": 184, "loss": 0.92488, "obj": 0.0, "sup": 0.92488, "lr": 0.0005, "time": 1790979878.3277}
{"type": "train", "epoch": 185, "loss": 0.92161, "obj": 0.0, "sup": 0.92161, "lr": 0.0005, "time": 1790979878.82118}
{"type": "train", "epoch": 186, "loss": 0.9245, "obj": 0.0, "sup": 0.9245, "lr": 0.0005, "time": 1790979879.37497}
{"type": "train", "epoch": 187, "loss": 0.91979, "obj": 0.0, "sup": 0.91979, "lr": 0.0005, "time": 1790979880.01478}
{"type": "train", "epoch": 188, "loss": 0.92018, "obj": 0.0, "sup": 0.92018, "lr": 0.0005, "time": 1790979880.52626}
{"type": "train", "epoch": 189, "loss": 0.92263, "obj": 0.0, "sup": 0.92263, "lr": 0.0005, "time": 1790979880.9833}
{"type": "train", "epoch": 190, "loss": 0.91983, "obj": 0.0, "sup": 0.91983, "lr": 0.0005, "time": 1790979881.41045}
{"type": "train", "epoch": 191, "loss": 0.92186, "obj": 0.0, "sup": 0.92186, "lr": 0.0005, "time": 1790979881.81569}
{"type": "train", "epoch": 192, "loss": 0.91866, "obj": 0.0, "sup": 0.91866, "lr": 0.0005, "time": 1790979882.24294}
{"type": "train", "epoch": 193, "loss": 0.9199, "obj": 0.0, "sup": 0.9199, "lr": 0.0005, "time": 1790979882.69497}
{"type": "train", "epoch": 194, "loss": 0.91752, "obj": 0.0, "sup": 0.91752, "lr": 0.0005, "time": 1790979883.09582}
{"type": "train", "epoch": 195, "loss": 0.9173, "obj": 0.0, "sup": 0.9173, "lr": 0.0005, "time": 1790979883.48995}
{"type": "train", "epoch": 196, "loss": 0.91538, "obj": 0.0, "sup": 0.91538, "lr": 0.0005, "time": 1790979883.84299}
{"type": "train", "epoch": 197, "loss": 0.91533, "obj": 0.0, "sup": 0.91533, "lr": 0.0005, "time": 1790979884.26916}
{"type": "train", "epoch": 198, "loss": 0.91369, "obj": 0.0, "sup": 0.91369, "lr": 0.0005, "time": 1790979884.64902}
{"type": "train", "epoch": 199, "loss": 0.91704, "obj": 0.0, "sup": 0.91704, "lr": 0.0005, "time": 1790979885.07808}
{"type": "train", "epoch": 200, "loss": 0.9158, "obj": 0.0, "sup": 0.9158, "lr": 0.0005, "time": 1790979886.5114, "train_resid_median": 1.00318, "train_resid_mean": 1.00244, "train_imag_median": 0.03095, "train_obj_median": 1.03223, "train_u_loss_to_label_median": 0.64937, "val_resid_median": 1.03853, "val_resid_mean": 1.0155, "val_imag_median": 0.0341, "val_obj_median": 1.11475, "val_u_loss_to_label_median": 0.66752}
{"type": "train", "epoch": 201, "loss": 0.91216, "obj": 0.0, "sup": 0.91216, "lr": 0.0005, "time": 1790979886.93217}
{"type": "train", "epoch": 202, "loss": 0.9198, "obj": 0.0, "sup": 0.9198, "lr": 0.0005, "time": 1790979887.30296}
{"type": "train", "epoch": 203, "loss": 0.91782, "obj": 0.0, "sup": 0.91782, "lr": 0.0005, "time": 1790979887.71096}
{"type": "train", "epoch": 204, "loss": 0.91698, "obj": 0.0, "sup": 0.91698, "lr": 0.0005, "time": 1790979888.08297}
{"type": "train", "epoch": 205, "loss": 0.91511, "obj": 0.0, "sup": 0.91511, "lr": 0.0005, "time": 1790979888.46298}
{"type": "train", "epoch": 206, "loss": 0.91916, "obj": 0.0, "sup": 0.91916, "lr": 0.0005, "time": 1790979888.81582}
{"type": "train", "epoch": 207, "loss": 0.91946, "obj": 0.0, "sup": 0.91946, "lr": 0.0005, "time": 1790979889.21915}
{"type": "train", "epoch": 208, "loss": 0.9252, "obj": 0.0, "sup": 0.9252, "lr": 0.0005, "time": 1790979889.60312}
{"type": "train", "epoch": 209, "loss": 0.91886, "obj": 0.0, "sup": 0.91886, "lr": 0.0005, "time": 1790979889.99636}
{"type": "train", "epoch": 210, "loss": 0.9183, "obj": 0.0, "sup": 0.9183, "lr": 0.0005, "time": 1790979890.43099}
{"type": "train", "epoch": 211, "loss": 0.91546, "obj": 0.0, "sup": 0.91546, "lr": 0.0005, "time": 1790979890.83314}
{"type": "train", "epoch": 212, "loss": 0.91647, "obj": 0.0, "sup": 0.91647, "lr": 0.0005, "time": 1790979891.18302}
{"type": "train", "epoch": 213, "loss": 0.91356, "obj": 0.0, "sup": 0.91356, "lr": 0.0005, "time": 1790979891.581}
{"type": "train", "epoch": 214, "loss": 0.91344, "obj": 0.0, "sup": 0.91344, "lr": 0.0005, "time": 1790979892.10622}
{"type": "train", "epoch": 215, "loss": 0.91169, "obj": 0.0, "sup": 0.91169, "lr": 0.0005, "time": 1790979892.55096}
{"type": "train", "epoch": 216, "loss": 0.90889, "obj": 0.0, "sup": 0.90889, "lr": 0.0005, "time": 1790979892.92726}
{"type": "train", "epoch": 217, "loss": 0.90875, "obj": 0.0, "sup": 0.90875, "lr": 0.0005, "time": 1790979893.25864}
{"type": "train", "epoch": 218, "loss": 0.90898, "obj": 0.0, "sup": 0.90898, "lr": 0.0005, "time": 1790979893.69504}
{"type": "train", "epoch": 219, "loss": 0.90539, "obj": 0.0, "sup": 0.90539, "lr": 0.0005, "time": 1790979894.047}
{"type": "train", "epoch": 220, "loss": 0.91543, "obj": 0.0, "sup": 0.91543, "lr": 0.0005, "time": 1790979894.39444}
{"type": "train", "epoch": 221, "loss": 0.90923, "obj": 0.0, "sup": 0.90923, "lr": 0.0005, "time": 1790979894.96386}
{"type": "train", "epoch": 222, "loss": 0.90471, "obj": 0.0, "sup": 0.90471, "lr": 0.0005, "time": 1790979895.367}
{"type": "train", "epoch": 223, "loss": 0.90799, "obj": 0.0, "sup": 0.90799, "lr": 0.0005, "time": 1790979895.80568}
{"type": "train", "epoch": 224, "loss": 0.90586, "obj": 0.0, "sup": 0.90586, "lr": 0.0005, "time": 1790979896.11175}
{"type": "train", "epoch": 225, "loss": 0.9047, "obj": 0.0, "sup": 0.9047, "lr": 0.0005, "time": 1790979896.56697}
{"type": "train", "epoch": 226, "loss": 0.9084, "obj": 0.0, "sup": 0.9084, "lr": 0.0005, "time": 1790979896.97059}
{"type": "train", "epoch": 227, "loss": 0.9034, "obj": 0.0, "sup": 0.9034, "lr": 0.0005, "time": 1790979897.35576}
{"type": "train", "epoch": 228, "loss": 0.90242, "obj": 0.0, "sup": 0.90242, "lr": 0.0005, "time": 1790979897.65944}
{"type": "train", "epoch": 229, "loss": 0.90545, "obj": 0.0, "sup": 0.90545, "lr": 0.0005, "time": 1790979898.12763}
{"type": "train", "epoch": 230, "loss": 0.90369, "obj": 0.0, "sup": 0.90369, "lr": 0.0005, "time": 1790979898.59155}
{"type": "train", "epoch": 231, "loss": 0.90137, "obj": 0.0, "sup": 0.90137, "lr": 0.0005, "time": 1790979899.01096}
{"type": "train", "epoch": 232, "loss": 0.90298, "obj": 0.0, "sup": 0.90298, "lr": 0.0005, "time": 1790979899.44244}
{"type": "train", "epoch": 233, "loss": 0.901, "obj": 0.0, "sup": 0.901, "lr": 0.0005, "time": 1790979899.85936}
{"type": "train", "epoch": 234, "loss": 0.90123, "obj": 0.0, "sup": 0.90123, "lr": 0.0005, "time": 1790979900.29498}
{"type": "train", "epoch": 235, "loss": 0.9009, "obj": 0.0, "sup": 0.9009, "lr": 0.0005, "time": 1790979900.72149}
{"type": "train", "epoch": 236, "loss": 0.90847, "obj": 0.0, "sup": 0.90847, "lr": 0.0005, "time": 1790979901.10305}
{"type": "train", "epoch": 237, "loss": 0.9029, "obj": 0.0, "sup": 0.9029, "lr": 0.0005, "time": 1790979901.47337}
{"type": "train", "epoch": 238, "loss": 0.89885, "obj": 0.0, "sup": 0.89885, "lr": 0.0005, "time": 1790979901.84541}
{"type": "train", "epoch": 239, "loss": 0.89832, "obj": 0.0, "sup": 0.89832, "lr": 0.0005, "time": 1790979902.291}
{"type": "train", "epoch": 240, "loss": 0.90038, "obj": 0.0, "sup": 0.90038, "lr": 0.0005, "time": 1790979902.69499}
{"type": "train", "epoch": 241, "loss": 0.89953, "obj": 0.0, "sup": 0.89953, "lr": 0.0005, "time": 1790979903.10375}
{"type": "train", "epoch": 242, "loss": 0.89525, "obj": 0.0, "sup": 0.89525, "lr": 0.0005, "time": 1790979903.53337}
{"type": "train", "epoch": 243, "loss": 0.89874, "obj": 0.0, "sup": 0.89874, "lr": 0.0005, "time": 1790979904.007}
{"type": "train", "epoch": 244, "loss": 0.89866, "obj": 0.0, "sup": 0.89866, "lr": 0.0005, "time": 1790979904.40692}
{"type": "train", "epoch": 245, "loss": 0.89316, "obj": 0.0, "sup": 0.89316, "lr": 0.0005, "time": 1790979904.84944}
{"type": "train", "epoch": 246, "loss": 0.89224, "obj": 0.0, "sup": 0.89224, "lr": 0.0005, "time": 1790979905.24002}
{"type": "train", "epoch": 247, "loss": 0.89174, "obj": 0.0, "sup": 0.89174, "lr": 0.0005, "time": 1790979905.54354}
{"type": "train", "epoch": 248, "loss": 0.88904, "obj": 0.0, "sup": 0.88904, "lr": 0.0005, "time": 1790979905.85279}
{"type": "train", "epoch": 249, "loss": 0.88811, "obj": 0.0, "sup": 0.88811, "lr": 0.0005, "time": 1790979906.31865}
{"type": "train", "epoch": 250, "loss": 0.88944, "obj": 0.0, "sup": 0.88944, "lr": 0.0005, "time": 1790979907.72151, "train_resid_median": 0.96873, "train_resid_mean": 0.99091, "train_imag_median": 0.04879, "train_obj_median": 0.96987, "train_u_loss_to_label_median": 0.6511, "val_resid_median": 1.03156, "val_resid_mean": 1.01507, "val_imag_median": 0.04952, "val_obj_median": 1.09833, "val_u_loss_to_label_median": 0.67164}
{"type": "train", "epoch": 251, "loss": 0.8952, "obj": 0.0, "sup": 0.8952, "lr": 0.0005, "time": 1790979908.16155}
{"type": "train", "epoch": 252, "loss": 0.89153, "obj": 0.0, "sup": 0.89153, "lr": 0.0005, "time": 1790979908.59638}
{"type": "train", "epoch": 253, "loss": 0.89651, "obj": 0.0, "sup": 0.89651, "lr": 0.0005, "time": 1790979909.0132}
{"type": "train", "epoch": 254, "loss": 0.90884, "obj": 0.0, "sup": 0.90884, "lr": 0.0005, "time": 1790979909.53431}
{"type": "train", "epoch": 255, "loss": 0.89361, "obj": 0.0, "sup": 0.89361, "lr": 0.0005, "time": 1790979910.00796}
{"type": "train", "epoch": 256, "loss": 0.89384, "obj": 0.0, "sup": 0.89384, "lr": 0.0005, "time": 1790979910.47621}
{"type": "train", "epoch": 257, "loss": 0.89847, "obj": 0.0, "sup": 0.89847, "lr": 0.0005, "time": 1790979910.85959}
{"type": "train", "epoch": 258, "loss": 0.91569, "obj": 0.0, "sup": 0.91569, "lr": 0.0005, "time": 1790979911.25097}
{"type": "train", "epoch": 259, "loss": 0.90232, "obj": 0.0, "sup": 0.90232, "lr": 0.0005, "time": 1790979911.69295}
{"type": "train", "epoch": 260, "loss": 0.91601, "obj": 0.0, "sup": 0.91601, "lr": 0.0005, "time": 1790979912.10876}
{"type": "train", "epoch": 261, "loss": 0.91049, "obj": 0.0, "sup": 0.91049, "lr": 0.0005, "time": 1790979912.49975}
{"type": "train", "epoch": 262, "loss": 0.90992, "obj": 0.0, "sup": 0.90992, "lr": 0.0005, "time": 1790979912.85637}
{"type": "train", "epoch": 263, "loss": 0.90599, "obj": 0.0, "sup": 0.90599, "lr": 0.0005, "time": 1790979913.28401}
{"type": "train", "epoch": 264, "loss": 0.90042, "obj": 0.0, "sup": 0.90042, "lr": 0.0005, "time": 1790979913.71496}
{"type": "train", "epoch": 265, "loss": 0.90343, "obj": 0.0, "sup": 0.90343, "lr": 0.0005, "time": 1790979914.19495}
{"type": "train", "epoch": 266, "loss": 0.89459, "obj": 0.0, "sup": 0.89459, "lr": 0.0005, "time": 1790979914.57825}
{"type": "train", "epoch": 267, "loss": 0.90557, "obj": 0.0, "sup": 0.90557, "lr": 0.0005, "time": 1790979915.02341}
{"type": "train", "epoch": 268, "loss": 0.90264, "obj": 0.0, "sup": 0.90264, "lr": 0.0005, "time": 1790979915.47502}
{"type": "train", "epoch": 269, "loss": 0.89519, "obj": 0.0, "sup": 0.89519, "lr": 0.0005, "time": 1790979915.90202}
{"type": "train", "epoch": 270, "loss": 0.90083, "obj": 0.0, "sup": 0.90083, "lr": 0.0005, "time": 1790979916.28413}
{"type": "train", "epoch": 271, "loss": 0.89463, "obj": 0.0, "sup": 0.89463, "lr": 0.0005, "time": 1790979916.63899}
{"type": "train", "epoch": 272, "loss": 0.89031, "obj": 0.0, "sup": 0.89031, "lr": 0.0005, "time": 1790979917.03001}
{"type": "train", "epoch": 273, "loss": 0.88886, "obj": 0.0, "sup": 0.88886, "lr": 0.0005, "time": 1790979917.43183}
{"type": "train", "epoch": 274, "loss": 0.89259, "obj": 0.0, "sup": 0.89259, "lr": 0.0005, "time": 1790979917.78232}
{"type": "train", "epoch": 275, "loss": 0.90645, "obj": 0.0, "sup": 0.90645, "lr": 0.0005, "time": 1790979918.19899}
{"type": "train", "epoch": 276, "loss": 0.88606, "obj": 0.0, "sup": 0.88606, "lr": 0.0005, "time": 1790979918.64716}
{"type": "train", "epoch": 277, "loss": 0.89184, "obj": 0.0, "sup": 0.89184, "lr": 0.0005, "time": 1790979919.051}
{"type": "train", "epoch": 278, "loss": 0.88358, "obj": 0.0, "sup": 0.88358, "lr": 0.0005, "time": 1790979919.38622}
{"type": "train", "epoch": 279, "loss": 0.8822, "obj": 0.0, "sup": 0.8822, "lr": 0.0005, "time": 1790979919.6864}
{"type": "train", "epoch": 280, "loss": 0.88281, "obj": 0.0, "sup": 0.88281, "lr": 0.0005, "time": 1790979919.98608}
{"type": "train", "epoch": 281, "loss": 0.88914, "obj": 0.0, "sup": 0.88914, "lr": 0.0005, "time": 1790979920.28532}
{"type": "train", "epoch": 282, "loss": 0.88043, "obj": 0.0, "sup": 0.88043, "lr": 0.0005, "time": 1790979920.58457}
{"type": "train", "epoch": 283, "loss": 0.87781, "obj": 0.0, "sup": 0.87781, "lr": 0.0005, "time": 1790979920.88497}
{"type": "train", "epoch": 284, "loss": 0.87653, "obj": 0.0, "sup": 0.87653, "lr": 0.0005, "time": 1790979921.1934}
{"type": "train", "epoch": 285, "loss": 0.87406, "obj": 0.0, "sup": 0.87406, "lr": 0.0005, "time": 1790979921.51689}
{"type": "train", "epoch": 286, "loss": 0.88717, "obj": 0.0, "sup": 0.88717, "lr": 0.0005, "time": 1790979921.90307}
{"type": "train", "epoch": 287, "loss": 0.87472, "obj": 0.0, "sup": 0.87472, "lr": 0.0005, "time": 1790979922.25642}
{"type": "train", "epoch": 288, "loss": 0.87343, "obj": 0.0, "sup": 0.87343, "lr": 0.0005, "time": 1790979922.59757}
{"type": "train", "epoch": 289, "loss": 0.87794, "obj": 0.0, "sup": 0.87794, "lr": 0.0005, "time": 1790979922.91739}
{"type": "train", "epoch": 290, "loss": 0.86903, "obj": 0.0, "sup": 0.86903, "lr": 0.0005, "time": 1790979923.24316}
{"type": "train", "epoch": 291, "loss": 0.87407, "obj": 0.0, "sup": 0.87407, "lr": 0.0005, "time": 1790979923.56781}
{"type": "train", "epoch": 292, "loss": 0.86617, "obj": 0.0, "sup": 0.86617, "lr": 0.0005, "time": 1790979923.90203}
{"type": "train", "epoch": 293, "loss": 0.86473, "obj": 0.0, "sup": 0.86473, "lr": 0.0005, "time": 1790979924.21607}
{"type": "train", "epoch": 294, "loss": 0.86325, "obj": 0.0, "sup": 0.86325, "lr": 0.0005, "time": 1790979924.517}
{"type": "train", "epoch": 295, "loss": 0.86946, "obj": 0.0, "sup": 0.86946, "lr": 0.0005, "time": 1790979924.81883}
{"type": "train", "epoch": 296, "loss": 0.88718, "obj": 0.0, "sup": 0.88718, "lr": 0.0005, "time": 1790979925.12011}
{"type": "train", "epoch": 297, "loss": 0.87303, "obj": 0.0, "sup": 0.87303, "lr": 0.0005, "time": 1790979925.42916}
{"type": "train", "epoch": 298, "loss": 0.87515, "obj": 0.0, "sup": 0.87515, "lr": 0.0005, "time": 1790979925.75319}
{"type": "train", "epoch": 299, "loss": 0.87864, "obj": 0.0, "sup": 0.87864, "lr": 0.0005, "time": 1790979926.05246}
{"type": "train", "epoch": 300, "loss": 0.87146, "obj": 0.0, "sup": 0.87146, "lr": 0.0005, "time": 1790979927.21031, "train_resid_median": 0.98096, "train_resid_mean": 1.00179, "train_imag_median": 0.05384, "train_obj_median": 0.9983, "train_u_loss_to_label_median": 0.64599, "val_resid_median": 1.04528, "val_resid_mean": 1.02522, "val_imag_median": 0.05303, "val_obj_median": 1.12553, "val_u_loss_to_label_median": 0.67104}
{"type": "train", "epoch": 301, "loss": 0.8848, "obj": 0.0, "sup": 0.8848, "lr": 0.0005, "time": 1790979927.50928}
{"type": "train", "epoch": 302, "loss": 0.87287, "obj": 0.0, "sup": 0.87287, "lr": 0.0005, "time": 1790979927.80757}
{"type": "train", "epoch": 303, "loss": 0.88052, "obj": 0.0, "sup": 0.88052, "lr": 0.0005, "time": 1790979928.10582}
{"type": "train", "epoch": 304, "loss": 0.88184, "obj": 0.0, "sup": 0.88184, "lr": 0.0005, "time": 1790979928.40385}
{"type": "train", "epoch": 305, "loss": 0.87842, "obj": 0.0, "sup": 0.87842, "lr": 0.0005, "time": 1790979928.70233}
{"type": "train", "epoch": 306, "loss": 0.87736, "obj": 0.0, "sup": 0.87736, "lr": 0.0005, "time": 1790979929.00078}
{"type": "train", "epoch": 307, "loss": 0.86407, "obj": 0.0, "sup": 0.86407, "lr": 0.0005, "time": 1790979929.30039}
{"type": "train", "epoch": 308, "loss": 0.86121, "obj": 0.0, "sup": 0.86121, "lr": 0.0005, "time": 1790979929.62507}
{"type": "train", "epoch": 309, "loss": 0.86034, "obj": 0.0, "sup": 0.86034, "lr": 0.0005, "time": 1790979929.99656}
{"type": "train", "epoch": 310, "loss": 0.85669, "obj": 0.0, "sup": 0.85669, "lr": 0.0005, "time": 1790979930.35277}
{"type": "train", "epoch": 311, "loss": 0.85847, "obj": 0.0, "sup": 0.85847, "lr": 0.0005, "time": 1790979930.66257}
{"type": "train", "epoch": 312, "loss": 0.86693, "obj": 0.0, "sup": 0.86693, "lr": 0.0005, "time": 1790979930.96304}
{"type": "train", "epoch": 313, "loss": 0.8678, "obj": 0.0, "sup": 0.8678, "lr": 0.0005, "time": 1790979931.26397}
{"type": "train", "epoch": 314, "loss": 0.85457, "obj": 0.0, "sup": 0.85457, "lr": 0.0005, "time": 1790979931.56493}
{"type": "train", "epoch": 315, "loss": 0.86093, "obj": 0.0, "sup": 0.86093, "lr": 0.0005, "time": 1790979931.86576}
{"type": "train", "epoch": 316, "loss": 0.85807, "obj": 0.0, "sup": 0.85807, "lr": 0.0005, "time": 1790979932.17204}
{"type": "train", "epoch": 317, "loss": 0.8715, "obj": 0.0, "sup": 0.8715, "lr": 0.0005, "time": 1790979932.48788}
{"type": "train", "epoch": 318, "loss": 0.86331, "obj": 0.0, "sup": 0.86331, "lr": 0.0005, "time": 1790979932.79903}
{"type": "train", "epoch": 319, "loss": 0.86282, "obj": 0.0, "sup": 0.86282, "lr": 0.0005, "time": 1790979933.13218}
{"type": "train", "epoch": 320, "loss": 0.85735, "obj": 0.0, "sup": 0.85735, "lr": 0.0005, "time": 1790979933.43551}
{"type": "train", "epoch": 321, "loss": 0.84845, "obj": 0.0, "sup": 0.84845, "lr": 0.0005, "time": 1790979933.77546}
{"type": "train", "epoch": 322, "loss": 0.84632, "obj": 0.0, "sup": 0.84632, "lr": 0.0005, "time": 1790979934.09932}
{"type": "train", "epoch": 323, "loss": 0.8765, "obj": 0.0, "sup": 0.8765, "lr": 0.0005, "time": 1790979934.43317}
{"type": "train", "epoch": 324, "loss": 0.86684, "obj": 0.0, "sup": 0.86684, "lr": 0.0005, "time": 1790979934.75049}
{"type": "train", "epoch": 325, "loss": 0.85699, "obj": 0.0, "sup": 0.85699, "lr": 0.0005, "time": 1790979935.05194}
{"type": "train", "epoch": 326, "loss": 0.87038, "obj": 0.0, "sup": 0.87038, "lr": 0.0005, "time": 1790979935.35447}
{"type": "train", "epoch": 327, "loss": 0.85773, "obj": 0.0, "sup": 0.85773, "lr": 0.0005, "time": 1790979935.65908}
{"type": "train", "epoch": 328, "loss": 0.86257, "obj": 0.0, "sup": 0.86257, "lr": 0.0005, "time": 1790979935.97379}
{"type": "train", "epoch": 329, "loss": 0.8873, "obj": 0.0, "sup": 0.8873, "lr": 0.0005, "time": 1790979936.32327}
{"type": "train", "epoch": 330, "loss": 0.87882, "obj": 0.0, "sup": 0.87882, "lr": 0.0005, "time": 1790979936.69501}
{"type": "train", "epoch": 331, "loss": 0.87591, "obj": 0.0, "sup": 0.87591, "lr": 0.0005, "time": 1790979937.08585}
{"type": "train", "epoch": 332, "loss": 0.8666, "obj": 0.0, "sup": 0.8666, "lr": 0.0005, "time": 1790979937.45129}
{"type": "train", "epoch": 333, "loss": 0.8634, "obj": 0.0, "sup": 0.8634, "lr": 0.0005, "time": 1790979937.80303}
{"type": "train", "epoch": 334, "loss": 0.85969, "obj": 0.0, "sup": 0.85969, "lr": 0.0005, "time": 1790979938.16297}
{"type": "train", "epoch": 335, "loss": 0.84635, "obj": 0.0, "sup": 0.84635, "lr": 0.0005, "time": 1790979938.5023}
{"type": "train", "epoch": 336, "loss": 0.84405, "obj": 0.0, "sup": 0.84405, "lr": 0.0005, "time": 1790979938.82816}
{"type": "train", "epoch": 337, "loss": 0.84352, "obj": 0.0, "sup": 0.84352, "lr": 0.0005, "time": 1790979939.25233}
{"type": "train", "epoch": 338, "loss": 0.83968, "obj": 0.0, "sup": 0.83968, "lr": 0.0005, "time": 1790979939.58281}
{"type": "train", "epoch": 339, "loss": 0.83193, "obj": 0.0, "sup": 0.83193, "lr": 0.0005, "time": 1790979939.89064}
{"type": "train", "epoch": 340, "loss": 0.83017, "obj": 0.0, "sup": 0.83017, "lr": 0.0005, "time": 1790979940.19846}
{"type": "train", "epoch": 341, "loss": 0.82768, "obj": 0.0, "sup": 0.82768, "lr": 0.0005, "time": 1790979940.53683}
{"type": "train", "epoch": 342, "loss": 0.82992, "obj": 0.0, "sup": 0.82992, "lr": 0.0005, "time": 1790979940.84105}
{"type": "train", "epoch": 343, "loss": 0.82981, "obj": 0.0, "sup": 0.82981, "lr": 0.0005, "time": 1790979941.14548}
{"type": "train", "epoch": 344, "loss": 0.83067, "obj": 0.0, "sup": 0.83067, "lr": 0.0005, "time": 1790979941.4728}
{"type": "train", "epoch": 345, "loss": 0.88129, "obj": 0.0, "sup": 0.88129, "lr": 0.0005, "time": 1790979941.79097}
{"type": "train", "epoch": 346, "loss": 0.87441, "obj": 0.0, "sup": 0.87441, "lr": 0.0005, "time": 1790979942.11699}
{"type": "train", "epoch": 347, "loss": 0.85096, "obj": 0.0, "sup": 0.85096, "lr": 0.0005, "time": 1790979942.43571}
{"type": "train", "epoch": 348, "loss": 0.86134, "obj": 0.0, "sup": 0.86134, "lr": 0.0005, "time": 1790979942.74475}
{"type": "train", "epoch": 349, "loss": 0.83909, "obj": 0.0, "sup": 0.83909, "lr": 0.0005, "time": 1790979943.05002}
{"type": "train", "epoch": 350, "loss": 0.84209, "obj": 0.0, "sup": 0.84209, "lr": 0.0005, "time": 1790979944.20999, "train_resid_median": 0.97221, "train_resid_mean": 0.98279, "train_imag_median": 0.08668, "train_obj_median": 0.97853, "train_u_loss_to_label_median": 0.64417, "val_resid_median": 1.0245, "val_resid_mean": 1.01341, "val_imag_median": 0.09464, "val_obj_median": 1.0963, "val_u_loss_to_label_median": 0.68079}
{"type": "train", "epoch": 351, "loss": 0.83881, "obj": 0.0, "sup": 0.83881, "lr": 0.0005, "time": 1790979944.51302}
{"type": "train", "epoch": 352, "loss": 0.83053, "obj": 0.0, "sup": 0.83053, "lr": 0.0005, "time": 1790979944.81367}
{"type": "train", "epoch": 353, "loss": 0.83183, "obj": 0.0, "sup": 0.83183, "lr": 0.0005, "time": 1790979945.11468}
{"type": "train", "epoch": 354, "loss": 0.82163, "obj": 0.0, "sup": 0.82163, "lr": 0.0005, "time": 1790979945.41649}
{"type": "train", "epoch": 355, "loss": 0.81739, "obj": 0.0, "sup": 0.81739, "lr": 0.0005, "time": 1790979945.71638}
{"type": "train", "epoch": 356, "loss": 0.81514, "obj": 0.0, "sup": 0.81514, "lr": 0.0005, "time": 1790979946.01782}
{"type": "train", "epoch": 357, "loss": 0.87458, "obj": 0.0, "sup": 0.87458, "lr": 0.0005, "time": 1790979946.33999}
{"type": "train", "epoch": 358, "loss": 0.87035, "obj": 0.0, "sup": 0.87035, "lr": 0.0005, "time": 1790979946.65544}
{"type": "train", "epoch": 359, "loss": 0.82534, "obj": 0.0, "sup": 0.82534, "lr": 0.0005, "time": 1790979946.97662}
{"type": "train", "epoch": 360, "loss": 0.84665, "obj": 0.0, "sup": 0.84665, "lr": 0.0005, "time": 1790979947.27708}
{"type": "train", "epoch": 361, "loss": 0.84805, "obj": 0.0, "sup": 0.84805, "lr": 0.0005, "time": 1790979947.58363}
{"type": "train", "epoch": 362, "loss": 0.87026, "obj": 0.0, "sup": 0.87026, "lr": 0.0005, "time": 1790979947.88526}
{"type": "train", "epoch": 363, "loss": 0.83703, "obj": 0.0, "sup": 0.83703, "lr": 0.0005, "time": 1790979948.19214}
{"type": "train", "epoch": 364, "loss": 0.83657, "obj": 0.0, "sup": 0.83657, "lr": 0.0005, "time": 1790979948.52686}
{"type": "train", "epoch": 365, "loss": 0.83506, "obj": 0.0, "sup": 0.83506, "lr": 0.0005, "time": 1790979948.88298}
{"type": "train", "epoch": 366, "loss": 0.82094, "obj": 0.0, "sup": 0.82094, "lr": 0.0005, "time": 1790979949.22086}
{"type": "train", "epoch": 367, "loss": 0.82341, "obj": 0.0, "sup": 0.82341, "lr": 0.0005, "time": 1790979949.53864}
{"type": "train", "epoch": 368, "loss": 0.81103, "obj": 0.0, "sup": 0.81103, "lr": 0.0005, "time": 1790979949.83799}
{"type": "train", "epoch": 369, "loss": 0.81599, "obj": 0.0, "sup": 0.81599, "lr": 0.0005, "time": 1790979950.14318}
{"type": "train", "epoch": 370, "loss": 0.82755, "obj": 0.0, "sup": 0.82755, "lr": 0.0005, "time": 1790979950.45758}
{"type": "train", "epoch": 371, "loss": 0.82929, "obj": 0.0, "sup": 0.82929, "lr": 0.0005, "time": 1790979950.76884}
{"type": "train", "epoch": 372, "loss": 0.81864, "obj": 0.0, "sup": 0.81864, "lr": 0.0005, "time": 1790979951.07365}
{"type": "train", "epoch": 373, "loss": 0.81901, "obj": 0.0, "sup": 0.81901, "lr": 0.0005, "time": 1790979951.37851}
{"type": "train", "epoch": 374, "loss": 0.80813, "obj": 0.0, "sup": 0.80813, "lr": 0.0005, "time": 1790979951.68342}
{"type": "train", "epoch": 375, "loss": 0.80674, "obj": 0.0, "sup": 0.80674, "lr": 0.0005, "time": 1790979951.98528}
{"type": "train", "epoch": 376, "loss": 0.80458, "obj": 0.0, "sup": 0.80458, "lr": 0.0005, "time": 1790979952.28959}
{"type": "train", "epoch": 377, "loss": 0.79833, "obj": 0.0, "sup": 0.79833, "lr": 0.0005, "time": 1790979952.60696}
{"type": "train", "epoch": 378, "loss": 0.81513, "obj": 0.0, "sup": 0.81513, "lr": 0.0005, "time": 1790979952.9197}
{"type": "train", "epoch": 379, "loss": 0.91644, "obj": 0.0, "sup": 0.91644, "lr": 0.0005, "time": 1790979953.21992}
{"type": "train", "epoch": 380, "loss": 0.85932, "obj": 0.0, "sup": 0.85932, "lr": 0.0005, "time": 1790979953.54684}
{"type": "train", "epoch": 381, "loss": 0.83973, "obj": 0.0, "sup": 0.83973, "lr": 0.0005, "time": 1790979953.89454}
{"type": "train", "epoch": 382, "loss": 0.82173, "obj": 0.0, "sup": 0.82173, "lr": 0.0005, "time": 1790979954.23895}
{"type": "train", "epoch": 383, "loss": 0.80767, "obj": 0.0, "sup": 0.80767, "lr": 0.0005, "time": 1790979954.60051}
{"type": "train", "epoch": 384, "loss": 0.81124, "obj": 0.0, "sup": 0.81124, "lr": 0.0005, "time": 1790979955.00456}
{"type": "train", "epoch": 385, "loss": 0.81236, "obj": 0.0, "sup": 0.81236, "lr": 0.0005, "time": 1790979955.38696}
{"type": "train", "epoch": 386, "loss": 0.80561, "obj": 0.0, "sup": 0.80561, "lr": 0.0005, "time": 1790979955.75894}
{"type": "train", "epoch": 387, "loss": 0.79243, "obj": 0.0, "sup": 0.79243, "lr": 0.0005, "time": 1790979956.11894}
{"type": "train", "epoch": 388, "loss": 0.80093, "obj": 0.0, "sup": 0.80093, "lr": 0.0005, "time": 1790979956.47772}
{"type": "train", "epoch": 389, "loss": 0.78998, "obj": 0.0, "sup": 0.78998, "lr": 0.0005, "time": 1790979956.87498}
{"type": "train", "epoch": 390, "loss": 0.78647, "obj": 0.0, "sup": 0.78647, "lr": 0.0005, "time": 1790979957.20017}
{"type": "train", "epoch": 391, "loss": 0.79465, "obj": 0.0, "sup": 0.79465, "lr": 0.0005, "time": 1790979957.49924}
{"type": "train", "epoch": 392, "loss": 0.77565, "obj": 0.0, "sup": 0.77565, "lr": 0.0005, "time": 1790979957.80002}
{"type": "train", "epoch": 393, "loss": 0.77479, "obj": 0.0, "sup": 0.77479, "lr": 0.0005, "time": 1790979958.12662}
{"type": "train", "epoch": 394, "loss": 0.77931, "obj": 0.0, "sup": 0.77931, "lr": 0.0005, "time": 1790979958.46619}
{"type": "train", "epoch": 395, "loss": 0.77933, "obj": 0.0, "sup": 0.77933, "lr": 0.0005, "time": 1790979958.85502}
{"type": "train", "epoch": 396, "loss": 0.76984, "obj": 0.0, "sup": 0.76984, "lr": 0.0005, "time": 1790979959.19312}
{"type": "train", "epoch": 397, "loss": 0.79125, "obj": 0.0, "sup": 0.79125, "lr": 0.0005, "time": 1790979959.49323}
{"type": "train", "epoch": 398, "loss": 0.78845, "obj": 0.0, "sup": 0.78845, "lr": 0.0005, "time": 1790979959.7931}
{"type": "train", "epoch": 399, "loss": 0.77924, "obj": 0.0, "sup": 0.77924, "lr": 0.0005, "time": 1790979960.09335}
{"type": "train", "epoch": 400, "loss": 0.77237, "obj": 0.0, "sup": 0.77237, "lr": 0.0005, "time": 1790979961.3392, "train_resid_median": 0.9796, "train_resid_mean": 0.9643, "train_imag_median": 0.10412, "train_obj_median": 0.99846, "train_u_loss_to_label_median": 0.64474, "val_resid_median": 1.00728, "val_resid_mean": 1.00801, "val_imag_median": 0.11308, "val_obj_median": 1.06792, "val_u_loss_to_label_median": 0.69498}
{"type": "train", "epoch": 401, "loss": 0.78272, "obj": 0.0, "sup": 0.78272, "lr": 0.0005, "time": 1790979961.63938}
{"type": "train", "epoch": 402, "loss": 0.8606, "obj": 0.0, "sup": 0.8606, "lr": 0.0005, "time": 1790979961.93924}
{"type": "train", "epoch": 403, "loss": 0.80528, "obj": 0.0, "sup": 0.80528, "lr": 0.0005, "time": 1790979962.23825}
{"type": "train", "epoch": 404, "loss": 0.83805, "obj": 0.0, "sup": 0.83805, "lr": 0.0005, "time": 1790979962.57494}
{"type": "train", "epoch": 405, "loss": 0.85736, "obj": 0.0, "sup": 0.85736, "lr": 0.0005, "time": 1790979962.94698}
{"type": "train", "epoch": 406, "loss": 0.8201, "obj": 0.0, "sup": 0.8201, "lr": 0.0005, "time": 1790979963.31144}
{"type": "train", "epoch": 407, "loss": 0.79368, "obj": 0.0, "sup": 0.79368, "lr": 0.0005, "time": 1790979963.66032}
{"type": "train", "epoch": 408, "loss": 0.7905, "obj": 0.0, "sup": 0.7905, "lr": 0.0005, "time": 1790979963.99087}
{"type": "train", "epoch": 409, "loss": 0.77373, "obj": 0.0, "sup": 0.77373, "lr": 0.0005, "time": 1790979964.37172}
{"type": "train", "epoch": 410, "loss": 0.78687, "obj": 0.0, "sup": 0.78687, "lr": 0.0005, "time": 1790979964.70358}
{"type": "train", "epoch": 411, "loss": 0.77951, "obj": 0.0, "sup": 0.77951, "lr": 0.0005, "time": 1790979965.00782}
{"type": "train", "epoch": 412, "loss": 0.77898, "obj": 0.0, "sup": 0.77898, "lr": 0.0005, "time": 1790979965.42297}
{"type": "train", "epoch": 413, "loss": 0.76558, "obj": 0.0, "sup": 0.76558, "lr": 0.0005, "time": 1790979965.78012}
{"type": "train", "epoch": 414, "loss": 0.75923, "obj": 0.0, "sup": 0.75923, "lr": 0.0005, "time": 1790979966.15604}
{"type": "train", "epoch": 415, "loss": 0.74992, "obj": 0.0, "sup": 0.74992, "lr": 0.0005, "time": 1790979966.57098}
{"type": "train", "epoch": 416, "loss": 0.75048, "obj": 0.0, "sup": 0.75048, "lr": 0.0005, "time": 1790979966.94522}
{"type": "train", "epoch": 417, "loss": 0.74121, "obj": 0.0, "sup": 0.74121, "lr": 0.0005, "time": 1790979967.28165}
{"type": "train", "epoch": 418, "loss": 0.7366, "obj": 0.0, "sup": 0.7366, "lr": 0.0005, "time": 1790979967.67535}
{"type": "train", "epoch": 419, "loss": 0.72431, "obj": 0.0, "sup": 0.72431, "lr": 0.0005, "time": 1790979968.02912}
{"type": "train", "epoch": 420, "loss": 0.72282, "obj": 0.0, "sup": 0.72282, "lr": 0.0005, "time": 1790979968.39495}
{"type": "train", "epoch": 421, "loss": 0.72278, "obj": 0.0, "sup": 0.72278, "lr": 0.0005, "time": 1790979968.72015}
{"type": "train", "epoch": 422, "loss": 0.72048, "obj": 0.0, "sup": 0.72048, "lr": 0.0005, "time": 1790979969.0678}
{"type": "train", "epoch": 423, "loss": 0.72063, "obj": 0.0, "sup": 0.72063, "lr": 0.0005, "time": 1790979969.40479}
{"type": "train", "epoch": 424, "loss": 0.71048, "obj": 0.0, "sup": 0.71048, "lr": 0.0005, "time": 1790979969.7234}
{"type": "train", "epoch": 425, "loss": 0.70684, "obj": 0.0, "sup": 0.70684, "lr": 0.0005, "time": 1790979970.02427}
{"type": "train", "epoch": 426, "loss": 0.70608, "obj": 0.0, "sup": 0.70608, "lr": 0.0005, "time": 1790979970.34448}
{"type": "train", "epoch": 427, "loss": 0.71076, "obj": 0.0, "sup": 0.71076, "lr": 0.0005, "time": 1790979970.73301}
{"type": "train", "epoch": 428, "loss": 0.71706, "obj": 0.0, "sup": 0.71706, "lr": 0.0005, "time": 1790979971.04507}
{"type": "train", "epoch": 429, "loss": 0.76585, "obj": 0.0, "sup": 0.76585, "lr": 0.0005, "time": 1790979971.3714}
{"type": "train", "epoch": 430, "loss": 0.73581, "obj": 0.0, "sup": 0.73581, "lr": 0.0005, "time": 1790979971.79007}
{"type": "train", "epoch": 431, "loss": 0.71378, "obj": 0.0, "sup": 0.71378, "lr": 0.0005, "time": 1790979972.31105}
{"type": "train", "epoch": 432, "loss": 0.70285, "obj": 0.0, "sup": 0.70285, "lr": 0.0005, "time": 1790979972.73346}
{"type": "train", "epoch": 433, "loss": 0.70338, "obj": 0.0, "sup": 0.70338, "lr": 0.0005, "time": 1790979973.03737}
{"type": "train", "epoch": 434, "loss": 0.70852, "obj": 0.0, "sup": 0.70852, "lr": 0.0005, "time": 1790979973.34419}
{"type": "train", "epoch": 435, "loss": 0.72169, "obj": 0.0, "sup": 0.72169, "lr": 0.0005, "time": 1790979973.65097}
{"type": "train", "epoch": 436, "loss": 0.6972, "obj": 0.0, "sup": 0.6972, "lr": 0.0005, "time": 1790979974.03713}
{"type": "train", "epoch": 437, "loss": 0.70669, "obj": 0.0, "sup": 0.70669, "lr": 0.0005, "time": 1790979974.52699}
{"type": "train", "epoch": 438, "loss": 0.73268, "obj": 0.0, "sup": 0.73268, "lr": 0.0005, "time": 1790979975.11783}
{"type": "train", "epoch": 439, "loss": 0.814, "obj": 0.0, "sup": 0.814, "lr": 0.0005, "time": 1790979975.6517}
{"type": "train", "epoch": 440, "loss": 0.86282, "obj": 0.0, "sup": 0.86282, "lr": 0.0005, "time": 1790979976.14277}
{"type": "train", "epoch": 441, "loss": 0.83167, "obj": 0.0, "sup": 0.83167, "lr": 0.0005, "time": 1790979976.55311}
{"type": "train", "epoch": 442, "loss": 0.79968, "obj": 0.0, "sup": 0.79968, "lr": 0.0005, "time": 1790979976.99499}
{"type": "train", "epoch": 443, "loss": 0.78582, "obj": 0.0, "sup": 0.78582, "lr": 0.0005, "time": 1790979977.44503}
{"type": "train", "epoch": 444, "loss": 0.77787, "obj": 0.0, "sup": 0.77787, "lr": 0.0005, "time": 1790979977.8647}
{"type": "train", "epoch": 445, "loss": 0.77461, "obj": 0.0, "sup": 0.77461, "lr": 0.0005, "time": 1790979978.35037}
{"type": "train", "epoch": 446, "loss": 0.76272, "obj": 0.0, "sup": 0.76272, "lr": 0.0005, "time": 1790979978.78696}
{"type": "train", "epoch": 447, "loss": 0.74368, "obj": 0.0, "sup": 0.74368, "lr": 0.0005, "time": 1790979979.21418}
{"type": "train", "epoch": 448, "loss": 0.72619, "obj": 0.0, "sup": 0.72619, "lr": 0.0005, "time": 1790979979.68275}
{"type": "train", "epoch": 449, "loss": 0.71849, "obj": 0.0, "sup": 0.71849, "lr": 0.0005, "time": 1790979980.15819}
{"type": "train", "epoch": 450, "loss": 0.72189, "obj": 0.0, "sup": 0.72189, "lr": 0.0005, "time": 1790979981.73019, "train_resid_median": 0.90917, "train_resid_mean": 0.91199, "train_imag_median": 0.14125, "train_obj_median": 0.8796, "train_u_loss_to_label_median": 0.63694, "val_resid_median": 0.9885, "val_resid_mean": 0.97648, "val_imag_median": 0.14363, "val_obj_median": 1.03471, "val_u_loss_to_label_median": 0.71677}
{"type": "train", "epoch": 451, "loss": 0.72244, "obj": 0.0, "sup": 0.72244, "lr": 0.0005, "time": 1790979982.09493}
{"type": "train", "epoch": 452, "loss": 0.71173, "obj": 0.0, "sup": 0.71173, "lr": 0.0005, "time": 1790979982.47495}
{"type": "train", "epoch": 453, "loss": 0.71266, "obj": 0.0, "sup": 0.71266, "lr": 0.0005, "time": 1790979982.89232}
{"type": "train", "epoch": 454, "loss": 0.70209, "obj": 0.0, "sup": 0.70209, "lr": 0.0005, "time": 1790979983.30599}
{"type": "train", "epoch": 455, "loss": 0.81465, "obj": 0.0, "sup": 0.81465, "lr": 0.0005, "time": 1790979983.71519}
{"type": "train", "epoch": 456, "loss": 0.82975, "obj": 0.0, "sup": 0.82975, "lr": 0.0005, "time": 1790979984.14878}
{"type": "train", "epoch": 457, "loss": 0.8245, "obj": 0.0, "sup": 0.8245, "lr": 0.0005, "time": 1790979984.55502}
{"type": "train", "epoch": 458, "loss": 0.81288, "obj": 0.0, "sup": 0.81288, "lr": 0.0005, "time": 1790979984.95177}
{"type": "train", "epoch": 459, "loss": 0.8527, "obj": 0.0, "sup": 0.8527, "lr": 0.0005, "time": 1790979985.39938}
{"type": "train", "epoch": 460, "loss": 0.8266, "obj": 0.0, "sup": 0.8266, "lr": 0.0005, "time": 1790979985.89944}
{"type": "train", "epoch": 461, "loss": 0.77802, "obj": 0.0, "sup": 0.77802, "lr": 0.0005, "time": 1790979986.42697}
{"type": "train", "epoch": 462, "loss": 0.76488, "obj": 0.0, "sup": 0.76488, "lr": 0.0005, "time": 1790979986.923}
{"type": "train", "epoch": 463, "loss": 0.76818, "obj": 0.0, "sup": 0.76818, "lr": 0.0005, "time": 1790979987.42089}
{"type": "train", "epoch": 464, "loss": 0.7661, "obj": 0.0, "sup": 0.7661, "lr": 0.0005, "time": 1790979987.84296}
{"type": "train", "epoch": 465, "loss": 0.73763, "obj": 0.0, "sup": 0.73763, "lr": 0.0005, "time": 1790979988.27899}
{"type": "train", "epoch": 466, "loss": 0.73486, "obj": 0.0, "sup": 0.73486, "lr": 0.0005, "time": 1790979988.64537}
{"type": "train", "epoch": 467, "loss": 0.73366, "obj": 0.0, "sup": 0.73366, "lr": 0.0005, "time": 1790979989.16701}
{"type": "train", "epoch": 468, "loss": 0.71822, "obj": 0.0, "sup": 0.71822, "lr": 0.0005, "time": 1790979989.61899}
{"type": "train", "epoch": 469, "loss": 0.74694, "obj": 0.0, "sup": 0.74694, "lr": 0.0005, "time": 1790979990.075}
{"type": "train", "epoch": 470, "loss": 0.75346, "obj": 0.0, "sup": 0.75346, "lr": 0.0005, "time": 1790979990.55318}
{"type": "train", "epoch": 471, "loss": 0.82362, "obj": 0.0, "sup": 0.82362, "lr": 0.0005, "time": 1790979990.98655}
{"type": "train", "epoch": 472, "loss": 0.74259, "obj": 0.0, "sup": 0.74259, "lr": 0.0005, "time": 1790979991.427}
{"type": "train", "epoch": 473, "loss": 0.79842, "obj": 0.0, "sup": 0.79842, "lr": 0.0005, "time": 1790979991.8675}
{"type": "train", "epoch": 474, "loss": 0.73754, "obj": 0.0, "sup": 0.73754, "lr": 0.0005, "time": 1790979992.23924}
{"type": "train", "epoch": 475, "loss": 0.74164, "obj": 0.0, "sup": 0.74164, "lr": 0.0005, "time": 1790979992.58792}
{"type": "train", "epoch": 476, "loss": 0.71499, "obj": 0.0, "sup": 0.71499, "lr": 0.0005, "time": 1790979992.95143}
{"type": "train", "epoch": 477, "loss": 0.70308, "obj": 0.0, "sup": 0.70308, "lr": 0.0005, "time": 1790979993.32636}
{"type": "train", "epoch": 478, "loss": 0.71575, "obj": 0.0, "sup": 0.71575, "lr": 0.0005, "time": 1790979993.62979}
{"type": "train", "epoch": 479, "loss": 0.70853, "obj": 0.0, "sup": 0.70853, "lr": 0.0005, "time": 1790979993.93251}
{"type": "train", "epoch": 480, "loss": 0.70124, "obj": 0.0, "sup": 0.70124, "lr": 0.0005, "time": 1790979994.28999}
{"type": "train", "epoch": 481, "loss": 0.70242, "obj": 0.0, "sup": 0.70242, "lr": 0.0005, "time": 1790979994.64196}
{"type": "train", "epoch": 482, "loss": 0.67951, "obj": 0.0, "sup": 0.67951, "lr": 0.0005, "time": 1790979995.04695}
{"type": "train", "epoch": 483, "loss": 0.68192, "obj": 0.0, "sup": 0.68192, "lr": 0.0005, "time": 1790979995.45899}
{"type": "train", "epoch": 484, "loss": 0.66548, "obj": 0.0, "sup": 0.66548, "lr": 0.0005, "time": 1790979995.81102}
{"type": "train", "epoch": 485, "loss": 0.67642, "obj": 0.0, "sup": 0.67642, "lr": 0.0005, "time": 1790979996.23895}
{"type": "train", "epoch": 486, "loss": 0.66324, "obj": 0.0, "sup": 0.66324, "lr": 0.0005, "time": 1790979996.63568}
{"type": "train", "epoch": 487, "loss": 0.66289, "obj": 0.0, "sup": 0.66289, "lr": 0.0005, "time": 1790979997.06497}
{"type": "train", "epoch": 488, "loss": 0.67407, "obj": 0.0, "sup": 0.67407, "lr": 0.0005, "time": 1790979997.36705}
{"type": "train", "epoch": 489, "loss": 0.67737, "obj": 0.0, "sup": 0.67737, "lr": 0.0005, "time": 1790979997.77896}
{"type": "train", "epoch": 490, "loss": 0.64915, "obj": 0.0, "sup": 0.64915, "lr": 0.0005, "time": 1790979998.29352}
{"type": "train", "epoch": 491, "loss": 0.65419, "obj": 0.0, "sup": 0.65419, "lr": 0.0005, "time": 1790979998.64405}
{"type": "train", "epoch": 492, "loss": 0.63732, "obj": 0.0, "sup": 0.63732, "lr": 0.0005, "time": 1790979999.00429}
{"type": "train", "epoch": 493, "loss": 0.64318, "obj": 0.0, "sup": 0.64318, "lr": 0.0005, "time": 1790979999.38697}
{"type": "train", "epoch": 494, "loss": 0.62752, "obj": 0.0, "sup": 0.62752, "lr": 0.0005, "time": 1790979999.80738}
{"type": "train", "epoch": 495, "loss": 0.62742, "obj": 0.0, "sup": 0.62742, "lr": 0.0005, "time": 1790980000.27088}
{"type": "train", "epoch": 496, "loss": 0.62883, "obj": 0.0, "sup": 0.62883, "lr": 0.0005, "time": 1790980000.72286}
{"type": "train", "epoch": 497, "loss": 0.62091, "obj": 0.0, "sup": 0.62091, "lr": 0.0005, "time": 1790980001.15905}
{"type": "train", "epoch": 498, "loss": 0.61751, "obj": 0.0, "sup": 0.61751, "lr": 0.0005, "time": 1790980001.57529}
{"type": "train", "epoch": 499, "loss": 0.63, "obj": 0.0, "sup": 0.63, "lr": 0.0005, "time": 1790980002.03896}
{"type": "train", "epoch": 500, "loss": 0.61828, "obj": 0.0, "sup": 0.61828, "lr": 0.0005, "time": 1790980003.63005, "train_resid_median": 0.8417, "train_resid_mean": 0.85803, "train_imag_median": 0.17598, "train_obj_median": 0.76793, "train_u_loss_to_label_median": 0.62563, "val_resid_median": 0.95784, "val_resid_mean": 0.96099, "val_imag_median": 0.18682, "val_obj_median": 0.98966, "val_u_loss_to_label_median": 0.73627}
{"type": "train", "epoch": 501, "loss": 0.64952, "obj": 0.0, "sup": 0.64952, "lr": 0.0005, "time": 1790980004.0319}
{"type": "train", "epoch": 502, "loss": 0.64563, "obj": 0.0, "sup": 0.64563, "lr": 0.0005, "time": 1790980004.4381}
{"type": "train", "epoch": 503, "loss": 0.64223, "obj": 0.0, "sup": 0.64223, "lr": 0.0005, "time": 1790980004.93504}
{"type": "train", "epoch": 504, "loss": 0.63011, "obj": 0.0, "sup": 0.63011, "lr": 0.0005, "time": 1790980005.39096}
{"type": "train", "epoch": 505, "loss": 0.64275, "obj": 0.0, "sup": 0.64275, "lr": 0.0005, "time": 1790980005.90438}
{"type": "train", "epoch": 506, "loss": 0.6445, "obj": 0.0, "sup": 0.6445, "lr": 0.0005, "time": 1790980006.42485}
{"type": "train", "epoch": 507, "loss": 0.61525, "obj": 0.0, "sup": 0.61525, "lr": 0.0005, "time": 1790980006.89278}
{"type": "train", "epoch": 508, "loss": 0.6014, "obj": 0.0, "sup": 0.6014, "lr": 0.0005, "time": 1790980007.24695}
{"type": "train", "epoch": 509, "loss": 0.59374, "obj": 0.0, "sup": 0.59374, "lr": 0.0005, "time": 1790980007.62773}
{"type": "train", "epoch": 510, "loss": 0.5864, "obj": 0.0, "sup": 0.5864, "lr": 0.0005, "time": 1790980008.03558}
{"type": "train", "epoch": 511, "loss": 0.59348, "obj": 0.0, "sup": 0.59348, "lr": 0.0005, "time": 1790980008.52391}
{"type": "train", "epoch": 512, "loss": 0.60589, "obj": 0.0, "sup": 0.60589, "lr": 0.0005, "time": 1790980008.991}
{"type": "train", "epoch": 513, "loss": 0.59082, "obj": 0.0, "sup": 0.59082, "lr": 0.0005, "time": 1790980009.38161}
{"type": "train", "epoch": 514, "loss": 0.58045, "obj": 0.0, "sup": 0.58045, "lr": 0.0005, "time": 1790980009.80513}
{"type": "train", "epoch": 515, "loss": 0.57127, "obj": 0.0, "sup": 0.57127, "lr": 0.0005, "time": 1790980010.24701}
{"type": "train", "epoch": 516, "loss": 0.57161, "obj": 0.0, "sup": 0.57161, "lr": 0.0005, "time": 1790980010.71434}
{"type": "train", "epoch": 517, "loss": 0.55861, "obj": 0.0, "sup": 0.55861, "lr": 0.0005, "time": 1790980011.23906}
{"type": "train", "epoch": 518, "loss": 0.5827, "obj": 0.0, "sup": 0.5827, "lr": 0.0005, "time": 1790980011.76927}
{"type": "train", "epoch": 519, "loss": 0.57745, "obj": 0.0, "sup": 0.57745, "lr": 0.0005, "time": 1790980012.16297}
{"type": "train", "epoch": 520, "loss": 0.56228, "obj": 0.0, "sup": 0.56228, "lr": 0.0005, "time": 1790980012.56696}
{"type": "train", "epoch": 521, "loss": 0.56357, "obj": 0.0, "sup": 0.56357, "lr": 0.0005, "time": 1790980012.9492}
{"type": "train", "epoch": 522, "loss": 0.55002, "obj": 0.0, "sup": 0.55002, "lr": 0.0005, "time": 1790980013.30583}
{"type": "train", "epoch": 523, "loss": 0.54396, "obj": 0.0, "sup": 0.54396, "lr": 0.0005, "time": 1790980013.77386}
{"type": "train", "epoch": 524, "loss": 0.54529, "obj": 0.0, "sup": 0.54529, "lr": 0.0005, "time": 1790980014.16901}
{"type": "train", "epoch": 525, "loss": 0.77814, "obj": 0.0, "sup": 0.77814, "lr": 0.0005, "time": 1790980014.56047}
{"type": "train", "epoch": 526, "loss": 0.84565, "obj": 0.0, "sup": 0.84565, "lr": 0.0005, "time": 1790980014.99306}
{"type": "train", "epoch": 527, "loss": 0.81221, "obj": 0.0, "sup": 0.81221, "lr": 0.0005, "time": 1790980015.44694}
{"type": "train", "epoch": 528, "loss": 0.77053, "obj": 0.0, "sup": 0.77053, "lr": 0.0005, "time": 1790980015.85672}
{"type": "train", "epoch": 529, "loss": 0.72898, "obj": 0.0, "sup": 0.72898, "lr": 0.0005, "time": 1790980016.23419}
{"type": "train", "epoch": 530, "loss": 0.69361, "obj": 0.0, "sup": 0.69361, "lr": 0.0005, "time": 1790980016.66237}
{"type": "train", "epoch": 531, "loss": 0.67242, "obj": 0.0, "sup": 0.67242, "lr": 0.0005, "time": 1790980017.0323}
{"type": "train", "epoch": 532, "loss": 0.64799, "obj": 0.0, "sup": 0.64799, "lr": 0.0005, "time": 1790980017.44967}
{"type": "train", "epoch": 533, "loss": 0.64301, "obj": 0.0, "sup": 0.64301, "lr": 0.0005, "time": 1790980017.93492}
{"type": "train", "epoch": 534, "loss": 0.59781, "obj": 0.0, "sup": 0.59781, "lr": 0.0005, "time": 1790980018.29525}
{"type": "train", "epoch": 535, "loss": 0.59313, "obj": 0.0, "sup": 0.59313, "lr": 0.0005, "time": 1790980018.77409}
{"type": "train", "epoch": 536, "loss": 0.60987, "obj": 0.0, "sup": 0.60987, "lr": 0.0005, "time": 1790980019.18269}
{"type": "train", "epoch": 537, "loss": 0.59299, "obj": 0.0, "sup": 0.59299, "lr": 0.0005, "time": 1790980019.53492}
{"type": "train", "epoch": 538, "loss": 0.59692, "obj": 0.0, "sup": 0.59692, "lr": 0.0005, "time": 1790980019.91899}
{"type": "train", "epoch": 539, "loss": 0.68406, "obj": 0.0, "sup": 0.68406, "lr": 0.0005, "time": 1790980020.301}
{"type": "train", "epoch": 540, "loss": 0.67299, "obj": 0.0, "sup": 0.67299, "lr": 0.0005, "time": 1790980020.72299}
{"type": "train", "epoch": 541, "loss": 0.70455, "obj": 0.0, "sup": 0.70455, "lr": 0.0005, "time": 1790980021.12144}
{"type": "train", "epoch": 542, "loss": 0.64206, "obj": 0.0, "sup": 0.64206, "lr": 0.0005, "time": 1790980021.52692}
{"type": "train", "epoch": 543, "loss": 0.65267, "obj": 0.0, "sup": 0.65267, "lr": 0.0005, "time": 1790980021.99868}
{"type": "train", "epoch": 544, "loss": 0.60976, "obj": 0.0, "sup": 0.60976, "lr": 0.0005, "time": 1790980022.35499}
{"type": "train", "epoch": 545, "loss": 0.61936, "obj": 0.0, "sup": 0.61936, "lr": 0.0005, "time": 1790980022.83778}
{"type": "train", "epoch": 546, "loss": 0.62547, "obj": 0.0, "sup": 0.62547, "lr": 0.0005, "time": 1790980023.31048}
{"type": "train", "epoch": 547, "loss": 0.60891, "obj": 0.0, "sup": 0.60891, "lr": 0.0005, "time": 1790980023.71101}
{"type": "train", "epoch": 548, "loss": 0.57767, "obj": 0.0, "sup": 0.57767, "lr": 0.0005, "time": 1790980024.07897}
{"type": "train", "epoch": 549, "loss": 0.55637, "obj": 0.0, "sup": 0.55637, "lr": 0.0005, "time": 1790980024.44735}
{"type": "train", "epoch": 550, "loss": 0.55782, "obj": 0.0, "sup": 0.55782, "lr": 0.0005, "time": 1790980025.81784, "train_resid_median": 0.80103, "train_resid_mean": 0.80641, "train_imag_median": 0.20774, "train_obj_median": 0.72774, "train_u_loss_to_label_median": 0.59401, "val_resid_median": 0.94638, "val_resid_mean": 0.9457, "val_imag_median": 0.21257, "val_obj_median": 0.9836, "val_u_loss_to_label_median": 0.75731}
{"type": "train", "epoch": 551, "loss": 0.5347, "obj": 0.0, "sup": 0.5347, "lr": 0.0005, "time": 1790980026.22663}
{"type": "train", "epoch": 552, "loss": 0.54637, "obj": 0.0, "sup": 0.54637, "lr": 0.0005, "time": 1790980026.58136}
{"type": "train", "epoch": 553, "loss": 0.5297, "obj": 0.0, "sup": 0.5297, "lr": 0.0005, "time": 1790980026.88396}
{"type": "train", "epoch": 554, "loss": 0.55725, "obj": 0.0, "sup": 0.55725, "lr": 0.0005, "time": 1790980027.18727}
{"type": "train", "epoch": 555, "loss": 0.52989, "obj": 0.0, "sup": 0.52989, "lr": 0.0005, "time": 1790980027.49028}
{"type": "train", "epoch": 556, "loss": 0.51761, "obj": 0.0, "sup": 0.51761, "lr": 0.0005, "time": 1790980027.86599}
{"type": "train", "epoch": 557, "loss": 0.51884, "obj": 0.0, "sup": 0.51884, "lr": 0.0005, "time": 1790980028.36105}
{"type": "train", "epoch": 558, "loss": 0.56758, "obj": 0.0, "sup": 0.56758, "lr": 0.0005, "time": 1790980028.83631}
{"type": "train", "epoch": 559, "loss": 0.52424, "obj": 0.0, "sup": 0.52424, "lr": 0.0005, "time": 1790980029.28952}
{"type": "train", "epoch": 560, "loss": 0.51768, "obj": 0.0, "sup": 0.51768, "lr": 0.0005, "time": 1790980029.67425}
{"type": "train", "epoch": 561, "loss": 0.50915, "obj": 0.0, "sup": 0.50915, "lr": 0.0005, "time": 1790980030.09841}
{"type": "train", "epoch": 562, "loss": 0.52014, "obj": 0.0, "sup": 0.52014, "lr": 0.0005, "time": 1790980030.569}
{"type": "train", "epoch": 563, "loss": 0.50343, "obj": 0.0, "sup": 0.50343, "lr": 0.0005, "time": 1790980030.91898}
{"type": "train", "epoch": 564, "loss": 0.50153, "obj": 0.0, "sup": 0.50153, "lr": 0.0005, "time": 1790980031.32176}
{"type": "train", "epoch": 565, "loss": 0.49302, "obj": 0.0, "sup": 0.49302, "lr": 0.0005, "time": 1790980031.72431}
{"type": "train", "epoch": 566, "loss": 0.51102, "obj": 0.0, "sup": 0.51102, "lr": 0.0005, "time": 1790980032.14435}
{"type": "train", "epoch": 567, "loss": 0.50016, "obj": 0.0, "sup": 0.50016, "lr": 0.0005, "time": 1790980032.53052}
{"type": "train", "epoch": 568, "loss": 0.53887, "obj": 0.0, "sup": 0.53887, "lr": 0.0005, "time": 1790980032.93855}
{"type": "train", "epoch": 569, "loss": 0.52963, "obj": 0.0, "sup": 0.52963, "lr": 0.0005, "time": 1790980033.42287}
{"type": "train", "epoch": 570, "loss": 0.52006, "obj": 0.0, "sup": 0.52006, "lr": 0.0005, "time": 1790980033.83759}
{"type": "train", "epoch": 571, "loss": 0.48237, "obj": 0.0, "sup": 0.48237, "lr": 0.0005, "time": 1790980034.20842}
{"type": "train", "epoch": 572, "loss": 0.49366, "obj": 0.0, "sup": 0.49366, "lr": 0.0005, "time": 1790980034.63252}
{"type": "train", "epoch": 573, "loss": 0.48488, "obj": 0.0, "sup": 0.48488, "lr": 0.0005, "time": 1790980035.02951}
{"type": "train", "epoch": 574, "loss": 0.47013, "obj": 0.0, "sup": 0.47013, "lr": 0.0005, "time": 1790980035.42834}
{"type": "train", "epoch": 575, "loss": 0.45979, "obj": 0.0, "sup": 0.45979, "lr": 0.0005, "time": 1790980035.80583}
{"type": "train", "epoch": 576, "loss": 0.45522, "obj": 0.0, "sup": 0.45522, "lr": 0.0005, "time": 1790980036.10746}
{"type": "train", "epoch": 577, "loss": 0.45904, "obj": 0.0, "sup": 0.45904, "lr": 0.0005, "time": 1790980036.43768}
{"type": "train", "epoch": 578, "loss": 0.44446, "obj": 0.0, "sup": 0.44446, "lr": 0.0005, "time": 1790980036.84629}
{"type": "train", "epoch": 579, "loss": 0.48243, "obj": 0.0, "sup": 0.48243, "lr": 0.0005, "time": 1790980037.24108}
{"type": "train", "epoch": 580, "loss": 0.46413, "obj": 0.0, "sup": 0.46413, "lr": 0.0005, "time": 1790980037.72536}
{"type": "train", "epoch": 581, "loss": 0.46892, "obj": 0.0, "sup": 0.46892, "lr": 0.0005, "time": 1790980038.17763}
{"type": "train", "epoch": 582, "loss": 0.45736, "obj": 0.0, "sup": 0.45736, "lr": 0.0005, "time": 1790980038.64998}
{"type": "train", "epoch": 583, "loss": 0.43813, "obj": 0.0, "sup": 0.43813, "lr": 0.0005, "time": 1790980039.07166}
{"type": "train", "epoch": 584, "loss": 0.43651, "obj": 0.0, "sup": 0.43651, "lr": 0.0005, "time": 1790980039.44701}
{"type": "train", "epoch": 585, "loss": 0.41378, "obj": 0.0, "sup": 0.41378, "lr": 0.0005, "time": 1790980039.89105}
{"type": "train", "epoch": 586, "loss": 0.47822, "obj": 0.0, "sup": 0.47822, "lr": 0.0005, "time": 1790980040.33087}
{"type": "train", "epoch": 587, "loss": 0.44816, "obj": 0.0, "sup": 0.44816, "lr": 0.0005, "time": 1790980040.77538}
{"type": "train", "epoch": 588, "loss": 0.43016, "obj": 0.0, "sup": 0.43016, "lr": 0.0005, "time": 1790980041.15693}
{"type": "train", "epoch": 589, "loss": 0.41837, "obj": 0.0, "sup": 0.41837, "lr": 0.0005, "time": 1790980041.69165}
{"type": "train", "epoch": 590, "loss": 0.41579, "obj": 0.0, "sup": 0.41579, "lr": 0.0005, "time": 1790980042.10915}
{"type": "train", "epoch": 591, "loss": 0.4101, "obj": 0.0, "sup": 0.4101, "lr": 0.0005, "time": 1790980042.58191}
{"type": "train", "epoch": 592, "loss": 0.40002, "obj": 0.0, "sup": 0.40002, "lr": 0.0005, "time": 1790980042.99683}
{"type": "train", "epoch": 593, "loss": 0.40126, "obj": 0.0, "sup": 0.40126, "lr": 0.0005, "time": 1790980043.35833}
{"type": "train", "epoch": 594, "loss": 0.41408, "obj": 0.0, "sup": 0.41408, "lr": 0.0005, "time": 1790980043.69343}
{"type": "train", "epoch": 595, "loss": 0.48424, "obj": 0.0, "sup": 0.48424, "lr": 0.0005, "time": 1790980044.12751}
{"type": "train", "epoch": 596, "loss": 0.44217, "obj": 0.0, "sup": 0.44217, "lr": 0.0005, "time": 1790980044.55898}
{"type": "train", "epoch": 597, "loss": 0.45571, "obj": 0.0, "sup": 0.45571, "lr": 0.0005, "time": 1790980044.99939}
{"type": "train", "epoch": 598, "loss": 0.4217, "obj": 0.0, "sup": 0.4217, "lr": 0.0005, "time": 1790980045.40969}
{"type": "train", "epoch": 599, "loss": 0.41059, "obj": 0.0, "sup": 0.41059, "lr": 0.0005, "time": 1790980045.87775}
{"type": "train", "epoch": 600, "loss": 0.4148, "obj": 0.0, "sup": 0.4148, "lr": 0.0005, "time": 1790980047.30351, "train_resid_median": 0.72849, "train_resid_mean": 0.73435, "train_imag_median": 0.24989, "train_obj_median": 0.64488, "train_u_loss_to_label_median": 0.60961, "val_resid_median": 0.9457, "val_resid_mean": 0.94251, "val_imag_median": 0.27011, "val_obj_median": 1.01869, "val_u_loss_to_label_median": 0.79176}
{"type": "train", "epoch": 601, "loss": 0.40215, "obj": 0.0, "sup": 0.40215, "lr": 0.0005, "time": 1790980047.69246}
{"type": "train", "epoch": 602, "loss": 0.39496, "obj": 0.0, "sup": 0.39496, "lr": 0.0005, "time": 1790980048.14387}
{"type": "train", "epoch": 603, "loss": 0.39533, "obj": 0.0, "sup": 0.39533, "lr": 0.0005, "time": 1790980048.49787}
{"type": "train", "epoch": 604, "loss": 0.40182, "obj": 0.0, "sup": 0.40182, "lr": 0.0005, "time": 1790980048.92154}
{"type": "train", "epoch": 605, "loss": 0.45764, "obj": 0.0, "sup": 0.45764, "lr": 0.0005, "time": 1790980049.3266}
{"type": "train", "epoch": 606, "loss": 0.43736, "obj": 0.0, "sup": 0.43736, "lr": 0.0005, "time": 1790980049.77124}
{"type": "train", "epoch": 607, "loss": 0.61988, "obj": 0.0, "sup": 0.61988, "lr": 0.0005, "time": 1790980050.1822}
{"type": "train", "epoch": 608, "loss": 0.60747, "obj": 0.0, "sup": 0.60747, "lr": 0.0005, "time": 1790980050.60701}
{"type": "train", "epoch": 609, "loss": 0.5416, "obj": 0.0, "sup": 0.5416, "lr": 0.0005, "time": 1790980051.06698}
{"type": "train", "epoch": 610, "loss": 0.48088, "obj": 0.0, "sup": 0.48088, "lr": 0.0005, "time": 1790980051.49905}
{"type": "train", "epoch": 611, "loss": 0.45179, "obj": 0.0, "sup": 0.45179, "lr": 0.0005, "time": 1790980051.91101}
{"type": "train", "epoch": 612, "loss": 0.43589, "obj": 0.0, "sup": 0.43589, "lr": 0.0005, "time": 1790980052.26557}
{"type": "train", "epoch": 613, "loss": 0.41224, "obj": 0.0, "sup": 0.41224, "lr": 0.0005, "time": 1790980052.62871}
{"type": "train", "epoch": 614, "loss": 0.45693, "obj": 0.0, "sup": 0.45693, "lr": 0.0005, "time": 1790980053.03908}
{"type": "train", "epoch": 615, "loss": 0.58163, "obj": 0.0, "sup": 0.58163, "lr": 0.0005, "time": 1790980053.44296}
{"type": "train", "epoch": 616, "loss": 0.64077, "obj": 0.0, "sup": 0.64077, "lr": 0.0005, "time": 1790980053.8834}
{"type": "train", "epoch": 617, "loss": 0.69559, "obj": 0.0, "sup": 0.69559, "lr": 0.0005, "time": 1790980054.26667}
{"type": "train", "epoch": 618, "loss": 0.58448, "obj": 0.0, "sup": 0.58448, "lr": 0.0005, "time": 1790980054.5846}
{"type": "train", "epoch": 619, "loss": 0.62925, "obj": 0.0, "sup": 0.62925, "lr": 0.0005, "time": 1790980054.89206}
{"type": "train", "epoch": 620, "loss": 0.7865, "obj": 0.0, "sup": 0.7865, "lr": 0.0005, "time": 1790980055.2456}
{"type": "train", "epoch": 621, "loss": 0.66289, "obj": 0.0, "sup": 0.66289, "lr": 0.0005, "time": 1790980055.59112}
{"type": "train", "epoch": 622, "loss": 0.60956, "obj": 0.0, "sup": 0.60956, "lr": 0.0005, "time": 1790980055.91194}
{"type": "train", "epoch": 623, "loss": 0.51689, "obj": 0.0, "sup": 0.51689, "lr": 0.0005, "time": 1790980056.21748}
{"type": "train", "epoch": 624, "loss": 0.59089, "obj": 0.0, "sup": 0.59089, "lr": 0.0005, "time": 1790980056.51808}
{"type": "train", "epoch": 625, "loss": 0.49969, "obj": 0.0, "sup": 0.49969, "lr": 0.0005, "time": 1790980056.81762}
{"type": "train", "epoch": 626, "loss": 0.49919, "obj": 0.0, "sup": 0.49919, "lr": 0.0005, "time": 1790980057.13}
{"type": "train", "epoch": 627, "loss": 0.50777, "obj": 0.0, "sup": 0.50777, "lr": 0.0005, "time": 1790980057.43447}
{"type": "train", "epoch": 628, "loss": 0.42822, "obj": 0.0, "sup": 0.42822, "lr": 0.0005, "time": 1790980057.77396}
{"type": "train", "epoch": 629, "loss": 0.45793, "obj": 0.0, "sup": 0.45793, "lr": 0.0005, "time": 1790980058.11479}
{"type": "train", "epoch": 630, "loss": 0.46455, "obj": 0.0, "sup": 0.46455, "lr": 0.0005, "time": 1790980058.44197}
{"type": "train", "epoch": 631, "loss": 0.50607, "obj": 0.0, "sup": 0.50607, "lr": 0.0005, "time": 1790980058.78804}
{"type": "train", "epoch": 632, "loss": 0.4326, "obj": 0.0, "sup": 0.4326, "lr": 0.0005, "time": 1790980059.09181}
{"type": "train", "epoch": 633, "loss": 0.41183, "obj": 0.0, "sup": 0.41183, "lr": 0.0005, "time": 1790980059.40212}
{"type": "train", "epoch": 634, "loss": 0.41795, "obj": 0.0, "sup": 0.41795, "lr": 0.0005, "time": 1790980059.71918}
{"type": "train", "epoch": 635, "loss": 0.47006, "obj": 0.0, "sup": 0.47006, "lr": 0.0005, "time": 1790980060.04125}
{"type": "train", "epoch": 636, "loss": 0.44486, "obj": 0.0, "sup": 0.44486, "lr": 0.0005, "time": 1790980060.37785}
{"type": "train", "epoch": 637, "loss": 0.43667, "obj": 0.0, "sup": 0.43667, "lr": 0.0005, "time": 1790980060.73757}
{"type": "train", "epoch": 638, "loss": 0.40026, "obj": 0.0, "sup": 0.40026, "lr": 0.0005, "time": 1790980061.08861}
{"type": "train", "epoch": 639, "loss": 0.38108, "obj": 0.0, "sup": 0.38108, "lr": 0.0005, "time": 1790980061.4239}
{"type": "train", "epoch": 640, "loss": 0.36514, "obj": 0.0, "sup": 0.36514, "lr": 0.0005, "time": 1790980061.76953}
{"type": "train", "epoch": 641, "loss": 0.36087, "obj": 0.0, "sup": 0.36087, "lr": 0.0005, "time": 1790980062.11239}
{"type": "train", "epoch": 642, "loss": 0.33683, "obj": 0.0, "sup": 0.33683, "lr": 0.0005, "time": 1790980062.4156}
{"type": "train", "epoch": 643, "loss": 0.33741, "obj": 0.0, "sup": 0.33741, "lr": 0.0005, "time": 1790980062.72088}
{"type": "train", "epoch": 644, "loss": 0.38132, "obj": 0.0, "sup": 0.38132, "lr": 0.0005, "time": 1790980063.02385}
{"type": "train", "epoch": 645, "loss": 0.42373, "obj": 0.0, "sup": 0.42373, "lr": 0.0005, "time": 1790980063.34593}
{"type": "train", "epoch": 646, "loss": 0.54085, "obj": 0.0, "sup": 0.54085, "lr": 0.0005, "time": 1790980063.65279}
{"type": "train", "epoch": 647, "loss": 0.54323, "obj": 0.0, "sup": 0.54323, "lr": 0.0005, "time": 1790980063.95328}
{"type": "train", "epoch": 648, "loss": 0.51275, "obj": 0.0, "sup": 0.51275, "lr": 0.0005, "time": 1790980064.25673}
{"type": "train", "epoch": 649, "loss": 0.45709, "obj": 0.0, "sup": 0.45709, "lr": 0.0005, "time": 1790980064.56162}
{"type": "train", "epoch": 650, "loss": 0.42075, "obj": 0.0, "sup": 0.42075, "lr": 0.0005, "time": 1790980065.73803, "train_resid_median": 0.74356, "train_resid_mean": 0.75635, "train_imag_median": 0.26215, "train_obj_median": 0.67196, "train_u_loss_to_label_median": 0.62429, "val_resid_median": 0.94962, "val_resid_mean": 0.94481, "val_imag_median": 0.27219, "val_obj_median": 1.02453, "val_u_loss_to_label_median": 0.79848}
{"type": "train", "epoch": 651, "loss": 0.43022, "obj": 0.0, "sup": 0.43022, "lr": 0.0005, "time": 1790980066.06806}
{"type": "train", "epoch": 652, "loss": 0.42761, "obj": 0.0, "sup": 0.42761, "lr": 0.0005, "time": 1790980066.42731}
{"type": "train", "epoch": 653, "loss": 0.4131, "obj": 0.0, "sup": 0.4131, "lr": 0.0005, "time": 1790980066.72791}
{"type": "train", "epoch": 654, "loss": 0.386, "obj": 0.0, "sup": 0.386, "lr": 0.0005, "time": 1790980067.06858}
{"type": "train", "epoch": 655, "loss": 0.37575, "obj": 0.0, "sup": 0.37575, "lr": 0.0005, "time": 1790980067.37534}
{"type": "train", "epoch": 656, "loss": 0.35075, "obj": 0.0, "sup": 0.35075, "lr": 0.0005, "time": 1790980067.70402}
{"type": "train", "epoch": 657, "loss": 0.33982, "obj": 0.0, "sup": 0.33982, "lr": 0.0005, "time": 1790980068.03704}
{"type": "train", "epoch": 658, "loss": 0.33877, "obj": 0.0, "sup": 0.33877, "lr": 0.0005, "time": 1790980068.36007}
{"type": "train", "epoch": 659, "loss": 0.33113, "obj": 0.0, "sup": 0.33113, "lr": 0.0005, "time": 1790980068.70499}
{"type": "train", "epoch": 660, "loss": 0.32339, "obj": 0.0, "sup": 0.32339, "lr": 0.0005, "time": 1790980069.01265}
{"type": "train", "epoch": 661, "loss": 0.30339, "obj": 0.0, "sup": 0.30339, "lr": 0.0005, "time": 1790980069.37774}
{"type": "train", "epoch": 662, "loss": 0.29637, "obj": 0.0, "sup": 0.29637, "lr": 0.0005, "time": 1790980069.74866}
{"type": "train", "epoch": 663, "loss": 0.29488, "obj": 0.0, "sup": 0.29488, "lr": 0.0005, "time": 1790980070.14081}
{"type": "train", "epoch": 664, "loss": 0.28197, "obj": 0.0, "sup": 0.28197, "lr": 0.0005, "time": 1790980070.50228}
{"type": "train", "epoch": 665, "loss": 0.27766, "obj": 0.0, "sup": 0.27766, "lr": 0.0005, "time": 1790980070.89497}
{"type": "train", "epoch": 666, "loss": 0.26848, "obj": 0.0, "sup": 0.26848, "lr": 0.0005, "time": 1790980071.31895}
{"type": "train", "epoch": 667, "loss": 0.26235, "obj": 0.0, "sup": 0.26235, "lr": 0.0005, "time": 1790980071.75749}
{"type": "train", "epoch": 668, "loss": 0.30551, "obj": 0.0, "sup": 0.30551, "lr": 0.0005, "time": 1790980072.12931}
{"type": "train", "epoch": 669, "loss": 0.27882, "obj": 0.0, "sup": 0.27882, "lr": 0.0005, "time": 1790980072.46695}
{"type": "train", "epoch": 670, "loss": 0.31608, "obj": 0.0, "sup": 0.31608, "lr": 0.0005, "time": 1790980072.8596}
{"type": "train", "epoch": 671, "loss": 0.26888, "obj": 0.0, "sup": 0.26888, "lr": 0.0005, "time": 1790980073.19903}
{"type": "train", "epoch": 672, "loss": 0.26796, "obj": 0.0, "sup": 0.26796, "lr": 0.0005, "time": 1790980073.53356}
{"type": "train", "epoch": 673, "loss": 0.26123, "obj": 0.0, "sup": 0.26123, "lr": 0.0005, "time": 1790980073.83465}
{"type": "train", "epoch": 674, "loss": 0.25317, "obj": 0.0, "sup": 0.25317, "lr": 0.0005, "time": 1790980074.13853}
{"type": "train", "epoch": 675, "loss": 0.34649, "obj": 0.0, "sup": 0.34649, "lr": 0.0005, "time": 1790980074.44716}
{"type": "train", "epoch": 676, "loss": 0.31052, "obj": 0.0, "sup": 0.31052, "lr": 0.0005, "time": 1790980074.75213}
{"type": "train", "epoch": 677, "loss": 0.32067, "obj": 0.0, "sup": 0.32067, "lr": 0.0005, "time": 1790980075.07163}
{"type": "train", "epoch": 678, "loss": 0.29833, "obj": 0.0, "sup": 0.29833, "lr": 0.0005, "time": 1790980075.38994}
{"type": "train", "epoch": 679, "loss": 0.27116, "obj": 0.0, "sup": 0.27116, "lr": 0.0005, "time": 1790980075.73902}
{"type": "train", "epoch": 680, "loss": 0.25664, "obj": 0.0, "sup": 0.25664, "lr": 0.0005, "time": 1790980076.09628}
{"type": "train", "epoch": 681, "loss": 0.24254, "obj": 0.0, "sup": 0.24254, "lr": 0.0005, "time": 1790980076.39667}
{"type": "train", "epoch": 682, "loss": 0.28491, "obj": 0.0, "sup": 0.28491, "lr": 0.0005, "time": 1790980076.72296}
{"type": "train", "epoch": 683, "loss": 0.26756, "obj": 0.0, "sup": 0.26756, "lr": 0.0005, "time": 1790980077.1711}
{"type": "train", "epoch": 684, "loss": 0.26934, "obj": 0.0, "sup": 0.26934, "lr": 0.0005, "time": 1790980077.61145}
{"type": "train", "epoch": 685, "loss": 0.25847, "obj": 0.0, "sup": 0.25847, "lr": 0.0005, "time": 1790980078.09629}
{"type": "train", "epoch": 686, "loss": 0.2711, "obj": 0.0, "sup": 0.2711, "lr": 0.0005, "time": 1790980078.54303}
{"type": "train", "epoch": 687, "loss": 0.24217, "obj": 0.0, "sup": 0.24217, "lr": 0.0005, "time": 1790980079.00138}
{"type": "train", "epoch": 688, "loss": 0.24648, "obj": 0.0, "sup": 0.24648, "lr": 0.0005, "time": 1790980079.37896}
{"type": "train", "epoch": 689, "loss": 0.2616, "obj": 0.0, "sup": 0.2616, "lr": 0.0005, "time": 1790980079.74025}
{"type": "train", "epoch": 690, "loss": 0.29083, "obj": 0.0, "sup": 0.29083, "lr": 0.0005, "time": 1790980080.1624}
{"type": "train", "epoch": 691, "loss": 0.26786, "obj": 0.0, "sup": 0.26786, "lr": 0.0005, "time": 1790980080.55494}
{"type": "train", "epoch": 692, "loss": 0.24863, "obj": 0.0, "sup": 0.24863, "lr": 0.0005, "time": 1790980081.04125}
{"type": "train", "epoch": 693, "loss": 0.24078, "obj": 0.0, "sup": 0.24078, "lr": 0.0005, "time": 1790980081.51097}
{"type": "train", "epoch": 694, "loss": 0.22729, "obj": 0.0, "sup": 0.22729, "lr": 0.0005, "time": 1790980081.91954}
{"type": "train", "epoch": 695, "loss": 0.25693, "obj": 0.0, "sup": 0.25693, "lr": 0.0005, "time": 1790980082.37624}
{"type": "train", "epoch": 696, "loss": 0.23093, "obj": 0.0, "sup": 0.23093, "lr": 0.0005, "time": 1790980082.88297}
{"type": "train", "epoch": 697, "loss": 0.23761, "obj": 0.0, "sup": 0.23761, "lr": 0.0005, "time": 1790980083.29885}
{"type": "train", "epoch": 698, "loss": 0.24027, "obj": 0.0, "sup": 0.24027, "lr": 0.0005, "time": 1790980083.71197}
{"type": "train", "epoch": 699, "loss": 0.21423, "obj": 0.0, "sup": 0.21423, "lr": 0.0005, "time": 1790980084.08498}
{"type": "train", "epoch": 700, "loss": 0.21321, "obj": 0.0, "sup": 0.21321, "lr": 0.0005, "time": 1790980085.50805, "train_resid_median": 0.59108, "train_resid_mean": 0.60141, "train_imag_median": 0.23487, "train_obj_median": 0.44293, "train_u_loss_to_label_median": 0.59624, "val_resid_median": 0.94307, "val_resid_mean": 0.93791, "val_imag_median": 0.29644, "val_obj_median": 1.01088, "val_u_loss_to_label_median": 0.80849}
{"type": "train", "epoch": 701, "loss": 0.2154, "obj": 0.0, "sup": 0.2154, "lr": 0.0005, "time": 1790980085.81005}
{"type": "train", "epoch": 702, "loss": 0.2199, "obj": 0.0, "sup": 0.2199, "lr": 0.0005, "time": 1790980086.11898}
{"type": "train", "epoch": 703, "loss": 0.27436, "obj": 0.0, "sup": 0.27436, "lr": 0.0005, "time": 1790980086.59385}
{"type": "train", "epoch": 704, "loss": 0.46923, "obj": 0.0, "sup": 0.46923, "lr": 0.0005, "time": 1790980087.01897}
{"type": "train", "epoch": 705, "loss": 0.33296, "obj": 0.0, "sup": 0.33296, "lr": 0.0005, "time": 1790980087.43933}
{"type": "train", "epoch": 706, "loss": 0.33975, "obj": 0.0, "sup": 0.33975, "lr": 0.0005, "time": 1790980087.88229}
{"type": "train", "epoch": 707, "loss": 0.46619, "obj": 0.0, "sup": 0.46619, "lr": 0.0005, "time": 1790980088.29917}
{"type": "train", "epoch": 708, "loss": 0.3391, "obj": 0.0, "sup": 0.3391, "lr": 0.0005, "time": 1790980088.76711}
{"type": "train", "epoch": 709, "loss": 0.75276, "obj": 0.0, "sup": 0.75276, "lr": 0.0005, "time": 1790980089.24037}
{"type": "train", "epoch": 710, "loss": 1.08623, "obj": 0.0, "sup": 1.08623, "lr": 0.0005, "time": 1790980089.68464}
{"type": "train", "epoch": 711, "loss": 0.85471, "obj": 0.0, "sup": 0.85471, "lr": 0.0005, "time": 1790980090.09498}
{"type": "train", "epoch": 712, "loss": 0.86054, "obj": 0.0, "sup": 0.86054, "lr": 0.0005, "time": 1790980090.58204}
{"type": "train", "epoch": 713, "loss": 0.70459, "obj": 0.0, "sup": 0.70459, "lr": 0.0005, "time": 1790980091.02448}
{"type": "train", "epoch": 714, "loss": 0.79759, "obj": 0.0, "sup": 0.79759, "lr": 0.0005, "time": 1790980091.46696}
{"type": "train", "epoch": 715, "loss": 0.77275, "obj": 0.0, "sup": 0.77275, "lr": 0.0005, "time": 1790980091.817}
{"type": "train", "epoch": 716, "loss": 0.54842, "obj": 0.0, "sup": 0.54842, "lr": 0.0005, "time": 1790980092.22744}
{"type": "train", "epoch": 717, "loss": 0.46941, "obj": 0.0, "sup": 0.46941, "lr": 0.0005, "time": 1790980092.62998}
{"type": "train", "epoch": 718, "loss": 0.41019, "obj": 0.0, "sup": 0.41019, "lr": 0.0005, "time": 1790980093.04697}
{"type": "train", "epoch": 719, "loss": 0.4087, "obj": 0.0, "sup": 0.4087, "lr": 0.0005, "time": 1790980093.4299}
{"type": "train", "epoch": 720, "loss": 0.42812, "obj": 0.0, "sup": 0.42812, "lr": 0.0005, "time": 1790980093.86453}
{"type": "train", "epoch": 721, "loss": 0.38682, "obj": 0.0, "sup": 0.38682, "lr": 0.0005, "time": 1790980094.24595}
{"type": "train", "epoch": 722, "loss": 0.34067, "obj": 0.0, "sup": 0.34067, "lr": 0.0005, "time": 1790980094.58621}
{"type": "train", "epoch": 723, "loss": 0.47931, "obj": 0.0, "sup": 0.47931, "lr": 0.0005, "time": 1790980095.00737}
{"type": "train", "epoch": 724, "loss": 0.5463, "obj": 0.0, "sup": 0.5463, "lr": 0.0005, "time": 1790980095.41906}
{"type": "train", "epoch": 725, "loss": 0.47135, "obj": 0.0, "sup": 0.47135, "lr": 0.0005, "time": 1790980095.78137}
{"type": "train", "epoch": 726, "loss": 0.38506, "obj": 0.0, "sup": 0.38506, "lr": 0.0005, "time": 1790980096.21075}
{"type": "train", "epoch": 727, "loss": 0.35293, "obj": 0.0, "sup": 0.35293, "lr": 0.0005, "time": 1790980096.62296}
{"type": "train", "epoch": 728, "loss": 0.33478, "obj": 0.0, "sup": 0.33478, "lr": 0.0005, "time": 1790980096.94195}
{"type": "train", "epoch": 729, "loss": 0.32977, "obj": 0.0, "sup": 0.32977, "lr": 0.0005, "time": 1790980097.28395}
{"type": "train", "epoch": 730, "loss": 0.31631, "obj": 0.0, "sup": 0.31631, "lr": 0.0005, "time": 1790980097.65453}
{"type": "train", "epoch": 731, "loss": 0.27877, "obj": 0.0, "sup": 0.27877, "lr": 0.0005, "time": 1790980098.03363}
{"type": "train", "epoch": 732, "loss": 0.29199, "obj": 0.0, "sup": 0.29199, "lr": 0.0005, "time": 1790980098.443}
{"type": "train", "epoch": 733, "loss": 0.26181, "obj": 0.0, "sup": 0.26181, "lr": 0.0005, "time": 1790980098.89839}
{"type": "train", "epoch": 734, "loss": 0.30181, "obj": 0.0, "sup": 0.30181, "lr": 0.0005, "time": 1790980099.27701}
{"type": "train", "epoch": 735, "loss": 0.26522, "obj": 0.0, "sup": 0.26522, "lr": 0.0005, "time": 1790980099.60521}
{"type": "train", "epoch": 736, "loss": 0.2392, "obj": 0.0, "sup": 0.2392, "lr": 0.0005, "time": 1790980099.9342}
{"type": "train", "epoch": 737, "loss": 0.23343, "obj": 0.0, "sup": 0.23343, "lr": 0.0005, "time": 1790980100.29875}
{"type": "train", "epoch": 738, "loss": 0.23849, "obj": 0.0, "sup": 0.23849, "lr": 0.0005, "time": 1790980100.69895}
{"type": "train", "epoch": 739, "loss": 0.21744, "obj": 0.0, "sup": 0.21744, "lr": 0.0005, "time": 1790980101.10774}
{"type": "train", "epoch": 740, "loss": 0.23925, "obj": 0.0, "sup": 0.23925, "lr": 0.0005, "time": 1790980101.54024}
{"type": "train", "epoch": 741, "loss": 0.2646, "obj": 0.0, "sup": 0.2646, "lr": 0.0005, "time": 1790980101.98757}
{"type": "train", "epoch": 742, "loss": 0.27071, "obj": 0.0, "sup": 0.27071, "lr": 0.0005, "time": 1790980102.35893}
{"type": "train", "epoch": 743, "loss": 0.31285, "obj": 0.0, "sup": 0.31285, "lr": 0.0005, "time": 1790980102.74563}
{"type": "train", "epoch": 744, "loss": 0.44802, "obj": 0.0, "sup": 0.44802, "lr": 0.0005, "time": 1790980103.16092}
{"type": "train", "epoch": 745, "loss": 0.44611, "obj": 0.0, "sup": 0.44611, "lr": 0.0005, "time": 1790980103.52844}
{"type": "train", "epoch": 746, "loss": 0.82976, "obj": 0.0, "sup": 0.82976, "lr": 0.0005, "time": 1790980103.91574}
{"type": "train", "epoch": 747, "loss": 0.8118, "obj": 0.0, "sup": 0.8118, "lr": 0.0005, "time": 1790980104.32522}
{"type": "train", "epoch": 748, "loss": 0.65469, "obj": 0.0, "sup": 0.65469, "lr": 0.0005, "time": 1790980104.69901}
{"type": "train", "epoch": 749, "loss": 0.65348, "obj": 0.0, "sup": 0.65348, "lr": 0.0005, "time": 1790980105.10823}
{"type": "train", "epoch": 750, "loss": 0.57932, "obj": 0.0, "sup": 0.57932, "lr": 0.0005, "time": 1790980106.60313, "train_resid_median": 0.78808, "train_resid_mean": 0.80281, "train_imag_median": 0.18714, "train_obj_median": 0.68553, "train_u_loss_to_label_median": 0.60145, "val_resid_median": 0.93818, "val_resid_mean": 0.93077, "val_imag_median": 0.20033, "val_obj_median": 0.95229, "val_u_loss_to_label_median": 0.73938}
{"type": "train", "epoch": 751, "loss": 0.54619, "obj": 0.0, "sup": 0.54619, "lr": 0.0005, "time": 1790980107.00297}
{"type": "train", "epoch": 752, "loss": 0.47782, "obj": 0.0, "sup": 0.47782, "lr": 0.0005, "time": 1790980107.38298}
{"type": "train", "epoch": 753, "loss": 0.54544, "obj": 0.0, "sup": 0.54544, "lr": 0.0005, "time": 1790980107.75496}
{"type": "train", "epoch": 754, "loss": 0.45496, "obj": 0.0, "sup": 0.45496, "lr": 0.0005, "time": 1790980108.08003}
{"type": "train", "epoch": 755, "loss": 0.46912, "obj": 0.0, "sup": 0.46912, "lr": 0.0005, "time": 1790980108.46695}
{"type": "train", "epoch": 756, "loss": 0.63276, "obj": 0.0, "sup": 0.63276, "lr": 0.0005, "time": 1790980108.82576}
{"type": "train", "epoch": 757, "loss": 0.39089, "obj": 0.0, "sup": 0.39089, "lr": 0.0005, "time": 1790980109.17582}
{"type": "train", "epoch": 758, "loss": 0.46766, "obj": 0.0, "sup": 0.46766, "lr": 0.0005, "time": 1790980109.59094}
{"type": "train", "epoch": 759, "loss": 0.53278, "obj": 0.0, "sup": 0.53278, "lr": 0.0005, "time": 1790980109.9905}
{"type": "train", "epoch": 760, "loss": 0.43966, "obj": 0.0, "sup": 0.43966, "lr": 0.0005, "time": 1790980110.42297}
{"type": "train", "epoch": 761, "loss": 0.39753, "obj": 0.0, "sup": 0.39753, "lr": 0.0005, "time": 1790980110.87098}
{"type": "train", "epoch": 762, "loss": 0.28658, "obj": 0.0, "sup": 0.28658, "lr": 0.0005, "time": 1790980111.20788}
{"type": "train", "epoch": 763, "loss": 0.26131, "obj": 0.0, "sup": 0.26131, "lr": 0.0005, "time": 1790980111.62696}
{"type": "train", "epoch": 764, "loss": 0.30693, "obj": 0.0, "sup": 0.30693, "lr": 0.0005, "time": 1790980112.03878}
{"type": "train", "epoch": 765, "loss": 0.29908, "obj": 0.0, "sup": 0.29908, "lr": 0.0005, "time": 1790980112.40354}
{"type": "train", "epoch": 766, "loss": 0.23442, "obj": 0.0, "sup": 0.23442, "lr": 0.0005, "time": 1790980112.74764}
{"type": "train", "epoch": 767, "loss": 0.2256, "obj": 0.0, "sup": 0.2256, "lr": 0.0005, "time": 1790980113.06751}
{"type": "train", "epoch": 768, "loss": 0.22993, "obj": 0.0, "sup": 0.22993, "lr": 0.0005, "time": 1790980113.46061}
{"type": "train", "epoch": 769, "loss": 0.41372, "obj": 0.0, "sup": 0.41372, "lr": 0.0005, "time": 1790980113.87296}
{"type": "train", "epoch": 770, "loss": 0.55149, "obj": 0.0, "sup": 0.55149, "lr": 0.0005, "time": 1790980114.28014}
{"type": "train", "epoch": 771, "loss": 0.36654, "obj": 0.0, "sup": 0.36654, "lr": 0.0005, "time": 1790980114.59289}
{"type": "train", "epoch": 772, "loss": 0.48244, "obj": 0.0, "sup": 0.48244, "lr": 0.0005, "time": 1790980114.94298}
{"type": "train", "epoch": 773, "loss": 0.42468, "obj": 0.0, "sup": 0.42468, "lr": 0.0005, "time": 1790980115.28917}
{"type": "train", "epoch": 774, "loss": 0.31042, "obj": 0.0, "sup": 0.31042, "lr": 0.0005, "time": 1790980115.74926}
{"type": "train", "epoch": 775, "loss": 0.38674, "obj": 0.0, "sup": 0.38674, "lr": 0.0005, "time": 1790980116.11145}
{"type": "train", "epoch": 776, "loss": 0.36884, "obj": 0.0, "sup": 0.36884, "lr": 0.0005, "time": 1790980116.48476}
{"type": "train", "epoch": 777, "loss": 0.30212, "obj": 0.0, "sup": 0.30212, "lr": 0.0005, "time": 1790980116.91901}
{"type": "train", "epoch": 778, "loss": 0.32111, "obj": 0.0, "sup": 0.32111, "lr": 0.0005, "time": 1790980117.22723}
{"type": "train", "epoch": 779, "loss": 0.30559, "obj": 0.0, "sup": 0.30559, "lr": 0.0005, "time": 1790980117.5376}
{"type": "train", "epoch": 780, "loss": 0.28857, "obj": 0.0, "sup": 0.28857, "lr": 0.0005, "time": 1790980117.84549}
{"type": "train", "epoch": 781, "loss": 0.24082, "obj": 0.0, "sup": 0.24082, "lr": 0.0005, "time": 1790980118.15677}
{"type": "train", "epoch": 782, "loss": 0.21953, "obj": 0.0, "sup": 0.21953, "lr": 0.0005, "time": 1790980118.4663}
{"type": "train", "epoch": 783, "loss": 0.22944, "obj": 0.0, "sup": 0.22944, "lr": 0.0005, "time": 1790980118.77364}
{"type": "train", "epoch": 784, "loss": 0.32346, "obj": 0.0, "sup": 0.32346, "lr": 0.0005, "time": 1790980119.16121}
{"type": "train", "epoch": 785, "loss": 0.3943, "obj": 0.0, "sup": 0.3943, "lr": 0.0005, "time": 1790980119.57175}
{"type": "train", "epoch": 786, "loss": 0.33471, "obj": 0.0, "sup": 0.33471, "lr": 0.0005, "time": 1790980119.92243}
{"type": "train", "epoch": 787, "loss": 0.40763, "obj": 0.0, "sup": 0.40763, "lr": 0.0005, "time": 1790980120.25893}
{"type": "train", "epoch": 788, "loss": 0.31935, "obj": 0.0, "sup": 0.31935, "lr": 0.0005, "time": 1790980120.5779}
{"type": "train", "epoch": 789, "loss": 0.35832, "obj": 0.0, "sup": 0.35832, "lr": 0.0005, "time": 1790980120.96468}
{"type": "train", "epoch": 790, "loss": 0.40342, "obj": 0.0, "sup": 0.40342, "lr": 0.0005, "time": 1790980121.2904}
{"type": "train", "epoch": 791, "loss": 0.30344, "obj": 0.0, "sup": 0.30344, "lr": 0.0005, "time": 1790980121.64694}
{"type": "train", "epoch": 792, "loss": 0.29991, "obj": 0.0, "sup": 0.29991, "lr": 0.0005, "time": 1790980122.03737}
{"type": "train", "epoch": 793, "loss": 0.25138, "obj": 0.0, "sup": 0.25138, "lr": 0.0005, "time": 1790980122.3752}
{"type": "train", "epoch": 794, "loss": 0.28518, "obj": 0.0, "sup": 0.28518, "lr": 0.0005, "time": 1790980122.70109}
{"type": "train", "epoch": 795, "loss": 0.29631, "obj": 0.0, "sup": 0.29631, "lr": 0.0005, "time": 1790980123.05896}
{"type": "train", "epoch": 796, "loss": 0.24881, "obj": 0.0, "sup": 0.24881, "lr": 0.0005, "time": 1790980123.47494}
{"type": "train", "epoch": 797, "loss": 0.24323, "obj": 0.0, "sup": 0.24323, "lr": 0.0005, "time": 1790980123.87095}
{"type": "train", "epoch": 798, "loss": 0.22199, "obj": 0.0, "sup": 0.22199, "lr": 0.0005, "time": 1790980124.29894}
{"type": "train", "epoch": 799, "loss": 0.21513, "obj": 0.0, "sup": 0.21513, "lr": 0.0005, "time": 1790980124.62261}
{"type": "train", "epoch": 800, "loss": 0.20367, "obj": 0.0, "sup": 0.20367, "lr": 0.0005, "time": 1790980125.91316, "train_resid_median": 0.57805, "train_resid_mean": 0.59066, "train_imag_median": 0.22283, "train_obj_median": 0.43259, "train_u_loss_to_label_median": 0.59316, "val_resid_median": 0.93233, "val_resid_mean": 0.92684, "val_imag_median": 0.26638, "val_obj_median": 0.98361, "val_u_loss_to_label_median": 0.77265}
{"type": "train", "epoch": 801, "loss": 0.19529, "obj": 0.0, "sup": 0.19529, "lr": 0.0005, "time": 1790980126.22968}
{"type": "train", "epoch": 802, "loss": 0.18322, "obj": 0.0, "sup": 0.18322, "lr": 0.0005, "time": 1790980126.58207}
{"type": "train", "epoch": 803, "loss": 0.18413, "obj": 0.0, "sup": 0.18413, "lr": 0.0005, "time": 1790980126.93931}
{"type": "train", "epoch": 804, "loss": 0.18091, "obj": 0.0, "sup": 0.18091, "lr": 0.0005, "time": 1790980127.27067}
{"type": "train", "epoch": 805, "loss": 0.2203, "obj": 0.0, "sup": 0.2203, "lr": 0.0005, "time": 1790980127.58156}
{"type": "train", "epoch": 806, "loss": 0.23357, "obj": 0.0, "sup": 0.23357, "lr": 0.0005, "time": 1790980127.94981}
{"type": "train", "epoch": 807, "loss": 0.2277, "obj": 0.0, "sup": 0.2277, "lr": 0.0005, "time": 1790980128.25102}
{"type": "train", "epoch": 808, "loss": 0.18534, "obj": 0.0, "sup": 0.18534, "lr": 0.0005, "time": 1790980128.5536}
{"type": "train", "epoch": 809, "loss": 0.1978, "obj": 0.0, "sup": 0.1978, "lr": 0.0005, "time": 1790980128.91799}
{"type": "train", "epoch": 810, "loss": 0.22387, "obj": 0.0, "sup": 0.22387, "lr": 0.0005, "time": 1790980129.22999}
{"type": "train", "epoch": 811, "loss": 0.24845, "obj": 0.0, "sup": 0.24845, "lr": 0.0005, "time": 1790980129.69098}
{"type": "train", "epoch": 812, "loss": 0.2304, "obj": 0.0, "sup": 0.2304, "lr": 0.0005, "time": 1790980130.04811}
{"type": "train", "epoch": 813, "loss": 0.23078, "obj": 0.0, "sup": 0.23078, "lr": 0.0005, "time": 1790980130.447}
{"type": "train", "epoch": 814, "loss": 0.22452, "obj": 0.0, "sup": 0.22452, "lr": 0.0005, "time": 1790980130.91038}
{"type": "train", "epoch": 815, "loss": 0.22984, "obj": 0.0, "sup": 0.22984, "lr": 0.0005, "time": 1790980131.44699}
{"type": "train", "epoch": 816, "loss": 0.19348, "obj": 0.0, "sup": 0.19348, "lr": 0.0005, "time": 1790980131.99315}
{"type": "train", "epoch": 817, "loss": 0.19104, "obj": 0.0, "sup": 0.19104, "lr": 0.0005, "time": 1790980132.39527}
{"type": "train", "epoch": 818, "loss": 0.16987, "obj": 0.0, "sup": 0.16987, "lr": 0.0005, "time": 1790980132.96271}
{"type": "train", "epoch": 819, "loss": 0.16284, "obj": 0.0, "sup": 0.16284, "lr": 0.0005, "time": 1790980133.43032}
{"type": "train", "epoch": 820, "loss": 0.15982, "obj": 0.0, "sup": 0.15982, "lr": 0.0005, "time": 1790980133.89368}
{"type": "train", "epoch": 821, "loss": 0.20207, "obj": 0.0, "sup": 0.20207, "lr": 0.0005, "time": 1790980134.34708}
{"type": "train", "epoch": 822, "loss": 0.17109, "obj": 0.0, "sup": 0.17109, "lr": 0.0005, "time": 1790980134.79914}
{"type": "train", "epoch": 823, "loss": 0.18635, "obj": 0.0, "sup": 0.18635, "lr": 0.0005, "time": 1790980135.24349}
{"type": "train", "epoch": 824, "loss": 0.1676, "obj": 0.0, "sup": 0.1676, "lr": 0.0005, "time": 1790980135.66259}
{"type": "train", "epoch": 825, "loss": 0.18493, "obj": 0.0, "sup": 0.18493, "lr": 0.0005, "time": 1790980136.06323}
{"type": "train", "epoch": 826, "loss": 0.1965, "obj": 0.0, "sup": 0.1965, "lr": 0.0005, "time": 1790980136.49288}
{"type": "train", "epoch": 827, "loss": 0.18673, "obj": 0.0, "sup": 0.18673, "lr": 0.0005, "time": 1790980136.91911}
{"type": "train", "epoch": 828, "loss": 0.25987, "obj": 0.0, "sup": 0.25987, "lr": 0.0005, "time": 1790980137.29906}
{"type": "train", "epoch": 829, "loss": 0.34643, "obj": 0.0, "sup": 0.34643, "lr": 0.0005, "time": 1790980137.69519}
{"type": "train", "epoch": 830, "loss": 0.28799, "obj": 0.0, "sup": 0.28799, "lr": 0.0005, "time": 1790980138.15221}
{"type": "train", "epoch": 831, "loss": 0.21075, "obj": 0.0, "sup": 0.21075, "lr": 0.0005, "time": 1790980138.5711}
{"type": "train", "epoch": 832, "loss": 0.20815, "obj": 0.0, "sup": 0.20815, "lr": 0.0005, "time": 1790980138.98478}
{"type": "train", "epoch": 833, "loss": 0.26662, "obj": 0.0, "sup": 0.26662, "lr": 0.0005, "time": 1790980139.28989}
{"type": "train", "epoch": 834, "loss": 0.24626, "obj": 0.0, "sup": 0.24626, "lr": 0.0005, "time": 1790980139.69344}
{"type": "train", "epoch": 835, "loss": 0.25328, "obj": 0.0, "sup": 0.25328, "lr": 0.0005, "time": 1790980140.15003}
{"type": "train", "epoch": 836, "loss": 0.19497, "obj": 0.0, "sup": 0.19497, "lr": 0.0005, "time": 1790980140.47922}
{"type": "train", "epoch": 837, "loss": 0.2218, "obj": 0.0, "sup": 0.2218, "lr": 0.0005, "time": 1790980140.85071}
{"type": "train", "epoch": 838, "loss": 0.20342, "obj": 0.0, "sup": 0.20342, "lr": 0.0005, "time": 1790980141.20094}
{"type": "train", "epoch": 839, "loss": 0.19585, "obj": 0.0, "sup": 0.19585, "lr": 0.0005, "time": 1790980141.63504}
{"type": "train", "epoch": 840, "loss": 0.16547, "obj": 0.0, "sup": 0.16547, "lr": 0.0005, "time": 1790980142.07116}
{"type": "train", "epoch": 841, "loss": 0.15252, "obj": 0.0, "sup": 0.15252, "lr": 0.0005, "time": 1790980142.49565}
{"type": "train", "epoch": 842, "loss": 0.16857, "obj": 0.0, "sup": 0.16857, "lr": 0.0005, "time": 1790980142.87981}
{"type": "train", "epoch": 843, "loss": 0.16798, "obj": 0.0, "sup": 0.16798, "lr": 0.0005, "time": 1790980143.26286}
{"type": "train", "epoch": 844, "loss": 0.1716, "obj": 0.0, "sup": 0.1716, "lr": 0.0005, "time": 1790980143.64428}
{"type": "train", "epoch": 845, "loss": 0.17305, "obj": 0.0, "sup": 0.17305, "lr": 0.0005, "time": 1790980143.99511}
{"type": "train", "epoch": 846, "loss": 0.15645, "obj": 0.0, "sup": 0.15645, "lr": 0.0005, "time": 1790980144.38707}
{"type": "train", "epoch": 847, "loss": 0.15417, "obj": 0.0, "sup": 0.15417, "lr": 0.0005, "time": 1790980144.74309}
{"type": "train", "epoch": 848, "loss": 0.27554, "obj": 0.0, "sup": 0.27554, "lr": 0.0005, "time": 1790980145.12243}
{"type": "train", "epoch": 849, "loss": 0.80703, "obj": 0.0, "sup": 0.80703, "lr": 0.0005, "time": 1790980145.52906}
{"type": "train", "epoch": 850, "loss": 0.77978, "obj": 0.0, "sup": 0.77978, "lr": 0.0005, "time": 1790980146.94707, "train_resid_median": 0.85908, "train_resid_mean": 0.85287, "train_imag_median": 0.2465, "train_obj_median": 0.84605, "train_u_loss_to_label_median": 0.63713, "val_resid_median": 0.93123, "val_resid_mean": 0.93031, "val_imag_median": 0.27113, "val_obj_median": 0.98854, "val_u_loss_to_label_median": 0.78341}
{"type": "train", "epoch": 851, "loss": 0.67355, "obj": 0.0, "sup": 0.67355, "lr": 0.0005, "time": 1790980147.4232}
{"type": "train", "epoch": 852, "loss": 0.56702, "obj": 0.0, "sup": 0.56702, "lr": 0.0005, "time": 1790980147.82873}
{"type": "train", "epoch": 853, "loss": 0.45397, "obj": 0.0, "sup": 0.45397, "lr": 0.0005, "time": 1790980148.23974}
{"type": "train", "epoch": 854, "loss": 0.4051, "obj": 0.0, "sup": 0.4051, "lr": 0.0005, "time": 1790980148.60815}
{"type": "train", "epoch": 855, "loss": 0.36028, "obj": 0.0, "sup": 0.36028, "lr": 0.0005, "time": 1790980148.96462}
{"type": "train", "epoch": 856, "loss": 0.32436, "obj": 0.0, "sup": 0.32436, "lr": 0.0005, "time": 1790980149.38724}
{"type": "train", "epoch": 857, "loss": 0.34412, "obj": 0.0, "sup": 0.34412, "lr": 0.0005, "time": 1790980149.75608}
{"type": "train", "epoch": 858, "loss": 0.30318, "obj": 0.0, "sup": 0.30318, "lr": 0.0005, "time": 1790980150.18987}
{"type": "train", "epoch": 859, "loss": 0.25398, "obj": 0.0, "sup": 0.25398, "lr": 0.0005, "time": 1790980150.63528}
{"type": "train", "epoch": 860, "loss": 0.21872, "obj": 0.0, "sup": 0.21872, "lr": 0.0005, "time": 1790980151.08714}
{"type": "train", "epoch": 861, "loss": 0.20044, "obj": 0.0, "sup": 0.20044, "lr": 0.0005, "time": 1790980151.45403}
{"type": "train", "epoch": 862, "loss": 0.20137, "obj": 0.0, "sup": 0.20137, "lr": 0.0005, "time": 1790980151.77809}
{"type": "train", "epoch": 863, "loss": 0.18251, "obj": 0.0, "sup": 0.18251, "lr": 0.0005, "time": 1790980152.11914}
{"type": "train", "epoch": 864, "loss": 0.17129, "obj": 0.0, "sup": 0.17129, "lr": 0.0005, "time": 1790980152.42617}
{"type": "train", "epoch": 865, "loss": 0.15293, "obj": 0.0, "sup": 0.15293, "lr": 0.0005, "time": 1790980152.73148}
{"type": "train", "epoch": 866, "loss": 0.15956, "obj": 0.0, "sup": 0.15956, "lr": 0.0005, "time": 1790980153.03903}
{"type": "train", "epoch": 867, "loss": 0.17773, "obj": 0.0, "sup": 0.17773, "lr": 0.0005, "time": 1790980153.34631}
{"type": "train", "epoch": 868, "loss": 0.22245, "obj": 0.0, "sup": 0.22245, "lr": 0.0005, "time": 1790980153.65426}
{"type": "train", "epoch": 869, "loss": 0.17941, "obj": 0.0, "sup": 0.17941, "lr": 0.0005, "time": 1790980153.96241}
{"type": "train", "epoch": 870, "loss": 0.17091, "obj": 0.0, "sup": 0.17091, "lr": 0.0005, "time": 1790980154.27458}
{"type": "train", "epoch": 871, "loss": 0.15232, "obj": 0.0, "sup": 0.15232, "lr": 0.0005, "time": 1790980154.65123}
{"type": "train", "epoch": 872, "loss": 0.14056, "obj": 0.0, "sup": 0.14056, "lr": 0.0005, "time": 1790980155.08506}
{"type": "train", "epoch": 873, "loss": 0.28897, "obj": 0.0, "sup": 0.28897, "lr": 0.0005, "time": 1790980155.48716}
{"type": "train", "epoch": 874, "loss": 0.29098, "obj": 0.0, "sup": 0.29098, "lr": 0.0005, "time": 1790980155.84724}
{"type": "train", "epoch": 875, "loss": 0.23484, "obj": 0.0, "sup": 0.23484, "lr": 0.0005, "time": 1790980156.22398}
{"type": "train", "epoch": 876, "loss": 0.27433, "obj": 0.0, "sup": 0.27433, "lr": 0.0005, "time": 1790980156.73984}
{"type": "train", "epoch": 877, "loss": 0.26614, "obj": 0.0, "sup": 0.26614, "lr": 0.0005, "time": 1790980157.15535}
{"type": "train", "epoch": 878, "loss": 0.22159, "obj": 0.0, "sup": 0.22159, "lr": 0.0005, "time": 1790980157.59779}
{"type": "train", "epoch": 879, "loss": 0.20237, "obj": 0.0, "sup": 0.20237, "lr": 0.0005, "time": 1790980158.04463}
{"type": "train", "epoch": 880, "loss": 0.19349, "obj": 0.0, "sup": 0.19349, "lr": 0.0005, "time": 1790980158.48742}
{"type": "train", "epoch": 881, "loss": 0.18897, "obj": 0.0, "sup": 0.18897, "lr": 0.0005, "time": 1790980158.95693}
{"type": "train", "epoch": 882, "loss": 0.18606, "obj": 0.0, "sup": 0.18606, "lr": 0.0005, "time": 1790980159.26962}
{"type": "train", "epoch": 883, "loss": 0.15806, "obj": 0.0, "sup": 0.15806, "lr": 0.0005, "time": 1790980159.57618}
{"type": "train", "epoch": 884, "loss": 0.14987, "obj": 0.0, "sup": 0.14987, "lr": 0.0005, "time": 1790980159.88165}
{"type": "train", "epoch": 885, "loss": 0.1466, "obj": 0.0, "sup": 0.1466, "lr": 0.0005, "time": 1790980160.19504}
{"type": "train", "epoch": 886, "loss": 0.13688, "obj": 0.0, "sup": 0.13688, "lr": 0.0005, "time": 1790980160.63342}
{"type": "train", "epoch": 887, "loss": 0.12957, "obj": 0.0, "sup": 0.12957, "lr": 0.0005, "time": 1790980161.06207}
{"type": "train", "epoch": 888, "loss": 0.12529, "obj": 0.0, "sup": 0.12529, "lr": 0.0005, "time": 1790980161.40711}
{"type": "train", "epoch": 889, "loss": 0.1245, "obj": 0.0, "sup": 0.1245, "lr": 0.0005, "time": 1790980161.83899}
{"type": "train", "epoch": 890, "loss": 0.14165, "obj": 0.0, "sup": 0.14165, "lr": 0.0005, "time": 1790980162.16032}
{"type": "train", "epoch": 891, "loss": 0.19611, "obj": 0.0, "sup": 0.19611, "lr": 0.0005, "time": 1790980162.56808}
{"type": "train", "epoch": 892, "loss": 0.1713, "obj": 0.0, "sup": 0.1713, "lr": 0.0005, "time": 1790980162.93501}
{"type": "train", "epoch": 893, "loss": 0.23961, "obj": 0.0, "sup": 0.23961, "lr": 0.0005, "time": 1790980163.34744}
{"type": "train", "epoch": 894, "loss": 0.19305, "obj": 0.0, "sup": 0.19305, "lr": 0.0005, "time": 1790980163.69845}
{"type": "train", "epoch": 895, "loss": 0.16154, "obj": 0.0, "sup": 0.16154, "lr": 0.0005, "time": 1790980164.03497}
{"type": "train", "epoch": 896, "loss": 0.16032, "obj": 0.0, "sup": 0.16032, "lr": 0.0005, "time": 1790980164.45729}
{"type": "train", "epoch": 897, "loss": 0.15358, "obj": 0.0, "sup": 0.15358, "lr": 0.0005, "time": 1790980164.843}
{"type": "train", "epoch": 898, "loss": 0.13883, "obj": 0.0, "sup": 0.13883, "lr": 0.0005, "time": 1790980165.34703}
{"type": "train", "epoch": 899, "loss": 0.13397, "obj": 0.0, "sup": 0.13397, "lr": 0.0005, "time": 1790980165.81918}
{"type": "train", "epoch": 900, "loss": 0.12424, "obj": 0.0, "sup": 0.12424, "lr": 0.0005, "time": 1790980167.35846, "train_resid_median": 0.51745, "train_resid_mean": 0.52426, "train_imag_median": 0.20773, "train_obj_median": 0.35048, "train_u_loss_to_label_median": 0.59571, "val_resid_median": 0.92723, "val_resid_mean": 0.91499, "val_imag_median": 0.26738, "val_obj_median": 0.96896, "val_u_loss_to_label_median": 0.77587}
{"type": "train", "epoch": 901, "loss": 0.12741, "obj": 0.0, "sup": 0.12741, "lr": 0.0005, "time": 1790980167.77015}
{"type": "train", "epoch": 902, "loss": 0.14858, "obj": 0.0, "sup": 0.14858, "lr": 0.0005, "time": 1790980168.15317}
{"type": "train", "epoch": 903, "loss": 0.15253, "obj": 0.0, "sup": 0.15253, "lr": 0.0005, "time": 1790980168.55045}
{"type": "train", "epoch": 904, "loss": 0.17074, "obj": 0.0, "sup": 0.17074, "lr": 0.0005, "time": 1790980168.98042}
{"type": "train", "epoch": 905, "loss": 0.22515, "obj": 0.0, "sup": 0.22515, "lr": 0.0005, "time": 1790980169.40002}
{"type": "train", "epoch": 906, "loss": 0.19372, "obj": 0.0, "sup": 0.19372, "lr": 0.0005, "time": 1790980169.78552}
{"type": "train", "epoch": 907, "loss": 0.14349, "obj": 0.0, "sup": 0.14349, "lr": 0.0005, "time": 1790980170.16464}
{"type": "train", "epoch": 908, "loss": 0.2371, "obj": 0.0, "sup": 0.2371, "lr": 0.0005, "time": 1790980170.54839}
{"type": "train", "epoch": 909, "loss": 0.21422, "obj": 0.0, "sup": 0.21422, "lr": 0.0005, "time": 1790980170.9244}
{"type": "train", "epoch": 910, "loss": 0.18546, "obj": 0.0, "sup": 0.18546, "lr": 0.0005, "time": 1790980171.34512}
{"type": "train", "epoch": 911, "loss": 0.19235, "obj": 0.0, "sup": 0.19235, "lr": 0.0005, "time": 1790980171.7768}
{"type": "train", "epoch": 912, "loss": 0.17314, "obj": 0.0, "sup": 0.17314, "lr": 0.0005, "time": 1790980172.2073}
{"type": "train", "epoch": 913, "loss": 0.15945, "obj": 0.0, "sup": 0.15945, "lr": 0.0005, "time": 1790980172.5316}
{"type": "train", "epoch": 914, "loss": 0.14617, "obj": 0.0, "sup": 0.14617, "lr": 0.0005, "time": 1790980172.92305}
{"type": "train", "epoch": 915, "loss": 0.13938, "obj": 0.0, "sup": 0.13938, "lr": 0.0005, "time": 1790980173.37996}
{"type": "train", "epoch": 916, "loss": 0.12472, "obj": 0.0, "sup": 0.12472, "lr": 0.0005, "time": 1790980173.81545}
{"type": "train", "epoch": 917, "loss": 0.14476, "obj": 0.0, "sup": 0.14476, "lr": 0.0005, "time": 1790980174.22551}
{"type": "train", "epoch": 918, "loss": 0.14329, "obj": 0.0, "sup": 0.14329, "lr": 0.0005, "time": 1790980174.62778}
{"type": "train", "epoch": 919, "loss": 0.13365, "obj": 0.0, "sup": 0.13365, "lr": 0.0005, "time": 1790980175.17501}
{"type": "train", "epoch": 920, "loss": 0.12182, "obj": 0.0, "sup": 0.12182, "lr": 0.0005, "time": 1790980175.59194}
{"type": "train", "epoch": 921, "loss": 0.12266, "obj": 0.0, "sup": 0.12266, "lr": 0.0005, "time": 1790980176.04551}
{"type": "train", "epoch": 922, "loss": 0.12113, "obj": 0.0, "sup": 0.12113, "lr": 0.0005, "time": 1790980176.42005}
{"type": "train", "epoch": 923, "loss": 0.13143, "obj": 0.0, "sup": 0.13143, "lr": 0.0005, "time": 1790980176.84749}
{"type": "train", "epoch": 924, "loss": 0.12772, "obj": 0.0, "sup": 0.12772, "lr": 0.0005, "time": 1790980177.16566}
{"type": "train", "epoch": 925, "loss": 0.14402, "obj": 0.0, "sup": 0.14402, "lr": 0.0005, "time": 1790980177.54908}
{"type": "train", "epoch": 926, "loss": 0.13382, "obj": 0.0, "sup": 0.13382, "lr": 0.0005, "time": 1790980177.89515}
{"type": "train", "epoch": 927, "loss": 0.12061, "obj": 0.0, "sup": 0.12061, "lr": 0.0005, "time": 1790980178.2209}
{"type": "train", "epoch": 928, "loss": 0.14029, "obj": 0.0, "sup": 0.14029, "lr": 0.0005, "time": 1790980178.68301}
{"type": "train", "epoch": 929, "loss": 0.12697, "obj": 0.0, "sup": 0.12697, "lr": 0.0005, "time": 1790980179.11507}
{"type": "train", "epoch": 930, "loss": 0.12243, "obj": 0.0, "sup": 0.12243, "lr": 0.0005, "time": 1790980179.51511}
{"type": "train", "epoch": 931, "loss": 0.12075, "obj": 0.0, "sup": 0.12075, "lr": 0.0005, "time": 1790980179.88299}
{"type": "train", "epoch": 932, "loss": 0.11521, "obj": 0.0, "sup": 0.11521, "lr": 0.0005, "time": 1790980180.32236}
{"type": "train", "epoch": 933, "loss": 0.11991, "obj": 0.0, "sup": 0.11991, "lr": 0.0005, "time": 1790980180.7488}
{"type": "train", "epoch": 934, "loss": 0.12537, "obj": 0.0, "sup": 0.12537, "lr": 0.0005, "time": 1790980181.12134}
{"type": "train", "epoch": 935, "loss": 0.11379, "obj": 0.0, "sup": 0.11379, "lr": 0.0005, "time": 1790980181.46298}
{"type": "train", "epoch": 936, "loss": 0.12042, "obj": 0.0, "sup": 0.12042, "lr": 0.0005, "time": 1790980181.78753}
{"type": "train", "epoch": 937, "loss": 0.10635, "obj": 0.0, "sup": 0.10635, "lr": 0.0005, "time": 1790980182.17505}
{"type": "train", "epoch": 938, "loss": 0.1098, "obj": 0.0, "sup": 0.1098, "lr": 0.0005, "time": 1790980182.59505}
{"type": "train", "epoch": 939, "loss": 0.10471, "obj": 0.0, "sup": 0.10471, "lr": 0.0005, "time": 1790980182.96464}
{"type": "train", "epoch": 940, "loss": 0.10961, "obj": 0.0, "sup": 0.10961, "lr": 0.0005, "time": 1790980183.33898}
{"type": "train", "epoch": 941, "loss": 0.10669, "obj": 0.0, "sup": 0.10669, "lr": 0.0005, "time": 1790980183.77905}
{"type": "train", "epoch": 942, "loss": 0.09999, "obj": 0.0, "sup": 0.09999, "lr": 0.0005, "time": 1790980184.16927}
{"type": "train", "epoch": 943, "loss": 0.10358, "obj": 0.0, "sup": 0.10358, "lr": 0.0005, "time": 1790980184.53382}
{"type": "train", "epoch": 944, "loss": 0.10407, "obj": 0.0, "sup": 0.10407, "lr": 0.0005, "time": 1790980184.9724}
{"type": "train", "epoch": 945, "loss": 0.17753, "obj": 0.0, "sup": 0.17753, "lr": 0.0005, "time": 1790980185.35104}
{"type": "train", "epoch": 946, "loss": 0.23158, "obj": 0.0, "sup": 0.23158, "lr": 0.0005, "time": 1790980185.78398}
{"type": "train", "epoch": 947, "loss": 0.58395, "obj": 0.0, "sup": 0.58395, "lr": 0.0005, "time": 1790980186.18037}
{"type": "train", "epoch": 948, "loss": 0.56627, "obj": 0.0, "sup": 0.56627, "lr": 0.0005, "time": 1790980186.60681}
{"type": "train", "epoch": 949, "loss": 0.36704, "obj": 0.0, "sup": 0.36704, "lr": 0.0005, "time": 1790980186.90996}
{"type": "train", "epoch": 950, "loss": 0.26414, "obj": 0.0, "sup": 0.26414, "lr": 0.0005, "time": 1790980188.40568, "train_resid_median": 0.68176, "train_resid_mean": 0.68045, "train_imag_median": 0.23627, "train_obj_median": 0.5518, "train_u_loss_to_label_median": 0.59211, "val_resid_median": 0.9214, "val_resid_mean": 0.91172, "val_imag_median": 0.25653, "val_obj_median": 0.95059, "val_u_loss_to_label_median": 0.76444}
{"type": "train", "epoch": 951, "loss": 0.30844, "obj": 0.0, "sup": 0.30844, "lr": 0.0005, "time": 1790980188.74844}
{"type": "train", "epoch": 952, "loss": 0.2708, "obj": 0.0, "sup": 0.2708, "lr": 0.0005, "time": 1790980189.16118}
{"type": "train", "epoch": 953, "loss": 0.22168, "obj": 0.0, "sup": 0.22168, "lr": 0.0005, "time": 1790980189.50946}
{"type": "train", "epoch": 954, "loss": 0.18267, "obj": 0.0, "sup": 0.18267, "lr": 0.0005, "time": 1790980189.92787}
{"type": "train", "epoch": 955, "loss": 0.18626, "obj": 0.0, "sup": 0.18626, "lr": 0.0005, "time": 1790980190.40701}
{"type": "train", "epoch": 956, "loss": 0.18902, "obj": 0.0, "sup": 0.18902, "lr": 0.0005, "time": 1790980190.89198}
{"type": "train", "epoch": 957, "loss": 0.16636, "obj": 0.0, "sup": 0.16636, "lr": 0.0005, "time": 1790980191.36088}
{"type": "train", "epoch": 958, "loss": 0.15768, "obj": 0.0, "sup": 0.15768, "lr": 0.0005, "time": 1790980191.77878}
{"type": "train", "epoch": 959, "loss": 0.16891, "obj": 0.0, "sup": 0.16891, "lr": 0.0005, "time": 1790980192.18236}
{"type": "train", "epoch": 960, "loss": 0.15311, "obj": 0.0, "sup": 0.15311, "lr": 0.0005, "time": 1790980192.62698}
{"type": "train", "epoch": 961, "loss": 0.14043, "obj": 0.0, "sup": 0.14043, "lr": 0.0005, "time": 1790980193.079}
{"type": "train", "epoch": 962, "loss": 0.12819, "obj": 0.0, "sup": 0.12819, "lr": 0.0005, "time": 1790980193.46489}
{"type": "train", "epoch": 963, "loss": 0.14666, "obj": 0.0, "sup": 0.14666, "lr": 0.0005, "time": 1790980193.94298}
{"type": "train", "epoch": 964, "loss": 0.12726, "obj": 0.0, "sup": 0.12726, "lr": 0.0005, "time": 1790980194.37726}
{"type": "train", "epoch": 965, "loss": 0.13122, "obj": 0.0, "sup": 0.13122, "lr": 0.0005, "time": 1790980194.80295}
{"type": "train", "epoch": 966, "loss": 0.13403, "obj": 0.0, "sup": 0.13403, "lr": 0.0005, "time": 1790980195.22696}
{"type": "train", "epoch": 967, "loss": 0.1257, "obj": 0.0, "sup": 0.1257, "lr": 0.0005, "time": 1790980195.70695}
{"type": "train", "epoch": 968, "loss": 0.1151, "obj": 0.0, "sup": 0.1151, "lr": 0.0005, "time": 1790980196.1727}
{"type": "train", "epoch": 969, "loss": 0.11561, "obj": 0.0, "sup": 0.11561, "lr": 0.0005, "time": 1790980196.60877}
{"type": "train", "epoch": 970, "loss": 0.1161, "obj": 0.0, "sup": 0.1161, "lr": 0.0005, "time": 1790980197.08151}
{"type": "train", "epoch": 971, "loss": 0.12434, "obj": 0.0, "sup": 0.12434, "lr": 0.0005, "time": 1790980197.575}
{"type": "train", "epoch": 972, "loss": 0.15862, "obj": 0.0, "sup": 0.15862, "lr": 0.0005, "time": 1790980198.01422}
{"type": "train", "epoch": 973, "loss": 0.16629, "obj": 0.0, "sup": 0.16629, "lr": 0.0005, "time": 1790980198.4531}
{"type": "train", "epoch": 974, "loss": 0.14264, "obj": 0.0, "sup": 0.14264, "lr": 0.0005, "time": 1790980198.83553}
{"type": "train", "epoch": 975, "loss": 0.12913, "obj": 0.0, "sup": 0.12913, "lr": 0.0005, "time": 1790980199.1624}
{"type": "train", "epoch": 976, "loss": 0.11804, "obj": 0.0, "sup": 0.11804, "lr": 0.0005, "time": 1790980199.48828}
{"type": "train", "epoch": 977, "loss": 0.11227, "obj": 0.0, "sup": 0.11227, "lr": 0.0005, "time": 1790980199.93936}
{"type": "train", "epoch": 978, "loss": 0.10916, "obj": 0.0, "sup": 0.10916, "lr": 0.0005, "time": 1790980200.41161}
{"type": "train", "epoch": 979, "loss": 0.10466, "obj": 0.0, "sup": 0.10466, "lr": 0.0005, "time": 1790980200.85901}
{"type": "train", "epoch": 980, "loss": 0.10946, "obj": 0.0, "sup": 0.10946, "lr": 0.0005, "time": 1790980201.33499}
{"type": "train", "epoch": 981, "loss": 0.0994, "obj": 0.0, "sup": 0.0994, "lr": 0.0005, "time": 1790980201.74756}
{"type": "train", "epoch": 982, "loss": 0.10198, "obj": 0.0, "sup": 0.10198, "lr": 0.0005, "time": 1790980202.12696}
{"type": "train", "epoch": 983, "loss": 0.15296, "obj": 0.0, "sup": 0.15296, "lr": 0.0005, "time": 1790980202.51065}
{"type": "train", "epoch": 984, "loss": 0.15322, "obj": 0.0, "sup": 0.15322, "lr": 0.0005, "time": 1790980202.82686}
{"type": "train", "epoch": 985, "loss": 0.16517, "obj": 0.0, "sup": 0.16517, "lr": 0.0005, "time": 1790980203.13012}
{"type": "train", "epoch": 986, "loss": 0.20181, "obj": 0.0, "sup": 0.20181, "lr": 0.0005, "time": 1790980203.47026}
{"type": "train", "epoch": 987, "loss": 0.15539, "obj": 0.0, "sup": 0.15539, "lr": 0.0005, "time": 1790980203.89708}
{"type": "train", "epoch": 988, "loss": 0.14486, "obj": 0.0, "sup": 0.14486, "lr": 0.0005, "time": 1790980204.2706}
{"type": "train", "epoch": 989, "loss": 0.16842, "obj": 0.0, "sup": 0.16842, "lr": 0.0005, "time": 1790980204.66121}
{"type": "train", "epoch": 990, "loss": 0.15833, "obj": 0.0, "sup": 0.15833, "lr": 0.0005, "time": 1790980205.04141}
{"type": "train", "epoch": 991, "loss": 0.13385, "obj": 0.0, "sup": 0.13385, "lr": 0.0005, "time": 1790980205.47501}
{"type": "train", "epoch": 992, "loss": 0.1144, "obj": 0.0, "sup": 0.1144, "lr": 0.0005, "time": 1790980205.87898}
{"type": "train", "epoch": 993, "loss": 0.1238, "obj": 0.0, "sup": 0.1238, "lr": 0.0005, "time": 1790980206.21531}
{"type": "train", "epoch": 994, "loss": 0.11901, "obj": 0.0, "sup": 0.11901, "lr": 0.0005, "time": 1790980206.60725}
{"type": "train", "epoch": 995, "loss": 0.16226, "obj": 0.0, "sup": 0.16226, "lr": 0.0005, "time": 1790980206.97918}
{"type": "train", "epoch": 996, "loss": 0.17537, "obj": 0.0, "sup": 0.17537, "lr": 0.0005, "time": 1790980207.37662}
{"type": "train", "epoch": 997, "loss": 0.19849, "obj": 0.0, "sup": 0.19849, "lr": 0.0005, "time": 1790980207.77732}
{"type": "train", "epoch": 998, "loss": 0.1693, "obj": 0.0, "sup": 0.1693, "lr": 0.0005, "time": 1790980208.16298}
{"type": "train", "epoch": 999, "loss": 0.1584, "obj": 0.0, "sup": 0.1584, "lr": 0.0005, "time": 1790980208.50829}
{"type": "train", "epoch": 1000, "loss": 0.14181, "obj": 0.0, "sup": 0.14181, "lr": 0.0005, "time": 1790980209.86592, "train_resid_median": 0.52701, "train_resid_mean": 0.5299, "train_imag_median": 0.21009, "train_obj_median": 0.35899, "train_u_loss_to_label_median": 0.60094, "val_resid_median": 0.93204, "val_resid_mean": 0.91852, "val_imag_median": 0.26357, "val_obj_median": 0.98092, "val_u_loss_to_label_median": 0.76089}
{"type": "train", "epoch": 1001, "loss": 0.12051, "obj": 0.0, "sup": 0.12051, "lr": 0.0005, "time": 1790980210.30154}
{"type": "train", "epoch": 1002, "loss": 0.1163, "obj": 0.0, "sup": 0.1163, "lr": 0.0005, "time": 1790980210.7604}
{"type": "train", "epoch": 1003, "loss": 0.10642, "obj": 0.0, "sup": 0.10642, "lr": 0.0005, "time": 1790980211.16586}
{"type": "train", "epoch": 1004, "loss": 0.13084, "obj": 0.0, "sup": 0.13084, "lr": 0.0005, "time": 1790980211.54208}
{"type": "train", "epoch": 1005, "loss": 0.11716, "obj": 0.0, "sup": 0.11716, "lr": 0.0005, "time": 1790980211.93459}
{"type": "train", "epoch": 1006, "loss": 0.11371, "obj": 0.0, "sup": 0.11371, "lr": 0.0005, "time": 1790980212.30149}
{"type": "train", "epoch": 1007, "loss": 0.11371, "obj": 0.0, "sup": 0.11371, "lr": 0.0005, "time": 1790980212.68225}
{"type": "train", "epoch": 1008, "loss": 0.10752, "obj": 0.0, "sup": 0.10752, "lr": 0.0005, "time": 1790980213.12229}
{"type": "train", "epoch": 1009, "loss": 0.10227, "obj": 0.0, "sup": 0.10227, "lr": 0.0005, "time": 1790980213.50931}
{"type": "train", "epoch": 1010, "loss": 0.10492, "obj": 0.0, "sup": 0.10492, "lr": 0.0005, "time": 1790980213.90388}
{"type": "train", "epoch": 1011, "loss": 0.10143, "obj": 0.0, "sup": 0.10143, "lr": 0.0005, "time": 1790980214.28298}
{"type": "train", "epoch": 1012, "loss": 0.09469, "obj": 0.0, "sup": 0.09469, "lr": 0.0005, "time": 1790980214.64844}
{"type": "train", "epoch": 1013, "loss": 0.09359, "obj": 0.0, "sup": 0.09359, "lr": 0.0005, "time": 1790980215.07262}
{"type": "train", "epoch": 1014, "loss": 0.0931, "obj": 0.0, "sup": 0.0931, "lr": 0.0005, "time": 1790980215.43012}
{"type": "train", "epoch": 1015, "loss": 0.0939, "obj": 0.0, "sup": 0.0939, "lr": 0.0005, "time": 1790980215.85549}
{"type": "train", "epoch": 1016, "loss": 0.08803, "obj": 0.0, "sup": 0.08803, "lr": 0.0005, "time": 1790980216.28909}
{"type": "train", "epoch": 1017, "loss": 0.08938, "obj": 0.0, "sup": 0.08938, "lr": 0.0005, "time": 1790980216.6952}
{"type": "train", "epoch": 1018, "loss": 0.08969, "obj": 0.0, "sup": 0.08969, "lr": 0.0005, "time": 1790980217.04112}
{"type": "train", "epoch": 1019, "loss": 0.08865, "obj": 0.0, "sup": 0.08865, "lr": 0.0005, "time": 1790980217.37501}
{"type": "train", "epoch": 1020, "loss": 0.08972, "obj": 0.0, "sup": 0.08972, "lr": 0.0005, "time": 1790980217.80301}
{"type": "train", "epoch": 1021, "loss": 0.08959, "obj": 0.0, "sup": 0.08959, "lr": 0.0005, "time": 1790980218.18319}
{"type": "train", "epoch": 1022, "loss": 0.09592, "obj": 0.0, "sup": 0.09592, "lr": 0.0005, "time": 1790980218.58361}
{"type": "train", "epoch": 1023, "loss": 0.09691, "obj": 0.0, "sup": 0.09691, "lr": 0.0005, "time": 1790980218.96704}
{"type": "train", "epoch": 1024, "loss": 0.09311, "obj": 0.0, "sup": 0.09311, "lr": 0.0005, "time": 1790980219.29435}
{"type": "train", "epoch": 1025, "loss": 0.08978, "obj": 0.0, "sup": 0.08978, "lr": 0.0005, "time": 1790980219.73511}
{"type": "train", "epoch": 1026, "loss": 0.09026, "obj": 0.0, "sup": 0.09026, "lr": 0.0005, "time": 1790980220.14129}
{"type": "train", "epoch": 1027, "loss": 0.09866, "obj": 0.0, "sup": 0.09866, "lr": 0.0005, "time": 1790980220.46703}
{"type": "train", "epoch": 1028, "loss": 0.10701, "obj": 0.0, "sup": 0.10701, "lr": 0.0005, "time": 1790980220.9707}
{"type": "train", "epoch": 1029, "loss": 0.09869, "obj": 0.0, "sup": 0.09869, "lr": 0.0005, "time": 1790980221.35773}
{"type": "train", "epoch": 1030, "loss": 0.09151, "obj": 0.0, "sup": 0.09151, "lr": 0.0005, "time": 1790980221.84944}
{"type": "train", "epoch": 1031, "loss": 0.0889, "obj": 0.0, "sup": 0.0889, "lr": 0.0005, "time": 1790980222.2637}
{"type": "train", "epoch": 1032, "loss": 0.12238, "obj": 0.0, "sup": 0.12238, "lr": 0.0005, "time": 1790980222.63503}
{"type": "train", "epoch": 1033, "loss": 0.11396, "obj": 0.0, "sup": 0.11396, "lr": 0.0005, "time": 1790980223.00305}
{"type": "train", "epoch": 1034, "loss": 0.10285, "obj": 0.0, "sup": 0.10285, "lr": 0.0005, "time": 1790980223.36468}
{"type": "train", "epoch": 1035, "loss": 0.10057, "obj": 0.0, "sup": 0.10057, "lr": 0.0005, "time": 1790980223.70402}
{"type": "train", "epoch": 1036, "loss": 0.09461, "obj": 0.0, "sup": 0.09461, "lr": 0.0005, "time": 1790980224.04376}
{"type": "train", "epoch": 1037, "loss": 0.0927, "obj": 0.0, "sup": 0.0927, "lr": 0.0005, "time": 1790980224.39047}
{"type": "train", "epoch": 1038, "loss": 0.09519, "obj": 0.0, "sup": 0.09519, "lr": 0.0005, "time": 1790980224.75196}
{"type": "train", "epoch": 1039, "loss": 0.10038, "obj": 0.0, "sup": 0.10038, "lr": 0.0005, "time": 1790980225.10203}
{"type": "train", "epoch": 1040, "loss": 0.09202, "obj": 0.0, "sup": 0.09202, "lr": 0.0005, "time": 1790980225.46698}
{"type": "train", "epoch": 1041, "loss": 0.09297, "obj": 0.0, "sup": 0.09297, "lr": 0.0005, "time": 1790980225.88409}
{"type": "train", "epoch": 1042, "loss": 0.12168, "obj": 0.0, "sup": 0.12168, "lr": 0.0005, "time": 1790980226.31916}
{"type": "train", "epoch": 1043, "loss": 0.11148, "obj": 0.0, "sup": 0.11148, "lr": 0.0005, "time": 1790980226.71028}
{"type": "train", "epoch": 1044, "loss": 0.13858, "obj": 0.0, "sup": 0.13858, "lr": 0.0005, "time": 1790980227.09562}
{"type": "train", "epoch": 1045, "loss": 0.13219, "obj": 0.0, "sup": 0.13219, "lr": 0.0005, "time": 1790980227.48166}
{"type": "train", "epoch": 1046, "loss": 0.13536, "obj": 0.0, "sup": 0.13536, "lr": 0.0005, "time": 1790980227.8447}
{"type": "train", "epoch": 1047, "loss": 0.11942, "obj": 0.0, "sup": 0.11942, "lr": 0.0005, "time": 1790980228.18119}
{"type": "train", "epoch": 1048, "loss": 0.11526, "obj": 0.0, "sup": 0.11526, "lr": 0.0005, "time": 1790980228.52704}
{"type": "train", "epoch": 1049, "loss": 0.12878, "obj": 0.0, "sup": 0.12878, "lr": 0.0005, "time": 1790980228.91901}
{"type": "train", "epoch": 1050, "loss": 0.10622, "obj": 0.0, "sup": 0.10622, "lr": 0.0005, "time": 1790980230.11688, "train_resid_median": 0.53946, "train_resid_mean": 0.54555, "train_imag_median": 0.20216, "train_obj_median": 0.37312, "train_u_loss_to_label_median": 0.59721, "val_resid_median": 0.92638, "val_resid_mean": 0.91789, "val_imag_median": 0.26778, "val_obj_median": 0.96953, "val_u_loss_to_label_median": 0.75984}
{"type": "train", "epoch": 1051, "loss": 0.1833, "obj": 0.0, "sup": 0.1833, "lr": 0.0005, "time": 1790980230.47098}
{"type": "train", "epoch": 1052, "loss": 0.26316, "obj": 0.0, "sup": 0.26316, "lr": 0.0005, "time": 1790980230.85778}
{"type": "train", "epoch": 1053, "loss": 0.31361, "obj": 0.0, "sup": 0.31361, "lr": 0.0005, "time": 1790980231.2995}
{"type": "train", "epoch": 1054, "loss": 0.27473, "obj": 0.0, "sup": 0.27473, "lr": 0.0005, "time": 1790980231.6782}
{"type": "train", "epoch": 1055, "loss": 0.18541, "obj": 0.0, "sup": 0.18541, "lr": 0.0005, "time": 1790980231.97917}
{"type": "train", "epoch": 1056, "loss": 0.17476, "obj": 0.0, "sup": 0.17476, "lr": 0.0005, "time": 1790980232.28411}
{"type": "train", "epoch": 1057, "loss": 0.13741, "obj": 0.0, "sup": 0.13741, "lr": 0.0005, "time": 1790980232.61745}
{"type": "train", "epoch": 1058, "loss": 0.15543, "obj": 0.0, "sup": 0.15543, "lr": 0.0005, "time": 1790980232.92088}
{"type": "train", "epoch": 1059, "loss": 0.13408, "obj": 0.0, "sup": 0.13408, "lr": 0.0005, "time": 1790980233.22611}
{"type": "train", "epoch": 1060, "loss": 0.12269, "obj": 0.0, "sup": 0.12269, "lr": 0.0005, "time": 1790980233.56368}
{"type": "train", "epoch": 1061, "loss": 0.15668, "obj": 0.0, "sup": 0.15668, "lr": 0.0005, "time": 1790980234.01866}
{"type": "train", "epoch": 1062, "loss": 0.13026, "obj": 0.0, "sup": 0.13026, "lr": 0.0005, "time": 1790980234.46143}
{"type": "train", "epoch": 1063, "loss": 0.14564, "obj": 0.0, "sup": 0.14564, "lr": 0.0005, "time": 1790980234.88735}
{"type": "train", "epoch": 1064, "loss": 0.12729, "obj": 0.0, "sup": 0.12729, "lr": 0.0005, "time": 1790980235.30296}
{"type": "train", "epoch": 1065, "loss": 0.10807, "obj": 0.0, "sup": 0.10807, "lr": 0.0005, "time": 1790980235.67185}
{"type": "train", "epoch": 1066, "loss": 0.1104, "obj": 0.0, "sup": 0.1104, "lr": 0.0005, "time": 1790980236.02697}
{"type": "train", "epoch": 1067, "loss": 0.10028, "obj": 0.0, "sup": 0.10028, "lr": 0.0005, "time": 1790980236.39561}
{"type": "train", "epoch": 1068, "loss": 0.0999, "obj": 0.0, "sup": 0.0999, "lr": 0.0005, "time": 1790980236.74697}
{"type": "train", "epoch": 1069, "loss": 0.0905, "obj": 0.0, "sup": 0.0905, "lr": 0.0005, "time": 1790980237.06128}
{"type": "train", "epoch": 1070, "loss": 0.10811, "obj": 0.0, "sup": 0.10811, "lr": 0.0005, "time": 1790980237.37988}
{"type": "train", "epoch": 1071, "loss": 0.09976, "obj": 0.0, "sup": 0.09976, "lr": 0.0005, "time": 1790980237.71448}
{"type": "train", "epoch": 1072, "loss": 0.14003, "obj": 0.0, "sup": 0.14003, "lr": 0.0005, "time": 1790980238.01668}
{"type": "train", "epoch": 1073, "loss": 0.10688, "obj": 0.0, "sup": 0.10688, "lr": 0.0005, "time": 1790980238.31927}
{"type": "train", "epoch": 1074, "loss": 0.11221, "obj": 0.0, "sup": 0.11221, "lr": 0.0005, "time": 1790980238.62146}
{"type": "train", "epoch": 1075, "loss": 0.15868, "obj": 0.0, "sup": 0.15868, "lr": 0.0005, "time": 1790980238.92701}
{"type": "train", "epoch": 1076, "loss": 0.13352, "obj": 0.0, "sup": 0.13352, "lr": 0.0005, "time": 1790980239.24053}
{"type": "train", "epoch": 1077, "loss": 0.12558, "obj": 0.0, "sup": 0.12558, "lr": 0.0005, "time": 1790980239.56157}
{"type": "train", "epoch": 1078, "loss": 0.11869, "obj": 0.0, "sup": 0.11869, "lr": 0.0005, "time": 1790980239.93172}
{"type": "train", "epoch": 1079, "loss": 0.10854, "obj": 0.0, "sup": 0.10854, "lr": 0.0005, "time": 1790980240.33133}
{"type": "train", "epoch": 1080, "loss": 0.11054, "obj": 0.0, "sup": 0.11054, "lr": 0.0005, "time": 1790980240.66076}
{"type": "train", "epoch": 1081, "loss": 0.10133, "obj": 0.0, "sup": 0.10133, "lr": 0.0005, "time": 1790980240.99889}
{"type": "train", "epoch": 1082, "loss": 0.09976, "obj": 0.0, "sup": 0.09976, "lr": 0.0005, "time": 1790980241.38001}
{"type": "train", "epoch": 1083, "loss": 0.09923, "obj": 0.0, "sup": 0.09923, "lr": 0.0005, "time": 1790980241.77341}
{"type": "train", "epoch": 1084, "loss": 0.10122, "obj": 0.0, "sup": 0.10122, "lr": 0.0005, "time": 1790980242.1783}
{"type": "train", "epoch": 1085, "loss": 0.10322, "obj": 0.0, "sup": 0.10322, "lr": 0.0005, "time": 1790980242.57438}
{"type": "train", "epoch": 1086, "loss": 0.1018, "obj": 0.0, "sup": 0.1018, "lr": 0.0005, "time": 1790980242.89037}
{"type": "train", "epoch": 1087, "loss": 0.11397, "obj": 0.0, "sup": 0.11397, "lr": 0.0005, "time": 1790980243.19748}
{"type": "train", "epoch": 1088, "loss": 0.1084, "obj": 0.0, "sup": 0.1084, "lr": 0.0005, "time": 1790980243.50597}
{"type": "train", "epoch": 1089, "loss": 0.10433, "obj": 0.0, "sup": 0.10433, "lr": 0.0005, "time": 1790980243.843}
{"type": "train", "epoch": 1090, "loss": 0.0969, "obj": 0.0, "sup": 0.0969, "lr": 0.0005, "time": 1790980244.14763}
{"type": "train", "epoch": 1091, "loss": 0.09779, "obj": 0.0, "sup": 0.09779, "lr": 0.0005, "time": 1790980244.46521}
{"type": "train", "epoch": 1092, "loss": 0.09214, "obj": 0.0, "sup": 0.09214, "lr": 0.0005, "time": 1790980244.80943}
{"type": "train", "epoch": 1093, "loss": 0.09476, "obj": 0.0, "sup": 0.09476, "lr": 0.0005, "time": 1790980245.14512}
{"type": "train", "epoch": 1094, "loss": 0.09529, "obj": 0.0, "sup": 0.09529, "lr": 0.0005, "time": 1790980245.49841}
{"type": "train", "epoch": 1095, "loss": 0.09289, "obj": 0.0, "sup": 0.09289, "lr": 0.0005, "time": 1790980245.81281}
{"type": "train", "epoch": 1096, "loss": 0.09649, "obj": 0.0, "sup": 0.09649, "lr": 0.0005, "time": 1790980246.18702}
{"type": "train", "epoch": 1097, "loss": 0.09741, "obj": 0.0, "sup": 0.09741, "lr": 0.0005, "time": 1790980246.56605}
{"type": "train", "epoch": 1098, "loss": 0.0884, "obj": 0.0, "sup": 0.0884, "lr": 0.0005, "time": 1790980246.95904}
{"type": "train", "epoch": 1099, "loss": 0.09389, "obj": 0.0, "sup": 0.09389, "lr": 0.0005, "time": 1790980247.28315}
{"type": "train", "epoch": 1100, "loss": 0.09334, "obj": 0.0, "sup": 0.09334, "lr": 0.0005, "time": 1790980248.5449, "train_resid_median": 0.52576, "train_resid_mean": 0.51874, "train_imag_median": 0.18955, "train_obj_median": 0.35166, "train_u_loss_to_label_median": 0.59212, "val_resid_median": 0.92612, "val_resid_mean": 0.91632, "val_imag_median": 0.26347, "val_obj_median": 0.96071, "val_u_loss_to_label_median": 0.75157}
{"type": "train", "epoch": 1101, "loss": 0.11375, "obj": 0.0, "sup": 0.11375, "lr": 0.0005, "time": 1790980248.92983}
{"type": "train", "epoch": 1102, "loss": 0.09963, "obj": 0.0, "sup": 0.09963, "lr": 0.0005, "time": 1790980249.35739}
{"type": "train", "epoch": 1103, "loss": 0.09187, "obj": 0.0, "sup": 0.09187, "lr": 0.0005, "time": 1790980249.75911}
{"type": "train", "epoch": 1104, "loss": 0.08609, "obj": 0.0, "sup": 0.08609, "lr": 0.0005, "time": 1790980250.06667}
{"type": "train", "epoch": 1105, "loss": 0.08038, "obj": 0.0, "sup": 0.08038, "lr": 0.0005, "time": 1790980250.39906}
{"type": "train", "epoch": 1106, "loss": 0.08615, "obj": 0.0, "sup": 0.08615, "lr": 0.0005, "time": 1790980250.80251}
{"type": "train", "epoch": 1107, "loss": 0.08405, "obj": 0.0, "sup": 0.08405, "lr": 0.0005, "time": 1790980251.134}
{"type": "train", "epoch": 1108, "loss": 0.08477, "obj": 0.0, "sup": 0.08477, "lr": 0.0005, "time": 1790980251.45744}
{"type": "train", "epoch": 1109, "loss": 0.07989, "obj": 0.0, "sup": 0.07989, "lr": 0.0005, "time": 1790980251.78454}
{"type": "train", "epoch": 1110, "loss": 0.08423, "obj": 0.0, "sup": 0.08423, "lr": 0.0005, "time": 1790980252.17502}
{"type": "train", "epoch": 1111, "loss": 0.08359, "obj": 0.0, "sup": 0.08359, "lr": 0.0005, "time": 1790980252.53582}
{"type": "train", "epoch": 1112, "loss": 0.08272, "obj": 0.0, "sup": 0.08272, "lr": 0.0005, "time": 1790980252.91872}
{"type": "train", "epoch": 1113, "loss": 0.08087, "obj": 0.0, "sup": 0.08087, "lr": 0.0005, "time": 1790980253.27485}
{"type": "train", "epoch": 1114, "loss": 0.0886, "obj": 0.0, "sup": 0.0886, "lr": 0.0005, "time": 1790980253.61505}
{"type": "train", "epoch": 1115, "loss": 0.08408, "obj": 0.0, "sup": 0.08408, "lr": 0.0005, "time": 1790980253.95014}
{"type": "train", "epoch": 1116, "loss": 0.08434, "obj": 0.0, "sup": 0.08434, "lr": 0.0005, "time": 1790980254.26571}
{"type": "train", "epoch": 1117, "loss": 0.08509, "obj": 0.0, "sup": 0.08509, "lr": 0.0005, "time": 1790980254.60277}
{"type": "train", "epoch": 1118, "loss": 0.14655, "obj": 0.0, "sup": 0.14655, "lr": 0.0005, "time": 1790980254.94626}
{"type": "train", "epoch": 1119, "loss": 0.17487, "obj": 0.0, "sup": 0.17487, "lr": 0.0005, "time": 1790980255.26561}
{"type": "train", "epoch": 1120, "loss": 0.13802, "obj": 0.0, "sup": 0.13802, "lr": 0.0005, "time": 1790980255.57234}
{"type": "train", "epoch": 1121, "loss": 0.21377, "obj": 0.0, "sup": 0.21377, "lr": 0.0005, "time": 1790980255.88414}
{"type": "train", "epoch": 1122, "loss": 0.12695, "obj": 0.0, "sup": 0.12695, "lr": 0.0005, "time": 1790980256.21853}
{"type": "train", "epoch": 1123, "loss": 0.19027, "obj": 0.0, "sup": 0.19027, "lr": 0.0005, "time": 1790980256.53409}
{"type": "train", "epoch": 1124, "loss": 0.15252, "obj": 0.0, "sup": 0.15252, "lr": 0.0005, "time": 1790980256.84712}
{"type": "train", "epoch": 1125, "loss": 0.11447, "obj": 0.0, "sup": 0.11447, "lr": 0.0005, "time": 1790980257.16551}
{"type": "train", "epoch": 1126, "loss": 0.1116, "obj": 0.0, "sup": 0.1116, "lr": 0.0005, "time": 1790980257.47424}
{"type": "train", "epoch": 1127, "loss": 0.11499, "obj": 0.0, "sup": 0.11499, "lr": 0.0005, "time": 1790980257.78181}
{"type": "train", "epoch": 1128, "loss": 0.11552, "obj": 0.0, "sup": 0.11552, "lr": 0.0005, "time": 1790980258.08928}
{"type": "train", "epoch": 1129, "loss": 0.11942, "obj": 0.0, "sup": 0.11942, "lr": 0.0005, "time": 1790980258.39841}
{"type": "train", "epoch": 1130, "loss": 0.11556, "obj": 0.0, "sup": 0.11556, "lr": 0.0005, "time": 1790980258.7142}
{"type": "train", "epoch": 1131, "loss": 0.11075, "obj": 0.0, "sup": 0.11075, "lr": 0.0005, "time": 1790980259.02734}
{"type": "train", "epoch": 1132, "loss": 0.09619, "obj": 0.0, "sup": 0.09619, "lr": 0.0005, "time": 1790980259.33613}
{"type": "train", "epoch": 1133, "loss": 0.08562, "obj": 0.0, "sup": 0.08562, "lr": 0.0005, "time": 1790980259.64122}
{"type": "train", "epoch": 1134, "loss": 0.08492, "obj": 0.0, "sup": 0.08492, "lr": 0.0005, "time": 1790980259.94463}
{"type": "train", "epoch": 1135, "loss": 0.07973, "obj": 0.0, "sup": 0.07973, "lr": 0.0005, "time": 1790980260.24913}
{"type": "train", "epoch": 1136, "loss": 0.08991, "obj": 0.0, "sup": 0.08991, "lr": 0.0005, "time": 1790980260.5544}
{"type": "train", "epoch": 1137, "loss": 0.0937, "obj": 0.0, "sup": 0.0937, "lr": 0.0005, "time": 1790980260.86087}
{"type": "train", "epoch": 1138, "loss": 0.09589, "obj": 0.0, "sup": 0.09589, "lr": 0.0005, "time": 1790980261.21892}
{"type": "train", "epoch": 1139, "loss": 0.13836, "obj": 0.0, "sup": 0.13836, "lr": 0.0005, "time": 1790980261.5751}
{"type": "train", "epoch": 1140, "loss": 0.12513, "obj": 0.0, "sup": 0.12513, "lr": 0.0005, "time": 1790980261.97107}
{"type": "train", "epoch": 1141, "loss": 0.1193, "obj": 0.0, "sup": 0.1193, "lr": 0.0005, "time": 1790980262.36342}
{"type": "train", "epoch": 1142, "loss": 0.13912, "obj": 0.0, "sup": 0.13912, "lr": 0.0005, "time": 1790980262.7734}
{"type": "train", "epoch": 1143, "loss": 0.11373, "obj": 0.0, "sup": 0.11373, "lr": 0.0005, "time": 1790980263.16267}
{"type": "train", "epoch": 1144, "loss": 0.13328, "obj": 0.0, "sup": 0.13328, "lr": 0.0005, "time": 1790980263.49411}
{"type": "train", "epoch": 1145, "loss": 0.12065, "obj": 0.0, "sup": 0.12065, "lr": 0.0005, "time": 1790980263.87106}
{"type": "train", "epoch": 1146, "loss": 0.11965, "obj": 0.0, "sup": 0.11965, "lr": 0.0005, "time": 1790980264.23443}
{"type": "train", "epoch": 1147, "loss": 0.10832, "obj": 0.0, "sup": 0.10832, "lr": 0.0005, "time": 1790980264.60355}
{"type": "train", "epoch": 1148, "loss": 0.1084, "obj": 0.0, "sup": 0.1084, "lr": 0.0005, "time": 1790980264.9083}
{"type": "train", "epoch": 1149, "loss": 0.09662, "obj": 0.0, "sup": 0.09662, "lr": 0.0005, "time": 1790980265.20894}
{"type": "train", "epoch": 1150, "loss": 0.12233, "obj": 0.0, "sup": 0.12233, "lr": 0.0005, "time": 1790980266.42411, "train_resid_median": 0.50184, "train_resid_mean": 0.50419, "train_imag_median": 0.20379, "train_obj_median": 0.33718, "train_u_loss_to_label_median": 0.60906, "val_resid_median": 0.92297, "val_resid_mean": 0.91429, "val_imag_median": 0.27438, "val_obj_median": 0.97232, "val_u_loss_to_label_median": 0.76329}
{"type": "train", "epoch": 1151, "loss": 0.10173, "obj": 0.0, "sup": 0.10173, "lr": 0.0005, "time": 1790980266.79913}
{"type": "train", "epoch": 1152, "loss": 0.11619, "obj": 0.0, "sup": 0.11619, "lr": 0.0005, "time": 1790980267.13895}
{"type": "train", "epoch": 1153, "loss": 0.11598, "obj": 0.0, "sup": 0.11598, "lr": 0.0005, "time": 1790980267.52703}
{"type": "train", "epoch": 1154, "loss": 0.10335, "obj": 0.0, "sup": 0.10335, "lr": 0.0005, "time": 1790980267.94369}
{"type": "train", "epoch": 1155, "loss": 0.09516, "obj": 0.0, "sup": 0.09516, "lr": 0.0005, "time": 1790980268.34819}
{"type": "train", "epoch": 1156, "loss": 0.08997, "obj": 0.0, "sup": 0.08997, "lr": 0.0005, "time": 1790980268.72861}
{"type": "train", "epoch": 1157, "loss": 0.08893, "obj": 0.0, "sup": 0.08893, "lr": 0.0005, "time": 1790980269.13087}
{"type": "train", "epoch": 1158, "loss": 0.08307, "obj": 0.0, "sup": 0.08307, "lr": 0.0005, "time": 1790980269.54392}
{"type": "train", "epoch": 1159, "loss": 0.0795, "obj": 0.0, "sup": 0.0795, "lr": 0.0005, "time": 1790980269.94272}
{"type": "train", "epoch": 1160, "loss": 0.08599, "obj": 0.0, "sup": 0.08599, "lr": 0.0005, "time": 1790980270.32332}
{"type": "train", "epoch": 1161, "loss": 0.0844, "obj": 0.0, "sup": 0.0844, "lr": 0.0005, "time": 1790980270.98204}
{"type": "train", "epoch": 1162, "loss": 0.08176, "obj": 0.0, "sup": 0.08176, "lr": 0.0005, "time": 1790980271.33018}
{"type": "train", "epoch": 1163, "loss": 0.08481, "obj": 0.0, "sup": 0.08481, "lr": 0.0005, "time": 1790980271.6459}
{"type": "train", "epoch": 1164, "loss": 0.08724, "obj": 0.0, "sup": 0.08724, "lr": 0.0005, "time": 1790980271.94859}
{"type": "train", "epoch": 1165, "loss": 0.08982, "obj": 0.0, "sup": 0.08982, "lr": 0.0005, "time": 1790980272.27637}
{"type": "train", "epoch": 1166, "loss": 0.08654, "obj": 0.0, "sup": 0.08654, "lr": 0.0005, "time": 1790980272.63106}
{"type": "train", "epoch": 1167, "loss": 0.08166, "obj": 0.0, "sup": 0.08166, "lr": 0.0005, "time": 1790980272.99844}
{"type": "train", "epoch": 1168, "loss": 0.07798, "obj": 0.0, "sup": 0.07798, "lr": 0.0005, "time": 1790980273.41507}
{"type": "train", "epoch": 1169, "loss": 0.10905, "obj": 0.0, "sup": 0.10905, "lr": 0.0005, "time": 1790980273.79737}
{"type": "train", "epoch": 1170, "loss": 0.10724, "obj": 0.0, "sup": 0.10724, "lr": 0.0005, "time": 1790980274.17905}
{"type": "train", "epoch": 1171, "loss": 0.11592, "obj": 0.0, "sup": 0.11592, "lr": 0.0005, "time": 1790980274.59572}
{"type": "train", "epoch": 1172, "loss": 0.10794, "obj": 0.0, "sup": 0.10794, "lr": 0.0005, "time": 1790980274.96736}
{"type": "train", "epoch": 1173, "loss": 0.08897, "obj": 0.0, "sup": 0.08897, "lr": 0.0005, "time": 1790980275.31586}
{"type": "train", "epoch": 1174, "loss": 0.08703, "obj": 0.0, "sup": 0.08703, "lr": 0.0005, "time": 1790980275.63692}
{"type": "train", "epoch": 1175, "loss": 0.08124, "obj": 0.0, "sup": 0.08124, "lr": 0.0005, "time": 1790980275.98782}
{"type": "train", "epoch": 1176, "loss": 0.09264, "obj": 0.0, "sup": 0.09264, "lr": 0.0005, "time": 1790980276.39431}
{"type": "train", "epoch": 1177, "loss": 0.08607, "obj": 0.0, "sup": 0.08607, "lr": 0.0005, "time": 1790980276.75442}
{"type": "train", "epoch": 1178, "loss": 0.09498, "obj": 0.0, "sup": 0.09498, "lr": 0.0005, "time": 1790980277.09013}
{"type": "train", "epoch": 1179, "loss": 0.08692, "obj": 0.0, "sup": 0.08692, "lr": 0.0005, "time": 1790980277.43216}
{"type": "train", "epoch": 1180, "loss": 0.08168, "obj": 0.0, "sup": 0.08168, "lr": 0.0005, "time": 1790980277.82302}
{"type": "train", "epoch": 1181, "loss": 0.07897, "obj": 0.0, "sup": 0.07897, "lr": 0.0005, "time": 1790980278.2153}
{"type": "train", "epoch": 1182, "loss": 0.08456, "obj": 0.0, "sup": 0.08456, "lr": 0.0005, "time": 1790980278.64988}
{"type": "train", "epoch": 1183, "loss": 0.08626, "obj": 0.0, "sup": 0.08626, "lr": 0.0005, "time": 1790980279.07113}
{"type": "train", "epoch": 1184, "loss": 0.08731, "obj": 0.0, "sup": 0.08731, "lr": 0.0005, "time": 1790980279.45175}
{"type": "train", "epoch": 1185, "loss": 0.09185, "obj": 0.0, "sup": 0.09185, "lr": 0.0005, "time": 1790980279.84341}
{"type": "train", "epoch": 1186, "loss": 0.079, "obj": 0.0, "sup": 0.079, "lr": 0.0005, "time": 1790980280.19499}
{"type": "train", "epoch": 1187, "loss": 0.07959, "obj": 0.0, "sup": 0.07959, "lr": 0.0005, "time": 1790980280.52941}
{"type": "train", "epoch": 1188, "loss": 0.07744, "obj": 0.0, "sup": 0.07744, "lr": 0.0005, "time": 1790980280.93795}
{"type": "train", "epoch": 1189, "loss": 0.0727, "obj": 0.0, "sup": 0.0727, "lr": 0.0005, "time": 1790980281.26806}
{"type": "train", "epoch": 1190, "loss": 0.07279, "obj": 0.0, "sup": 0.07279, "lr": 0.0005, "time": 1790980281.63368}
{"type": "train", "epoch": 1191, "loss": 0.07896, "obj": 0.0, "sup": 0.07896, "lr": 0.0005, "time": 1790980282.01814}
{"type": "train", "epoch": 1192, "loss": 0.07508, "obj": 0.0, "sup": 0.07508, "lr": 0.0005, "time": 1790980282.42855}
{"type": "train", "epoch": 1193, "loss": 0.07847, "obj": 0.0, "sup": 0.07847, "lr": 0.0005, "time": 1790980282.79826}
{"type": "train", "epoch": 1194, "loss": 0.07637, "obj": 0.0, "sup": 0.07637, "lr": 0.0005, "time": 1790980283.18299}
{"type": "train", "epoch": 1195, "loss": 0.0791, "obj": 0.0, "sup": 0.0791, "lr": 0.0005, "time": 1790980283.53084}
{"type": "train", "epoch": 1196, "loss": 0.07756, "obj": 0.0, "sup": 0.07756, "lr": 0.0005, "time": 1790980283.88322}
{"type": "train", "epoch": 1197, "loss": 0.07812, "obj": 0.0, "sup": 0.07812, "lr": 0.0005, "time": 1790980284.19421}
{"type": "train", "epoch": 1198, "loss": 0.11899, "obj": 0.0, "sup": 0.11899, "lr": 0.0005, "time": 1790980284.62885}
{"type": "train", "epoch": 1199, "loss": 0.09795, "obj": 0.0, "sup": 0.09795, "lr": 0.0005, "time": 1790980285.0231}
{"type": "train", "epoch": 1200, "loss": 0.10739, "obj": 0.0, "sup": 0.10739, "lr": 0.0005, "time": 1790980286.3073, "train_resid_median": 0.49728, "train_resid_mean": 0.49928, "train_imag_median": 0.23757, "train_obj_median": 0.34972, "train_u_loss_to_label_median": 0.60395, "val_resid_median": 0.92886, "val_resid_mean": 0.91572, "val_imag_median": 0.28866, "val_obj_median": 0.98347, "val_u_loss_to_label_median": 0.7534}
{"type": "train", "epoch": 1201, "loss": 0.09489, "obj": 0.0, "sup": 0.09489, "lr": 0.0005, "time": 1790980286.66065}
{"type": "train", "epoch": 1202, "loss": 0.10697, "obj": 0.0, "sup": 0.10697, "lr": 0.0005, "time": 1790980286.9659}
{"type": "train", "epoch": 1203, "loss": 0.09619, "obj": 0.0, "sup": 0.09619, "lr": 0.0005, "time": 1790980287.30705}
{"type": "train", "epoch": 1204, "loss": 0.095, "obj": 0.0, "sup": 0.095, "lr": 0.0005, "time": 1790980287.68542}
{"type": "train", "epoch": 1205, "loss": 0.08957, "obj": 0.0, "sup": 0.08957, "lr": 0.0005, "time": 1790980288.00293}
{"type": "train", "epoch": 1206, "loss": 0.08606, "obj": 0.0, "sup": 0.08606, "lr": 0.0005, "time": 1790980288.30658}
{"type": "train", "epoch": 1207, "loss": 0.08227, "obj": 0.0, "sup": 0.08227, "lr": 0.0005, "time": 1790980288.6091}
{"type": "train", "epoch": 1208, "loss": 0.08457, "obj": 0.0, "sup": 0.08457, "lr": 0.0005, "time": 1790980288.9099}
{"type": "train", "epoch": 1209, "loss": 0.09029, "obj": 0.0, "sup": 0.09029, "lr": 0.0005, "time": 1790980289.21195}
{"type": "train", "epoch": 1210, "loss": 0.08766, "obj": 0.0, "sup": 0.08766, "lr": 0.0005, "time": 1790980289.52267}
{"type": "train", "epoch": 1211, "loss": 0.08219, "obj": 0.0, "sup": 0.08219, "lr": 0.0005, "time": 1790980289.86151}
{"type": "train", "epoch": 1212, "loss": 0.07936, "obj": 0.0, "sup": 0.07936, "lr": 0.0005, "time": 1790980290.18543}
{"type": "train", "epoch": 1213, "loss": 0.07954, "obj": 0.0, "sup": 0.07954, "lr": 0.0005, "time": 1790980290.50219}
{"type": "train", "epoch": 1214, "loss": 0.07686, "obj": 0.0, "sup": 0.07686, "lr": 0.0005, "time": 1790980290.81619}
{"type": "train", "epoch": 1215, "loss": 0.07343, "obj": 0.0, "sup": 0.07343, "lr": 0.0005, "time": 1790980291.12522}
{"type": "train", "epoch": 1216, "loss": 0.07309, "obj": 0.0, "sup": 0.07309, "lr": 0.0005, "time": 1790980291.48954}
{"type": "train", "epoch": 1217, "loss": 0.07128, "obj": 0.0, "sup": 0.07128, "lr": 0.0005, "time": 1790980291.89145}
{"type": "train", "epoch": 1218, "loss": 0.07715, "obj": 0.0, "sup": 0.07715, "lr": 0.0005, "time": 1790980292.27069}
{"type": "train", "epoch": 1219, "loss": 0.07617, "obj": 0.0, "sup": 0.07617, "lr": 0.0005, "time": 1790980292.65259}
{"type": "train", "epoch": 1220, "loss": 0.10159, "obj": 0.0, "sup": 0.10159, "lr": 0.0005, "time": 1790980292.99677}
{"type": "train", "epoch": 1221, "loss": 0.08328, "obj": 0.0, "sup": 0.08328, "lr": 0.0005, "time": 1790980293.37805}
{"type": "train", "epoch": 1222, "loss": 0.07824, "obj": 0.0, "sup": 0.07824, "lr": 0.0005, "time": 1790980293.88294}
{"type": "train", "epoch": 1223, "loss": 0.07467, "obj": 0.0, "sup": 0.07467, "lr": 0.0005, "time": 1790980294.23595}
{"type": "train", "epoch": 1224, "loss": 0.08023, "obj": 0.0, "sup": 0.08023, "lr": 0.0005, "time": 1790980294.56145}
{"type": "train", "epoch": 1225, "loss": 0.07855, "obj": 0.0, "sup": 0.07855, "lr": 0.0005, "time": 1790980294.89899}
{"type": "train", "epoch": 1226, "loss": 0.08471, "obj": 0.0, "sup": 0.08471, "lr": 0.0005, "time": 1790980295.34096}
{"type": "train", "epoch": 1227, "loss": 0.07779, "obj": 0.0, "sup": 0.07779, "lr": 0.0005, "time": 1790980295.8191}
{"type": "train", "epoch": 1228, "loss": 0.08567, "obj": 0.0, "sup": 0.08567, "lr": 0.0005, "time": 1790980296.25647}
{"type": "train", "epoch": 1229, "loss": 0.07816, "obj": 0.0, "sup": 0.07816, "lr": 0.0005, "time": 1790980296.71505}
{"type": "train", "epoch": 1230, "loss": 0.07262, "obj": 0.0, "sup": 0.07262, "lr": 0.0005, "time": 1790980297.18114}
{"type": "train", "epoch": 1231, "loss": 0.08992, "obj": 0.0, "sup": 0.08992, "lr": 0.0005, "time": 1790980297.65647}
{"type": "train", "epoch": 1232, "loss": 0.08929, "obj": 0.0, "sup": 0.08929, "lr": 0.0005, "time": 1790980298.07905}
{"type": "train", "epoch": 1233, "loss": 0.0828, "obj": 0.0, "sup": 0.0828, "lr": 0.0005, "time": 1790980298.51663}
{"type": "train", "epoch": 1234, "loss": 0.07538, "obj": 0.0, "sup": 0.07538, "lr": 0.0005, "time": 1790980298.98029}
{"type": "train", "epoch": 1235, "loss": 0.09494, "obj": 0.0, "sup": 0.09494, "lr": 0.0005, "time": 1790980299.42528}
{"type": "train", "epoch": 1236, "loss": 0.09692, "obj": 0.0, "sup": 0.09692, "lr": 0.0005, "time": 1790980299.80751}
{"type": "train", "epoch": 1237, "loss": 0.09489, "obj": 0.0, "sup": 0.09489, "lr": 0.0005, "time": 1790980300.24415}
{"type": "train", "epoch": 1238, "loss": 0.07597, "obj": 0.0, "sup": 0.07597, "lr": 0.0005, "time": 1790980300.69504}
{"type": "train", "epoch": 1239, "loss": 0.08144, "obj": 0.0, "sup": 0.08144, "lr": 0.0005, "time": 1790980301.05193}
{"type": "train", "epoch": 1240, "loss": 0.1009, "obj": 0.0, "sup": 0.1009, "lr": 0.0005, "time": 1790980301.39508}
{"type": "train", "epoch": 1241, "loss": 0.11663, "obj": 0.0, "sup": 0.11663, "lr": 0.0005, "time": 1790980301.83569}
{"type": "train", "epoch": 1242, "loss": 0.09699, "obj": 0.0, "sup": 0.09699, "lr": 0.0005, "time": 1790980302.24206}
{"type": "train", "epoch": 1243, "loss": 0.09088, "obj": 0.0, "sup": 0.09088, "lr": 0.0005, "time": 1790980302.65303}
{"type": "train", "epoch": 1244, "loss": 0.07873, "obj": 0.0, "sup": 0.07873, "lr": 0.0005, "time": 1790980303.09105}
{"type": "train", "epoch": 1245, "loss": 0.07279, "obj": 0.0, "sup": 0.07279, "lr": 0.0005, "time": 1790980303.50291}
{"type": "train", "epoch": 1246, "loss": 0.0681, "obj": 0.0, "sup": 0.0681, "lr": 0.0005, "time": 1790980303.94603}
{"type": "train", "epoch": 1247, "loss": 0.06707, "obj": 0.0, "sup": 0.06707, "lr": 0.0005, "time": 1790980304.3502}
{"type": "train", "epoch": 1248, "loss": 0.06599, "obj": 0.0, "sup": 0.06599, "lr": 0.0005, "time": 1790980304.71012}
{"type": "train", "epoch": 1249, "loss": 0.06836, "obj": 0.0, "sup": 0.06836, "lr": 0.0005, "time": 1790980305.09679}
{"type": "train", "epoch": 1250, "loss": 0.09441, "obj": 0.0, "sup": 0.09441, "lr": 0.0005, "time": 1790980306.58713, "train_resid_median": 0.4594, "train_resid_mean": 0.46224, "train_imag_median": 0.21171, "train_obj_median": 0.30817, "train_u_loss_to_label_median": 0.59939, "val_resid_median": 0.91494, "val_resid_mean": 0.9079, "val_imag_median": 0.29308, "val_obj_median": 0.97009, "val_u_loss_to_label_median": 0.75786}
{"type": "train", "epoch": 1251, "loss": 0.08458, "obj": 0.0, "sup": 0.08458, "lr": 0.0005, "time": 1790980306.999}
{"type": "train", "epoch": 1252, "loss": 0.08632, "obj": 0.0, "sup": 0.08632, "lr": 0.0005, "time": 1790980307.43868}
{"type": "train", "epoch": 1253, "loss": 0.09947, "obj": 0.0, "sup": 0.09947, "lr": 0.0005, "time": 1790980307.79927}
{"type": "train", "epoch": 1254, "loss": 0.10751, "obj": 0.0, "sup": 0.10751, "lr": 0.0005, "time": 1790980308.24297}
{"type": "train", "epoch": 1255, "loss": 0.12206, "obj": 0.0, "sup": 0.12206, "lr": 0.0005, "time": 1790980308.68297}
{"type": "train", "epoch": 1256, "loss": 0.17708, "obj": 0.0, "sup": 0.17708, "lr": 0.0005, "time": 1790980309.15784}
{"type": "train", "epoch": 1257, "loss": 0.16449, "obj": 0.0, "sup": 0.16449, "lr": 0.0005, "time": 1790980309.68582}
{"type": "train", "epoch": 1258, "loss": 0.11464, "obj": 0.0, "sup": 0.11464, "lr": 0.0005, "time": 1790980310.0574}
{"type": "train", "epoch": 1259, "loss": 0.08866, "obj": 0.0, "sup": 0.08866, "lr": 0.0005, "time": 1790980310.53168}
{"type": "train", "epoch": 1260, "loss": 0.08577, "obj": 0.0, "sup": 0.08577, "lr": 0.0005, "time": 1790980310.94277}
{"type": "train", "epoch": 1261, "loss": 0.0781, "obj": 0.0, "sup": 0.0781, "lr": 0.0005, "time": 1790980311.41497}
{"type": "train", "epoch": 1262, "loss": 0.07359, "obj": 0.0, "sup": 0.07359, "lr": 0.0005, "time": 1790980311.84297}
{"type": "train", "epoch": 1263, "loss": 0.0744, "obj": 0.0, "sup": 0.0744, "lr": 0.0005, "time": 1790980312.21505}
{"type": "train", "epoch": 1264, "loss": 0.07793, "obj": 0.0, "sup": 0.07793, "lr": 0.0005, "time": 1790980312.58742}
{"type": "train", "epoch": 1265, "loss": 0.09968, "obj": 0.0, "sup": 0.09968, "lr": 0.0005, "time": 1790980312.95262}
{"type": "train", "epoch": 1266, "loss": 0.13789, "obj": 0.0, "sup": 0.13789, "lr": 0.0005, "time": 1790980313.35366}
{"type": "train", "epoch": 1267, "loss": 0.12366, "obj": 0.0, "sup": 0.12366, "lr": 0.0005, "time": 1790980313.66338}
{"type": "train", "epoch": 1268, "loss": 0.09805, "obj": 0.0, "sup": 0.09805, "lr": 0.0005, "time": 1790980313.96511}
{"type": "train", "epoch": 1269, "loss": 0.14458, "obj": 0.0, "sup": 0.14458, "lr": 0.0005, "time": 1790980314.26947}
{"type": "train", "epoch": 1270, "loss": 0.15486, "obj": 0.0, "sup": 0.15486, "lr": 0.0005, "time": 1790980314.63488}
{"type": "train", "epoch": 1271, "loss": 0.14033, "obj": 0.0, "sup": 0.14033, "lr": 0.0005, "time": 1790980315.07075}
{"type": "train", "epoch": 1272, "loss": 0.10689, "obj": 0.0, "sup": 0.10689, "lr": 0.0005, "time": 1790980315.45436}
{"type": "train", "epoch": 1273, "loss": 0.09214, "obj": 0.0, "sup": 0.09214, "lr": 0.0005, "time": 1790980315.82308}
{"type": "train", "epoch": 1274, "loss": 0.11518, "obj": 0.0, "sup": 0.11518, "lr": 0.0005, "time": 1790980316.17033}
{"type": "train", "epoch": 1275, "loss": 0.12516, "obj": 0.0, "sup": 0.12516, "lr": 0.0005, "time": 1790980316.5006}
{"type": "train", "epoch": 1276, "loss": 0.11541, "obj": 0.0, "sup": 0.11541, "lr": 0.0005, "time": 1790980316.92617}
{"type": "train", "epoch": 1277, "loss": 0.10582, "obj": 0.0, "sup": 0.10582, "lr": 0.0005, "time": 1790980317.31094}
{"type": "train", "epoch": 1278, "loss": 0.0862, "obj": 0.0, "sup": 0.0862, "lr": 0.0005, "time": 1790980317.70337}
{"type": "train", "epoch": 1279, "loss": 0.09028, "obj": 0.0, "sup": 0.09028, "lr": 0.0005, "time": 1790980318.11503}
{"type": "train", "epoch": 1280, "loss": 0.07978, "obj": 0.0, "sup": 0.07978, "lr": 0.0005, "time": 1790980318.46386}
{"type": "train", "epoch": 1281, "loss": 0.08665, "obj": 0.0, "sup": 0.08665, "lr": 0.0005, "time": 1790980318.84709}
{"type": "train", "epoch": 1282, "loss": 0.07833, "obj": 0.0, "sup": 0.07833, "lr": 0.0005, "time": 1790980319.22295}
{"type": "train", "epoch": 1283, "loss": 0.07625, "obj": 0.0, "sup": 0.07625, "lr": 0.0005, "time": 1790980319.59635}
{"type": "train", "epoch": 1284, "loss": 0.07261, "obj": 0.0, "sup": 0.07261, "lr": 0.0005, "time": 1790980319.9584}
{"type": "train", "epoch": 1285, "loss": 0.07166, "obj": 0.0, "sup": 0.07166, "lr": 0.0005, "time": 1790980320.31771}
{"type": "train", "epoch": 1286, "loss": 0.08209, "obj": 0.0, "sup": 0.08209, "lr": 0.0005, "time": 1790980320.66108}
{"type": "train", "epoch": 1287, "loss": 0.07447, "obj": 0.0, "sup": 0.07447, "lr": 0.0005, "time": 1790980321.04207}
{"type": "train", "epoch": 1288, "loss": 0.07142, "obj": 0.0, "sup": 0.07142, "lr": 0.0005, "time": 1790980321.36228}
{"type": "train", "epoch": 1289, "loss": 0.07389, "obj": 0.0, "sup": 0.07389, "lr": 0.0005, "time": 1790980321.68946}
{"type": "train", "epoch": 1290, "loss": 0.07356, "obj": 0.0, "sup": 0.07356, "lr": 0.0005, "time": 1790980322.0242}
{"type": "train", "epoch": 1291, "loss": 0.07984, "obj": 0.0, "sup": 0.07984, "lr": 0.0005, "time": 1790980322.35106}
{"type": "train", "epoch": 1292, "loss": 0.0906, "obj": 0.0, "sup": 0.0906, "lr": 0.0005, "time": 1790980322.67025}
{"type": "train", "epoch": 1293, "loss": 0.17796, "obj": 0.0, "sup": 0.17796, "lr": 0.0005, "time": 1790980322.99296}
{"type": "train", "epoch": 1294, "loss": 0.13848, "obj": 0.0, "sup": 0.13848, "lr": 0.0005, "time": 1790980323.32217}
{"type": "train", "epoch": 1295, "loss": 0.10759, "obj": 0.0, "sup": 0.10759, "lr": 0.0005, "time": 1790980323.65506}
{"type": "train", "epoch": 1296, "loss": 0.09876, "obj": 0.0, "sup": 0.09876, "lr": 0.0005, "time": 1790980324.0532}
{"type": "train", "epoch": 1297, "loss": 0.10785, "obj": 0.0, "sup": 0.10785, "lr": 0.0005, "time": 1790980324.40888}
{"type": "train", "epoch": 1298, "loss": 0.10385, "obj": 0.0, "sup": 0.10385, "lr": 0.0005, "time": 1790980324.81301}
{"type": "train", "epoch": 1299, "loss": 0.09159, "obj": 0.0, "sup": 0.09159, "lr": 0.0005, "time": 1790980325.26015}
{"type": "train", "epoch": 1300, "loss": 0.09072, "obj": 0.0, "sup": 0.09072, "lr": 0.0005, "time": 1790980326.62735, "train_resid_median": 0.46393, "train_resid_mean": 0.46638, "train_imag_median": 0.1881, "train_obj_median": 0.29756, "train_u_loss_to_label_median": 0.5953, "val_resid_median": 0.92132, "val_resid_mean": 0.91226, "val_imag_median": 0.27303, "val_obj_median": 0.97065, "val_u_loss_to_label_median": 0.74629}
{"type": "train", "epoch": 1301, "loss": 0.09253, "obj": 0.0, "sup": 0.09253, "lr": 0.0005, "time": 1790980326.98913}
{"type": "train", "epoch": 1302, "loss": 0.09195, "obj": 0.0, "sup": 0.09195, "lr": 0.0005, "time": 1790980327.48113}
{"type": "train", "epoch": 1303, "loss": 0.10455, "obj": 0.0, "sup": 0.10455, "lr": 0.0005, "time": 1790980327.91501}
{"type": "train", "epoch": 1304, "loss": 0.0755, "obj": 0.0, "sup": 0.0755, "lr": 0.0005, "time": 1790980328.30834}
{"type": "train", "epoch": 1305, "loss": 0.0673, "obj": 0.0, "sup": 0.0673, "lr": 0.0005, "time": 1790980328.7031}
{"type": "train", "epoch": 1306, "loss": 0.07453, "obj": 0.0, "sup": 0.07453, "lr": 0.0005, "time": 1790980329.22634}
{"type": "train", "epoch": 1307, "loss": 0.07049, "obj": 0.0, "sup": 0.07049, "lr": 0.0005, "time": 1790980329.69347}
{"type": "train", "epoch": 1308, "loss": 0.07059, "obj": 0.0, "sup": 0.07059, "lr": 0.0005, "time": 1790980330.08139}
{"type": "train", "epoch": 1309, "loss": 0.08407, "obj": 0.0, "sup": 0.08407, "lr": 0.0005, "time": 1790980330.49005}
{"type": "train", "epoch": 1310, "loss": 0.09502, "obj": 0.0, "sup": 0.09502, "lr": 0.0005, "time": 1790980330.89025}
{"type": "train", "epoch": 1311, "loss": 0.07251, "obj": 0.0, "sup": 0.07251, "lr": 0.0005, "time": 1790980331.28109}
{"type": "train", "epoch": 1312, "loss": 0.07041, "obj": 0.0, "sup": 0.07041, "lr": 0.0005, "time": 1790980331.63759}
{"type": "train", "epoch": 1313, "loss": 0.06871, "obj": 0.0, "sup": 0.06871, "lr": 0.0005, "time": 1790980331.99225}
{"type": "train", "epoch": 1314, "loss": 0.06817, "obj": 0.0, "sup": 0.06817, "lr": 0.0005, "time": 1790980332.31822}
{"type": "train", "epoch": 1315, "loss": 0.07655, "obj": 0.0, "sup": 0.07655, "lr": 0.0005, "time": 1790980332.64643}
{"type": "train", "epoch": 1316, "loss": 0.13198, "obj": 0.0, "sup": 0.13198, "lr": 0.0005, "time": 1790980332.9674}
{"type": "train", "epoch": 1317, "loss": 0.13273, "obj": 0.0, "sup": 0.13273, "lr": 0.0005, "time": 1790980333.31161}
{"type": "train", "epoch": 1318, "loss": 0.09721, "obj": 0.0, "sup": 0.09721, "lr": 0.0005, "time": 1790980333.68349}
{"type": "train", "epoch": 1319, "loss": 0.14207, "obj": 0.0, "sup": 0.14207, "lr": 0.0005, "time": 1790980334.0628}
{"type": "train", "epoch": 1320, "loss": 0.09852, "obj": 0.0, "sup": 0.09852, "lr": 0.0005, "time": 1790980334.4636}
{"type": "train", "epoch": 1321, "loss": 0.09574, "obj": 0.0, "sup": 0.09574, "lr": 0.0005, "time": 1790980334.86081}
{"type": "train", "epoch": 1322, "loss": 0.1109, "obj": 0.0, "sup": 0.1109, "lr": 0.0005, "time": 1790980335.25343}
{"type": "train", "epoch": 1323, "loss": 0.10379, "obj": 0.0, "sup": 0.10379, "lr": 0.0005, "time": 1790980335.65898}
{"type": "train", "epoch": 1324, "loss": 0.07928, "obj": 0.0, "sup": 0.07928, "lr": 0.0005, "time": 1790980336.0877}
{"type": "train", "epoch": 1325, "loss": 0.07034, "obj": 0.0, "sup": 0.07034, "lr": 0.0005, "time": 1790980336.49638}
{"type": "train", "epoch": 1326, "loss": 0.07266, "obj": 0.0, "sup": 0.07266, "lr": 0.0005, "time": 1790980336.91105}
{"type": "train", "epoch": 1327, "loss": 0.07127, "obj": 0.0, "sup": 0.07127, "lr": 0.0005, "time": 1790980337.31708}
{"type": "train", "epoch": 1328, "loss": 0.07854, "obj": 0.0, "sup": 0.07854, "lr": 0.0005, "time": 1790980337.7237}
{"type": "train", "epoch": 1329, "loss": 0.08976, "obj": 0.0, "sup": 0.08976, "lr": 0.0005, "time": 1790980338.13163}
{"type": "train", "epoch": 1330, "loss": 0.08715, "obj": 0.0, "sup": 0.08715, "lr": 0.0005, "time": 1790980338.54498}
{"type": "train", "epoch": 1331, "loss": 0.08468, "obj": 0.0, "sup": 0.08468, "lr": 0.0005, "time": 1790980338.93035}
{"type": "train", "epoch": 1332, "loss": 0.07112, "obj": 0.0, "sup": 0.07112, "lr": 0.0005, "time": 1790980339.24787}
{"type": "train", "epoch": 1333, "loss": 0.07075, "obj": 0.0, "sup": 0.07075, "lr": 0.0005, "time": 1790980339.56385}
{"type": "train", "epoch": 1334, "loss": 0.0713, "obj": 0.0, "sup": 0.0713, "lr": 0.0005, "time": 1790980339.90726}
{"type": "train", "epoch": 1335, "loss": 0.08274, "obj": 0.0, "sup": 0.08274, "lr": 0.0005, "time": 1790980340.22518}
{"type": "train", "epoch": 1336, "loss": 0.08715, "obj": 0.0, "sup": 0.08715, "lr": 0.0005, "time": 1790980340.55837}
{"type": "train", "epoch": 1337, "loss": 0.08534, "obj": 0.0, "sup": 0.08534, "lr": 0.0005, "time": 1790980340.92205}
{"type": "train", "epoch": 1338, "loss": 0.07682, "obj": 0.0, "sup": 0.07682, "lr": 0.0005, "time": 1790980341.35604}
{"type": "train", "epoch": 1339, "loss": 0.07047, "obj": 0.0, "sup": 0.07047, "lr": 0.0005, "time": 1790980341.76431}
{"type": "train", "epoch": 1340, "loss": 0.06715, "obj": 0.0, "sup": 0.06715, "lr": 0.0005, "time": 1790980342.09157}
{"type": "train", "epoch": 1341, "loss": 0.06866, "obj": 0.0, "sup": 0.06866, "lr": 0.0005, "time": 1790980342.44339}
{"type": "train", "epoch": 1342, "loss": 0.07196, "obj": 0.0, "sup": 0.07196, "lr": 0.0005, "time": 1790980342.91524}
{"type": "train", "epoch": 1343, "loss": 0.07226, "obj": 0.0, "sup": 0.07226, "lr": 0.0005, "time": 1790980343.34087}
{"type": "train", "epoch": 1344, "loss": 0.06789, "obj": 0.0, "sup": 0.06789, "lr": 0.0005, "time": 1790980343.68209}
{"type": "train", "epoch": 1345, "loss": 0.07336, "obj": 0.0, "sup": 0.07336, "lr": 0.0005, "time": 1790980344.16322}
{"type": "train", "epoch": 1346, "loss": 0.06759, "obj": 0.0, "sup": 0.06759, "lr": 0.0005, "time": 1790980344.50028}
{"type": "train", "epoch": 1347, "loss": 0.06484, "obj": 0.0, "sup": 0.06484, "lr": 0.0005, "time": 1790980344.85443}
{"type": "train", "epoch": 1348, "loss": 0.06638, "obj": 0.0, "sup": 0.06638, "lr": 0.0005, "time": 1790980345.26168}
{"type": "train", "epoch": 1349, "loss": 0.06494, "obj": 0.0, "sup": 0.06494, "lr": 0.0005, "time": 1790980345.61683}
{"type": "train", "epoch": 1350, "loss": 0.09428, "obj": 0.0, "sup": 0.09428, "lr": 0.0005, "time": 1790980347.0149, "train_resid_median": 0.48212, "train_resid_mean": 0.48509, "train_imag_median": 0.21492, "train_obj_median": 0.32596, "train_u_loss_to_label_median": 0.60541, "val_resid_median": 0.91317, "val_resid_mean": 0.90506, "val_imag_median": 0.29851, "val_obj_median": 0.95717, "val_u_loss_to_label_median": 0.76012}
{"type": "train", "epoch": 1351, "loss": 0.09231, "obj": 0.0, "sup": 0.09231, "lr": 0.0005, "time": 1790980347.44726}
{"type": "train", "epoch": 1352, "loss": 0.07696, "obj": 0.0, "sup": 0.07696, "lr": 0.0005, "time": 1790980347.80111}
{"type": "train", "epoch": 1353, "loss": 0.13478, "obj": 0.0, "sup": 0.13478, "lr": 0.0005, "time": 1790980348.19025}
{"type": "train", "epoch": 1354, "loss": 0.17077, "obj": 0.0, "sup": 0.17077, "lr": 0.0005, "time": 1790980348.58964}
{"type": "train", "epoch": 1355, "loss": 0.12, "obj": 0.0, "sup": 0.12, "lr": 0.0005, "time": 1790980348.98221}
{"type": "train", "epoch": 1356, "loss": 0.11719, "obj": 0.0, "sup": 0.11719, "lr": 0.0005, "time": 1790980349.35044}
{"type": "train", "epoch": 1357, "loss": 0.09378, "obj": 0.0, "sup": 0.09378, "lr": 0.0005, "time": 1790980349.89508}
{"type": "train", "epoch": 1358, "loss": 0.08689, "obj": 0.0, "sup": 0.08689, "lr": 0.0005, "time": 1790980350.40561}
{"type": "train", "epoch": 1359, "loss": 0.09427, "obj": 0.0, "sup": 0.09427, "lr": 0.0005, "time": 1790980350.84351}
{"type": "train", "epoch": 1360, "loss": 0.08946, "obj": 0.0, "sup": 0.08946, "lr": 0.0005, "time": 1790980351.17366}
{"type": "train", "epoch": 1361, "loss": 0.09771, "obj": 0.0, "sup": 0.09771, "lr": 0.0005, "time": 1790980351.60704}
{"type": "train", "epoch": 1362, "loss": 0.13107, "obj": 0.0, "sup": 0.13107, "lr": 0.0005, "time": 1790980352.0211}
{"type": "train", "epoch": 1363, "loss": 0.1245, "obj": 0.0, "sup": 0.1245, "lr": 0.0005, "time": 1790980352.35796}
{"type": "train", "epoch": 1364, "loss": 0.09684, "obj": 0.0, "sup": 0.09684, "lr": 0.0005, "time": 1790980352.6608}
{"type": "train", "epoch": 1365, "loss": 0.0856, "obj": 0.0, "sup": 0.0856, "lr": 0.0005, "time": 1790980352.97657}
{"type": "train", "epoch": 1366, "loss": 0.0789, "obj": 0.0, "sup": 0.0789, "lr": 0.0005, "time": 1790980353.30298}
{"type": "train", "epoch": 1367, "loss": 0.07773, "obj": 0.0, "sup": 0.07773, "lr": 0.0005, "time": 1790980353.61233}
{"type": "train", "epoch": 1368, "loss": 0.07501, "obj": 0.0, "sup": 0.07501, "lr": 0.0005, "time": 1790980354.02705}
{"type": "train", "epoch": 1369, "loss": 0.07367, "obj": 0.0, "sup": 0.07367, "lr": 0.0005, "time": 1790980354.35016}
{"type": "train", "epoch": 1370, "loss": 0.0856, "obj": 0.0, "sup": 0.0856, "lr": 0.0005, "time": 1790980354.70896}
{"type": "train", "epoch": 1371, "loss": 0.09393, "obj": 0.0, "sup": 0.09393, "lr": 0.0005, "time": 1790980355.12297}
{"type": "train", "epoch": 1372, "loss": 0.09504, "obj": 0.0, "sup": 0.09504, "lr": 0.0005, "time": 1790980355.48097}
{"type": "train", "epoch": 1373, "loss": 0.07407, "obj": 0.0, "sup": 0.07407, "lr": 0.0005, "time": 1790980355.88169}
{"type": "train", "epoch": 1374, "loss": 0.11073, "obj": 0.0, "sup": 0.11073, "lr": 0.0005, "time": 1790980356.29105}
{"type": "train", "epoch": 1375, "loss": 0.1029, "obj": 0.0, "sup": 0.1029, "lr": 0.0005, "time": 1790980356.89109}
{"type": "train", "epoch": 1376, "loss": 0.0931, "obj": 0.0, "sup": 0.0931, "lr": 0.0005, "time": 1790980357.33338}
{"type": "train", "epoch": 1377, "loss": 0.19051, "obj": 0.0, "sup": 0.19051, "lr": 0.0005, "time": 1790980357.74697}
{"type": "train", "epoch": 1378, "loss": 0.15361, "obj": 0.0, "sup": 0.15361, "lr": 0.0005, "time": 1790980358.17505}
{"type": "train", "epoch": 1379, "loss": 0.12955, "obj": 0.0, "sup": 0.12955, "lr": 0.0005, "time": 1790980358.58302}
{"type": "train", "epoch": 1380, "loss": 0.12403, "obj": 0.0, "sup": 0.12403, "lr": 0.0005, "time": 1790980359.01876}
{"type": "train", "epoch": 1381, "loss": 0.21224, "obj": 0.0, "sup": 0.21224, "lr": 0.0005, "time": 1790980359.41506}
{"type": "train", "epoch": 1382, "loss": 0.10372, "obj": 0.0, "sup": 0.10372, "lr": 0.0005, "time": 1790980359.87866}
{"type": "train", "epoch": 1383, "loss": 0.11312, "obj": 0.0, "sup": 0.11312, "lr": 0.0005, "time": 1790980360.3296}
{"type": "train", "epoch": 1384, "loss": 0.14717, "obj": 0.0, "sup": 0.14717, "lr": 0.0005, "time": 1790980360.6968}
{"type": "train", "epoch": 1385, "loss": 0.12849, "obj": 0.0, "sup": 0.12849, "lr": 0.0005, "time": 1790980361.02963}
{"type": "train", "epoch": 1386, "loss": 0.10754, "obj": 0.0, "sup": 0.10754, "lr": 0.0005, "time": 1790980361.3446}
{"type": "train", "epoch": 1387, "loss": 0.0741, "obj": 0.0, "sup": 0.0741, "lr": 0.0005, "time": 1790980361.65698}
{"type": "train", "epoch": 1388, "loss": 0.09171, "obj": 0.0, "sup": 0.09171, "lr": 0.0005, "time": 1790980361.9638}
{"type": "train", "epoch": 1389, "loss": 0.13228, "obj": 0.0, "sup": 0.13228, "lr": 0.0005, "time": 1790980362.273}
{"type": "train", "epoch": 1390, "loss": 0.18883, "obj": 0.0, "sup": 0.18883, "lr": 0.0005, "time": 1790980362.6365}
{"type": "train", "epoch": 1391, "loss": 0.13302, "obj": 0.0, "sup": 0.13302, "lr": 0.0005, "time": 1790980362.98727}
{"type": "train", "epoch": 1392, "loss": 0.09786, "obj": 0.0, "sup": 0.09786, "lr": 0.0005, "time": 1790980363.35909}
{"type": "train", "epoch": 1393, "loss": 0.08207, "obj": 0.0, "sup": 0.08207, "lr": 0.0005, "time": 1790980363.71741}
{"type": "train", "epoch": 1394, "loss": 0.08017, "obj": 0.0, "sup": 0.08017, "lr": 0.0005, "time": 1790980364.08628}
{"type": "train", "epoch": 1395, "loss": 0.08633, "obj": 0.0, "sup": 0.08633, "lr": 0.0005, "time": 1790980364.44425}
{"type": "train", "epoch": 1396, "loss": 0.08549, "obj": 0.0, "sup": 0.08549, "lr": 0.0005, "time": 1790980364.7507}
{"type": "train", "epoch": 1397, "loss": 0.07181, "obj": 0.0, "sup": 0.07181, "lr": 0.0005, "time": 1790980365.09087}
{"type": "train", "epoch": 1398, "loss": 0.0724, "obj": 0.0, "sup": 0.0724, "lr": 0.0005, "time": 1790980365.45033}
{"type": "train", "epoch": 1399, "loss": 0.06793, "obj": 0.0, "sup": 0.06793, "lr": 0.0005, "time": 1790980365.79155}
{"type": "train", "epoch": 1400, "loss": 0.06579, "obj": 0.0, "sup": 0.06579, "lr": 0.0005, "time": 1790980367.02634, "train_resid_median": 0.43281, "train_resid_mean": 0.43491, "train_imag_median": 0.1697, "train_obj_median": 0.26583, "train_u_loss_to_label_median": 0.59628, "val_resid_median": 0.91841, "val_resid_mean": 0.9093, "val_imag_median": 0.27448, "val_obj_median": 0.95569, "val_u_loss_to_label_median": 0.74086}
{"type": "train", "epoch": 1401, "loss": 0.06255, "obj": 0.0, "sup": 0.06255, "lr": 0.0005, "time": 1790980367.37258}
{"type": "train", "epoch": 1402, "loss": 0.07151, "obj": 0.0, "sup": 0.07151, "lr": 0.0005, "time": 1790980367.7016}
{"type": "train", "epoch": 1403, "loss": 0.06596, "obj": 0.0, "sup": 0.06596, "lr": 0.0005, "time": 1790980368.02886}
{"type": "train", "epoch": 1404, "loss": 0.06646, "obj": 0.0, "sup": 0.06646, "lr": 0.0005, "time": 1790980368.44473}
{"type": "train", "epoch": 1405, "loss": 0.05931, "obj": 0.0, "sup": 0.05931, "lr": 0.0005, "time": 1790980368.84462}
{"type": "train", "epoch": 1406, "loss": 0.06258, "obj": 0.0, "sup": 0.06258, "lr": 0.0005, "time": 1790980369.17801}
{"type": "train", "epoch": 1407, "loss": 0.06677, "obj": 0.0, "sup": 0.06677, "lr": 0.0005, "time": 1790980369.49935}
{"type": "train", "epoch": 1408, "loss": 0.06614, "obj": 0.0, "sup": 0.06614, "lr": 0.0005, "time": 1790980369.86296}
{"type": "train", "epoch": 1409, "loss": 0.06184, "obj": 0.0, "sup": 0.06184, "lr": 0.0005, "time": 1790980370.18853}
{"type": "train", "epoch": 1410, "loss": 0.06241, "obj": 0.0, "sup": 0.06241, "lr": 0.0005, "time": 1790980370.505}
{"type": "train", "epoch": 1411, "loss": 0.06257, "obj": 0.0, "sup": 0.06257, "lr": 0.0005, "time": 1790980370.80655}
{"type": "train", "epoch": 1412, "loss": 0.06675, "obj": 0.0, "sup": 0.06675, "lr": 0.0005, "time": 1790980371.10714}
{"type": "train", "epoch": 1413, "loss": 0.0678, "obj": 0.0, "sup": 0.0678, "lr": 0.0005, "time": 1790980371.40713}
{"type": "train", "epoch": 1414, "loss": 0.05788, "obj": 0.0, "sup": 0.05788, "lr": 0.0005, "time": 1790980371.70741}
{"type": "train", "epoch": 1415, "loss": 0.05692, "obj": 0.0, "sup": 0.05692, "lr": 0.0005, "time": 1790980372.00971}
{"type": "train", "epoch": 1416, "loss": 0.0873, "obj": 0.0, "sup": 0.0873, "lr": 0.0005, "time": 1790980372.31353}
{"type": "train", "epoch": 1417, "loss": 0.08914, "obj": 0.0, "sup": 0.08914, "lr": 0.0005, "time": 1790980372.62811}
{"type": "train", "epoch": 1418, "loss": 0.08045, "obj": 0.0, "sup": 0.08045, "lr": 0.0005, "time": 1790980372.93675}
{"type": "train", "epoch": 1419, "loss": 0.09226, "obj": 0.0, "sup": 0.09226, "lr": 0.0005, "time": 1790980373.2661}
{"type": "train", "epoch": 1420, "loss": 0.07768, "obj": 0.0, "sup": 0.07768, "lr": 0.0005, "time": 1790980373.5822}
{"type": "train", "epoch": 1421, "loss": 0.07173, "obj": 0.0, "sup": 0.07173, "lr": 0.0005, "time": 1790980373.89046}
{"type": "train", "epoch": 1422, "loss": 0.06406, "obj": 0.0, "sup": 0.06406, "lr": 0.0005, "time": 1790980374.21126}
{"type": "train", "epoch": 1423, "loss": 0.06137, "obj": 0.0, "sup": 0.06137, "lr": 0.0005, "time": 1790980374.53379}
{"type": "train", "epoch": 1424, "loss": 0.06452, "obj": 0.0, "sup": 0.06452, "lr": 0.0005, "time": 1790980374.84632}
{"type": "train", "epoch": 1425, "loss": 0.06761, "obj": 0.0, "sup": 0.06761, "lr": 0.0005, "time": 1790980375.18226}
{"type": "train", "epoch": 1426, "loss": 0.06602, "obj": 0.0, "sup": 0.06602, "lr": 0.0005, "time": 1790980375.49757}
{"type": "train", "epoch": 1427, "loss": 0.06497, "obj": 0.0, "sup": 0.06497, "lr": 0.0005, "time": 1790980375.90753}
{"type": "train", "epoch": 1428, "loss": 0.06176, "obj": 0.0, "sup": 0.06176, "lr": 0.0005, "time": 1790980376.23759}
{"type": "train", "epoch": 1429, "loss": 0.05789, "obj": 0.0, "sup": 0.05789, "lr": 0.0005, "time": 1790980376.60395}
{"type": "train", "epoch": 1430, "loss": 0.063, "obj": 0.0, "sup": 0.063, "lr": 0.0005, "time": 1790980376.98739}
{"type": "train", "epoch": 1431, "loss": 0.05909, "obj": 0.0, "sup": 0.05909, "lr": 0.0005, "time": 1790980377.32066}
{"type": "train", "epoch": 1432, "loss": 0.07001, "obj": 0.0, "sup": 0.07001, "lr": 0.0005, "time": 1790980377.64628}
{"type": "train", "epoch": 1433, "loss": 0.06546, "obj": 0.0, "sup": 0.06546, "lr": 0.0005, "time": 1790980377.98707}
{"type": "train", "epoch": 1434, "loss": 0.07083, "obj": 0.0, "sup": 0.07083, "lr": 0.0005, "time": 1790980378.29749}
{"type": "train", "epoch": 1435, "loss": 0.07456, "obj": 0.0, "sup": 0.07456, "lr": 0.0005, "time": 1790980378.60521}
{"type": "train", "epoch": 1436, "loss": 0.07807, "obj": 0.0, "sup": 0.07807, "lr": 0.0005, "time": 1790980378.91178}
{"type": "train", "epoch": 1437, "loss": 0.10595, "obj": 0.0, "sup": 0.10595, "lr": 0.0005, "time": 1790980379.21699}
{"type": "train", "epoch": 1438, "loss": 0.08275, "obj": 0.0, "sup": 0.08275, "lr": 0.0005, "time": 1790980379.51879}
{"type": "train", "epoch": 1439, "loss": 0.09792, "obj": 0.0, "sup": 0.09792, "lr": 0.0005, "time": 1790980379.82143}
{"type": "train", "epoch": 1440, "loss": 0.07621, "obj": 0.0, "sup": 0.07621, "lr": 0.0005, "time": 1790980380.12579}
{"type": "train", "epoch": 1441, "loss": 0.0906, "obj": 0.0, "sup": 0.0906, "lr": 0.0005, "time": 1790980380.43208}
{"type": "train", "epoch": 1442, "loss": 0.10653, "obj": 0.0, "sup": 0.10653, "lr": 0.0005, "time": 1790980380.73805}
{"type": "train", "epoch": 1443, "loss": 0.08608, "obj": 0.0, "sup": 0.08608, "lr": 0.0005, "time": 1790980381.07346}
{"type": "train", "epoch": 1444, "loss": 0.06975, "obj": 0.0, "sup": 0.06975, "lr": 0.0005, "time": 1790980381.43235}
{"type": "train", "epoch": 1445, "loss": 0.06819, "obj": 0.0, "sup": 0.06819, "lr": 0.0005, "time": 1790980381.78797}
{"type": "train", "epoch": 1446, "loss": 0.06261, "obj": 0.0, "sup": 0.06261, "lr": 0.0005, "time": 1790980382.13737}
{"type": "train", "epoch": 1447, "loss": 0.06842, "obj": 0.0, "sup": 0.06842, "lr": 0.0005, "time": 1790980382.48246}
{"type": "train", "epoch": 1448, "loss": 0.13388, "obj": 0.0, "sup": 0.13388, "lr": 0.0005, "time": 1790980382.82301}
{"type": "train", "epoch": 1449, "loss": 0.14583, "obj": 0.0, "sup": 0.14583, "lr": 0.0005, "time": 1790980383.191}
{"type": "train", "epoch": 1450, "loss": 0.12911, "obj": 0.0, "sup": 0.12911, "lr": 0.0005, "time": 1790980384.46239, "train_resid_median": 0.45778, "train_resid_mean": 0.45831, "train_imag_median": 0.20687, "train_obj_median": 0.29994, "train_u_loss_to_label_median": 0.59427, "val_resid_median": 0.91682, "val_resid_mean": 0.90782, "val_imag_median": 0.28585, "val_obj_median": 0.96357, "val_u_loss_to_label_median": 0.74399}
{"type": "train", "epoch": 1451, "loss": 0.08647, "obj": 0.0, "sup": 0.08647, "lr": 0.0005, "time": 1790980384.7993}
{"type": "train", "epoch": 1452, "loss": 0.09406, "obj": 0.0, "sup": 0.09406, "lr": 0.0005, "time": 1790980385.10867}
{"type": "train", "epoch": 1453, "loss": 0.08965, "obj": 0.0, "sup": 0.08965, "lr": 0.0005, "time": 1790980385.42352}
{"type": "train", "epoch": 1454, "loss": 0.07321, "obj": 0.0, "sup": 0.07321, "lr": 0.0005, "time": 1790980385.73667}
{"type": "train", "epoch": 1455, "loss": 0.073, "obj": 0.0, "sup": 0.073, "lr": 0.0005, "time": 1790980386.1036}
{"type": "train", "epoch": 1456, "loss": 0.06634, "obj": 0.0, "sup": 0.06634, "lr": 0.0005, "time": 1790980386.41098}
{"type": "train", "epoch": 1457, "loss": 0.06376, "obj": 0.0, "sup": 0.06376, "lr": 0.0005, "time": 1790980386.71861}
{"type": "train", "epoch": 1458, "loss": 0.0619, "obj": 0.0, "sup": 0.0619, "lr": 0.0005, "time": 1790980387.02955}
{"type": "train", "epoch": 1459, "loss": 0.06037, "obj": 0.0, "sup": 0.06037, "lr": 0.0005, "time": 1790980387.33338}
{"type": "train", "epoch": 1460, "loss": 0.05753, "obj": 0.0, "sup": 0.05753, "lr": 0.0005, "time": 1790980387.63594}
{"type": "train", "epoch": 1461, "loss": 0.05683, "obj": 0.0, "sup": 0.05683, "lr": 0.0005, "time": 1790980387.93756}
{"type": "train", "epoch": 1462, "loss": 0.05638, "obj": 0.0, "sup": 0.05638, "lr": 0.0005, "time": 1790980388.23977}
{"type": "train", "epoch": 1463, "loss": 0.07014, "obj": 0.0, "sup": 0.07014, "lr": 0.0005, "time": 1790980388.54156}
{"type": "train", "epoch": 1464, "loss": 0.06007, "obj": 0.0, "sup": 0.06007, "lr": 0.0005, "time": 1790980388.85187}
{"type": "train", "epoch": 1465, "loss": 0.07986, "obj": 0.0, "sup": 0.07986, "lr": 0.0005, "time": 1790980389.18208}
{"type": "train", "epoch": 1466, "loss": 0.09102, "obj": 0.0, "sup": 0.09102, "lr": 0.0005, "time": 1790980389.49827}
{"type": "train", "epoch": 1467, "loss": 0.07103, "obj": 0.0, "sup": 0.07103, "lr": 0.0005, "time": 1790980389.81206}
{"type": "train", "epoch": 1468, "loss": 0.06908, "obj": 0.0, "sup": 0.06908, "lr": 0.0005, "time": 1790980390.18537}
{"type": "train", "epoch": 1469, "loss": 0.07937, "obj": 0.0, "sup": 0.07937, "lr": 0.0005, "time": 1790980390.49337}
{"type": "train", "epoch": 1470, "loss": 0.0638, "obj": 0.0, "sup": 0.0638, "lr": 0.0005, "time": 1790980390.82707}
{"type": "train", "epoch": 1471, "loss": 0.06247, "obj": 0.0, "sup": 0.06247, "lr": 0.0005, "time": 1790980391.19942}
{"type": "train", "epoch": 1472, "loss": 0.07301, "obj": 0.0, "sup": 0.07301, "lr": 0.0005, "time": 1790980391.56762}
{"type": "train", "epoch": 1473, "loss": 0.09319, "obj": 0.0, "sup": 0.09319, "lr": 0.0005, "time": 1790980391.94704}
{"type": "train", "epoch": 1474, "loss": 0.07626, "obj": 0.0, "sup": 0.07626, "lr": 0.0005, "time": 1790980392.3001}
{"type": "train", "epoch": 1475, "loss": 0.06516, "obj": 0.0, "sup": 0.06516, "lr": 0.0005, "time": 1790980392.69107}
{"type": "train", "epoch": 1476, "loss": 0.05929, "obj": 0.0, "sup": 0.05929, "lr": 0.0005, "time": 1790980393.04157}
{"type": "train", "epoch": 1477, "loss": 0.06307, "obj": 0.0, "sup": 0.06307, "lr": 0.0005, "time": 1790980393.37483}
{"type": "train", "epoch": 1478, "loss": 0.05899, "obj": 0.0, "sup": 0.05899, "lr": 0.0005, "time": 1790980393.75053}
{"type": "train", "epoch": 1479, "loss": 0.06434, "obj": 0.0, "sup": 0.06434, "lr": 0.0005, "time": 1790980394.12281}
{"type": "train", "epoch": 1480, "loss": 0.07246, "obj": 0.0, "sup": 0.07246, "lr": 0.0005, "time": 1790980394.47436}
{"type": "train", "epoch": 1481, "loss": 0.06441, "obj": 0.0, "sup": 0.06441, "lr": 0.0005, "time": 1790980394.83049}
{"type": "train", "epoch": 1482, "loss": 0.06101, "obj": 0.0, "sup": 0.06101, "lr": 0.0005, "time": 1790980395.19783}
{"type": "train", "epoch": 1483, "loss": 0.06146, "obj": 0.0, "sup": 0.06146, "lr": 0.0005, "time": 1790980395.53087}
{"type": "train", "epoch": 1484, "loss": 0.0583, "obj": 0.0, "sup": 0.0583, "lr": 0.0005, "time": 1790980395.85211}
{"type": "train", "epoch": 1485, "loss": 0.05924, "obj": 0.0, "sup": 0.05924, "lr": 0.0005, "time": 1790980396.16724}
{"type": "train", "epoch": 1486, "loss": 0.05951, "obj": 0.0, "sup": 0.05951, "lr": 0.0005, "time": 1790980396.48261}
{"type": "train", "epoch": 1487, "loss": 0.05949, "obj": 0.0, "sup": 0.05949, "lr": 0.0005, "time": 1790980396.78505}
{"type": "train", "epoch": 1488, "loss": 0.05735, "obj": 0.0, "sup": 0.05735, "lr": 0.0005, "time": 1790980397.14067}
{"type": "train", "epoch": 1489, "loss": 0.06029, "obj": 0.0, "sup": 0.06029, "lr": 0.0005, "time": 1790980397.49756}
{"type": "train", "epoch": 1490, "loss": 0.0562, "obj": 0.0, "sup": 0.0562, "lr": 0.0005, "time": 1790980397.89993}
{"type": "train", "epoch": 1491, "loss": 0.05775, "obj": 0.0, "sup": 0.05775, "lr": 0.0005, "time": 1790980398.2802}
{"type": "train", "epoch": 1492, "loss": 0.05681, "obj": 0.0, "sup": 0.05681, "lr": 0.0005, "time": 1790980398.69934}
{"type": "train", "epoch": 1493, "loss": 0.05375, "obj": 0.0, "sup": 0.05375, "lr": 0.0005, "time": 1790980399.00119}
{"type": "train", "epoch": 1494, "loss": 0.05892, "obj": 0.0, "sup": 0.05892, "lr": 0.0005, "time": 1790980399.30409}
{"type": "train", "epoch": 1495, "loss": 0.05619, "obj": 0.0, "sup": 0.05619, "lr": 0.0005, "time": 1790980399.60866}
{"type": "train", "epoch": 1496, "loss": 0.06124, "obj": 0.0, "sup": 0.06124, "lr": 0.0005, "time": 1790980399.91672}
{"type": "train", "epoch": 1497, "loss": 0.0628, "obj": 0.0, "sup": 0.0628, "lr": 0.0005, "time": 1790980400.23902}
{"type": "train", "epoch": 1498, "loss": 0.05754, "obj": 0.0, "sup": 0.05754, "lr": 0.0005, "time": 1790980400.55479}
{"type": "train", "epoch": 1499, "loss": 0.05579, "obj": 0.0, "sup": 0.05579, "lr": 0.0005, "time": 1790980400.90952}
{"type": "train", "epoch": 1500, "loss": 0.05218, "obj": 0.0, "sup": 0.05218, "lr": 0.0005, "time": 1790980402.2693, "train_resid_median": 0.42466, "train_resid_mean": 0.42572, "train_imag_median": 0.15858, "train_obj_median": 0.25044, "train_u_loss_to_label_median": 0.59137, "val_resid_median": 0.91014, "val_resid_mean": 0.89927, "val_imag_median": 0.27184, "val_obj_median": 0.93259, "val_u_loss_to_label_median": 0.74089}
{"type": "done", "best_val_resid_median": 0.91014, "time": 1790980402.36973}
