[C2H3N_rxn2858_P] exact_s10 batch 0: E -130.39807247  dim 337x337=113569  S^2 4.36e-03  t 25.5s
[C2H3N_rxn2858_P] exact_s10 batch 1: E -130.39807247  dim 337x337=113569  S^2 4.36e-03  t 25.5s (reused)
[C2H3N_rxn2858_P] exact_s10 batch 2: E -130.39807247  dim 337x337=113569  S^2 4.36e-03  t 25.5s (reused)
[C2H3N_rxn2858_P] exact_s10 batch 3: E -130.39807247  dim 337x337=113569  S^2 4.36e-03  t 25.5s (reused)
[C2H3N_rxn2858_P] exact_s10 batch 4: E -130.39807247  dim 337x337=113569  S^2 4.36e-03  t 25.5s (reused)
[C2H3N_rxn2858_P] exact_s10 batch 5: E -130.39807247  dim 337x337=113569  S^2 4.36e-03  t 25.5s (reused)
[C2H3N_rxn2858_P] exact_s10 batch 6: E -130.39807247  dim 337x337=113569  S^2 4.36e-03  t 25.5s (reused)
[C2H3N_rxn2858_P] exact_s10 batch 7: E -130.39807247  dim 337x337=113569  S^2 4.36e-03  t 25.5s (reused)
[C2H3N_rxn2858_P] exact_s10 batch 8: E -130.39807247  dim 337x337=113569  S^2 4.36e-03  t 25.5s (reused)
[C2H3N_rxn2858_P] exact_s10 batch 9: E -130.39807247  dim 337x337=113569  S^2 4.36e-03  t 25.5s (reused)
[C2H3N_rxn2858_P] exact_s11 batch 0: E -130.39891540  dim 366x366=133956  S^2 4.22e-03  t 28.9s
[C2H3N_rxn2858_P] exact_s11 batch 1: E -130.39891540  dim 366x366=133956  S^2 4.22e-03  t 28.9s (reused)
[C2H3N_rxn2858_P] exact_s11 batch 2: E -130.39891540  dim 366x366=133956  S^2 4.22e-03  t 28.9s (reused)
[C2H3N_rxn2858_P] exact_s11 batch 3: E -130.39891540  dim 366x366=133956  S^2 4.22e-03  t 28.9s (reused)
[C2H3N_rxn2858_P] exact_s11 batch 4: E -130.39891540  dim 366x366=133956  S^2 4.22e-03  t 28.9s (reused)
[C2H3N_rxn2858_P] exact_s11 batch 5: E -130.39891540  dim 366x366=133956  S^2 4.22e-03  t 28.9s (reused)
[C2H3N_rxn2858_P] exact_s11 batch 6: E -130.39891540  dim 366x366=133956  S^2 4.22e-03  t 28.9s (reused)
[C2H3N_rxn2858_P] exact_s11 batch 7: E -130.39891540  dim 366x366=133956  S^2 4.22e-03  t 28.9s (reused)
[C2H3N_rxn2858_P] exact_s11 batch 8: E -130.39891540  dim 366x366=133956  S^2 4.22e-03  t 28.9s (reused)
[C2H3N_rxn2858_P] exact_s11 batch 9: E -130.39891540  dim 366x366=133956  S^2 4.22e-03  t 28.9s (reused)
[C2H3N_rxn2858_P] exact_s12 batch 0: E -130.39862141  dim 346x346=119716  S^2 4.30e-03  t 23.6s
[C2H3N_rxn2858_P] exact_s12 batch 1: E -130.39862141  dim 346x346=119716  S^2 4.30e-03  t 23.6s (reused)
[C2H3N_rxn2858_P] exact_s12 batch 2: E -130.39862141  dim 346x346=119716  S^2 4.30e-03  t 23.6s (reused)
[C2H3N_rxn2858_P] exact_s12 batch 3: E -130.39862141  dim 346x346=119716  S^2 4.30e-03  t 23.6s (reused)
[C2H3N_rxn2858_P] exact_s12 batch 4: E -130.39862141  dim 346x346=119716  S^2 4.30e-03  t 23.6s (reused)
[C2H3N_rxn2858_P] exact_s12 batch 5: E -130.39862141  dim 346x346=119716  S^2 4.30e-03  t 23.6s (reused)
[C2H3N_rxn2858_P] exact_s12 batch 6: E -130.39862141  dim 346x346=119716  S^2 4.30e-03  t 23.6s (reused)
[C2H3N_rxn2858_P] exact_s12 batch 7: E -130.39862141  dim 346x346=119716  S^2 4.30e-03  t 23.6s (reused)
[C2H3N_rxn2858_P] exact_s12 batch 8: E -130.39862141  dim 346x346=119716  S^2 4.30e-03  t 23.6s (reused)
[C2H3N_rxn2858_P] exact_s12 batch 9: E -130.39862141  dim 346x346=119716  S^2 4.30e-03  t 23.6s (reused)
[C2H3N_rxn2858_P] exact_s7 batch 0: E -130.39980207  dim 363x363=131769  S^2 3.60e-03  t 26.0s
[C2H3N_rxn2858_P] exact_s7 batch 1: E -130.39980207  dim 363x363=131769  S^2 3.60e-03  t 26.0s (reused)
[C2H3N_rxn2858_P] exact_s7 batch 2: E -130.39980207  dim 363x363=131769  S^2 3.60e-03  t 26.0s (reused)
[C2H3N_rxn2858_P] exact_s7 batch 3: E -130.39980207  dim 363x363=131769  S^2 3.60e-03  t 26.0s (reused)
[C2H3N_rxn2858_P] exact_s7 batch 4: E -130.39980207  dim 363x363=131769  S^2 3.60e-03  t 26.0s (reused)
[C2H3N_rxn2858_P] exact_s7 batch 5: E -130.39980207  dim 363x363=131769  S^2 3.60e-03  t 26.0s (reused)
[C2H3N_rxn2858_P] exact_s7 batch 6: E -130.39980207  dim 363x363=131769  S^2 3.60e-03  t 26.0s (reused)
[C2H3N_rxn2858_P] exact_s7 batch 7: E -130.39980207  dim 363x363=131769  S^2 3.60e-03  t 26.0s (reused)
[C2H3N_rxn2858_P] exact_s7 batch 8: E -130.39980207  dim 363x363=131769  S^2 3.60e-03  t 26.0s (reused)
[C2H3N_rxn2858_P] exact_s7 batch 9: E -130.39980207  dim 363x363=131769  S^2 3.60e-03  t 26.0s (reused)
[C2H3N_rxn2858_P] exact_s8 batch 0: E -130.39924299  dim 350x350=122500  S^2 3.94e-03  t 25.0s
[C2H3N_rxn2858_P] exact_s8 batch 1: E -130.39924299  dim 350x350=122500  S^2 3.94e-03  t 25.0s (reused)
[C2H3N_rxn2858_P] exact_s8 batch 2: E -130.39924299  dim 350x350=122500  S^2 3.94e-03  t 25.0s (reused)
[C2H3N_rxn2858_P] exact_s8 batch 3: E -130.39924299  dim 350x350=122500  S^2 3.94e-03  t 25.0s (reused)
[C2H3N_rxn2858_P] exact_s8 batch 4: E -130.39924299  dim 350x350=122500  S^2 3.94e-03  t 25.0s (reused)
[C2H3N_rxn2858_P] exact_s8 batch 5: E -130.39924299  dim 350x350=122500  S^2 3.94e-03  t 25.0s (reused)
[C2H3N_rxn2858_P] exact_s8 batch 6: E -130.39924299  dim 350x350=122500  S^2 3.94e-03  t 25.0s (reused)
[C2H3N_rxn2858_P] exact_s8 batch 7: E -130.39924299  dim 350x350=122500  S^2 3.94e-03  t 25.0s (reused)
[C2H3N_rxn2858_P] exact_s8 batch 8: E -130.39924299  dim 350x350=122500  S^2 3.94e-03  t 25.0s (reused)
[C2H3N_rxn2858_P] exact_s8 batch 9: E -130.39924299  dim 350x350=122500  S^2 3.94e-03  t 25.0s (reused)
[C2H3N_rxn2858_P] exact_s9 batch 0: E -130.39890552  dim 353x353=124609  S^2 4.09e-03  t 23.6s
[C2H3N_rxn2858_P] exact_s9 batch 1: E -130.39890552  dim 353x353=124609  S^2 4.09e-03  t 23.6s (reused)
[C2H3N_rxn2858_P] exact_s9 batch 2: E -130.39890552  dim 353x353=124609  S^2 4.09e-03  t 23.6s (reused)
[C2H3N_rxn2858_P] exact_s9 batch 3: E -130.39890552  dim 353x353=124609  S^2 4.09e-03  t 23.6s (reused)
[C2H3N_rxn2858_P] exact_s9 batch 4: E -130.39890552  dim 353x353=124609  S^2 4.09e-03  t 23.6s (reused)
[C2H3N_rxn2858_P] exact_s9 batch 5: E -130.39890552  dim 353x353=124609  S^2 4.09e-03  t 23.6s (reused)
[C2H3N_rxn2858_P] exact_s9 batch 6: E -130.39890552  dim 353x353=124609  S^2 4.09e-03  t 23.6s (reused)
[C2H3N_rxn2858_P] exact_s9 batch 7: E -130.39890552  dim 353x353=124609  S^2 4.09e-03  t 23.6s (reused)
[C2H3N_rxn2858_P] exact_s9 batch 8: E -130.39890552  dim 353x353=124609  S^2 4.09e-03  t 23.6s (reused)
[C2H3N_rxn2858_P] exact_s9 batch 9: E -130.39890552  dim 353x353=124609  S^2 4.09e-03  t 23.6s (reused)
[C2H3N_rxn2858_P] mps128_s10 batch 0: E -130.39974240  dim 353x353=124609  S^2 3.63e-03  t 24.9s
[C2H3N_rxn2858_P] mps128_s10 batch 1: E -130.39974240  dim 353x353=124609  S^2 3.63e-03  t 24.9s (reused)
[C2H3N_rxn2858_P] mps128_s10 batch 2: E -130.39974240  dim 353x353=124609  S^2 3.63e-03  t 24.9s (reused)
[C2H3N_rxn2858_P] mps128_s10 batch 3: E -130.39974240  dim 353x353=124609  S^2 3.63e-03  t 24.9s (reused)
[C2H3N_rxn2858_P] mps128_s10 batch 4: E -130.39974240  dim 353x353=124609  S^2 3.63e-03  t 24.9s (reused)
[C2H3N_rxn2858_P] mps128_s10 batch 5: E -130.39974240  dim 353x353=124609  S^2 3.63e-03  t 24.9s (reused)
[C2H3N_rxn2858_P] mps128_s10 batch 6: E -130.39974240  dim 353x353=124609  S^2 3.63e-03  t 24.9s (reused)
[C2H3N_rxn2858_P] mps128_s10 batch 7: E -130.39974240  dim 353x353=124609  S^2 3.63e-03  t 24.9s (reused)
[C2H3N_rxn2858_P] mps128_s10 batch 8: E -130.39974240  dim 353x353=124609  S^2 3.63e-03  t 24.9s (reused)
[C2H3N_rxn2858_P] mps128_s10 batch 9: E -130.39974240  dim 353x353=124609  S^2 3.63e-03  t 24.9s (reused)
[C2H3N_rxn2858_P] mps128_s11 batch 0: E -130.39862594  dim 332x332=110224  S^2 4.21e-03  t 26.4s
[C2H3N_rxn2858_P] mps128_s11 batch 1: E -130.39862594  dim 332x332=110224  S^2 4.21e-03  t 26.4s (reused)
[C2H3N_rxn2858_P] mps128_s11 batch 2: E -130.39862594  dim 332x332=110224  S^2 4.21e-03  t 26.4s (reused)
[C2H3N_rxn2858_P] mps128_s11 batch 3: E -130.39862594  dim 332x332=110224  S^2 4.21e-03  t 26.4s (reused)
[C2H3N_rxn2858_P] mps128_s11 batch 4: E -130.39862594  dim 332x332=110224  S^2 4.21e-03  t 26.4s (reused)
[C2H3N_rxn2858_P] mps128_s11 batch 5: E -130.39862594  dim 332x332=110224  S^2 4.21e-03  t 26.4s (reused)
[C2H3N_rxn2858_P] mps128_s11 batch 6: E -130.39862594  dim 332x332=110224  S^2 4.21e-03  t 26.4s (reused)
[C2H3N_rxn2858_P] mps128_s11 batch 7: E -130.39862594  dim 332x332=110224  S^2 4.21e-03  t 26.4s (reused)
[C2H3N_rxn2858_P] mps128_s11 batch 8: E -130.39862594  dim 332x332=110224  S^2 4.21e-03  t 26.4s (reused)
[C2H3N_rxn2858_P] mps128_s11 batch 9: E -130.39862594  dim 332x332=110224  S^2 4.21e-03  t 26.4s (reused)
[C2H3N_rxn2858_P] mps128_s12 batch 0: E -130.39890896  dim 349x349=121801  S^2 3.98e-03  t 24.9s
[C2H3N_rxn2858_P] mps128_s12 batch 1: E -130.39890896  dim 349x349=121801  S^2 3.98e-03  t 24.9s (reused)
[C2H3N_rxn2858_P] mps128_s12 batch 2: E -130.39890896  dim 349x349=121801  S^2 3.98e-03  t 24.9s (reused)
[C2H3N_rxn2858_P] mps128_s12 batch 3: E -130.39890896  dim 349x349=121801  S^2 3.98e-03  t 24.9s (reused)
[C2H3N_rxn2858_P] mps128_s12 batch 4: E -130.39890896  dim 349x349=121801  S^2 3.98e-03  t 24.9s (reused)
[C2H3N_rxn2858_P] mps128_s12 batch 5: E -130.39890896  dim 349x349=121801  S^2 3.98e-03  t 24.9s (reused)
[C2H3N_rxn2858_P] mps128_s12 batch 6: E -130.39890896  dim 349x349=121801  S^2 3.98e-03  t 24.9s (reused)
[C2H3N_rxn2858_P] mps128_s12 batch 7: E -130.39890896  dim 349x349=121801  S^2 3.98e-03  t 24.9s (reused)
[C2H3N_rxn2858_P] mps128_s12 batch 8: E -130.39890896  dim 349x349=121801  S^2 3.98e-03  t 24.9s (reused)
[C2H3N_rxn2858_P] mps128_s12 batch 9: E -130.39890896  dim 349x349=121801  S^2 3.98e-03  t 24.9s (reused)
[C2H3N_rxn2858_P] mps128_s7 batch 0: E -130.39899627  dim 357x357=127449  S^2 4.21e-03  t 24.1s
[C2H3N_rxn2858_P] mps128_s7 batch 1: E -130.39899627  dim 357x357=127449  S^2 4.21e-03  t 24.1s (reused)
[C2H3N_rxn2858_P] mps128_s7 batch 2: E -130.39899627  dim 357x357=127449  S^2 4.21e-03  t 24.1s (reused)
[C2H3N_rxn2858_P] mps128_s7 batch 3: E -130.39899627  dim 357x357=127449  S^2 4.21e-03  t 24.1s (reused)
[C2H3N_rxn2858_P] mps128_s7 batch 4: E -130.39899627  dim 357x357=127449  S^2 4.21e-03  t 24.1s (reused)
[C2H3N_rxn2858_P] mps128_s7 batch 5: E -130.39899627  dim 357x357=127449  S^2 4.21e-03  t 24.1s (reused)
[C2H3N_rxn2858_P] mps128_s7 batch 6: E -130.39899627  dim 357x357=127449  S^2 4.21e-03  t 24.1s (reused)
[C2H3N_rxn2858_P] mps128_s7 batch 7: E -130.39899627  dim 357x357=127449  S^2 4.21e-03  t 24.1s (reused)
[C2H3N_rxn2858_P] mps128_s7 batch 8: E -130.39899627  dim 357x357=127449  S^2 4.21e-03  t 24.1s (reused)
[C2H3N_rxn2858_P] mps128_s7 batch 9: E -130.39899627  dim 357x357=127449  S^2 4.21e-03  t 24.1s (reused)
[C2H3N_rxn2858_P] mps128_s8 batch 0: E -130.39845335  dim 342x342=116964  S^2 4.35e-03  t 26.2s
[C2H3N_rxn2858_P] mps128_s8 batch 1: E -130.39845335  dim 342x342=116964  S^2 4.35e-03  t 26.2s (reused)
[C2H3N_rxn2858_P] mps128_s8 batch 2: E -130.39845335  dim 342x342=116964  S^2 4.35e-03  t 26.2s (reused)
[C2H3N_rxn2858_P] mps128_s8 batch 3: E -130.39845335  dim 342x342=116964  S^2 4.35e-03  t 26.2s (reused)
[C2H3N_rxn2858_P] mps128_s8 batch 4: E -130.39845335  dim 342x342=116964  S^2 4.35e-03  t 26.2s (reused)
[C2H3N_rxn2858_P] mps128_s8 batch 5: E -130.39845335  dim 342x342=116964  S^2 4.35e-03  t 26.2s (reused)
[C2H3N_rxn2858_P] mps128_s8 batch 6: E -130.39845335  dim 342x342=116964  S^2 4.35e-03  t 26.2s (reused)
[C2H3N_rxn2858_P] mps128_s8 batch 7: E -130.39845335  dim 342x342=116964  S^2 4.35e-03  t 26.2s (reused)
[C2H3N_rxn2858_P] mps128_s8 batch 8: E -130.39845335  dim 342x342=116964  S^2 4.35e-03  t 26.2s (reused)
[C2H3N_rxn2858_P] mps128_s8 batch 9: E -130.39845335  dim 342x342=116964  S^2 4.35e-03  t 26.2s (reused)
[C2H3N_rxn2858_P] mps128_s9 batch 0: E -130.39896150  dim 356x356=126736  S^2 4.18e-03  t 23.8s
[C2H3N_rxn2858_P] mps128_s9 batch 1: E -130.39896150  dim 356x356=126736  S^2 4.18e-03  t 23.8s (reused)
[C2H3N_rxn2858_P] mps128_s9 batch 2: E -130.39896150  dim 356x356=126736  S^2 4.18e-03  t 23.8s (reused)
[C2H3N_rxn2858_P] mps128_s9 batch 3: E -130.39896150  dim 356x356=126736  S^2 4.18e-03  t 23.8s (reused)
[C2H3N_rxn2858_P] mps128_s9 batch 4: E -130.39896150  dim 356x356=126736  S^2 4.18e-03  t 23.8s (reused)
[C2H3N_rxn2858_P] mps128_s9 batch 5: E -130.39896150  dim 356x356=126736  S^2 4.18e-03  t 23.8s (reused)
[C2H3N_rxn2858_P] mps128_s9 batch 6: E -130.39896150  dim 356x356=126736  S^2 4.18e-03  t 23.8s (reused)
[C2H3N_rxn2858_P] mps128_s9 batch 7: E -130.39896150  dim 356x356=126736  S^2 4.18e-03  t 23.8s (reused)
[C2H3N_rxn2858_P] mps128_s9 batch 8: E -130.39896150  dim 356x356=126736  S^2 4.18e-03  t 23.8s (reused)
[C2H3N_rxn2858_P] mps128_s9 batch 9: E -130.39896150  dim 356x356=126736  S^2 4.18e-03  t 23.8s (reused)
[C2H3N_rxn2858_P] mps256_s10 batch 0: E -130.39977460  dim 385x385=148225  S^2 3.77e-03  t 26.1s
[C2H3N_rxn2858_P] mps256_s10 batch 1: E -130.39977460  dim 385x385=148225  S^2 3.77e-03  t 26.1s (reused)
[C2H3N_rxn2858_P] mps256_s10 batch 2: E -130.39977460  dim 385x385=148225  S^2 3.77e-03  t 26.1s (reused)
[C2H3N_rxn2858_P] mps256_s10 batch 3: E -130.39977460  dim 385x385=148225  S^2 3.77e-03  t 26.1s (reused)
[C2H3N_rxn2858_P] mps256_s10 batch 4: E -130.39977460  dim 385x385=148225  S^2 3.77e-03  t 26.1s (reused)
[C2H3N_rxn2858_P] mps256_s10 batch 5: E -130.39977460  dim 385x385=148225  S^2 3.77e-03  t 26.1s (reused)
[C2H3N_rxn2858_P] mps256_s10 batch 6: E -130.39977460  dim 385x385=148225  S^2 3.77e-03  t 26.1s (reused)
[C2H3N_rxn2858_P] mps256_s10 batch 7: E -130.39977460  dim 385x385=148225  S^2 3.77e-03  t 26.1s (reused)
[C2H3N_rxn2858_P] mps256_s10 batch 8: E -130.39977460  dim 385x385=148225  S^2 3.77e-03  t 26.1s (reused)
[C2H3N_rxn2858_P] mps256_s10 batch 9: E -130.39977460  dim 385x385=148225  S^2 3.77e-03  t 26.1s (reused)
[C2H3N_rxn2858_P] mps256_s11 batch 0: E -130.39951880  dim 370x370=136900  S^2 3.89e-03  t 24.0s
[C2H3N_rxn2858_P] mps256_s11 batch 1: E -130.39951880  dim 370x370=136900  S^2 3.89e-03  t 24.0s (reused)
[C2H3N_rxn2858_P] mps256_s11 batch 2: E -130.39951880  dim 370x370=136900  S^2 3.89e-03  t 24.0s (reused)
[C2H3N_rxn2858_P] mps256_s11 batch 3: E -130.39951880  dim 370x370=136900  S^2 3.89e-03  t 24.0s (reused)
[C2H3N_rxn2858_P] mps256_s11 batch 4: E -130.39951880  dim 370x370=136900  S^2 3.89e-03  t 24.0s (reused)
[C2H3N_rxn2858_P] mps256_s11 batch 5: E -130.39951880  dim 370x370=136900  S^2 3.89e-03  t 24.0s (reused)
[C2H3N_rxn2858_P] mps256_s11 batch 6: E -130.39951880  dim 370x370=136900  S^2 3.89e-03  t 24.0s (reused)
[C2H3N_rxn2858_P] mps256_s11 batch 7: E -130.39951880  dim 370x370=136900  S^2 3.89e-03  t 24.0s (reused)
[C2H3N_rxn2858_P] mps256_s11 batch 8: E -130.39951880  dim 370x370=136900  S^2 3.89e-03  t 24.0s (reused)
[C2H3N_rxn2858_P] mps256_s11 batch 9: E -130.39951880  dim 370x370=136900  S^2 3.89e-03  t 24.0s (reused)
[C2H3N_rxn2858_P] mps256_s12 batch 0: E -130.39925261  dim 361x361=130321  S^2 4.08e-03  t 23.9s
[C2H3N_rxn2858_P] mps256_s12 batch 1: E -130.39925261  dim 361x361=130321  S^2 4.08e-03  t 23.9s (reused)
[C2H3N_rxn2858_P] mps256_s12 batch 2: E -130.39925261  dim 361x361=130321  S^2 4.08e-03  t 23.9s (reused)
[C2H3N_rxn2858_P] mps256_s12 batch 3: E -130.39925261  dim 361x361=130321  S^2 4.08e-03  t 23.9s (reused)
[C2H3N_rxn2858_P] mps256_s12 batch 4: E -130.39925261  dim 361x361=130321  S^2 4.08e-03  t 23.9s (reused)
[C2H3N_rxn2858_P] mps256_s12 batch 5: E -130.39925261  dim 361x361=130321  S^2 4.08e-03  t 23.9s (reused)
[C2H3N_rxn2858_P] mps256_s12 batch 6: E -130.39925261  dim 361x361=130321  S^2 4.08e-03  t 23.9s (reused)
[C2H3N_rxn2858_P] mps256_s12 batch 7: E -130.39925261  dim 361x361=130321  S^2 4.08e-03  t 23.9s (reused)
[C2H3N_rxn2858_P] mps256_s12 batch 8: E -130.39925261  dim 361x361=130321  S^2 4.08e-03  t 23.9s (reused)
[C2H3N_rxn2858_P] mps256_s12 batch 9: E -130.39925261  dim 361x361=130321  S^2 4.08e-03  t 23.9s (reused)
[C2H3N_rxn2858_P] mps256_s7 batch 0: E -130.39887123  dim 357x357=127449  S^2 4.02e-03  t 23.7s
[C2H3N_rxn2858_P] mps256_s7 batch 1: E -130.39887123  dim 357x357=127449  S^2 4.02e-03  t 23.7s (reused)
[C2H3N_rxn2858_P] mps256_s7 batch 2: E -130.39887123  dim 357x357=127449  S^2 4.02e-03  t 23.7s (reused)
[C2H3N_rxn2858_P] mps256_s7 batch 3: E -130.39887123  dim 357x357=127449  S^2 4.02e-03  t 23.7s (reused)
[C2H3N_rxn2858_P] mps256_s7 batch 4: E -130.39887123  dim 357x357=127449  S^2 4.02e-03  t 23.7s (reused)
[C2H3N_rxn2858_P] mps256_s7 batch 5: E -130.39887123  dim 357x357=127449  S^2 4.02e-03  t 23.7s (reused)
[C2H3N_rxn2858_P] mps256_s7 batch 6: E -130.39887123  dim 357x357=127449  S^2 4.02e-03  t 23.7s (reused)
[C2H3N_rxn2858_P] mps256_s7 batch 7: E -130.39887123  dim 357x357=127449  S^2 4.02e-03  t 23.7s (reused)
[C2H3N_rxn2858_P] mps256_s7 batch 8: E -130.39887123  dim 357x357=127449  S^2 4.02e-03  t 23.7s (reused)
[C2H3N_rxn2858_P] mps256_s7 batch 9: E -130.39887123  dim 357x357=127449  S^2 4.02e-03  t 23.7s (reused)
[C2H3N_rxn2858_P] mps256_s8 batch 0: E -130.39979137  dim 361x361=130321  S^2 3.62e-03  t 23.9s
[C2H3N_rxn2858_P] mps256_s8 batch 1: E -130.39979137  dim 361x361=130321  S^2 3.62e-03  t 23.9s (reused)
[C2H3N_rxn2858_P] mps256_s8 batch 2: E -130.39979137  dim 361x361=130321  S^2 3.62e-03  t 23.9s (reused)
[C2H3N_rxn2858_P] mps256_s8 batch 3: E -130.39979137  dim 361x361=130321  S^2 3.62e-03  t 23.9s (reused)
[C2H3N_rxn2858_P] mps256_s8 batch 4: E -130.39979137  dim 361x361=130321  S^2 3.62e-03  t 23.9s (reused)
[C2H3N_rxn2858_P] mps256_s8 batch 5: E -130.39979137  dim 361x361=130321  S^2 3.62e-03  t 23.9s (reused)
[C2H3N_rxn2858_P] mps256_s8 batch 6: E -130.39979137  dim 361x361=130321  S^2 3.62e-03  t 23.9s (reused)
[C2H3N_rxn2858_P] mps256_s8 batch 7: E -130.39979137  dim 361x361=130321  S^2 3.62e-03  t 23.9s (reused)
[C2H3N_rxn2858_P] mps256_s8 batch 8: E -130.39979137  dim 361x361=130321  S^2 3.62e-03  t 23.9s (reused)
[C2H3N_rxn2858_P] mps256_s8 batch 9: E -130.39979137  dim 361x361=130321  S^2 3.62e-03  t 23.9s (reused)
[C2H3N_rxn2858_P] mps256_s9 batch 0: E -130.39853988  dim 350x350=122500  S^2 4.25e-03  t 25.2s
[C2H3N_rxn2858_P] mps256_s9 batch 1: E -130.39853988  dim 350x350=122500  S^2 4.25e-03  t 25.2s (reused)
[C2H3N_rxn2858_P] mps256_s9 batch 2: E -130.39853988  dim 350x350=122500  S^2 4.25e-03  t 25.2s (reused)
[C2H3N_rxn2858_P] mps256_s9 batch 3: E -130.39853988  dim 350x350=122500  S^2 4.25e-03  t 25.2s (reused)
[C2H3N_rxn2858_P] mps256_s9 batch 4: E -130.39853988  dim 350x350=122500  S^2 4.25e-03  t 25.2s (reused)
[C2H3N_rxn2858_P] mps256_s9 batch 5: E -130.39853988  dim 350x350=122500  S^2 4.25e-03  t 25.2s (reused)
[C2H3N_rxn2858_P] mps256_s9 batch 6: E -130.39853988  dim 350x350=122500  S^2 4.25e-03  t 25.2s (reused)
[C2H3N_rxn2858_P] mps256_s9 batch 7: E -130.39853988  dim 350x350=122500  S^2 4.25e-03  t 25.2s (reused)
[C2H3N_rxn2858_P] mps256_s9 batch 8: E -130.39853988  dim 350x350=122500  S^2 4.25e-03  t 25.2s (reused)
[C2H3N_rxn2858_P] mps256_s9 batch 9: E -130.39853988  dim 350x350=122500  S^2 4.25e-03  t 25.2s (reused)
[C2H3N_rxn2858_P] mps512_s10 batch 0: E -130.39868233  dim 369x369=136161  S^2 4.19e-03  t 26.5s
[C2H3N_rxn2858_P] mps512_s10 batch 1: E -130.39868233  dim 369x369=136161  S^2 4.19e-03  t 26.5s (reused)
[C2H3N_rxn2858_P] mps512_s10 batch 2: E -130.39868233  dim 369x369=136161  S^2 4.19e-03  t 26.5s (reused)
[C2H3N_rxn2858_P] mps512_s10 batch 3: E -130.39868233  dim 369x369=136161  S^2 4.19e-03  t 26.5s (reused)
[C2H3N_rxn2858_P] mps512_s10 batch 4: E -130.39868233  dim 369x369=136161  S^2 4.19e-03  t 26.5s (reused)
[C2H3N_rxn2858_P] mps512_s10 batch 5: E -130.39868233  dim 369x369=136161  S^2 4.19e-03  t 26.5s (reused)
[C2H3N_rxn2858_P] mps512_s10 batch 6: E -130.39868233  dim 369x369=136161  S^2 4.19e-03  t 26.5s (reused)
[C2H3N_rxn2858_P] mps512_s10 batch 7: E -130.39868233  dim 369x369=136161  S^2 4.19e-03  t 26.5s (reused)
[C2H3N_rxn2858_P] mps512_s10 batch 8: E -130.39868233  dim 369x369=136161  S^2 4.19e-03  t 26.5s (reused)
[C2H3N_rxn2858_P] mps512_s10 batch 9: E -130.39868233  dim 369x369=136161  S^2 4.19e-03  t 26.5s (reused)
[C2H3N_rxn2858_P] mps512_s11 batch 0: E -130.39951526  dim 353x353=124609  S^2 3.77e-03  t 23.4s
[C2H3N_rxn2858_P] mps512_s11 batch 1: E -130.39951526  dim 353x353=124609  S^2 3.77e-03  t 23.4s (reused)
[C2H3N_rxn2858_P] mps512_s11 batch 2: E -130.39951526  dim 353x353=124609  S^2 3.77e-03  t 23.4s (reused)
[C2H3N_rxn2858_P] mps512_s11 batch 3: E -130.39951526  dim 353x353=124609  S^2 3.77e-03  t 23.4s (reused)
[C2H3N_rxn2858_P] mps512_s11 batch 4: E -130.39951526  dim 353x353=124609  S^2 3.77e-03  t 23.4s (reused)
[C2H3N_rxn2858_P] mps512_s11 batch 5: E -130.39951526  dim 353x353=124609  S^2 3.77e-03  t 23.4s (reused)
[C2H3N_rxn2858_P] mps512_s11 batch 6: E -130.39951526  dim 353x353=124609  S^2 3.77e-03  t 23.4s (reused)
[C2H3N_rxn2858_P] mps512_s11 batch 7: E -130.39951526  dim 353x353=124609  S^2 3.77e-03  t 23.4s (reused)
[C2H3N_rxn2858_P] mps512_s11 batch 8: E -130.39951526  dim 353x353=124609  S^2 3.77e-03  t 23.4s (reused)
[C2H3N_rxn2858_P] mps512_s11 batch 9: E -130.39951526  dim 353x353=124609  S^2 3.77e-03  t 23.4s (reused)
[C2H3N_rxn2858_P] mps512_s12 batch 0: E -130.39960250  dim 373x373=139129  S^2 3.85e-03  t 26.6s
[C2H3N_rxn2858_P] mps512_s12 batch 1: E -130.39960250  dim 373x373=139129  S^2 3.85e-03  t 26.6s (reused)
[C2H3N_rxn2858_P] mps512_s12 batch 2: E -130.39960250  dim 373x373=139129  S^2 3.85e-03  t 26.6s (reused)
[C2H3N_rxn2858_P] mps512_s12 batch 3: E -130.39960250  dim 373x373=139129  S^2 3.85e-03  t 26.6s (reused)
[C2H3N_rxn2858_P] mps512_s12 batch 4: E -130.39960250  dim 373x373=139129  S^2 3.85e-03  t 26.6s (reused)
[C2H3N_rxn2858_P] mps512_s12 batch 5: E -130.39960250  dim 373x373=139129  S^2 3.85e-03  t 26.6s (reused)
[C2H3N_rxn2858_P] mps512_s12 batch 6: E -130.39960250  dim 373x373=139129  S^2 3.85e-03  t 26.6s (reused)
[C2H3N_rxn2858_P] mps512_s12 batch 7: E -130.39960250  dim 373x373=139129  S^2 3.85e-03  t 26.6s (reused)
[C2H3N_rxn2858_P] mps512_s12 batch 8: E -130.39960250  dim 373x373=139129  S^2 3.85e-03  t 26.6s (reused)
[C2H3N_rxn2858_P] mps512_s12 batch 9: E -130.39960250  dim 373x373=139129  S^2 3.85e-03  t 26.6s (reused)
[C2H3N_rxn2858_P] mps512_s7 batch 0: E -130.39864181  dim 372x372=138384  S^2 4.37e-03  t 26.7s
[C2H3N_rxn2858_P] mps512_s7 batch 1: E -130.39864181  dim 372x372=138384  S^2 4.37e-03  t 26.7s (reused)
[C2H3N_rxn2858_P] mps512_s7 batch 2: E -130.39864181  dim 372x372=138384  S^2 4.37e-03  t 26.7s (reused)
[C2H3N_rxn2858_P] mps512_s7 batch 3: E -130.39864181  dim 372x372=138384  S^2 4.37e-03  t 26.7s (reused)
[C2H3N_rxn2858_P] mps512_s7 batch 4: E -130.39864181  dim 372x372=138384  S^2 4.37e-03  t 26.7s (reused)
[C2H3N_rxn2858_P] mps512_s7 batch 5: E -130.39864181  dim 372x372=138384  S^2 4.37e-03  t 26.7s (reused)
[C2H3N_rxn2858_P] mps512_s7 batch 6: E -130.39864181  dim 372x372=138384  S^2 4.37e-03  t 26.7s (reused)
[C2H3N_rxn2858_P] mps512_s7 batch 7: E -130.39864181  dim 372x372=138384  S^2 4.37e-03  t 26.7s (reused)
[C2H3N_rxn2858_P] mps512_s7 batch 8: E -130.39864181  dim 372x372=138384  S^2 4.37e-03  t 26.7s (reused)
[C2H3N_rxn2858_P] mps512_s7 batch 9: E -130.39864181  dim 372x372=138384  S^2 4.37e-03  t 26.7s (reused)
[C2H3N_rxn2858_P] mps512_s8 batch 0: E -130.39963674  dim 375x375=140625  S^2 3.69e-03  t 28.6s
[C2H3N_rxn2858_P] mps512_s8 batch 1: E -130.39963674  dim 375x375=140625  S^2 3.69e-03  t 28.6s (reused)
[C2H3N_rxn2858_P] mps512_s8 batch 2: E -130.39963674  dim 375x375=140625  S^2 3.69e-03  t 28.6s (reused)
[C2H3N_rxn2858_P] mps512_s8 batch 3: E -130.39963674  dim 375x375=140625  S^2 3.69e-03  t 28.6s (reused)
[C2H3N_rxn2858_P] mps512_s8 batch 4: E -130.39963674  dim 375x375=140625  S^2 3.69e-03  t 28.6s (reused)
[C2H3N_rxn2858_P] mps512_s8 batch 5: E -130.39963674  dim 375x375=140625  S^2 3.69e-03  t 28.6s (reused)
[C2H3N_rxn2858_P] mps512_s8 batch 6: E -130.39963674  dim 375x375=140625  S^2 3.69e-03  t 28.6s (reused)
[C2H3N_rxn2858_P] mps512_s8 batch 7: E -130.39963674  dim 375x375=140625  S^2 3.69e-03  t 28.6s (reused)
[C2H3N_rxn2858_P] mps512_s8 batch 8: E -130.39963674  dim 375x375=140625  S^2 3.69e-03  t 28.6s (reused)
[C2H3N_rxn2858_P] mps512_s8 batch 9: E -130.39963674  dim 375x375=140625  S^2 3.69e-03  t 28.6s (reused)
[C2H3N_rxn2858_P] mps512_s9 batch 0: E -130.39942813  dim 348x348=121104  S^2 3.88e-03  t 23.1s
[C2H3N_rxn2858_P] mps512_s9 batch 1: E -130.39942813  dim 348x348=121104  S^2 3.88e-03  t 23.1s (reused)
[C2H3N_rxn2858_P] mps512_s9 batch 2: E -130.39942813  dim 348x348=121104  S^2 3.88e-03  t 23.1s (reused)
[C2H3N_rxn2858_P] mps512_s9 batch 3: E -130.39942813  dim 348x348=121104  S^2 3.88e-03  t 23.1s (reused)
[C2H3N_rxn2858_P] mps512_s9 batch 4: E -130.39942813  dim 348x348=121104  S^2 3.88e-03  t 23.1s (reused)
[C2H3N_rxn2858_P] mps512_s9 batch 5: E -130.39942813  dim 348x348=121104  S^2 3.88e-03  t 23.1s (reused)
[C2H3N_rxn2858_P] mps512_s9 batch 6: E -130.39942813  dim 348x348=121104  S^2 3.88e-03  t 23.1s (reused)
[C2H3N_rxn2858_P] mps512_s9 batch 7: E -130.39942813  dim 348x348=121104  S^2 3.88e-03  t 23.1s (reused)
[C2H3N_rxn2858_P] mps512_s9 batch 8: E -130.39942813  dim 348x348=121104  S^2 3.88e-03  t 23.1s (reused)
[C2H3N_rxn2858_P] mps512_s9 batch 9: E -130.39942813  dim 348x348=121104  S^2 3.88e-03  t 23.1s (reused)
[C2H3N_rxn2858_TS] exact_s10 batch 0: E -130.24821204  dim 435x435=189225  S^2 4.53e-03  t 43.7s
[C2H3N_rxn2858_TS] exact_s10 batch 1: E -130.24821204  dim 435x435=189225  S^2 4.53e-03  t 43.7s (reused)
[C2H3N_rxn2858_TS] exact_s10 batch 2: E -130.24821204  dim 435x435=189225  S^2 4.53e-03  t 43.7s (reused)
[C2H3N_rxn2858_TS] exact_s10 batch 3: E -130.24821204  dim 435x435=189225  S^2 4.53e-03  t 43.7s (reused)
[C2H3N_rxn2858_TS] exact_s10 batch 4: E -130.24821204  dim 435x435=189225  S^2 4.53e-03  t 43.7s (reused)
[C2H3N_rxn2858_TS] exact_s10 batch 5: E -130.24821204  dim 435x435=189225  S^2 4.53e-03  t 43.7s (reused)
[C2H3N_rxn2858_TS] exact_s10 batch 6: E -130.24821204  dim 435x435=189225  S^2 4.53e-03  t 43.7s (reused)
[C2H3N_rxn2858_TS] exact_s10 batch 7: E -130.24821204  dim 435x435=189225  S^2 4.53e-03  t 43.7s (reused)
[C2H3N_rxn2858_TS] exact_s10 batch 8: E -130.24821204  dim 435x435=189225  S^2 4.53e-03  t 43.7s (reused)
[C2H3N_rxn2858_TS] exact_s10 batch 9: E -130.24821204  dim 435x435=189225  S^2 4.53e-03  t 43.7s (reused)
[C2H3N_rxn2858_TS] exact_s11 batch 0: E -130.24818261  dim 436x436=190096  S^2 4.41e-03  t 36.1s
[C2H3N_rxn2858_TS] exact_s11 batch 1: E -130.24818261  dim 436x436=190096  S^2 4.41e-03  t 36.1s (reused)
[C2H3N_rxn2858_TS] exact_s11 batch 2: E -130.24818261  dim 436x436=190096  S^2 4.41e-03  t 36.1s (reused)
[C2H3N_rxn2858_TS] exact_s11 batch 3: E -130.24818261  dim 436x436=190096  S^2 4.41e-03  t 36.1s (reused)
[C2H3N_rxn2858_TS] exact_s11 batch 4: E -130.24818261  dim 436x436=190096  S^2 4.41e-03  t 36.1s (reused)
[C2H3N_rxn2858_TS] exact_s11 batch 5: E -130.24818261  dim 436x436=190096  S^2 4.41e-03  t 36.1s (reused)
[C2H3N_rxn2858_TS] exact_s11 batch 6: E -130.24818261  dim 436x436=190096  S^2 4.41e-03  t 36.1s (reused)
[C2H3N_rxn2858_TS] exact_s11 batch 7: E -130.24818261  dim 436x436=190096  S^2 4.41e-03  t 36.1s (reused)
[C2H3N_rxn2858_TS] exact_s11 batch 8: E -130.24818261  dim 436x436=190096  S^2 4.41e-03  t 36.1s (reused)
[C2H3N_rxn2858_TS] exact_s11 batch 9: E -130.24818261  dim 436x436=190096  S^2 4.41e-03  t 36.1s (reused)
[C2H3N_rxn2858_TS] exact_s12 batch 0: E -130.24916089  dim 447x447=199809  S^2 4.09e-03  t 42.2s
[C2H3N_rxn2858_TS] exact_s12 batch 1: E -130.24916089  dim 447x447=199809  S^2 4.09e-03  t 42.2s (reused)
[C2H3N_rxn2858_TS] exact_s12 batch 2: E -130.24916089  dim 447x447=199809  S^2 4.09e-03  t 42.2s (reused)
[C2H3N_rxn2858_TS] exact_s12 batch 3: E -130.24916089  dim 447x447=199809  S^2 4.09e-03  t 42.2s (reused)
[C2H3N_rxn2858_TS] exact_s12 batch 4: E -130.24916089  dim 447x447=199809  S^2 4.09e-03  t 42.2s (reused)
[C2H3N_rxn2858_TS] exact_s12 batch 5: E -130.24916089  dim 447x447=199809  S^2 4.09e-03  t 42.2s (reused)
[C2H3N_rxn2858_TS] exact_s12 batch 6: E -130.24916089  dim 447x447=199809  S^2 4.09e-03  t 42.2s (reused)
[C2H3N_rxn2858_TS] exact_s12 batch 7: E -130.24916089  dim 447x447=199809  S^2 4.09e-03  t 42.2s (reused)
[C2H3N_rxn2858_TS] exact_s12 batch 8: E -130.24916089  dim 447x447=199809  S^2 4.09e-03  t 42.2s (reused)
[C2H3N_rxn2858_TS] exact_s12 batch 9: E -130.24916089  dim 447x447=199809  S^2 4.09e-03  t 42.2s (reused)
[C2H3N_rxn2858_TS] exact_s7 batch 0: E -130.24906989  dim 445x445=198025  S^2 4.20e-03  t 40.1s
[C2H3N_rxn2858_TS] exact_s7 batch 1: E -130.24906989  dim 445x445=198025  S^2 4.20e-03  t 40.1s (reused)
[C2H3N_rxn2858_TS] exact_s7 batch 2: E -130.24906989  dim 445x445=198025  S^2 4.20e-03  t 40.1s (reused)
[C2H3N_rxn2858_TS] exact_s7 batch 3: E -130.24906989  dim 445x445=198025  S^2 4.20e-03  t 40.1s (reused)
[C2H3N_rxn2858_TS] exact_s7 batch 4: E -130.24906989  dim 445x445=198025  S^2 4.20e-03  t 40.1s (reused)
[C2H3N_rxn2858_TS] exact_s7 batch 5: E -130.24906989  dim 445x445=198025  S^2 4.20e-03  t 40.1s (reused)
[C2H3N_rxn2858_TS] exact_s7 batch 6: E -130.24906989  dim 445x445=198025  S^2 4.20e-03  t 40.1s (reused)
[C2H3N_rxn2858_TS] exact_s7 batch 7: E -130.24906989  dim 445x445=198025  S^2 4.20e-03  t 40.1s (reused)
[C2H3N_rxn2858_TS] exact_s7 batch 8: E -130.24906989  dim 445x445=198025  S^2 4.20e-03  t 40.1s (reused)
[C2H3N_rxn2858_TS] exact_s7 batch 9: E -130.24906989  dim 445x445=198025  S^2 4.20e-03  t 40.1s (reused)
[C2H3N_rxn2858_TS] exact_s8 batch 0: E -130.24977356  dim 473x473=223729  S^2 3.77e-03  t 57.1s
[C2H3N_rxn2858_TS] exact_s8 batch 1: E -130.24977356  dim 473x473=223729  S^2 3.77e-03  t 57.1s (reused)
[C2H3N_rxn2858_TS] exact_s8 batch 2: E -130.24977356  dim 473x473=223729  S^2 3.77e-03  t 57.1s (reused)
[C2H3N_rxn2858_TS] exact_s8 batch 3: E -130.24977356  dim 473x473=223729  S^2 3.77e-03  t 57.1s (reused)
[C2H3N_rxn2858_TS] exact_s8 batch 4: E -130.24977356  dim 473x473=223729  S^2 3.77e-03  t 57.1s (reused)
[C2H3N_rxn2858_TS] exact_s8 batch 5: E -130.24977356  dim 473x473=223729  S^2 3.77e-03  t 57.1s (reused)
[C2H3N_rxn2858_TS] exact_s8 batch 6: E -130.24977356  dim 473x473=223729  S^2 3.77e-03  t 57.1s (reused)
[C2H3N_rxn2858_TS] exact_s8 batch 7: E -130.24977356  dim 473x473=223729  S^2 3.77e-03  t 57.1s (reused)
[C2H3N_rxn2858_TS] exact_s8 batch 8: E -130.24977356  dim 473x473=223729  S^2 3.77e-03  t 57.1s (reused)
[C2H3N_rxn2858_TS] exact_s8 batch 9: E -130.24977356  dim 473x473=223729  S^2 3.77e-03  t 57.1s (reused)
[C2H3N_rxn2858_TS] exact_s9 batch 0: E -130.24875599  dim 447x447=199809  S^2 4.19e-03  t 39.5s
[C2H3N_rxn2858_TS] exact_s9 batch 1: E -130.24875599  dim 447x447=199809  S^2 4.19e-03  t 39.5s (reused)
[C2H3N_rxn2858_TS] exact_s9 batch 2: E -130.24875599  dim 447x447=199809  S^2 4.19e-03  t 39.5s (reused)
[C2H3N_rxn2858_TS] exact_s9 batch 3: E -130.24875599  dim 447x447=199809  S^2 4.19e-03  t 39.5s (reused)
[C2H3N_rxn2858_TS] exact_s9 batch 4: E -130.24875599  dim 447x447=199809  S^2 4.19e-03  t 39.5s (reused)
[C2H3N_rxn2858_TS] exact_s9 batch 5: E -130.24875599  dim 447x447=199809  S^2 4.19e-03  t 39.5s (reused)
[C2H3N_rxn2858_TS] exact_s9 batch 6: E -130.24875599  dim 447x447=199809  S^2 4.19e-03  t 39.5s (reused)
[C2H3N_rxn2858_TS] exact_s9 batch 7: E -130.24875599  dim 447x447=199809  S^2 4.19e-03  t 39.5s (reused)
[C2H3N_rxn2858_TS] exact_s9 batch 8: E -130.24875599  dim 447x447=199809  S^2 4.19e-03  t 39.5s (reused)
[C2H3N_rxn2858_TS] exact_s9 batch 9: E -130.24875599  dim 447x447=199809  S^2 4.19e-03  t 39.5s (reused)
[C2H3N_rxn2858_TS] mps128_s10 batch 0: E -130.24897937  dim 442x442=195364  S^2 4.04e-03  t 39.5s
[C2H3N_rxn2858_TS] mps128_s10 batch 1: E -130.24897937  dim 442x442=195364  S^2 4.04e-03  t 39.5s (reused)
[C2H3N_rxn2858_TS] mps128_s10 batch 2: E -130.24897937  dim 442x442=195364  S^2 4.04e-03  t 39.5s (reused)
[C2H3N_rxn2858_TS] mps128_s10 batch 3: E -130.24897937  dim 442x442=195364  S^2 4.04e-03  t 39.5s (reused)
[C2H3N_rxn2858_TS] mps128_s10 batch 4: E -130.24897937  dim 442x442=195364  S^2 4.04e-03  t 39.5s (reused)
[C2H3N_rxn2858_TS] mps128_s10 batch 5: E -130.24897937  dim 442x442=195364  S^2 4.04e-03  t 39.5s (reused)
[C2H3N_rxn2858_TS] mps128_s10 batch 6: E -130.24897937  dim 442x442=195364  S^2 4.04e-03  t 39.5s (reused)
[C2H3N_rxn2858_TS] mps128_s10 batch 7: E -130.24897937  dim 442x442=195364  S^2 4.04e-03  t 39.5s (reused)
[C2H3N_rxn2858_TS] mps128_s10 batch 8: E -130.24897937  dim 442x442=195364  S^2 4.04e-03  t 39.5s (reused)
[C2H3N_rxn2858_TS] mps128_s10 batch 9: E -130.24897937  dim 442x442=195364  S^2 4.04e-03  t 39.5s (reused)
[C2H3N_rxn2858_TS] mps128_s11 batch 0: E -130.24805084  dim 421x421=177241  S^2 4.57e-03  t 34.3s
[C2H3N_rxn2858_TS] mps128_s11 batch 1: E -130.24805084  dim 421x421=177241  S^2 4.57e-03  t 34.3s (reused)
[C2H3N_rxn2858_TS] mps128_s11 batch 2: E -130.24805084  dim 421x421=177241  S^2 4.57e-03  t 34.3s (reused)
[C2H3N_rxn2858_TS] mps128_s11 batch 3: E -130.24805084  dim 421x421=177241  S^2 4.57e-03  t 34.3s (reused)
[C2H3N_rxn2858_TS] mps128_s11 batch 4: E -130.24805084  dim 421x421=177241  S^2 4.57e-03  t 34.3s (reused)
[C2H3N_rxn2858_TS] mps128_s11 batch 5: E -130.24805084  dim 421x421=177241  S^2 4.57e-03  t 34.3s (reused)
[C2H3N_rxn2858_TS] mps128_s11 batch 6: E -130.24805084  dim 421x421=177241  S^2 4.57e-03  t 34.3s (reused)
[C2H3N_rxn2858_TS] mps128_s11 batch 7: E -130.24805084  dim 421x421=177241  S^2 4.57e-03  t 34.3s (reused)
[C2H3N_rxn2858_TS] mps128_s11 batch 8: E -130.24805084  dim 421x421=177241  S^2 4.57e-03  t 34.3s (reused)
[C2H3N_rxn2858_TS] mps128_s11 batch 9: E -130.24805084  dim 421x421=177241  S^2 4.57e-03  t 34.3s (reused)
[C2H3N_rxn2858_TS] mps128_s12 batch 0: E -130.24795660  dim 404x404=163216  S^2 4.76e-03  t 36.9s
[C2H3N_rxn2858_TS] mps128_s12 batch 1: E -130.24795660  dim 404x404=163216  S^2 4.76e-03  t 36.9s (reused)
[C2H3N_rxn2858_TS] mps128_s12 batch 2: E -130.24795660  dim 404x404=163216  S^2 4.76e-03  t 36.9s (reused)
[C2H3N_rxn2858_TS] mps128_s12 batch 3: E -130.24795660  dim 404x404=163216  S^2 4.76e-03  t 36.9s (reused)
[C2H3N_rxn2858_TS] mps128_s12 batch 4: E -130.24795660  dim 404x404=163216  S^2 4.76e-03  t 36.9s (reused)
[C2H3N_rxn2858_TS] mps128_s12 batch 5: E -130.24795660  dim 404x404=163216  S^2 4.76e-03  t 36.9s (reused)
[C2H3N_rxn2858_TS] mps128_s12 batch 6: E -130.24795660  dim 404x404=163216  S^2 4.76e-03  t 36.9s (reused)
[C2H3N_rxn2858_TS] mps128_s12 batch 7: E -130.24795660  dim 404x404=163216  S^2 4.76e-03  t 36.9s (reused)
[C2H3N_rxn2858_TS] mps128_s12 batch 8: E -130.24795660  dim 404x404=163216  S^2 4.76e-03  t 36.9s (reused)
[C2H3N_rxn2858_TS] mps128_s12 batch 9: E -130.24795660  dim 404x404=163216  S^2 4.76e-03  t 36.9s (reused)
[C2H3N_rxn2858_TS] mps128_s7 batch 0: E -130.24853683  dim 439x439=192721  S^2 4.38e-03  t 38.1s
[C2H3N_rxn2858_TS] mps128_s7 batch 1: E -130.24853683  dim 439x439=192721  S^2 4.38e-03  t 38.1s (reused)
[C2H3N_rxn2858_TS] mps128_s7 batch 2: E -130.24853683  dim 439x439=192721  S^2 4.38e-03  t 38.1s (reused)
[C2H3N_rxn2858_TS] mps128_s7 batch 3: E -130.24853683  dim 439x439=192721  S^2 4.38e-03  t 38.1s (reused)
[C2H3N_rxn2858_TS] mps128_s7 batch 4: E -130.24853683  dim 439x439=192721  S^2 4.38e-03  t 38.1s (reused)
[C2H3N_rxn2858_TS] mps128_s7 batch 5: E -130.24853683  dim 439x439=192721  S^2 4.38e-03  t 38.1s (reused)
[C2H3N_rxn2858_TS] mps128_s7 batch 6: E -130.24853683  dim 439x439=192721  S^2 4.38e-03  t 38.1s (reused)
[C2H3N_rxn2858_TS] mps128_s7 batch 7: E -130.24853683  dim 439x439=192721  S^2 4.38e-03  t 38.1s (reused)
[C2H3N_rxn2858_TS] mps128_s7 batch 8: E -130.24853683  dim 439x439=192721  S^2 4.38e-03  t 38.1s (reused)
[C2H3N_rxn2858_TS] mps128_s7 batch 9: E -130.24853683  dim 439x439=192721  S^2 4.38e-03  t 38.1s (reused)
[C2H3N_rxn2858_TS] mps128_s8 batch 0: E -130.24899789  dim 421x421=177241  S^2 4.18e-03  t 41.9s
[C2H3N_rxn2858_TS] mps128_s8 batch 1: E -130.24899789  dim 421x421=177241  S^2 4.18e-03  t 41.9s (reused)
[C2H3N_rxn2858_TS] mps128_s8 batch 2: E -130.24899789  dim 421x421=177241  S^2 4.18e-03  t 41.9s (reused)
[C2H3N_rxn2858_TS] mps128_s8 batch 3: E -130.24899789  dim 421x421=177241  S^2 4.18e-03  t 41.9s (reused)
[C2H3N_rxn2858_TS] mps128_s8 batch 4: E -130.24899789  dim 421x421=177241  S^2 4.18e-03  t 41.9s (reused)
[C2H3N_rxn2858_TS] mps128_s8 batch 5: E -130.24899789  dim 421x421=177241  S^2 4.18e-03  t 41.9s (reused)
[C2H3N_rxn2858_TS] mps128_s8 batch 6: E -130.24899789  dim 421x421=177241  S^2 4.18e-03  t 41.9s (reused)
[C2H3N_rxn2858_TS] mps128_s8 batch 7: E -130.24899789  dim 421x421=177241  S^2 4.18e-03  t 41.9s (reused)
[C2H3N_rxn2858_TS] mps128_s8 batch 8: E -130.24899789  dim 421x421=177241  S^2 4.18e-03  t 41.9s (reused)
[C2H3N_rxn2858_TS] mps128_s8 batch 9: E -130.24899789  dim 421x421=177241  S^2 4.18e-03  t 41.9s (reused)
[C2H3N_rxn2858_TS] mps128_s9 batch 0: E -130.24801567  dim 424x424=179776  S^2 4.40e-03  t 39.1s
[C2H3N_rxn2858_TS] mps128_s9 batch 1: E -130.24801567  dim 424x424=179776  S^2 4.40e-03  t 39.1s (reused)
[C2H3N_rxn2858_TS] mps128_s9 batch 2: E -130.24801567  dim 424x424=179776  S^2 4.40e-03  t 39.1s (reused)
[C2H3N_rxn2858_TS] mps128_s9 batch 3: E -130.24801567  dim 424x424=179776  S^2 4.40e-03  t 39.1s (reused)
[C2H3N_rxn2858_TS] mps128_s9 batch 4: E -130.24801567  dim 424x424=179776  S^2 4.40e-03  t 39.1s (reused)
[C2H3N_rxn2858_TS] mps128_s9 batch 5: E -130.24801567  dim 424x424=179776  S^2 4.40e-03  t 39.1s (reused)
[C2H3N_rxn2858_TS] mps128_s9 batch 6: E -130.24801567  dim 424x424=179776  S^2 4.40e-03  t 39.1s (reused)
[C2H3N_rxn2858_TS] mps128_s9 batch 7: E -130.24801567  dim 424x424=179776  S^2 4.40e-03  t 39.1s (reused)
[C2H3N_rxn2858_TS] mps128_s9 batch 8: E -130.24801567  dim 424x424=179776  S^2 4.40e-03  t 39.1s (reused)
[C2H3N_rxn2858_TS] mps128_s9 batch 9: E -130.24801567  dim 424x424=179776  S^2 4.40e-03  t 39.1s (reused)
[C2H3N_rxn2858_TS] mps256_s10 batch 0: E -130.24826412  dim 420x420=176400  S^2 4.41e-03  t 36.9s
[C2H3N_rxn2858_TS] mps256_s10 batch 1: E -130.24826412  dim 420x420=176400  S^2 4.41e-03  t 36.9s (reused)
[C2H3N_rxn2858_TS] mps256_s10 batch 2: E -130.24826412  dim 420x420=176400  S^2 4.41e-03  t 36.9s (reused)
[C2H3N_rxn2858_TS] mps256_s10 batch 3: E -130.24826412  dim 420x420=176400  S^2 4.41e-03  t 36.9s (reused)
[C2H3N_rxn2858_TS] mps256_s10 batch 4: E -130.24826412  dim 420x420=176400  S^2 4.41e-03  t 36.9s (reused)
[C2H3N_rxn2858_TS] mps256_s10 batch 5: E -130.24826412  dim 420x420=176400  S^2 4.41e-03  t 36.9s (reused)
[C2H3N_rxn2858_TS] mps256_s10 batch 6: E -130.24826412  dim 420x420=176400  S^2 4.41e-03  t 36.9s (reused)
[C2H3N_rxn2858_TS] mps256_s10 batch 7: E -130.24826412  dim 420x420=176400  S^2 4.41e-03  t 36.9s (reused)
[C2H3N_rxn2858_TS] mps256_s10 batch 8: E -130.24826412  dim 420x420=176400  S^2 4.41e-03  t 36.9s (reused)
[C2H3N_rxn2858_TS] mps256_s10 batch 9: E -130.24826412  dim 420x420=176400  S^2 4.41e-03  t 36.9s (reused)
[C2H3N_rxn2858_TS] mps256_s11 batch 0: E -130.24828910  dim 455x455=207025  S^2 4.49e-03  t 42.7s
[C2H3N_rxn2858_TS] mps256_s11 batch 1: E -130.24828910  dim 455x455=207025  S^2 4.49e-03  t 42.7s (reused)
[C2H3N_rxn2858_TS] mps256_s11 batch 2: E -130.24828910  dim 455x455=207025  S^2 4.49e-03  t 42.7s (reused)
[C2H3N_rxn2858_TS] mps256_s11 batch 3: E -130.24828910  dim 455x455=207025  S^2 4.49e-03  t 42.7s (reused)
[C2H3N_rxn2858_TS] mps256_s11 batch 4: E -130.24828910  dim 455x455=207025  S^2 4.49e-03  t 42.7s (reused)
[C2H3N_rxn2858_TS] mps256_s11 batch 5: E -130.24828910  dim 455x455=207025  S^2 4.49e-03  t 42.7s (reused)
[C2H3N_rxn2858_TS] mps256_s11 batch 6: E -130.24828910  dim 455x455=207025  S^2 4.49e-03  t 42.7s (reused)
[C2H3N_rxn2858_TS] mps256_s11 batch 7: E -130.24828910  dim 455x455=207025  S^2 4.49e-03  t 42.7s (reused)
[C2H3N_rxn2858_TS] mps256_s11 batch 8: E -130.24828910  dim 455x455=207025  S^2 4.49e-03  t 42.7s (reused)
[C2H3N_rxn2858_TS] mps256_s11 batch 9: E -130.24828910  dim 455x455=207025  S^2 4.49e-03  t 42.7s (reused)
[C2H3N_rxn2858_TS] mps256_s12 batch 0: E -130.24911461  dim 434x434=188356  S^2 4.07e-03  t 36.4s
[C2H3N_rxn2858_TS] mps256_s12 batch 1: E -130.24911461  dim 434x434=188356  S^2 4.07e-03  t 36.4s (reused)
[C2H3N_rxn2858_TS] mps256_s12 batch 2: E -130.24911461  dim 434x434=188356  S^2 4.07e-03  t 36.4s (reused)
[C2H3N_rxn2858_TS] mps256_s12 batch 3: E -130.24911461  dim 434x434=188356  S^2 4.07e-03  t 36.4s (reused)
[C2H3N_rxn2858_TS] mps256_s12 batch 4: E -130.24911461  dim 434x434=188356  S^2 4.07e-03  t 36.4s (reused)
[C2H3N_rxn2858_TS] mps256_s12 batch 5: E -130.24911461  dim 434x434=188356  S^2 4.07e-03  t 36.4s (reused)
[C2H3N_rxn2858_TS] mps256_s12 batch 6: E -130.24911461  dim 434x434=188356  S^2 4.07e-03  t 36.4s (reused)
[C2H3N_rxn2858_TS] mps256_s12 batch 7: E -130.24911461  dim 434x434=188356  S^2 4.07e-03  t 36.4s (reused)
[C2H3N_rxn2858_TS] mps256_s12 batch 8: E -130.24911461  dim 434x434=188356  S^2 4.07e-03  t 36.4s (reused)
[C2H3N_rxn2858_TS] mps256_s12 batch 9: E -130.24911461  dim 434x434=188356  S^2 4.07e-03  t 36.4s (reused)
[C2H3N_rxn2858_TS] mps256_s7 batch 0: E -130.24838375  dim 425x425=180625  S^2 4.42e-03  t 40.1s
[C2H3N_rxn2858_TS] mps256_s7 batch 1: E -130.24838375  dim 425x425=180625  S^2 4.42e-03  t 40.1s (reused)
[C2H3N_rxn2858_TS] mps256_s7 batch 2: E -130.24838375  dim 425x425=180625  S^2 4.42e-03  t 40.1s (reused)
[C2H3N_rxn2858_TS] mps256_s7 batch 3: E -130.24838375  dim 425x425=180625  S^2 4.42e-03  t 40.1s (reused)
[C2H3N_rxn2858_TS] mps256_s7 batch 4: E -130.24838375  dim 425x425=180625  S^2 4.42e-03  t 40.1s (reused)
[C2H3N_rxn2858_TS] mps256_s7 batch 5: E -130.24838375  dim 425x425=180625  S^2 4.42e-03  t 40.1s (reused)
[C2H3N_rxn2858_TS] mps256_s7 batch 6: E -130.24838375  dim 425x425=180625  S^2 4.42e-03  t 40.1s (reused)
[C2H3N_rxn2858_TS] mps256_s7 batch 7: E -130.24838375  dim 425x425=180625  S^2 4.42e-03  t 40.1s (reused)
[C2H3N_rxn2858_TS] mps256_s7 batch 8: E -130.24838375  dim 425x425=180625  S^2 4.42e-03  t 40.1s (reused)
[C2H3N_rxn2858_TS] mps256_s7 batch 9: E -130.24838375  dim 425x425=180625  S^2 4.42e-03  t 40.1s (reused)
[C2H3N_rxn2858_TS] mps256_s8 batch 0: E -130.24767573  dim 428x428=183184  S^2 4.56e-03  t 36.7s
[C2H3N_rxn2858_TS] mps256_s8 batch 1: E -130.24767573  dim 428x428=183184  S^2 4.56e-03  t 36.7s (reused)
[C2H3N_rxn2858_TS] mps256_s8 batch 2: E -130.24767573  dim 428x428=183184  S^2 4.56e-03  t 36.7s (reused)
[C2H3N_rxn2858_TS] mps256_s8 batch 3: E -130.24767573  dim 428x428=183184  S^2 4.56e-03  t 36.7s (reused)
[C2H3N_rxn2858_TS] mps256_s8 batch 4: E -130.24767573  dim 428x428=183184  S^2 4.56e-03  t 36.7s (reused)
[C2H3N_rxn2858_TS] mps256_s8 batch 5: E -130.24767573  dim 428x428=183184  S^2 4.56e-03  t 36.7s (reused)
[C2H3N_rxn2858_TS] mps256_s8 batch 6: E -130.24767573  dim 428x428=183184  S^2 4.56e-03  t 36.7s (reused)
[C2H3N_rxn2858_TS] mps256_s8 batch 7: E -130.24767573  dim 428x428=183184  S^2 4.56e-03  t 36.7s (reused)
[C2H3N_rxn2858_TS] mps256_s8 batch 8: E -130.24767573  dim 428x428=183184  S^2 4.56e-03  t 36.7s (reused)
[C2H3N_rxn2858_TS] mps256_s8 batch 9: E -130.24767573  dim 428x428=183184  S^2 4.56e-03  t 36.7s (reused)
[C2H3N_rxn2858_TS] mps256_s9 batch 0: E -130.24856001  dim 447x447=199809  S^2 4.32e-03  t 44.1s
[C2H3N_rxn2858_TS] mps256_s9 batch 1: E -130.24856001  dim 447x447=199809  S^2 4.32e-03  t 44.1s (reused)
[C2H3N_rxn2858_TS] mps256_s9 batch 2: E -130.24856001  dim 447x447=199809  S^2 4.32e-03  t 44.1s (reused)
[C2H3N_rxn2858_TS] mps256_s9 batch 3: E -130.24856001  dim 447x447=199809  S^2 4.32e-03  t 44.1s (reused)
[C2H3N_rxn2858_TS] mps256_s9 batch 4: E -130.24856001  dim 447x447=199809  S^2 4.32e-03  t 44.1s (reused)
[C2H3N_rxn2858_TS] mps256_s9 batch 5: E -130.24856001  dim 447x447=199809  S^2 4.32e-03  t 44.1s (reused)
[C2H3N_rxn2858_TS] mps256_s9 batch 6: E -130.24856001  dim 447x447=199809  S^2 4.32e-03  t 44.1s (reused)
[C2H3N_rxn2858_TS] mps256_s9 batch 7: E -130.24856001  dim 447x447=199809  S^2 4.32e-03  t 44.1s (reused)
[C2H3N_rxn2858_TS] mps256_s9 batch 8: E -130.24856001  dim 447x447=199809  S^2 4.32e-03  t 44.1s (reused)
[C2H3N_rxn2858_TS] mps256_s9 batch 9: E -130.24856001  dim 447x447=199809  S^2 4.32e-03  t 44.1s (reused)
[C2H3N_rxn2858_TS] mps512_s10 batch 0: E -130.24815092  dim 443x443=196249  S^2 4.58e-03  t 39.4s
[C2H3N_rxn2858_TS] mps512_s10 batch 1: E -130.24815092  dim 443x443=196249  S^2 4.58e-03  t 39.4s (reused)
[C2H3N_rxn2858_TS] mps512_s10 batch 2: E -130.24815092  dim 443x443=196249  S^2 4.58e-03  t 39.4s (reused)
[C2H3N_rxn2858_TS] mps512_s10 batch 3: E -130.24815092  dim 443x443=196249  S^2 4.58e-03  t 39.4s (reused)
[C2H3N_rxn2858_TS] mps512_s10 batch 4: E -130.24815092  dim 443x443=196249  S^2 4.58e-03  t 39.4s (reused)
[C2H3N_rxn2858_TS] mps512_s10 batch 5: E -130.24815092  dim 443x443=196249  S^2 4.58e-03  t 39.4s (reused)
[C2H3N_rxn2858_TS] mps512_s10 batch 6: E -130.24815092  dim 443x443=196249  S^2 4.58e-03  t 39.4s (reused)
[C2H3N_rxn2858_TS] mps512_s10 batch 7: E -130.24815092  dim 443x443=196249  S^2 4.58e-03  t 39.4s (reused)
[C2H3N_rxn2858_TS] mps512_s10 batch 8: E -130.24815092  dim 443x443=196249  S^2 4.58e-03  t 39.4s (reused)
[C2H3N_rxn2858_TS] mps512_s10 batch 9: E -130.24815092  dim 443x443=196249  S^2 4.58e-03  t 39.4s (reused)
[C2H3N_rxn2858_TS] mps512_s11 batch 0: E -130.24874039  dim 441x441=194481  S^2 4.18e-03  t 48.5s
[C2H3N_rxn2858_TS] mps512_s11 batch 1: E -130.24874039  dim 441x441=194481  S^2 4.18e-03  t 48.5s (reused)
[C2H3N_rxn2858_TS] mps512_s11 batch 2: E -130.24874039  dim 441x441=194481  S^2 4.18e-03  t 48.5s (reused)
[C2H3N_rxn2858_TS] mps512_s11 batch 3: E -130.24874039  dim 441x441=194481  S^2 4.18e-03  t 48.5s (reused)
[C2H3N_rxn2858_TS] mps512_s11 batch 4: E -130.24874039  dim 441x441=194481  S^2 4.18e-03  t 48.5s (reused)
[C2H3N_rxn2858_TS] mps512_s11 batch 5: E -130.24874039  dim 441x441=194481  S^2 4.18e-03  t 48.5s (reused)
[C2H3N_rxn2858_TS] mps512_s11 batch 6: E -130.24874039  dim 441x441=194481  S^2 4.18e-03  t 48.5s (reused)
[C2H3N_rxn2858_TS] mps512_s11 batch 7: E -130.24874039  dim 441x441=194481  S^2 4.18e-03  t 48.5s (reused)
[C2H3N_rxn2858_TS] mps512_s11 batch 8: E -130.24874039  dim 441x441=194481  S^2 4.18e-03  t 48.5s (reused)
[C2H3N_rxn2858_TS] mps512_s11 batch 9: E -130.24874039  dim 441x441=194481  S^2 4.18e-03  t 48.5s (reused)
[C2H3N_rxn2858_TS] mps512_s12 batch 0: E -130.24898585  dim 448x448=200704  S^2 4.24e-03  t 42.3s
[C2H3N_rxn2858_TS] mps512_s12 batch 1: E -130.24898585  dim 448x448=200704  S^2 4.24e-03  t 42.3s (reused)
[C2H3N_rxn2858_TS] mps512_s12 batch 2: E -130.24898585  dim 448x448=200704  S^2 4.24e-03  t 42.3s (reused)
[C2H3N_rxn2858_TS] mps512_s12 batch 3: E -130.24898585  dim 448x448=200704  S^2 4.24e-03  t 42.3s (reused)
[C2H3N_rxn2858_TS] mps512_s12 batch 4: E -130.24898585  dim 448x448=200704  S^2 4.24e-03  t 42.3s (reused)
[C2H3N_rxn2858_TS] mps512_s12 batch 5: E -130.24898585  dim 448x448=200704  S^2 4.24e-03  t 42.3s (reused)
[C2H3N_rxn2858_TS] mps512_s12 batch 6: E -130.24898585  dim 448x448=200704  S^2 4.24e-03  t 42.3s (reused)
[C2H3N_rxn2858_TS] mps512_s12 batch 7: E -130.24898585  dim 448x448=200704  S^2 4.24e-03  t 42.3s (reused)
[C2H3N_rxn2858_TS] mps512_s12 batch 8: E -130.24898585  dim 448x448=200704  S^2 4.24e-03  t 42.3s (reused)
[C2H3N_rxn2858_TS] mps512_s12 batch 9: E -130.24898585  dim 448x448=200704  S^2 4.24e-03  t 42.3s (reused)
[C2H3N_rxn2858_TS] mps512_s7 batch 0: E -130.24901986  dim 443x443=196249  S^2 4.22e-03  t 46.8s
[C2H3N_rxn2858_TS] mps512_s7 batch 1: E -130.24901986  dim 443x443=196249  S^2 4.22e-03  t 46.8s (reused)
[C2H3N_rxn2858_TS] mps512_s7 batch 2: E -130.24901986  dim 443x443=196249  S^2 4.22e-03  t 46.8s (reused)
[C2H3N_rxn2858_TS] mps512_s7 batch 3: E -130.24901986  dim 443x443=196249  S^2 4.22e-03  t 46.8s (reused)
[C2H3N_rxn2858_TS] mps512_s7 batch 4: E -130.24901986  dim 443x443=196249  S^2 4.22e-03  t 46.8s (reused)
[C2H3N_rxn2858_TS] mps512_s7 batch 5: E -130.24901986  dim 443x443=196249  S^2 4.22e-03  t 46.8s (reused)
[C2H3N_rxn2858_TS] mps512_s7 batch 6: E -130.24901986  dim 443x443=196249  S^2 4.22e-03  t 46.8s (reused)
[C2H3N_rxn2858_TS] mps512_s7 batch 7: E -130.24901986  dim 443x443=196249  S^2 4.22e-03  t 46.8s (reused)
[C2H3N_rxn2858_TS] mps512_s7 batch 8: E -130.24901986  dim 443x443=196249  S^2 4.22e-03  t 46.8s (reused)
[C2H3N_rxn2858_TS] mps512_s7 batch 9: E -130.24901986  dim 443x443=196249  S^2 4.22e-03  t 46.8s (reused)
[C2H3N_rxn2858_TS] mps512_s8 batch 0: E -130.24857436  dim 425x425=180625  S^2 4.42e-03  t 35.6s
[C2H3N_rxn2858_TS] mps512_s8 batch 1: E -130.24857436  dim 425x425=180625  S^2 4.42e-03  t 35.6s (reused)
[C2H3N_rxn2858_TS] mps512_s8 batch 2: E -130.24857436  dim 425x425=180625  S^2 4.42e-03  t 35.6s (reused)
[C2H3N_rxn2858_TS] mps512_s8 batch 3: E -130.24857436  dim 425x425=180625  S^2 4.42e-03  t 35.6s (reused)
[C2H3N_rxn2858_TS] mps512_s8 batch 4: E -130.24857436  dim 425x425=180625  S^2 4.42e-03  t 35.6s (reused)
[C2H3N_rxn2858_TS] mps512_s8 batch 5: E -130.24857436  dim 425x425=180625  S^2 4.42e-03  t 35.6s (reused)
[C2H3N_rxn2858_TS] mps512_s8 batch 6: E -130.24857436  dim 425x425=180625  S^2 4.42e-03  t 35.6s (reused)
[C2H3N_rxn2858_TS] mps512_s8 batch 7: E -130.24857436  dim 425x425=180625  S^2 4.42e-03  t 35.6s (reused)
[C2H3N_rxn2858_TS] mps512_s8 batch 8: E -130.24857436  dim 425x425=180625  S^2 4.42e-03  t 35.6s (reused)
[C2H3N_rxn2858_TS] mps512_s8 batch 9: E -130.24857436  dim 425x425=180625  S^2 4.42e-03  t 35.6s (reused)
[C2H3N_rxn2858_TS] mps512_s9 batch 0: E -130.24853399  dim 431x431=185761  S^2 4.23e-03  t 36.9s
[C2H3N_rxn2858_TS] mps512_s9 batch 1: E -130.24853399  dim 431x431=185761  S^2 4.23e-03  t 36.9s (reused)
[C2H3N_rxn2858_TS] mps512_s9 batch 2: E -130.24853399  dim 431x431=185761  S^2 4.23e-03  t 36.9s (reused)
[C2H3N_rxn2858_TS] mps512_s9 batch 3: E -130.24853399  dim 431x431=185761  S^2 4.23e-03  t 36.9s (reused)
[C2H3N_rxn2858_TS] mps512_s9 batch 4: E -130.24853399  dim 431x431=185761  S^2 4.23e-03  t 36.9s (reused)
[C2H3N_rxn2858_TS] mps512_s9 batch 5: E -130.24853399  dim 431x431=185761  S^2 4.23e-03  t 36.9s (reused)
[C2H3N_rxn2858_TS] mps512_s9 batch 6: E -130.24853399  dim 431x431=185761  S^2 4.23e-03  t 36.9s (reused)
[C2H3N_rxn2858_TS] mps512_s9 batch 7: E -130.24853399  dim 431x431=185761  S^2 4.23e-03  t 36.9s (reused)
[C2H3N_rxn2858_TS] mps512_s9 batch 8: E -130.24853399  dim 431x431=185761  S^2 4.23e-03  t 36.9s (reused)
[C2H3N_rxn2858_TS] mps512_s9 batch 9: E -130.24853399  dim 431x431=185761  S^2 4.23e-03  t 36.9s (reused)
[C2H4O_rxn0724_P] exact_s10 batch 0: E -151.00135493  dim 279x279=77841  S^2 4.02e-03  t 26.9s
[C2H4O_rxn0724_P] exact_s10 batch 1: E -151.00135493  dim 279x279=77841  S^2 4.02e-03  t 26.9s (reused)
[C2H4O_rxn0724_P] exact_s10 batch 2: E -151.00135493  dim 279x279=77841  S^2 4.02e-03  t 26.9s (reused)
[C2H4O_rxn0724_P] exact_s10 batch 3: E -151.00135493  dim 279x279=77841  S^2 4.02e-03  t 26.9s (reused)
[C2H4O_rxn0724_P] exact_s10 batch 4: E -151.00135493  dim 279x279=77841  S^2 4.02e-03  t 26.9s (reused)
[C2H4O_rxn0724_P] exact_s10 batch 5: E -151.00135493  dim 279x279=77841  S^2 4.02e-03  t 26.9s (reused)
[C2H4O_rxn0724_P] exact_s10 batch 6: E -151.00135493  dim 279x279=77841  S^2 4.02e-03  t 26.9s (reused)
[C2H4O_rxn0724_P] exact_s10 batch 7: E -151.00135493  dim 279x279=77841  S^2 4.02e-03  t 26.9s (reused)
[C2H4O_rxn0724_P] exact_s10 batch 8: E -151.00135493  dim 279x279=77841  S^2 4.02e-03  t 26.9s (reused)
[C2H4O_rxn0724_P] exact_s10 batch 9: E -151.00135493  dim 279x279=77841  S^2 4.02e-03  t 26.9s (reused)
[C2H4O_rxn0724_P] exact_s11 batch 0: E -151.00102630  dim 282x282=79524  S^2 3.99e-03  t 28.9s
[C2H4O_rxn0724_P] exact_s11 batch 1: E -151.00102630  dim 282x282=79524  S^2 3.99e-03  t 28.9s (reused)
[C2H4O_rxn0724_P] exact_s11 batch 2: E -151.00102630  dim 282x282=79524  S^2 3.99e-03  t 28.9s (reused)
[C2H4O_rxn0724_P] exact_s11 batch 3: E -151.00102630  dim 282x282=79524  S^2 3.99e-03  t 28.9s (reused)
[C2H4O_rxn0724_P] exact_s11 batch 4: E -151.00102630  dim 282x282=79524  S^2 3.99e-03  t 28.9s (reused)
[C2H4O_rxn0724_P] exact_s11 batch 5: E -151.00102630  dim 282x282=79524  S^2 3.99e-03  t 28.9s (reused)
[C2H4O_rxn0724_P] exact_s11 batch 6: E -151.00102630  dim 282x282=79524  S^2 3.99e-03  t 28.9s (reused)
[C2H4O_rxn0724_P] exact_s11 batch 7: E -151.00102630  dim 282x282=79524  S^2 3.99e-03  t 28.9s (reused)
[C2H4O_rxn0724_P] exact_s11 batch 8: E -151.00102630  dim 282x282=79524  S^2 3.99e-03  t 28.9s (reused)
[C2H4O_rxn0724_P] exact_s11 batch 9: E -151.00102630  dim 282x282=79524  S^2 3.99e-03  t 28.9s (reused)
[C2H4O_rxn0724_P] exact_s12 batch 0: E -151.00094353  dim 286x286=81796  S^2 3.88e-03  t 28.7s
[C2H4O_rxn0724_P] exact_s12 batch 1: E -151.00094353  dim 286x286=81796  S^2 3.88e-03  t 28.7s (reused)
[C2H4O_rxn0724_P] exact_s12 batch 2: E -151.00094353  dim 286x286=81796  S^2 3.88e-03  t 28.7s (reused)
[C2H4O_rxn0724_P] exact_s12 batch 3: E -151.00094353  dim 286x286=81796  S^2 3.88e-03  t 28.7s (reused)
[C2H4O_rxn0724_P] exact_s12 batch 4: E -151.00094353  dim 286x286=81796  S^2 3.88e-03  t 28.7s (reused)
[C2H4O_rxn0724_P] exact_s12 batch 5: E -151.00094353  dim 286x286=81796  S^2 3.88e-03  t 28.7s (reused)
[C2H4O_rxn0724_P] exact_s12 batch 6: E -151.00094353  dim 286x286=81796  S^2 3.88e-03  t 28.7s (reused)
[C2H4O_rxn0724_P] exact_s12 batch 7: E -151.00094353  dim 286x286=81796  S^2 3.88e-03  t 28.7s (reused)
[C2H4O_rxn0724_P] exact_s12 batch 8: E -151.00094353  dim 286x286=81796  S^2 3.88e-03  t 28.7s (reused)
[C2H4O_rxn0724_P] exact_s12 batch 9: E -151.00094353  dim 286x286=81796  S^2 3.88e-03  t 28.7s (reused)
[C2H4O_rxn0724_P] exact_s7 batch 0: E -150.99972312  dim 259x259=67081  S^2 5.04e-03  t 25.4s
[C2H4O_rxn0724_P] exact_s7 batch 1: E -150.99972312  dim 259x259=67081  S^2 5.04e-03  t 25.4s (reused)
[C2H4O_rxn0724_P] exact_s7 batch 2: E -150.99972312  dim 259x259=67081  S^2 5.04e-03  t 25.4s (reused)
[C2H4O_rxn0724_P] exact_s7 batch 3: E -150.99972312  dim 259x259=67081  S^2 5.04e-03  t 25.4s (reused)
[C2H4O_rxn0724_P] exact_s7 batch 4: E -150.99972312  dim 259x259=67081  S^2 5.04e-03  t 25.4s (reused)
[C2H4O_rxn0724_P] exact_s7 batch 5: E -150.99972312  dim 259x259=67081  S^2 5.04e-03  t 25.4s (reused)
[C2H4O_rxn0724_P] exact_s7 batch 6: E -150.99972312  dim 259x259=67081  S^2 5.04e-03  t 25.4s (reused)
[C2H4O_rxn0724_P] exact_s7 batch 7: E -150.99972312  dim 259x259=67081  S^2 5.04e-03  t 25.4s (reused)
[C2H4O_rxn0724_P] exact_s7 batch 8: E -150.99972312  dim 259x259=67081  S^2 5.04e-03  t 25.4s (reused)
[C2H4O_rxn0724_P] exact_s7 batch 9: E -150.99972312  dim 259x259=67081  S^2 5.04e-03  t 25.4s (reused)
[C2H4O_rxn0724_P] exact_s8 batch 0: E -151.00070975  dim 274x274=75076  S^2 4.27e-03  t 33.0s
[C2H4O_rxn0724_P] exact_s8 batch 1: E -151.00070975  dim 274x274=75076  S^2 4.27e-03  t 33.0s (reused)
[C2H4O_rxn0724_P] exact_s8 batch 2: E -151.00070975  dim 274x274=75076  S^2 4.27e-03  t 33.0s (reused)
[C2H4O_rxn0724_P] exact_s8 batch 3: E -151.00070975  dim 274x274=75076  S^2 4.27e-03  t 33.0s (reused)
[C2H4O_rxn0724_P] exact_s8 batch 4: E -151.00070975  dim 274x274=75076  S^2 4.27e-03  t 33.0s (reused)
[C2H4O_rxn0724_P] exact_s8 batch 5: E -151.00070975  dim 274x274=75076  S^2 4.27e-03  t 33.0s (reused)
[C2H4O_rxn0724_P] exact_s8 batch 6: E -151.00070975  dim 274x274=75076  S^2 4.27e-03  t 33.0s (reused)
[C2H4O_rxn0724_P] exact_s8 batch 7: E -151.00070975  dim 274x274=75076  S^2 4.27e-03  t 33.0s (reused)
[C2H4O_rxn0724_P] exact_s8 batch 8: E -151.00070975  dim 274x274=75076  S^2 4.27e-03  t 33.0s (reused)
[C2H4O_rxn0724_P] exact_s8 batch 9: E -151.00070975  dim 274x274=75076  S^2 4.27e-03  t 33.0s (reused)
[C2H4O_rxn0724_P] exact_s9 batch 0: E -151.00121546  dim 284x284=80656  S^2 4.49e-03  t 27.5s
[C2H4O_rxn0724_P] exact_s9 batch 1: E -151.00121546  dim 284x284=80656  S^2 4.49e-03  t 27.5s (reused)
[C2H4O_rxn0724_P] exact_s9 batch 2: E -151.00121546  dim 284x284=80656  S^2 4.49e-03  t 27.5s (reused)
[C2H4O_rxn0724_P] exact_s9 batch 3: E -151.00121546  dim 284x284=80656  S^2 4.49e-03  t 27.5s (reused)
[C2H4O_rxn0724_P] exact_s9 batch 4: E -151.00121546  dim 284x284=80656  S^2 4.49e-03  t 27.5s (reused)
[C2H4O_rxn0724_P] exact_s9 batch 5: E -151.00121546  dim 284x284=80656  S^2 4.49e-03  t 27.5s (reused)
[C2H4O_rxn0724_P] exact_s9 batch 6: E -151.00121546  dim 284x284=80656  S^2 4.49e-03  t 27.5s (reused)
[C2H4O_rxn0724_P] exact_s9 batch 7: E -151.00121546  dim 284x284=80656  S^2 4.49e-03  t 27.5s (reused)
[C2H4O_rxn0724_P] exact_s9 batch 8: E -151.00121546  dim 284x284=80656  S^2 4.49e-03  t 27.5s (reused)
[C2H4O_rxn0724_P] exact_s9 batch 9: E -151.00121546  dim 284x284=80656  S^2 4.49e-03  t 27.5s (reused)
[C2H4O_rxn0724_P] mps128_s10 batch 0: E -150.99950553  dim 256x256=65536  S^2 4.82e-03  t 23.8s
[C2H4O_rxn0724_P] mps128_s10 batch 1: E -150.99950553  dim 256x256=65536  S^2 4.82e-03  t 23.8s (reused)
[C2H4O_rxn0724_P] mps128_s10 batch 2: E -150.99950553  dim 256x256=65536  S^2 4.82e-03  t 23.8s (reused)
[C2H4O_rxn0724_P] mps128_s10 batch 3: E -150.99950553  dim 256x256=65536  S^2 4.82e-03  t 23.8s (reused)
[C2H4O_rxn0724_P] mps128_s10 batch 4: E -150.99950553  dim 256x256=65536  S^2 4.82e-03  t 23.8s (reused)
[C2H4O_rxn0724_P] mps128_s10 batch 5: E -150.99950553  dim 256x256=65536  S^2 4.82e-03  t 23.8s (reused)
[C2H4O_rxn0724_P] mps128_s10 batch 6: E -150.99950553  dim 256x256=65536  S^2 4.82e-03  t 23.8s (reused)
[C2H4O_rxn0724_P] mps128_s10 batch 7: E -150.99950553  dim 256x256=65536  S^2 4.82e-03  t 23.8s (reused)
[C2H4O_rxn0724_P] mps128_s10 batch 8: E -150.99950553  dim 256x256=65536  S^2 4.82e-03  t 23.8s (reused)
[C2H4O_rxn0724_P] mps128_s10 batch 9: E -150.99950553  dim 256x256=65536  S^2 4.82e-03  t 23.8s (reused)
[C2H4O_rxn0724_P] mps128_s11 batch 0: E -150.99955776  dim 256x256=65536  S^2 4.92e-03  t 22.1s
[C2H4O_rxn0724_P] mps128_s11 batch 1: E -150.99955776  dim 256x256=65536  S^2 4.92e-03  t 22.1s (reused)
[C2H4O_rxn0724_P] mps128_s11 batch 2: E -150.99955776  dim 256x256=65536  S^2 4.92e-03  t 22.1s (reused)
[C2H4O_rxn0724_P] mps128_s11 batch 3: E -150.99955776  dim 256x256=65536  S^2 4.92e-03  t 22.1s (reused)
[C2H4O_rxn0724_P] mps128_s11 batch 4: E -150.99955776  dim 256x256=65536  S^2 4.92e-03  t 22.1s (reused)
[C2H4O_rxn0724_P] mps128_s11 batch 5: E -150.99955776  dim 256x256=65536  S^2 4.92e-03  t 22.1s (reused)
[C2H4O_rxn0724_P] mps128_s11 batch 6: E -150.99955776  dim 256x256=65536  S^2 4.92e-03  t 22.1s (reused)
[C2H4O_rxn0724_P] mps128_s11 batch 7: E -150.99955776  dim 256x256=65536  S^2 4.92e-03  t 22.1s (reused)
[C2H4O_rxn0724_P] mps128_s11 batch 8: E -150.99955776  dim 256x256=65536  S^2 4.92e-03  t 22.1s (reused)
[C2H4O_rxn0724_P] mps128_s11 batch 9: E -150.99955776  dim 256x256=65536  S^2 4.92e-03  t 22.1s (reused)
[C2H4O_rxn0724_P] mps128_s12 batch 0: E -151.00042758  dim 258x258=66564  S^2 4.53e-03  t 24.1s
[C2H4O_rxn0724_P] mps128_s12 batch 1: E -151.00042758  dim 258x258=66564  S^2 4.53e-03  t 24.1s (reused)
[C2H4O_rxn0724_P] mps128_s12 batch 2: E -151.00042758  dim 258x258=66564  S^2 4.53e-03  t 24.1s (reused)
[C2H4O_rxn0724_P] mps128_s12 batch 3: E -151.00042758  dim 258x258=66564  S^2 4.53e-03  t 24.1s (reused)
[C2H4O_rxn0724_P] mps128_s12 batch 4: E -151.00042758  dim 258x258=66564  S^2 4.53e-03  t 24.1s (reused)
[C2H4O_rxn0724_P] mps128_s12 batch 5: E -151.00042758  dim 258x258=66564  S^2 4.53e-03  t 24.1s (reused)
[C2H4O_rxn0724_P] mps128_s12 batch 6: E -151.00042758  dim 258x258=66564  S^2 4.53e-03  t 24.1s (reused)
[C2H4O_rxn0724_P] mps128_s12 batch 7: E -151.00042758  dim 258x258=66564  S^2 4.53e-03  t 24.1s (reused)
[C2H4O_rxn0724_P] mps128_s12 batch 8: E -151.00042758  dim 258x258=66564  S^2 4.53e-03  t 24.1s (reused)
[C2H4O_rxn0724_P] mps128_s12 batch 9: E -151.00042758  dim 258x258=66564  S^2 4.53e-03  t 24.1s (reused)
[C2H4O_rxn0724_P] mps128_s7 batch 0: E -151.00045421  dim 255x255=65025  S^2 4.53e-03  t 22.3s
[C2H4O_rxn0724_P] mps128_s7 batch 1: E -151.00045421  dim 255x255=65025  S^2 4.53e-03  t 22.3s (reused)
[C2H4O_rxn0724_P] mps128_s7 batch 2: E -151.00045421  dim 255x255=65025  S^2 4.53e-03  t 22.3s (reused)
[C2H4O_rxn0724_P] mps128_s7 batch 3: E -151.00045421  dim 255x255=65025  S^2 4.53e-03  t 22.3s (reused)
[C2H4O_rxn0724_P] mps128_s7 batch 4: E -151.00045421  dim 255x255=65025  S^2 4.53e-03  t 22.3s (reused)
[C2H4O_rxn0724_P] mps128_s7 batch 5: E -151.00045421  dim 255x255=65025  S^2 4.53e-03  t 22.3s (reused)
[C2H4O_rxn0724_P] mps128_s7 batch 6: E -151.00045421  dim 255x255=65025  S^2 4.53e-03  t 22.3s (reused)
[C2H4O_rxn0724_P] mps128_s7 batch 7: E -151.00045421  dim 255x255=65025  S^2 4.53e-03  t 22.3s (reused)
[C2H4O_rxn0724_P] mps128_s7 batch 8: E -151.00045421  dim 255x255=65025  S^2 4.53e-03  t 22.3s (reused)
[C2H4O_rxn0724_P] mps128_s7 batch 9: E -151.00045421  dim 255x255=65025  S^2 4.53e-03  t 22.3s (reused)
[C2H4O_rxn0724_P] mps128_s8 batch 0: E -150.99858204  dim 236x236=55696  S^2 5.20e-03  t 19.3s
[C2H4O_rxn0724_P] mps128_s8 batch 1: E -150.99858204  dim 236x236=55696  S^2 5.20e-03  t 19.3s (reused)
[C2H4O_rxn0724_P] mps128_s8 batch 2: E -150.99858204  dim 236x236=55696  S^2 5.20e-03  t 19.3s (reused)
[C2H4O_rxn0724_P] mps128_s8 batch 3: E -150.99858204  dim 236x236=55696  S^2 5.20e-03  t 19.3s (reused)
[C2H4O_rxn0724_P] mps128_s8 batch 4: E -150.99858204  dim 236x236=55696  S^2 5.20e-03  t 19.3s (reused)
[C2H4O_rxn0724_P] mps128_s8 batch 5: E -150.99858204  dim 236x236=55696  S^2 5.20e-03  t 19.3s (reused)
[C2H4O_rxn0724_P] mps128_s8 batch 6: E -150.99858204  dim 236x236=55696  S^2 5.20e-03  t 19.3s (reused)
[C2H4O_rxn0724_P] mps128_s8 batch 7: E -150.99858204  dim 236x236=55696  S^2 5.20e-03  t 19.3s (reused)
[C2H4O_rxn0724_P] mps128_s8 batch 8: E -150.99858204  dim 236x236=55696  S^2 5.20e-03  t 19.3s (reused)
[C2H4O_rxn0724_P] mps128_s8 batch 9: E -150.99858204  dim 236x236=55696  S^2 5.20e-03  t 19.3s (reused)
[C2H4O_rxn0724_P] mps128_s9 batch 0: E -151.00065972  dim 271x271=73441  S^2 4.62e-03  t 25.0s
[C2H4O_rxn0724_P] mps128_s9 batch 1: E -151.00065972  dim 271x271=73441  S^2 4.62e-03  t 25.0s (reused)
[C2H4O_rxn0724_P] mps128_s9 batch 2: E -151.00065972  dim 271x271=73441  S^2 4.62e-03  t 25.0s (reused)
[C2H4O_rxn0724_P] mps128_s9 batch 3: E -151.00065972  dim 271x271=73441  S^2 4.62e-03  t 25.0s (reused)
[C2H4O_rxn0724_P] mps128_s9 batch 4: E -151.00065972  dim 271x271=73441  S^2 4.62e-03  t 25.0s (reused)
[C2H4O_rxn0724_P] mps128_s9 batch 5: E -151.00065972  dim 271x271=73441  S^2 4.62e-03  t 25.0s (reused)
[C2H4O_rxn0724_P] mps128_s9 batch 6: E -151.00065972  dim 271x271=73441  S^2 4.62e-03  t 25.0s (reused)
[C2H4O_rxn0724_P] mps128_s9 batch 7: E -151.00065972  dim 271x271=73441  S^2 4.62e-03  t 25.0s (reused)
[C2H4O_rxn0724_P] mps128_s9 batch 8: E -151.00065972  dim 271x271=73441  S^2 4.62e-03  t 25.0s (reused)
[C2H4O_rxn0724_P] mps128_s9 batch 9: E -151.00065972  dim 271x271=73441  S^2 4.62e-03  t 25.0s (reused)
[C2H4O_rxn0724_P] mps256_s10 batch 0: E -151.00123990  dim 289x289=83521  S^2 3.98e-03  t 27.5s
[C2H4O_rxn0724_P] mps256_s10 batch 1: E -151.00123990  dim 289x289=83521  S^2 3.98e-03  t 27.5s (reused)
[C2H4O_rxn0724_P] mps256_s10 batch 2: E -151.00123990  dim 289x289=83521  S^2 3.98e-03  t 27.5s (reused)
[C2H4O_rxn0724_P] mps256_s10 batch 3: E -151.00123990  dim 289x289=83521  S^2 3.98e-03  t 27.5s (reused)
[C2H4O_rxn0724_P] mps256_s10 batch 4: E -151.00123990  dim 289x289=83521  S^2 3.98e-03  t 27.5s (reused)
[C2H4O_rxn0724_P] mps256_s10 batch 5: E -151.00123990  dim 289x289=83521  S^2 3.98e-03  t 27.5s (reused)
[C2H4O_rxn0724_P] mps256_s10 batch 6: E -151.00123990  dim 289x289=83521  S^2 3.98e-03  t 27.5s (reused)
[C2H4O_rxn0724_P] mps256_s10 batch 7: E -151.00123990  dim 289x289=83521  S^2 3.98e-03  t 27.5s (reused)
[C2H4O_rxn0724_P] mps256_s10 batch 8: E -151.00123990  dim 289x289=83521  S^2 3.98e-03  t 27.5s (reused)
[C2H4O_rxn0724_P] mps256_s10 batch 9: E -151.00123990  dim 289x289=83521  S^2 3.98e-03  t 27.5s (reused)
[C2H4O_rxn0724_P] mps256_s11 batch 0: E -151.00116085  dim 278x278=77284  S^2 3.91e-03  t 25.8s
[C2H4O_rxn0724_P] mps256_s11 batch 1: E -151.00116085  dim 278x278=77284  S^2 3.91e-03  t 25.8s (reused)
[C2H4O_rxn0724_P] mps256_s11 batch 2: E -151.00116085  dim 278x278=77284  S^2 3.91e-03  t 25.8s (reused)
[C2H4O_rxn0724_P] mps256_s11 batch 3: E -151.00116085  dim 278x278=77284  S^2 3.91e-03  t 25.8s (reused)
[C2H4O_rxn0724_P] mps256_s11 batch 4: E -151.00116085  dim 278x278=77284  S^2 3.91e-03  t 25.8s (reused)
[C2H4O_rxn0724_P] mps256_s11 batch 5: E -151.00116085  dim 278x278=77284  S^2 3.91e-03  t 25.8s (reused)
[C2H4O_rxn0724_P] mps256_s11 batch 6: E -151.00116085  dim 278x278=77284  S^2 3.91e-03  t 25.8s (reused)
[C2H4O_rxn0724_P] mps256_s11 batch 7: E -151.00116085  dim 278x278=77284  S^2 3.91e-03  t 25.8s (reused)
[C2H4O_rxn0724_P] mps256_s11 batch 8: E -151.00116085  dim 278x278=77284  S^2 3.91e-03  t 25.8s (reused)
[C2H4O_rxn0724_P] mps256_s11 batch 9: E -151.00116085  dim 278x278=77284  S^2 3.91e-03  t 25.8s (reused)
[C2H4O_rxn0724_P] mps256_s12 batch 0: E -151.00007731  dim 272x272=73984  S^2 4.81e-03  t 24.4s
[C2H4O_rxn0724_P] mps256_s12 batch 1: E -151.00007731  dim 272x272=73984  S^2 4.81e-03  t 24.4s (reused)
[C2H4O_rxn0724_P] mps256_s12 batch 2: E -151.00007731  dim 272x272=73984  S^2 4.81e-03  t 24.4s (reused)
[C2H4O_rxn0724_P] mps256_s12 batch 3: E -151.00007731  dim 272x272=73984  S^2 4.81e-03  t 24.4s (reused)
[C2H4O_rxn0724_P] mps256_s12 batch 4: E -151.00007731  dim 272x272=73984  S^2 4.81e-03  t 24.4s (reused)
[C2H4O_rxn0724_P] mps256_s12 batch 5: E -151.00007731  dim 272x272=73984  S^2 4.81e-03  t 24.4s (reused)
[C2H4O_rxn0724_P] mps256_s12 batch 6: E -151.00007731  dim 272x272=73984  S^2 4.81e-03  t 24.4s (reused)
[C2H4O_rxn0724_P] mps256_s12 batch 7: E -151.00007731  dim 272x272=73984  S^2 4.81e-03  t 24.4s (reused)
[C2H4O_rxn0724_P] mps256_s12 batch 8: E -151.00007731  dim 272x272=73984  S^2 4.81e-03  t 24.4s (reused)
[C2H4O_rxn0724_P] mps256_s12 batch 9: E -151.00007731  dim 272x272=73984  S^2 4.81e-03  t 24.4s (reused)
[C2H4O_rxn0724_P] mps256_s7 batch 0: E -151.00009665  dim 257x257=66049  S^2 4.58e-03  t 21.6s
[C2H4O_rxn0724_P] mps256_s7 batch 1: E -151.00009665  dim 257x257=66049  S^2 4.58e-03  t 21.6s (reused)
[C2H4O_rxn0724_P] mps256_s7 batch 2: E -151.00009665  dim 257x257=66049  S^2 4.58e-03  t 21.6s (reused)
[C2H4O_rxn0724_P] mps256_s7 batch 3: E -151.00009665  dim 257x257=66049  S^2 4.58e-03  t 21.6s (reused)
[C2H4O_rxn0724_P] mps256_s7 batch 4: E -151.00009665  dim 257x257=66049  S^2 4.58e-03  t 21.6s (reused)
[C2H4O_rxn0724_P] mps256_s7 batch 5: E -151.00009665  dim 257x257=66049  S^2 4.58e-03  t 21.6s (reused)
[C2H4O_rxn0724_P] mps256_s7 batch 6: E -151.00009665  dim 257x257=66049  S^2 4.58e-03  t 21.6s (reused)
[C2H4O_rxn0724_P] mps256_s7 batch 7: E -151.00009665  dim 257x257=66049  S^2 4.58e-03  t 21.6s (reused)
[C2H4O_rxn0724_P] mps256_s7 batch 8: E -151.00009665  dim 257x257=66049  S^2 4.58e-03  t 21.6s (reused)
[C2H4O_rxn0724_P] mps256_s7 batch 9: E -151.00009665  dim 257x257=66049  S^2 4.58e-03  t 21.6s (reused)
[C2H4O_rxn0724_P] mps256_s8 batch 0: E -151.00003508  dim 267x267=71289  S^2 5.28e-03  t 23.4s
[C2H4O_rxn0724_P] mps256_s8 batch 1: E -151.00003508  dim 267x267=71289  S^2 5.28e-03  t 23.4s (reused)
[C2H4O_rxn0724_P] mps256_s8 batch 2: E -151.00003508  dim 267x267=71289  S^2 5.28e-03  t 23.4s (reused)
[C2H4O_rxn0724_P] mps256_s8 batch 3: E -151.00003508  dim 267x267=71289  S^2 5.28e-03  t 23.4s (reused)
[C2H4O_rxn0724_P] mps256_s8 batch 4: E -151.00003508  dim 267x267=71289  S^2 5.28e-03  t 23.4s (reused)
[C2H4O_rxn0724_P] mps256_s8 batch 5: E -151.00003508  dim 267x267=71289  S^2 5.28e-03  t 23.4s (reused)
[C2H4O_rxn0724_P] mps256_s8 batch 6: E -151.00003508  dim 267x267=71289  S^2 5.28e-03  t 23.4s (reused)
[C2H4O_rxn0724_P] mps256_s8 batch 7: E -151.00003508  dim 267x267=71289  S^2 5.28e-03  t 23.4s (reused)
[C2H4O_rxn0724_P] mps256_s8 batch 8: E -151.00003508  dim 267x267=71289  S^2 5.28e-03  t 23.4s (reused)
[C2H4O_rxn0724_P] mps256_s8 batch 9: E -151.00003508  dim 267x267=71289  S^2 5.28e-03  t 23.4s (reused)
[C2H4O_rxn0724_P] mps256_s9 batch 0: E -151.00081500  dim 271x271=73441  S^2 4.00e-03  t 23.7s
[C2H4O_rxn0724_P] mps256_s9 batch 1: E -151.00081500  dim 271x271=73441  S^2 4.00e-03  t 23.7s (reused)
[C2H4O_rxn0724_P] mps256_s9 batch 2: E -151.00081500  dim 271x271=73441  S^2 4.00e-03  t 23.7s (reused)
[C2H4O_rxn0724_P] mps256_s9 batch 3: E -151.00081500  dim 271x271=73441  S^2 4.00e-03  t 23.7s (reused)
[C2H4O_rxn0724_P] mps256_s9 batch 4: E -151.00081500  dim 271x271=73441  S^2 4.00e-03  t 23.7s (reused)
[C2H4O_rxn0724_P] mps256_s9 batch 5: E -151.00081500  dim 271x271=73441  S^2 4.00e-03  t 23.7s (reused)
[C2H4O_rxn0724_P] mps256_s9 batch 6: E -151.00081500  dim 271x271=73441  S^2 4.00e-03  t 23.7s (reused)
[C2H4O_rxn0724_P] mps256_s9 batch 7: E -151.00081500  dim 271x271=73441  S^2 4.00e-03  t 23.7s (reused)
[C2H4O_rxn0724_P] mps256_s9 batch 8: E -151.00081500  dim 271x271=73441  S^2 4.00e-03  t 23.7s (reused)
[C2H4O_rxn0724_P] mps256_s9 batch 9: E -151.00081500  dim 271x271=73441  S^2 4.00e-03  t 23.7s (reused)
[C2H4O_rxn0724_P] mps512_s10 batch 0: E -151.00145311  dim 269x269=72361  S^2 3.79e-03  t 22.8s
[C2H4O_rxn0724_P] mps512_s10 batch 1: E -151.00145311  dim 269x269=72361  S^2 3.79e-03  t 22.8s (reused)
[C2H4O_rxn0724_P] mps512_s10 batch 2: E -151.00145311  dim 269x269=72361  S^2 3.79e-03  t 22.8s (reused)
[C2H4O_rxn0724_P] mps512_s10 batch 3: E -151.00145311  dim 269x269=72361  S^2 3.79e-03  t 22.8s (reused)
[C2H4O_rxn0724_P] mps512_s10 batch 4: E -151.00145311  dim 269x269=72361  S^2 3.79e-03  t 22.8s (reused)
[C2H4O_rxn0724_P] mps512_s10 batch 5: E -151.00145311  dim 269x269=72361  S^2 3.79e-03  t 22.8s (reused)
[C2H4O_rxn0724_P] mps512_s10 batch 6: E -151.00145311  dim 269x269=72361  S^2 3.79e-03  t 22.8s (reused)
[C2H4O_rxn0724_P] mps512_s10 batch 7: E -151.00145311  dim 269x269=72361  S^2 3.79e-03  t 22.8s (reused)
[C2H4O_rxn0724_P] mps512_s10 batch 8: E -151.00145311  dim 269x269=72361  S^2 3.79e-03  t 22.8s (reused)
[C2H4O_rxn0724_P] mps512_s10 batch 9: E -151.00145311  dim 269x269=72361  S^2 3.79e-03  t 22.8s (reused)
[C2H4O_rxn0724_P] mps512_s11 batch 0: E -151.00031792  dim 267x267=71289  S^2 4.53e-03  t 23.6s
[C2H4O_rxn0724_P] mps512_s11 batch 1: E -151.00031792  dim 267x267=71289  S^2 4.53e-03  t 23.6s (reused)
[C2H4O_rxn0724_P] mps512_s11 batch 2: E -151.00031792  dim 267x267=71289  S^2 4.53e-03  t 23.6s (reused)
[C2H4O_rxn0724_P] mps512_s11 batch 3: E -151.00031792  dim 267x267=71289  S^2 4.53e-03  t 23.6s (reused)
[C2H4O_rxn0724_P] mps512_s11 batch 4: E -151.00031792  dim 267x267=71289  S^2 4.53e-03  t 23.6s (reused)
[C2H4O_rxn0724_P] mps512_s11 batch 5: E -151.00031792  dim 267x267=71289  S^2 4.53e-03  t 23.6s (reused)
[C2H4O_rxn0724_P] mps512_s11 batch 6: E -151.00031792  dim 267x267=71289  S^2 4.53e-03  t 23.6s (reused)
[C2H4O_rxn0724_P] mps512_s11 batch 7: E -151.00031792  dim 267x267=71289  S^2 4.53e-03  t 23.6s (reused)
[C2H4O_rxn0724_P] mps512_s11 batch 8: E -151.00031792  dim 267x267=71289  S^2 4.53e-03  t 23.6s (reused)
[C2H4O_rxn0724_P] mps512_s11 batch 9: E -151.00031792  dim 267x267=71289  S^2 4.53e-03  t 23.6s (reused)
[C2H4O_rxn0724_P] mps512_s12 batch 0: E -151.00086577  dim 270x270=72900  S^2 4.20e-03  t 23.6s
[C2H4O_rxn0724_P] mps512_s12 batch 1: E -151.00086577  dim 270x270=72900  S^2 4.20e-03  t 23.6s (reused)
[C2H4O_rxn0724_P] mps512_s12 batch 2: E -151.00086577  dim 270x270=72900  S^2 4.20e-03  t 23.6s (reused)
[C2H4O_rxn0724_P] mps512_s12 batch 3: E -151.00086577  dim 270x270=72900  S^2 4.20e-03  t 23.6s (reused)
[C2H4O_rxn0724_P] mps512_s12 batch 4: E -151.00086577  dim 270x270=72900  S^2 4.20e-03  t 23.6s (reused)
[C2H4O_rxn0724_P] mps512_s12 batch 5: E -151.00086577  dim 270x270=72900  S^2 4.20e-03  t 23.6s (reused)
[C2H4O_rxn0724_P] mps512_s12 batch 6: E -151.00086577  dim 270x270=72900  S^2 4.20e-03  t 23.6s (reused)
[C2H4O_rxn0724_P] mps512_s12 batch 7: E -151.00086577  dim 270x270=72900  S^2 4.20e-03  t 23.6s (reused)
[C2H4O_rxn0724_P] mps512_s12 batch 8: E -151.00086577  dim 270x270=72900  S^2 4.20e-03  t 23.6s (reused)
[C2H4O_rxn0724_P] mps512_s12 batch 9: E -151.00086577  dim 270x270=72900  S^2 4.20e-03  t 23.6s (reused)
[C2H4O_rxn0724_P] mps512_s7 batch 0: E -151.00062552  dim 301x301=90601  S^2 4.50e-03  t 30.2s
[C2H4O_rxn0724_P] mps512_s7 batch 1: E -151.00062552  dim 301x301=90601  S^2 4.50e-03  t 30.2s (reused)
[C2H4O_rxn0724_P] mps512_s7 batch 2: E -151.00062552  dim 301x301=90601  S^2 4.50e-03  t 30.2s (reused)
[C2H4O_rxn0724_P] mps512_s7 batch 3: E -151.00062552  dim 301x301=90601  S^2 4.50e-03  t 30.2s (reused)
[C2H4O_rxn0724_P] mps512_s7 batch 4: E -151.00062552  dim 301x301=90601  S^2 4.50e-03  t 30.2s (reused)
[C2H4O_rxn0724_P] mps512_s7 batch 5: E -151.00062552  dim 301x301=90601  S^2 4.50e-03  t 30.2s (reused)
[C2H4O_rxn0724_P] mps512_s7 batch 6: E -151.00062552  dim 301x301=90601  S^2 4.50e-03  t 30.2s (reused)
[C2H4O_rxn0724_P] mps512_s7 batch 7: E -151.00062552  dim 301x301=90601  S^2 4.50e-03  t 30.2s (reused)
[C2H4O_rxn0724_P] mps512_s7 batch 8: E -151.00062552  dim 301x301=90601  S^2 4.50e-03  t 30.2s (reused)
[C2H4O_rxn0724_P] mps512_s7 batch 9: E -151.00062552  dim 301x301=90601  S^2 4.50e-03  t 30.2s (reused)
[C2H4O_rxn0724_P] mps512_s8 batch 0: E -151.00093233  dim 270x270=72900  S^2 4.23e-03  t 24.1s
[C2H4O_rxn0724_P] mps512_s8 batch 1: E -151.00093233  dim 270x270=72900  S^2 4.23e-03  t 24.1s (reused)
[C2H4O_rxn0724_P] mps512_s8 batch 2: E -151.00093233  dim 270x270=72900  S^2 4.23e-03  t 24.1s (reused)
[C2H4O_rxn0724_P] mps512_s8 batch 3: E -151.00093233  dim 270x270=72900  S^2 4.23e-03  t 24.1s (reused)
[C2H4O_rxn0724_P] mps512_s8 batch 4: E -151.00093233  dim 270x270=72900  S^2 4.23e-03  t 24.1s (reused)
[C2H4O_rxn0724_P] mps512_s8 batch 5: E -151.00093233  dim 270x270=72900  S^2 4.23e-03  t 24.1s (reused)
[C2H4O_rxn0724_P] mps512_s8 batch 6: E -151.00093233  dim 270x270=72900  S^2 4.23e-03  t 24.1s (reused)
[C2H4O_rxn0724_P] mps512_s8 batch 7: E -151.00093233  dim 270x270=72900  S^2 4.23e-03  t 24.1s (reused)
[C2H4O_rxn0724_P] mps512_s8 batch 8: E -151.00093233  dim 270x270=72900  S^2 4.23e-03  t 24.1s (reused)
[C2H4O_rxn0724_P] mps512_s8 batch 9: E -151.00093233  dim 270x270=72900  S^2 4.23e-03  t 24.1s (reused)
[C2H4O_rxn0724_P] mps512_s9 batch 0: E -151.00163254  dim 274x274=75076  S^2 4.04e-03  t 27.0s
[C2H4O_rxn0724_P] mps512_s9 batch 1: E -151.00163254  dim 274x274=75076  S^2 4.04e-03  t 27.0s (reused)
[C2H4O_rxn0724_P] mps512_s9 batch 2: E -151.00163254  dim 274x274=75076  S^2 4.04e-03  t 27.0s (reused)
[C2H4O_rxn0724_P] mps512_s9 batch 3: E -151.00163254  dim 274x274=75076  S^2 4.04e-03  t 27.0s (reused)
[C2H4O_rxn0724_P] mps512_s9 batch 4: E -151.00163254  dim 274x274=75076  S^2 4.04e-03  t 27.0s (reused)
[C2H4O_rxn0724_P] mps512_s9 batch 5: E -151.00163254  dim 274x274=75076  S^2 4.04e-03  t 27.0s (reused)
[C2H4O_rxn0724_P] mps512_s9 batch 6: E -151.00163254  dim 274x274=75076  S^2 4.04e-03  t 27.0s (reused)
[C2H4O_rxn0724_P] mps512_s9 batch 7: E -151.00163254  dim 274x274=75076  S^2 4.04e-03  t 27.0s (reused)
[C2H4O_rxn0724_P] mps512_s9 batch 8: E -151.00163254  dim 274x274=75076  S^2 4.04e-03  t 27.0s (reused)
[C2H4O_rxn0724_P] mps512_s9 batch 9: E -151.00163254  dim 274x274=75076  S^2 4.04e-03  t 27.0s (reused)
[C3H4_rxn2391_TS] exact_s10 batch 0: E -114.46163650  dim 564x564=318096  S^2 4.13e-03  t 94.1s
[C3H4_rxn2391_TS] exact_s10 batch 1: E -114.46163650  dim 564x564=318096  S^2 4.13e-03  t 94.1s (reused)
[C3H4_rxn2391_TS] exact_s10 batch 2: E -114.46163650  dim 564x564=318096  S^2 4.13e-03  t 94.1s (reused)
[C3H4_rxn2391_TS] exact_s10 batch 3: E -114.46163650  dim 564x564=318096  S^2 4.13e-03  t 94.1s (reused)
[C3H4_rxn2391_TS] exact_s10 batch 4: E -114.46163650  dim 564x564=318096  S^2 4.13e-03  t 94.1s (reused)
[C3H4_rxn2391_TS] exact_s10 batch 5: E -114.46163650  dim 564x564=318096  S^2 4.13e-03  t 94.1s (reused)
[C3H4_rxn2391_TS] exact_s10 batch 6: E -114.46163650  dim 564x564=318096  S^2 4.13e-03  t 94.1s (reused)
[C3H4_rxn2391_TS] exact_s10 batch 7: E -114.46163650  dim 564x564=318096  S^2 4.13e-03  t 94.1s (reused)
[C3H4_rxn2391_TS] exact_s10 batch 8: E -114.46163650  dim 564x564=318096  S^2 4.13e-03  t 94.1s (reused)
[C3H4_rxn2391_TS] exact_s10 batch 9: E -114.46163650  dim 564x564=318096  S^2 4.13e-03  t 94.1s (reused)
[C3H4_rxn2391_TS] exact_s11 batch 0: E -114.46168028  dim 575x575=330625  S^2 4.12e-03  t 95.5s
[C3H4_rxn2391_TS] exact_s11 batch 1: E -114.46168028  dim 575x575=330625  S^2 4.12e-03  t 95.5s (reused)
[C3H4_rxn2391_TS] exact_s11 batch 2: E -114.46168028  dim 575x575=330625  S^2 4.12e-03  t 95.5s (reused)
[C3H4_rxn2391_TS] exact_s11 batch 3: E -114.46168028  dim 575x575=330625  S^2 4.12e-03  t 95.5s (reused)
[C3H4_rxn2391_TS] exact_s11 batch 4: E -114.46168028  dim 575x575=330625  S^2 4.12e-03  t 95.5s (reused)
[C3H4_rxn2391_TS] exact_s11 batch 5: E -114.46168028  dim 575x575=330625  S^2 4.12e-03  t 95.5s (reused)
[C3H4_rxn2391_TS] exact_s11 batch 6: E -114.46168028  dim 575x575=330625  S^2 4.12e-03  t 95.5s (reused)
[C3H4_rxn2391_TS] exact_s11 batch 7: E -114.46168028  dim 575x575=330625  S^2 4.12e-03  t 95.5s (reused)
[C3H4_rxn2391_TS] exact_s11 batch 8: E -114.46168028  dim 575x575=330625  S^2 4.12e-03  t 95.5s (reused)
[C3H4_rxn2391_TS] exact_s11 batch 9: E -114.46168028  dim 575x575=330625  S^2 4.12e-03  t 95.5s (reused)
[C3H4_rxn2391_TS] exact_s12 batch 0: E -114.46119450  dim 564x564=318096  S^2 4.40e-03  t 93.1s
[C3H4_rxn2391_TS] exact_s12 batch 1: E -114.46119450  dim 564x564=318096  S^2 4.40e-03  t 93.1s (reused)
[C3H4_rxn2391_TS] exact_s12 batch 2: E -114.46119450  dim 564x564=318096  S^2 4.40e-03  t 93.1s (reused)
[C3H4_rxn2391_TS] exact_s12 batch 3: E -114.46119450  dim 564x564=318096  S^2 4.40e-03  t 93.1s (reused)
[C3H4_rxn2391_TS] exact_s12 batch 4: E -114.46119450  dim 564x564=318096  S^2 4.40e-03  t 93.1s (reused)
[C3H4_rxn2391_TS] exact_s12 batch 5: E -114.46119450  dim 564x564=318096  S^2 4.40e-03  t 93.1s (reused)
[C3H4_rxn2391_TS] exact_s12 batch 6: E -114.46119450  dim 564x564=318096  S^2 4.40e-03  t 93.1s (reused)
[C3H4_rxn2391_TS] exact_s12 batch 7: E -114.46119450  dim 564x564=318096  S^2 4.40e-03  t 93.1s (reused)
[C3H4_rxn2391_TS] exact_s12 batch 8: E -114.46119450  dim 564x564=318096  S^2 4.40e-03  t 93.1s (reused)
[C3H4_rxn2391_TS] exact_s12 batch 9: E -114.46119450  dim 564x564=318096  S^2 4.40e-03  t 93.1s (reused)
[C3H4_rxn2391_TS] exact_s7 batch 0: E -114.46120263  dim 570x570=324900  S^2 4.37e-03  t 95.7s
[C3H4_rxn2391_TS] exact_s7 batch 1: E -114.46120263  dim 570x570=324900  S^2 4.37e-03  t 95.7s (reused)
[C3H4_rxn2391_TS] exact_s7 batch 2: E -114.46120263  dim 570x570=324900  S^2 4.37e-03  t 95.7s (reused)
[C3H4_rxn2391_TS] exact_s7 batch 3: E -114.46120263  dim 570x570=324900  S^2 4.37e-03  t 95.7s (reused)
[C3H4_rxn2391_TS] exact_s7 batch 4: E -114.46120263  dim 570x570=324900  S^2 4.37e-03  t 95.7s (reused)
[C3H4_rxn2391_TS] exact_s7 batch 5: E -114.46120263  dim 570x570=324900  S^2 4.37e-03  t 95.7s (reused)
[C3H4_rxn2391_TS] exact_s7 batch 6: E -114.46120263  dim 570x570=324900  S^2 4.37e-03  t 95.7s (reused)
[C3H4_rxn2391_TS] exact_s7 batch 7: E -114.46120263  dim 570x570=324900  S^2 4.37e-03  t 95.7s (reused)
[C3H4_rxn2391_TS] exact_s7 batch 8: E -114.46120263  dim 570x570=324900  S^2 4.37e-03  t 95.7s (reused)
[C3H4_rxn2391_TS] exact_s7 batch 9: E -114.46120263  dim 570x570=324900  S^2 4.37e-03  t 95.7s (reused)
[C3H4_rxn2391_TS] exact_s8 batch 0: E -114.46237090  dim 572x572=327184  S^2 3.84e-03  t 99.3s
[C3H4_rxn2391_TS] exact_s8 batch 1: E -114.46237090  dim 572x572=327184  S^2 3.84e-03  t 99.3s (reused)
[C3H4_rxn2391_TS] exact_s8 batch 2: E -114.46237090  dim 572x572=327184  S^2 3.84e-03  t 99.3s (reused)
[C3H4_rxn2391_TS] exact_s8 batch 3: E -114.46237090  dim 572x572=327184  S^2 3.84e-03  t 99.3s (reused)
[C3H4_rxn2391_TS] exact_s8 batch 4: E -114.46237090  dim 572x572=327184  S^2 3.84e-03  t 99.3s (reused)
[C3H4_rxn2391_TS] exact_s8 batch 5: E -114.46237090  dim 572x572=327184  S^2 3.84e-03  t 99.3s (reused)
[C3H4_rxn2391_TS] exact_s8 batch 6: E -114.46237090  dim 572x572=327184  S^2 3.84e-03  t 99.3s (reused)
[C3H4_rxn2391_TS] exact_s8 batch 7: E -114.46237090  dim 572x572=327184  S^2 3.84e-03  t 99.3s (reused)
[C3H4_rxn2391_TS] exact_s8 batch 8: E -114.46237090  dim 572x572=327184  S^2 3.84e-03  t 99.3s (reused)
[C3H4_rxn2391_TS] exact_s8 batch 9: E -114.46237090  dim 572x572=327184  S^2 3.84e-03  t 99.3s (reused)
[C3H4_rxn2391_TS] exact_s9 batch 0: E -114.46134674  dim 570x570=324900  S^2 4.12e-03  t 93.9s
[C3H4_rxn2391_TS] exact_s9 batch 1: E -114.46134674  dim 570x570=324900  S^2 4.12e-03  t 93.9s (reused)
[C3H4_rxn2391_TS] exact_s9 batch 2: E -114.46134674  dim 570x570=324900  S^2 4.12e-03  t 93.9s (reused)
[C3H4_rxn2391_TS] exact_s9 batch 3: E -114.46134674  dim 570x570=324900  S^2 4.12e-03  t 93.9s (reused)
[C3H4_rxn2391_TS] exact_s9 batch 4: E -114.46134674  dim 570x570=324900  S^2 4.12e-03  t 93.9s (reused)
[C3H4_rxn2391_TS] exact_s9 batch 5: E -114.46134674  dim 570x570=324900  S^2 4.12e-03  t 93.9s (reused)
[C3H4_rxn2391_TS] exact_s9 batch 6: E -114.46134674  dim 570x570=324900  S^2 4.12e-03  t 93.9s (reused)
[C3H4_rxn2391_TS] exact_s9 batch 7: E -114.46134674  dim 570x570=324900  S^2 4.12e-03  t 93.9s (reused)
[C3H4_rxn2391_TS] exact_s9 batch 8: E -114.46134674  dim 570x570=324900  S^2 4.12e-03  t 93.9s (reused)
[C3H4_rxn2391_TS] exact_s9 batch 9: E -114.46134674  dim 570x570=324900  S^2 4.12e-03  t 93.9s (reused)
[C3H4_rxn2391_TS] mps128_s10 batch 0: E -114.46037377  dim 531x531=281961  S^2 4.44e-03  t 80.9s
[C3H4_rxn2391_TS] mps128_s10 batch 1: E -114.46037377  dim 531x531=281961  S^2 4.44e-03  t 80.9s (reused)
[C3H4_rxn2391_TS] mps128_s10 batch 2: E -114.46037377  dim 531x531=281961  S^2 4.44e-03  t 80.9s (reused)
[C3H4_rxn2391_TS] mps128_s10 batch 3: E -114.46037377  dim 531x531=281961  S^2 4.44e-03  t 80.9s (reused)
[C3H4_rxn2391_TS] mps128_s10 batch 4: E -114.46037377  dim 531x531=281961  S^2 4.44e-03  t 80.9s (reused)
[C3H4_rxn2391_TS] mps128_s10 batch 5: E -114.46037377  dim 531x531=281961  S^2 4.44e-03  t 80.9s (reused)
[C3H4_rxn2391_TS] mps128_s10 batch 6: E -114.46037377  dim 531x531=281961  S^2 4.44e-03  t 80.9s (reused)
[C3H4_rxn2391_TS] mps128_s10 batch 7: E -114.46037377  dim 531x531=281961  S^2 4.44e-03  t 80.9s (reused)
[C3H4_rxn2391_TS] mps128_s10 batch 8: E -114.46037377  dim 531x531=281961  S^2 4.44e-03  t 80.9s (reused)
[C3H4_rxn2391_TS] mps128_s10 batch 9: E -114.46037377  dim 531x531=281961  S^2 4.44e-03  t 80.9s (reused)
[C3H4_rxn2391_TS] mps128_s11 batch 0: E -114.46050441  dim 518x518=268324  S^2 4.67e-03  t 79.3s
[C3H4_rxn2391_TS] mps128_s11 batch 1: E -114.46050441  dim 518x518=268324  S^2 4.67e-03  t 79.3s (reused)
[C3H4_rxn2391_TS] mps128_s11 batch 2: E -114.46050441  dim 518x518=268324  S^2 4.67e-03  t 79.3s (reused)
[C3H4_rxn2391_TS] mps128_s11 batch 3: E -114.46050441  dim 518x518=268324  S^2 4.67e-03  t 79.3s (reused)
[C3H4_rxn2391_TS] mps128_s11 batch 4: E -114.46050441  dim 518x518=268324  S^2 4.67e-03  t 79.3s (reused)
[C3H4_rxn2391_TS] mps128_s11 batch 5: E -114.46050441  dim 518x518=268324  S^2 4.67e-03  t 79.3s (reused)
[C3H4_rxn2391_TS] mps128_s11 batch 6: E -114.46050441  dim 518x518=268324  S^2 4.67e-03  t 79.3s (reused)
[C3H4_rxn2391_TS] mps128_s11 batch 7: E -114.46050441  dim 518x518=268324  S^2 4.67e-03  t 79.3s (reused)
[C3H4_rxn2391_TS] mps128_s11 batch 8: E -114.46050441  dim 518x518=268324  S^2 4.67e-03  t 79.3s (reused)
[C3H4_rxn2391_TS] mps128_s11 batch 9: E -114.46050441  dim 518x518=268324  S^2 4.67e-03  t 79.3s (reused)
[C3H4_rxn2391_TS] mps128_s12 batch 0: E -114.45932670  dim 486x486=236196  S^2 5.12e-03  t 73.3s
[C3H4_rxn2391_TS] mps128_s12 batch 1: E -114.45932670  dim 486x486=236196  S^2 5.12e-03  t 73.3s (reused)
[C3H4_rxn2391_TS] mps128_s12 batch 2: E -114.45932670  dim 486x486=236196  S^2 5.12e-03  t 73.3s (reused)
[C3H4_rxn2391_TS] mps128_s12 batch 3: E -114.45932670  dim 486x486=236196  S^2 5.12e-03  t 73.3s (reused)
[C3H4_rxn2391_TS] mps128_s12 batch 4: E -114.45932670  dim 486x486=236196  S^2 5.12e-03  t 73.3s (reused)
[C3H4_rxn2391_TS] mps128_s12 batch 5: E -114.45932670  dim 486x486=236196  S^2 5.12e-03  t 73.3s (reused)
[C3H4_rxn2391_TS] mps128_s12 batch 6: E -114.45932670  dim 486x486=236196  S^2 5.12e-03  t 73.3s (reused)
[C3H4_rxn2391_TS] mps128_s12 batch 7: E -114.45932670  dim 486x486=236196  S^2 5.12e-03  t 73.3s (reused)
[C3H4_rxn2391_TS] mps128_s12 batch 8: E -114.45932670  dim 486x486=236196  S^2 5.12e-03  t 73.3s (reused)
[C3H4_rxn2391_TS] mps128_s12 batch 9: E -114.45932670  dim 486x486=236196  S^2 5.12e-03  t 73.3s (reused)
[C3H4_rxn2391_TS] mps128_s7 batch 0: E -114.46068372  dim 535x535=286225  S^2 4.53e-03  t 82.2s
[C3H4_rxn2391_TS] mps128_s7 batch 1: E -114.46068372  dim 535x535=286225  S^2 4.53e-03  t 82.2s (reused)
[C3H4_rxn2391_TS] mps128_s7 batch 2: E -114.46068372  dim 535x535=286225  S^2 4.53e-03  t 82.2s (reused)
[C3H4_rxn2391_TS] mps128_s7 batch 3: E -114.46068372  dim 535x535=286225  S^2 4.53e-03  t 82.2s (reused)
[C3H4_rxn2391_TS] mps128_s7 batch 4: E -114.46068372  dim 535x535=286225  S^2 4.53e-03  t 82.2s (reused)
[C3H4_rxn2391_TS] mps128_s7 batch 5: E -114.46068372  dim 535x535=286225  S^2 4.53e-03  t 82.2s (reused)
[C3H4_rxn2391_TS] mps128_s7 batch 6: E -114.46068372  dim 535x535=286225  S^2 4.53e-03  t 82.2s (reused)
[C3H4_rxn2391_TS] mps128_s7 batch 7: E -114.46068372  dim 535x535=286225  S^2 4.53e-03  t 82.2s (reused)
[C3H4_rxn2391_TS] mps128_s7 batch 8: E -114.46068372  dim 535x535=286225  S^2 4.53e-03  t 82.2s (reused)
[C3H4_rxn2391_TS] mps128_s7 batch 9: E -114.46068372  dim 535x535=286225  S^2 4.53e-03  t 82.2s (reused)
[C3H4_rxn2391_TS] mps128_s8 batch 0: E -114.46046723  dim 526x526=276676  S^2 4.59e-03  t 81.7s
[C3H4_rxn2391_TS] mps128_s8 batch 1: E -114.46046723  dim 526x526=276676  S^2 4.59e-03  t 81.7s (reused)
[C3H4_rxn2391_TS] mps128_s8 batch 2: E -114.46046723  dim 526x526=276676  S^2 4.59e-03  t 81.7s (reused)
[C3H4_rxn2391_TS] mps128_s8 batch 3: E -114.46046723  dim 526x526=276676  S^2 4.59e-03  t 81.7s (reused)
[C3H4_rxn2391_TS] mps128_s8 batch 4: E -114.46046723  dim 526x526=276676  S^2 4.59e-03  t 81.7s (reused)
[C3H4_rxn2391_TS] mps128_s8 batch 5: E -114.46046723  dim 526x526=276676  S^2 4.59e-03  t 81.7s (reused)
[C3H4_rxn2391_TS] mps128_s8 batch 6: E -114.46046723  dim 526x526=276676  S^2 4.59e-03  t 81.7s (reused)
[C3H4_rxn2391_TS] mps128_s8 batch 7: E -114.46046723  dim 526x526=276676  S^2 4.59e-03  t 81.7s (reused)
[C3H4_rxn2391_TS] mps128_s8 batch 8: E -114.46046723  dim 526x526=276676  S^2 4.59e-03  t 81.7s (reused)
[C3H4_rxn2391_TS] mps128_s8 batch 9: E -114.46046723  dim 526x526=276676  S^2 4.59e-03  t 81.7s (reused)
[C3H4_rxn2391_TS] mps128_s9 batch 0: E -114.46040402  dim 524x524=274576  S^2 4.59e-03  t 81.3s
[C3H4_rxn2391_TS] mps128_s9 batch 1: E -114.46040402  dim 524x524=274576  S^2 4.59e-03  t 81.3s (reused)
[C3H4_rxn2391_TS] mps128_s9 batch 2: E -114.46040402  dim 524x524=274576  S^2 4.59e-03  t 81.3s (reused)
[C3H4_rxn2391_TS] mps128_s9 batch 3: E -114.46040402  dim 524x524=274576  S^2 4.59e-03  t 81.3s (reused)
[C3H4_rxn2391_TS] mps128_s9 batch 4: E -114.46040402  dim 524x524=274576  S^2 4.59e-03  t 81.3s (reused)
[C3H4_rxn2391_TS] mps128_s9 batch 5: E -114.46040402  dim 524x524=274576  S^2 4.59e-03  t 81.3s (reused)
[C3H4_rxn2391_TS] mps128_s9 batch 6: E -114.46040402  dim 524x524=274576  S^2 4.59e-03  t 81.3s (reused)
[C3H4_rxn2391_TS] mps128_s9 batch 7: E -114.46040402  dim 524x524=274576  S^2 4.59e-03  t 81.3s (reused)
[C3H4_rxn2391_TS] mps128_s9 batch 8: E -114.46040402  dim 524x524=274576  S^2 4.59e-03  t 81.3s (reused)
[C3H4_rxn2391_TS] mps128_s9 batch 9: E -114.46040402  dim 524x524=274576  S^2 4.59e-03  t 81.3s (reused)
[C3H4_rxn2391_TS] mps256_s10 batch 0: E -114.46093322  dim 544x544=295936  S^2 4.53e-03  t 84.9s
[C3H4_rxn2391_TS] mps256_s10 batch 1: E -114.46093322  dim 544x544=295936  S^2 4.53e-03  t 84.9s (reused)
[C3H4_rxn2391_TS] mps256_s10 batch 2: E -114.46093322  dim 544x544=295936  S^2 4.53e-03  t 84.9s (reused)
[C3H4_rxn2391_TS] mps256_s10 batch 3: E -114.46093322  dim 544x544=295936  S^2 4.53e-03  t 84.9s (reused)
[C3H4_rxn2391_TS] mps256_s10 batch 4: E -114.46093322  dim 544x544=295936  S^2 4.53e-03  t 84.9s (reused)
[C3H4_rxn2391_TS] mps256_s10 batch 5: E -114.46093322  dim 544x544=295936  S^2 4.53e-03  t 84.9s (reused)
[C3H4_rxn2391_TS] mps256_s10 batch 6: E -114.46093322  dim 544x544=295936  S^2 4.53e-03  t 84.9s (reused)
[C3H4_rxn2391_TS] mps256_s10 batch 7: E -114.46093322  dim 544x544=295936  S^2 4.53e-03  t 84.9s (reused)
[C3H4_rxn2391_TS] mps256_s10 batch 8: E -114.46093322  dim 544x544=295936  S^2 4.53e-03  t 84.9s (reused)
[C3H4_rxn2391_TS] mps256_s10 batch 9: E -114.46093322  dim 544x544=295936  S^2 4.53e-03  t 84.9s (reused)
[C3H4_rxn2391_TS] mps256_s11 batch 0: E -114.46191979  dim 558x558=311364  S^2 4.01e-03  t 87.3s
[C3H4_rxn2391_TS] mps256_s11 batch 1: E -114.46191979  dim 558x558=311364  S^2 4.01e-03  t 87.3s (reused)
[C3H4_rxn2391_TS] mps256_s11 batch 2: E -114.46191979  dim 558x558=311364  S^2 4.01e-03  t 87.3s (reused)
[C3H4_rxn2391_TS] mps256_s11 batch 3: E -114.46191979  dim 558x558=311364  S^2 4.01e-03  t 87.3s (reused)
[C3H4_rxn2391_TS] mps256_s11 batch 4: E -114.46191979  dim 558x558=311364  S^2 4.01e-03  t 87.3s (reused)
[C3H4_rxn2391_TS] mps256_s11 batch 5: E -114.46191979  dim 558x558=311364  S^2 4.01e-03  t 87.3s (reused)
[C3H4_rxn2391_TS] mps256_s11 batch 6: E -114.46191979  dim 558x558=311364  S^2 4.01e-03  t 87.3s (reused)
[C3H4_rxn2391_TS] mps256_s11 batch 7: E -114.46191979  dim 558x558=311364  S^2 4.01e-03  t 87.3s (reused)
[C3H4_rxn2391_TS] mps256_s11 batch 8: E -114.46191979  dim 558x558=311364  S^2 4.01e-03  t 87.3s (reused)
[C3H4_rxn2391_TS] mps256_s11 batch 9: E -114.46191979  dim 558x558=311364  S^2 4.01e-03  t 87.3s (reused)
[C3H4_rxn2391_TS] mps256_s12 batch 0: E -114.46109169  dim 545x545=297025  S^2 4.36e-03  t 85.2s
[C3H4_rxn2391_TS] mps256_s12 batch 1: E -114.46109169  dim 545x545=297025  S^2 4.36e-03  t 85.2s (reused)
[C3H4_rxn2391_TS] mps256_s12 batch 2: E -114.46109169  dim 545x545=297025  S^2 4.36e-03  t 85.2s (reused)
[C3H4_rxn2391_TS] mps256_s12 batch 3: E -114.46109169  dim 545x545=297025  S^2 4.36e-03  t 85.2s (reused)
[C3H4_rxn2391_TS] mps256_s12 batch 4: E -114.46109169  dim 545x545=297025  S^2 4.36e-03  t 85.2s (reused)
[C3H4_rxn2391_TS] mps256_s12 batch 5: E -114.46109169  dim 545x545=297025  S^2 4.36e-03  t 85.2s (reused)
[C3H4_rxn2391_TS] mps256_s12 batch 6: E -114.46109169  dim 545x545=297025  S^2 4.36e-03  t 85.2s (reused)
[C3H4_rxn2391_TS] mps256_s12 batch 7: E -114.46109169  dim 545x545=297025  S^2 4.36e-03  t 85.2s (reused)
[C3H4_rxn2391_TS] mps256_s12 batch 8: E -114.46109169  dim 545x545=297025  S^2 4.36e-03  t 85.2s (reused)
[C3H4_rxn2391_TS] mps256_s12 batch 9: E -114.46109169  dim 545x545=297025  S^2 4.36e-03  t 85.2s (reused)
[C3H4_rxn2391_TS] mps256_s7 batch 0: E -114.46073035  dim 537x537=288369  S^2 4.52e-03  t 84.6s
[C3H4_rxn2391_TS] mps256_s7 batch 1: E -114.46073035  dim 537x537=288369  S^2 4.52e-03  t 84.6s (reused)
[C3H4_rxn2391_TS] mps256_s7 batch 2: E -114.46073035  dim 537x537=288369  S^2 4.52e-03  t 84.6s (reused)
[C3H4_rxn2391_TS] mps256_s7 batch 3: E -114.46073035  dim 537x537=288369  S^2 4.52e-03  t 84.6s (reused)
[C3H4_rxn2391_TS] mps256_s7 batch 4: E -114.46073035  dim 537x537=288369  S^2 4.52e-03  t 84.6s (reused)
[C3H4_rxn2391_TS] mps256_s7 batch 5: E -114.46073035  dim 537x537=288369  S^2 4.52e-03  t 84.6s (reused)
[C3H4_rxn2391_TS] mps256_s7 batch 6: E -114.46073035  dim 537x537=288369  S^2 4.52e-03  t 84.6s (reused)
[C3H4_rxn2391_TS] mps256_s7 batch 7: E -114.46073035  dim 537x537=288369  S^2 4.52e-03  t 84.6s (reused)
[C3H4_rxn2391_TS] mps256_s7 batch 8: E -114.46073035  dim 537x537=288369  S^2 4.52e-03  t 84.6s (reused)
[C3H4_rxn2391_TS] mps256_s7 batch 9: E -114.46073035  dim 537x537=288369  S^2 4.52e-03  t 84.6s (reused)
[C3H4_rxn2391_TS] mps256_s8 batch 0: E -114.46142925  dim 560x560=313600  S^2 4.33e-03  t 88.7s
[C3H4_rxn2391_TS] mps256_s8 batch 1: E -114.46142925  dim 560x560=313600  S^2 4.33e-03  t 88.7s (reused)
[C3H4_rxn2391_TS] mps256_s8 batch 2: E -114.46142925  dim 560x560=313600  S^2 4.33e-03  t 88.7s (reused)
[C3H4_rxn2391_TS] mps256_s8 batch 3: E -114.46142925  dim 560x560=313600  S^2 4.33e-03  t 88.7s (reused)
[C3H4_rxn2391_TS] mps256_s8 batch 4: E -114.46142925  dim 560x560=313600  S^2 4.33e-03  t 88.7s (reused)
[C3H4_rxn2391_TS] mps256_s8 batch 5: E -114.46142925  dim 560x560=313600  S^2 4.33e-03  t 88.7s (reused)
[C3H4_rxn2391_TS] mps256_s8 batch 6: E -114.46142925  dim 560x560=313600  S^2 4.33e-03  t 88.7s (reused)
[C3H4_rxn2391_TS] mps256_s8 batch 7: E -114.46142925  dim 560x560=313600  S^2 4.33e-03  t 88.7s (reused)
[C3H4_rxn2391_TS] mps256_s8 batch 8: E -114.46142925  dim 560x560=313600  S^2 4.33e-03  t 88.7s (reused)
[C3H4_rxn2391_TS] mps256_s8 batch 9: E -114.46142925  dim 560x560=313600  S^2 4.33e-03  t 88.7s (reused)
[C3H4_rxn2391_TS] mps256_s9 batch 0: E -114.46149509  dim 552x552=304704  S^2 4.19e-03  t 87.2s
[C3H4_rxn2391_TS] mps256_s9 batch 1: E -114.46149509  dim 552x552=304704  S^2 4.19e-03  t 87.2s (reused)
[C3H4_rxn2391_TS] mps256_s9 batch 2: E -114.46149509  dim 552x552=304704  S^2 4.19e-03  t 87.2s (reused)
[C3H4_rxn2391_TS] mps256_s9 batch 3: E -114.46149509  dim 552x552=304704  S^2 4.19e-03  t 87.2s (reused)
[C3H4_rxn2391_TS] mps256_s9 batch 4: E -114.46149509  dim 552x552=304704  S^2 4.19e-03  t 87.2s (reused)
[C3H4_rxn2391_TS] mps256_s9 batch 5: E -114.46149509  dim 552x552=304704  S^2 4.19e-03  t 87.2s (reused)
[C3H4_rxn2391_TS] mps256_s9 batch 6: E -114.46149509  dim 552x552=304704  S^2 4.19e-03  t 87.2s (reused)
[C3H4_rxn2391_TS] mps256_s9 batch 7: E -114.46149509  dim 552x552=304704  S^2 4.19e-03  t 87.2s (reused)
[C3H4_rxn2391_TS] mps256_s9 batch 8: E -114.46149509  dim 552x552=304704  S^2 4.19e-03  t 87.2s (reused)
[C3H4_rxn2391_TS] mps256_s9 batch 9: E -114.46149509  dim 552x552=304704  S^2 4.19e-03  t 87.2s (reused)
[C3H4_rxn2391_TS] mps512_s10 batch 0: E -114.46089154  dim 546x546=298116  S^2 4.47e-03  t 88.5s
[C3H4_rxn2391_TS] mps512_s10 batch 1: E -114.46089154  dim 546x546=298116  S^2 4.47e-03  t 88.5s (reused)
[C3H4_rxn2391_TS] mps512_s10 batch 2: E -114.46089154  dim 546x546=298116  S^2 4.47e-03  t 88.5s (reused)
[C3H4_rxn2391_TS] mps512_s10 batch 3: E -114.46089154  dim 546x546=298116  S^2 4.47e-03  t 88.5s (reused)
[C3H4_rxn2391_TS] mps512_s10 batch 4: E -114.46089154  dim 546x546=298116  S^2 4.47e-03  t 88.5s (reused)
[C3H4_rxn2391_TS] mps512_s10 batch 5: E -114.46089154  dim 546x546=298116  S^2 4.47e-03  t 88.5s (reused)
[C3H4_rxn2391_TS] mps512_s10 batch 6: E -114.46089154  dim 546x546=298116  S^2 4.47e-03  t 88.5s (reused)
[C3H4_rxn2391_TS] mps512_s10 batch 7: E -114.46089154  dim 546x546=298116  S^2 4.47e-03  t 88.5s (reused)
[C3H4_rxn2391_TS] mps512_s10 batch 8: E -114.46089154  dim 546x546=298116  S^2 4.47e-03  t 88.5s (reused)
[C3H4_rxn2391_TS] mps512_s10 batch 9: E -114.46089154  dim 546x546=298116  S^2 4.47e-03  t 88.5s (reused)
[C3H4_rxn2391_TS] mps512_s11 batch 0: E -114.46134737  dim 572x572=327184  S^2 4.18e-03  t 92.9s
[C3H4_rxn2391_TS] mps512_s11 batch 1: E -114.46134737  dim 572x572=327184  S^2 4.18e-03  t 92.9s (reused)
[C3H4_rxn2391_TS] mps512_s11 batch 2: E -114.46134737  dim 572x572=327184  S^2 4.18e-03  t 92.9s (reused)
[C3H4_rxn2391_TS] mps512_s11 batch 3: E -114.46134737  dim 572x572=327184  S^2 4.18e-03  t 92.9s (reused)
[C3H4_rxn2391_TS] mps512_s11 batch 4: E -114.46134737  dim 572x572=327184  S^2 4.18e-03  t 92.9s (reused)
[C3H4_rxn2391_TS] mps512_s11 batch 5: E -114.46134737  dim 572x572=327184  S^2 4.18e-03  t 92.9s (reused)
[C3H4_rxn2391_TS] mps512_s11 batch 6: E -114.46134737  dim 572x572=327184  S^2 4.18e-03  t 92.9s (reused)
[C3H4_rxn2391_TS] mps512_s11 batch 7: E -114.46134737  dim 572x572=327184  S^2 4.18e-03  t 92.9s (reused)
[C3H4_rxn2391_TS] mps512_s11 batch 8: E -114.46134737  dim 572x572=327184  S^2 4.18e-03  t 92.9s (reused)
[C3H4_rxn2391_TS] mps512_s11 batch 9: E -114.46134737  dim 572x572=327184  S^2 4.18e-03  t 92.9s (reused)
[C3H4_rxn2391_TS] mps512_s12 batch 0: E -114.46160700  dim 572x572=327184  S^2 4.15e-03  t 95.0s
[C3H4_rxn2391_TS] mps512_s12 batch 1: E -114.46160700  dim 572x572=327184  S^2 4.15e-03  t 95.0s (reused)
[C3H4_rxn2391_TS] mps512_s12 batch 2: E -114.46160700  dim 572x572=327184  S^2 4.15e-03  t 95.0s (reused)
[C3H4_rxn2391_TS] mps512_s12 batch 3: E -114.46160700  dim 572x572=327184  S^2 4.15e-03  t 95.0s (reused)
[C3H4_rxn2391_TS] mps512_s12 batch 4: E -114.46160700  dim 572x572=327184  S^2 4.15e-03  t 95.0s (reused)
[C3H4_rxn2391_TS] mps512_s12 batch 5: E -114.46160700  dim 572x572=327184  S^2 4.15e-03  t 95.0s (reused)
[C3H4_rxn2391_TS] mps512_s12 batch 6: E -114.46160700  dim 572x572=327184  S^2 4.15e-03  t 95.0s (reused)
[C3H4_rxn2391_TS] mps512_s12 batch 7: E -114.46160700  dim 572x572=327184  S^2 4.15e-03  t 95.0s (reused)
[C3H4_rxn2391_TS] mps512_s12 batch 8: E -114.46160700  dim 572x572=327184  S^2 4.15e-03  t 95.0s (reused)
[C3H4_rxn2391_TS] mps512_s12 batch 9: E -114.46160700  dim 572x572=327184  S^2 4.15e-03  t 95.0s (reused)
[C3H4_rxn2391_TS] mps512_s7 batch 0: E -114.46200871  dim 553x553=305809  S^2 3.78e-03  t 86.7s
[C3H4_rxn2391_TS] mps512_s7 batch 1: E -114.46200871  dim 553x553=305809  S^2 3.78e-03  t 86.7s (reused)
[C3H4_rxn2391_TS] mps512_s7 batch 2: E -114.46200871  dim 553x553=305809  S^2 3.78e-03  t 86.7s (reused)
[C3H4_rxn2391_TS] mps512_s7 batch 3: E -114.46200871  dim 553x553=305809  S^2 3.78e-03  t 86.7s (reused)
[C3H4_rxn2391_TS] mps512_s7 batch 4: E -114.46200871  dim 553x553=305809  S^2 3.78e-03  t 86.7s (reused)
[C3H4_rxn2391_TS] mps512_s7 batch 5: E -114.46200871  dim 553x553=305809  S^2 3.78e-03  t 86.7s (reused)
[C3H4_rxn2391_TS] mps512_s7 batch 6: E -114.46200871  dim 553x553=305809  S^2 3.78e-03  t 86.7s (reused)
[C3H4_rxn2391_TS] mps512_s7 batch 7: E -114.46200871  dim 553x553=305809  S^2 3.78e-03  t 86.7s (reused)
[C3H4_rxn2391_TS] mps512_s7 batch 8: E -114.46200871  dim 553x553=305809  S^2 3.78e-03  t 86.7s (reused)
[C3H4_rxn2391_TS] mps512_s7 batch 9: E -114.46200871  dim 553x553=305809  S^2 3.78e-03  t 86.7s (reused)
[C3H4_rxn2391_TS] mps512_s8 batch 0: E -114.46097853  dim 548x548=300304  S^2 4.42e-03  t 85.3s
[C3H4_rxn2391_TS] mps512_s8 batch 1: E -114.46097853  dim 548x548=300304  S^2 4.42e-03  t 85.3s (reused)
[C3H4_rxn2391_TS] mps512_s8 batch 2: E -114.46097853  dim 548x548=300304  S^2 4.42e-03  t 85.3s (reused)
[C3H4_rxn2391_TS] mps512_s8 batch 3: E -114.46097853  dim 548x548=300304  S^2 4.42e-03  t 85.3s (reused)
[C3H4_rxn2391_TS] mps512_s8 batch 4: E -114.46097853  dim 548x548=300304  S^2 4.42e-03  t 85.3s (reused)
[C3H4_rxn2391_TS] mps512_s8 batch 5: E -114.46097853  dim 548x548=300304  S^2 4.42e-03  t 85.3s (reused)
[C3H4_rxn2391_TS] mps512_s8 batch 6: E -114.46097853  dim 548x548=300304  S^2 4.42e-03  t 85.3s (reused)
[C3H4_rxn2391_TS] mps512_s8 batch 7: E -114.46097853  dim 548x548=300304  S^2 4.42e-03  t 85.3s (reused)
[C3H4_rxn2391_TS] mps512_s8 batch 8: E -114.46097853  dim 548x548=300304  S^2 4.42e-03  t 85.3s (reused)
[C3H4_rxn2391_TS] mps512_s8 batch 9: E -114.46097853  dim 548x548=300304  S^2 4.42e-03  t 85.3s (reused)
[C3H4_rxn2391_TS] mps512_s9 batch 0: E -114.46133317  dim 563x563=316969  S^2 4.19e-03  t 89.3s
[C3H4_rxn2391_TS] mps512_s9 batch 1: E -114.46133317  dim 563x563=316969  S^2 4.19e-03  t 89.3s (reused)
[C3H4_rxn2391_TS] mps512_s9 batch 2: E -114.46133317  dim 563x563=316969  S^2 4.19e-03  t 89.3s (reused)
[C3H4_rxn2391_TS] mps512_s9 batch 3: E -114.46133317  dim 563x563=316969  S^2 4.19e-03  t 89.3s (reused)
[C3H4_rxn2391_TS] mps512_s9 batch 4: E -114.46133317  dim 563x563=316969  S^2 4.19e-03  t 89.3s (reused)
[C3H4_rxn2391_TS] mps512_s9 batch 5: E -114.46133317  dim 563x563=316969  S^2 4.19e-03  t 89.3s (reused)
[C3H4_rxn2391_TS] mps512_s9 batch 6: E -114.46133317  dim 563x563=316969  S^2 4.19e-03  t 89.3s (reused)
[C3H4_rxn2391_TS] mps512_s9 batch 7: E -114.46133317  dim 563x563=316969  S^2 4.19e-03  t 89.3s (reused)
[C3H4_rxn2391_TS] mps512_s9 batch 8: E -114.46133317  dim 563x563=316969  S^2 4.19e-03  t 89.3s (reused)
[C3H4_rxn2391_TS] mps512_s9 batch 9: E -114.46133317  dim 563x563=316969  S^2 4.19e-03  t 89.3s (reused)
